Case ID,Project No.,Source Family,Discipline,Category,Subcategory,Original Worksheet,Original Section,Classification Rule ID,Classification Confidence,Document No.,Document Title,Company Document No.,Revision,Event Type,Event Date,Event Reference,Event Status,Event Values JSON,Row Metadata JSON,Document Link,Original_Hyperlink_Target,Global_Document_Key,Source_Document_Key,Revision_Key,Event_Key,Document_Row_Flag,Revision_Row_Flag,Is_Latest_Revision,Is_Latest_Event,Source File,Source Modified Date,Source Sheet,Source Row,Source Cell,Parsing Status,Warnings
M2171_NONSTANDARD,2171;2172,METHODS,OFFSHORE INSTALLATION,PROCEDURE,INSTALLATION PROCEDURE,2171-2172,,M002,1.00,2171-2172-PP-OF-012,ANCHOR HANDLING PROCEDURE FOR FLOATING BARGE,,A1,Issue Date (Planned) > Construction and Installation Procedure,,,,"{""Construction and Installation Procedure"":""44438""}",{},,,GDOC-6521874942a838474d990c05,SDOC-d29c5090a03a06ba108b5c05,REV-23f59cb80be842f63c7cc9de,EVT-2d64719bc739f38ee199197c,0,0,0,0,DATA/METHODS/2171-2172 -Document Deliverables LATEST.xlsx,2026-09-08T05:23:16Z,2171-2172,4,B4,INCLUDE,
M2171_NONSTANDARD,2171;2172,METHODS,OFFSHORE INSTALLATION,PROCEDURE,INSTALLATION PROCEDURE,2171-2172,,M002,1.00,2171-2172-PP-OF-012,ANCHOR HANDLING PROCEDURE FOR FLOATING BARGE,,A1,Outgoing Ref No. > Construction and Installation Procedure,,,,"{""Construction and Installation Procedure"":""T-553/21""}",{},,,GDOC-6521874942a838474d990c05,SDOC-d29c5090a03a06ba108b5c05,REV-23f59cb80be842f63c7cc9de,EVT-2f9252e5e9ccad24ea2b46b7,0,0,0,0,DATA/METHODS/2171-2172 -Document Deliverables LATEST.xlsx,2026-09-08T05:23:16Z,2171-2172,4,B4,INCLUDE,
M2171_NONSTANDARD,2171;2172,METHODS,OFFSHORE INSTALLATION,PROCEDURE,INSTALLATION PROCEDURE,2171-2172,,M002,1.00,2171-2172-PP-OF-012,ANCHOR HANDLING PROCEDURE FOR FLOATING BARGE,,A1,#,,,,"{""#"":""1""}",{},,,GDOC-6521874942a838474d990c05,SDOC-d29c5090a03a06ba108b5c05,REV-23f59cb80be842f63c7cc9de,EVT-3b5d7eaa211a52fddf8c946e,1,1,0,0,DATA/METHODS/2171-2172 -Document Deliverables LATEST.xlsx,2026-09-08T05:23:16Z,2171-2172,4,B4,INCLUDE,
M2171_NONSTANDARD,2171;2172,METHODS,OFFSHORE INSTALLATION,PROCEDURE,INSTALLATION PROCEDURE,2171-2172,,M002,1.00,2171-2172-PP-OF-012,ANCHOR HANDLING PROCEDURE FOR FLOATING BARGE,,A1,Issue Date (Actual) > Construction and Installation Procedure,,,,"{""Construction and Installation Procedure"":""44553""}",{},,,GDOC-6521874942a838474d990c05,SDOC-d29c5090a03a06ba108b5c05,REV-23f59cb80be842f63c7cc9de,EVT-a4742727dbac089de73c26c5,0,0,0,1,DATA/METHODS/2171-2172 -Document Deliverables LATEST.xlsx,2026-09-08T05:23:16Z,2171-2172,4,B4,INCLUDE,
M2171_NONSTANDARD,2171;2172,METHODS,OFFSHORE INSTALLATION,PROCEDURE,INSTALLATION PROCEDURE,2171-2172,,M002,1.00,2171-2172-PP-OF-012,ANCHOR HANDLING PROCEDURE FOR FLOATING BARGE,,A,#,,,,"{""#"":""1""}",{},,,GDOC-6521874942a838474d990c05,SDOC-d29c5090a03a06ba108b5c05,REV-e28c6122728cc3e724c6c317,EVT-1131efd9859da4e60acc8cd8,0,1,0,0,DATA/METHODS/2171-2172 -Document Deliverables LATEST.xlsx,2026-09-08T05:23:16Z,2171-2172,5,B5,INCLUDE,
M2171_NONSTANDARD,2171;2172,METHODS,OFFSHORE INSTALLATION,PROCEDURE,INSTALLATION PROCEDURE,2171-2172,,M002,1.00,2171-2172-PP-OF-012,ANCHOR HANDLING PROCEDURE FOR FLOATING BARGE,,A,Issue Date (Planned) > Construction and Installation Procedure,,,,"{""Construction and Installation Procedure"":""44580""}",{},,,GDOC-6521874942a838474d990c05,SDOC-d29c5090a03a06ba108b5c05,REV-e28c6122728cc3e724c6c317,EVT-16c0135c297cd799addcaa03,0,0,0,0,DATA/METHODS/2171-2172 -Document Deliverables LATEST.xlsx,2026-09-08T05:23:16Z,2171-2172,5,B5,INCLUDE,
M2171_NONSTANDARD,2171;2172,METHODS,OFFSHORE INSTALLATION,PROCEDURE,INSTALLATION PROCEDURE,2171-2172,,M002,1.00,2171-2172-PP-OF-012,ANCHOR HANDLING PROCEDURE FOR FLOATING BARGE,,A,Outgoing Ref No. > Construction and Installation Procedure,,,,"{""Construction and Installation Procedure"":""T-007/22""}",{},,,GDOC-6521874942a838474d990c05,SDOC-d29c5090a03a06ba108b5c05,REV-e28c6122728cc3e724c6c317,EVT-26975641df68f173b1c11440,0,0,0,0,DATA/METHODS/2171-2172 -Document Deliverables LATEST.xlsx,2026-09-08T05:23:16Z,2171-2172,5,B5,INCLUDE,
M2171_NONSTANDARD,2171;2172,METHODS,OFFSHORE INSTALLATION,PROCEDURE,INSTALLATION PROCEDURE,2171-2172,,M002,1.00,2171-2172-PP-OF-012,ANCHOR HANDLING PROCEDURE FOR FLOATING BARGE,,A,Issue Date (Actual) > Construction and Installation Procedure,,,,"{""Construction and Installation Procedure"":""44580""}",{},,,GDOC-6521874942a838474d990c05,SDOC-d29c5090a03a06ba108b5c05,REV-e28c6122728cc3e724c6c317,EVT-98445ee3fd5671129cc1dc01,0,0,0,1,DATA/METHODS/2171-2172 -Document Deliverables LATEST.xlsx,2026-09-08T05:23:16Z,2171-2172,5,B5,INCLUDE,
M2171_NONSTANDARD,2171;2172,METHODS,OFFSHORE INSTALLATION,PROCEDURE,INSTALLATION PROCEDURE,2171-2172,,M002,1.00,2171-2172-PP-OF-012,ANCHOR HANDLING PROCEDURE FOR FLOATING BARGE,,00,Issue Date (Actual) > Construction and Installation Procedure,,,,"{""Construction and Installation Procedure"":""44648""}",{},,,GDOC-6521874942a838474d990c05,SDOC-d29c5090a03a06ba108b5c05,REV-0f7360a772b488d488dce544,EVT-5c6e1f8f5e131ed856b0b664,0,0,1,1,DATA/METHODS/2171-2172 -Document Deliverables LATEST.xlsx,2026-09-08T05:23:16Z,2171-2172,6,B6,INCLUDE,
M2171_NONSTANDARD,2171;2172,METHODS,OFFSHORE INSTALLATION,PROCEDURE,INSTALLATION PROCEDURE,2171-2172,,M002,1.00,2171-2172-PP-OF-012,ANCHOR HANDLING PROCEDURE FOR FLOATING BARGE,,00,#,,,,"{""#"":""1""}",{},,,GDOC-6521874942a838474d990c05,SDOC-d29c5090a03a06ba108b5c05,REV-0f7360a772b488d488dce544,EVT-a241c7f816260c04d83abb3d,0,1,1,0,DATA/METHODS/2171-2172 -Document Deliverables LATEST.xlsx,2026-09-08T05:23:16Z,2171-2172,6,B6,INCLUDE,
M2171_NONSTANDARD,2171;2172,METHODS,OFFSHORE INSTALLATION,PROCEDURE,INSTALLATION PROCEDURE,2171-2172,,M002,1.00,2171-2172-PP-OF-012,ANCHOR HANDLING PROCEDURE FOR FLOATING BARGE,,00,Outgoing Ref No. > Construction and Installation Procedure,,,,"{""Construction and Installation Procedure"":""T-108/22""}",{},,,GDOC-6521874942a838474d990c05,SDOC-d29c5090a03a06ba108b5c05,REV-0f7360a772b488d488dce544,EVT-fe01b53d159e5b83f81885ca,0,0,1,0,DATA/METHODS/2171-2172 -Document Deliverables LATEST.xlsx,2026-09-08T05:23:16Z,2171-2172,6,B6,INCLUDE,
M2171_NONSTANDARD,2171;2172,METHODS,OFFSHORE INSTALLATION,PROCEDURE,INSTALLATION PROCEDURE,2171-2172,,M002,1.00,2171-2172-PP-OF-013,PROCEDURE FOR SURVEY OF PIPELINE CONDITION AT TIE-IN LOCATION,,A1,Issue Date (Actual) > Construction and Installation Procedure,,,,"{""Construction and Installation Procedure"":""44390""}",{},,,GDOC-a518da5e64d8b035a2c64cd5,SDOC-cec6744e13fc01045a48142f,REV-ff4f8c327c5f38d77dc1355b,EVT-1f434676ee210cff48467088,0,0,0,1,DATA/METHODS/2171-2172 -Document Deliverables LATEST.xlsx,2026-09-08T05:23:16Z,2171-2172,7,B7,INCLUDE,
M2171_NONSTANDARD,2171;2172,METHODS,OFFSHORE INSTALLATION,PROCEDURE,INSTALLATION PROCEDURE,2171-2172,,M002,1.00,2171-2172-PP-OF-013,PROCEDURE FOR SURVEY OF PIPELINE CONDITION AT TIE-IN LOCATION,,A1,Outgoing Ref No. > Construction and Installation Procedure,,,,"{""Construction and Installation Procedure"":""T-304/21""}",{},,,GDOC-a518da5e64d8b035a2c64cd5,SDOC-cec6744e13fc01045a48142f,REV-ff4f8c327c5f38d77dc1355b,EVT-8ba0fb8d62f06cb2472252a1,0,0,0,0,DATA/METHODS/2171-2172 -Document Deliverables LATEST.xlsx,2026-09-08T05:23:16Z,2171-2172,7,B7,INCLUDE,
M2171_NONSTANDARD,2171;2172,METHODS,OFFSHORE INSTALLATION,PROCEDURE,INSTALLATION PROCEDURE,2171-2172,,M002,1.00,2171-2172-PP-OF-013,PROCEDURE FOR SURVEY OF PIPELINE CONDITION AT TIE-IN LOCATION,,A1,#,,,,"{""#"":""2""}",{},,,GDOC-a518da5e64d8b035a2c64cd5,SDOC-cec6744e13fc01045a48142f,REV-ff4f8c327c5f38d77dc1355b,EVT-d3e4e3052e5c071632d96888,1,1,0,0,DATA/METHODS/2171-2172 -Document Deliverables LATEST.xlsx,2026-09-08T05:23:16Z,2171-2172,7,B7,INCLUDE,
M2171_NONSTANDARD,2171;2172,METHODS,OFFSHORE INSTALLATION,PROCEDURE,INSTALLATION PROCEDURE,2171-2172,,M002,1.00,2171-2172-PP-OF-013,PROCEDURE FOR SURVEY OF PIPELINE CONDITION AT TIE-IN LOCATION,,A,#,,,,"{""#"":""2""}",{},,,GDOC-a518da5e64d8b035a2c64cd5,SDOC-cec6744e13fc01045a48142f,REV-43d097a361bdb94f6247626e,EVT-9a293e6b8187f417b3fc515e,0,1,0,0,DATA/METHODS/2171-2172 -Document Deliverables LATEST.xlsx,2026-09-08T05:23:16Z,2171-2172,8,B8,INCLUDE,
M2171_NONSTANDARD,2171;2172,METHODS,OFFSHORE INSTALLATION,PROCEDURE,INSTALLATION PROCEDURE,2171-2172,,M002,1.00,2171-2172-PP-OF-013,PROCEDURE FOR SURVEY OF PIPELINE CONDITION AT TIE-IN LOCATION,,A,Issue Date (Actual) > Construction and Installation Procedure,,,,"{""Construction and Installation Procedure"":""44416""}",{},,,GDOC-a518da5e64d8b035a2c64cd5,SDOC-cec6744e13fc01045a48142f,REV-43d097a361bdb94f6247626e,EVT-c533a3111a1be1c322f1f637,0,0,0,1,DATA/METHODS/2171-2172 -Document Deliverables LATEST.xlsx,2026-09-08T05:23:16Z,2171-2172,8,B8,INCLUDE,
M2171_NONSTANDARD,2171;2172,METHODS,OFFSHORE INSTALLATION,PROCEDURE,INSTALLATION PROCEDURE,2171-2172,,M002,1.00,2171-2172-PP-OF-013,PROCEDURE FOR SURVEY OF PIPELINE CONDITION AT TIE-IN LOCATION,,A,Outgoing Ref No. > Construction and Installation Procedure,,,,"{""Construction and Installation Procedure"":""T-337/21""}",{},,,GDOC-a518da5e64d8b035a2c64cd5,SDOC-cec6744e13fc01045a48142f,REV-43d097a361bdb94f6247626e,EVT-c8571eb0b26cd7e9f2df0e51,0,0,0,0,DATA/METHODS/2171-2172 -Document Deliverables LATEST.xlsx,2026-09-08T05:23:16Z,2171-2172,8,B8,INCLUDE,
M2171_NONSTANDARD,2171;2172,METHODS,OFFSHORE INSTALLATION,PROCEDURE,INSTALLATION PROCEDURE,2171-2172,,M002,1.00,2171-2172-PP-OF-013,PROCEDURE FOR SURVEY OF PIPELINE CONDITION AT TIE-IN LOCATION,,B,Issue Date (Actual) > Construction and Installation Procedure,,,,"{""Construction and Installation Procedure"":""44481""}",{},,,GDOC-a518da5e64d8b035a2c64cd5,SDOC-cec6744e13fc01045a48142f,REV-d974cdd37378debc68fa4c2f,EVT-076bab7722c7fd2786168cde,0,0,0,1,DATA/METHODS/2171-2172 -Document Deliverables LATEST.xlsx,2026-09-08T05:23:16Z,2171-2172,9,B9,INCLUDE,
M2171_NONSTANDARD,2171;2172,METHODS,OFFSHORE INSTALLATION,PROCEDURE,INSTALLATION PROCEDURE,2171-2172,,M002,1.00,2171-2172-PP-OF-013,PROCEDURE FOR SURVEY OF PIPELINE CONDITION AT TIE-IN LOCATION,,B,#,,,,"{""#"":""2""}",{},,,GDOC-a518da5e64d8b035a2c64cd5,SDOC-cec6744e13fc01045a48142f,REV-d974cdd37378debc68fa4c2f,EVT-136c8583b682ba5b3678ce4c,0,1,0,0,DATA/METHODS/2171-2172 -Document Deliverables LATEST.xlsx,2026-09-08T05:23:16Z,2171-2172,9,B9,INCLUDE,
M2171_NONSTANDARD,2171;2172,METHODS,OFFSHORE INSTALLATION,PROCEDURE,INSTALLATION PROCEDURE,2171-2172,,M002,1.00,2171-2172-PP-OF-013,PROCEDURE FOR SURVEY OF PIPELINE CONDITION AT TIE-IN LOCATION,,B,Outgoing Ref No. > Construction and Installation Procedure,,,,"{""Construction and Installation Procedure"":""T-432/21""}",{},,,GDOC-a518da5e64d8b035a2c64cd5,SDOC-cec6744e13fc01045a48142f,REV-d974cdd37378debc68fa4c2f,EVT-8c3ae41d9a21e802350abd68,0,0,0,0,DATA/METHODS/2171-2172 -Document Deliverables LATEST.xlsx,2026-09-08T05:23:16Z,2171-2172,9,B9,INCLUDE,
M2171_NONSTANDARD,2171;2172,METHODS,OFFSHORE INSTALLATION,PROCEDURE,INSTALLATION PROCEDURE,2171-2172,,M002,1.00,2171-2172-PP-OF-013,PROCEDURE FOR SURVEY OF PIPELINE CONDITION AT TIE-IN LOCATION,,00,Issue Date (Actual) > Construction and Installation Procedure,,,,"{""Construction and Installation Procedure"":""44558""}",{},,,GDOC-a518da5e64d8b035a2c64cd5,SDOC-cec6744e13fc01045a48142f,REV-9e1d558eb7fa741994463b55,EVT-295ad9346f33aa4cc2fbab26,0,0,0,1,DATA/METHODS/2171-2172 -Document Deliverables LATEST.xlsx,2026-09-08T05:23:16Z,2171-2172,10,B10,INCLUDE,
M2171_NONSTANDARD,2171;2172,METHODS,OFFSHORE INSTALLATION,PROCEDURE,INSTALLATION PROCEDURE,2171-2172,,M002,1.00,2171-2172-PP-OF-013,PROCEDURE FOR SURVEY OF PIPELINE CONDITION AT TIE-IN LOCATION,,00,#,,,,"{""#"":""2""}",{},,,GDOC-a518da5e64d8b035a2c64cd5,SDOC-cec6744e13fc01045a48142f,REV-9e1d558eb7fa741994463b55,EVT-5ba7fd66d12899ea3606b914,0,1,0,0,DATA/METHODS/2171-2172 -Document Deliverables LATEST.xlsx,2026-09-08T05:23:16Z,2171-2172,10,B10,INCLUDE,
M2171_NONSTANDARD,2171;2172,METHODS,OFFSHORE INSTALLATION,PROCEDURE,INSTALLATION PROCEDURE,2171-2172,,M002,1.00,2171-2172-PP-OF-013,PROCEDURE FOR SURVEY OF PIPELINE CONDITION AT TIE-IN LOCATION,,00,Outgoing Ref No. > Construction and Installation Procedure,,,,"{""Construction and Installation Procedure"":""T-561/21""}",{},,,GDOC-a518da5e64d8b035a2c64cd5,SDOC-cec6744e13fc01045a48142f,REV-9e1d558eb7fa741994463b55,EVT-9d4fd358cfde566b266e1fc0,0,0,0,0,DATA/METHODS/2171-2172 -Document Deliverables LATEST.xlsx,2026-09-08T05:23:16Z,2171-2172,10,B10,INCLUDE,
M2171_NONSTANDARD,2171;2172,METHODS,OFFSHORE INSTALLATION,PROCEDURE,INSTALLATION PROCEDURE,2171-2172,,M002,1.00,2171-2172-PP-OF-013,PROCEDURE FOR SURVEY OF PIPELINE CONDITION AT TIE-IN LOCATION,,00,Issue Date (Planned) > Construction and Installation Procedure,,,,"{""Construction and Installation Procedure"":""44558""}",{},,,GDOC-a518da5e64d8b035a2c64cd5,SDOC-cec6744e13fc01045a48142f,REV-9e1d558eb7fa741994463b55,EVT-baa8cae4d938a343de8d3883,0,0,0,0,DATA/METHODS/2171-2172 -Document Deliverables LATEST.xlsx,2026-09-08T05:23:16Z,2171-2172,10,B10,INCLUDE,
M2171_NONSTANDARD,2171;2172,METHODS,OFFSHORE INSTALLATION,PROCEDURE,INSTALLATION PROCEDURE,2171-2172,,M002,1.00,2171-2172-PP-OF-013,PROCEDURE FOR SURVEY OF PIPELINE CONDITION AT TIE-IN LOCATION,,00A,#,,,,"{""#"":""2""}",{},,,GDOC-a518da5e64d8b035a2c64cd5,SDOC-cec6744e13fc01045a48142f,REV-2d1c3bd546da7a93ef25a270,EVT-b53566473d3a80dc3409e057,0,1,1,0,DATA/METHODS/2171-2172 -Document Deliverables LATEST.xlsx,2026-09-08T05:23:16Z,2171-2172,11,B11,INCLUDE,
M2171_NONSTANDARD,2171;2172,METHODS,OFFSHORE INSTALLATION,PROCEDURE,INSTALLATION PROCEDURE,2171-2172,,M002,1.00,2171-2172-PP-OF-013,PROCEDURE FOR SURVEY OF PIPELINE CONDITION AT TIE-IN LOCATION,,00A,Outgoing Ref No. > Construction and Installation Procedure,,,,"{""Construction and Installation Procedure"":""T-131/23""}",{},,,GDOC-a518da5e64d8b035a2c64cd5,SDOC-cec6744e13fc01045a48142f,REV-2d1c3bd546da7a93ef25a270,EVT-c3bd05607419d0a0b6408d0b,0,0,1,0,DATA/METHODS/2171-2172 -Document Deliverables LATEST.xlsx,2026-09-08T05:23:16Z,2171-2172,11,B11,INCLUDE,
M2171_NONSTANDARD,2171;2172,METHODS,OFFSHORE INSTALLATION,PROCEDURE,INSTALLATION PROCEDURE,2171-2172,,M002,1.00,2171-2172-PP-OF-013,PROCEDURE FOR SURVEY OF PIPELINE CONDITION AT TIE-IN LOCATION,,00A,Issue Date (Actual) > Construction and Installation Procedure,,,,"{""Construction and Installation Procedure"":""45033""}",{},,,GDOC-a518da5e64d8b035a2c64cd5,SDOC-cec6744e13fc01045a48142f,REV-2d1c3bd546da7a93ef25a270,EVT-cbc02f7a52232ade8c52b96e,0,0,1,1,DATA/METHODS/2171-2172 -Document Deliverables LATEST.xlsx,2026-09-08T05:23:16Z,2171-2172,11,B11,INCLUDE,
M2171_NONSTANDARD,2171;2172,METHODS,OFFSHORE INSTALLATION,PROCEDURE,INSTALLATION PROCEDURE,2171-2172,,M002,1.00,2171-2172-PP-OF-015,PROCEDURE FOR SUBSEA EXCAVATION WORK AT TIE-IN LOCATION,,A1,Outgoing Ref No. > Construction and Installation Procedure,,,,"{""Construction and Installation Procedure"":""T-342/21""}",{},,,GDOC-80561288b0d2acda10a181d8,SDOC-4f7e60a3469099f79446b8c5,REV-35e88c1152679546d2b319a8,EVT-2070ed90b8ad78cd13491b8c,0,0,0,0,DATA/METHODS/2171-2172 -Document Deliverables LATEST.xlsx,2026-09-08T05:23:16Z,2171-2172,12,B12,INCLUDE,
M2171_NONSTANDARD,2171;2172,METHODS,OFFSHORE INSTALLATION,PROCEDURE,INSTALLATION PROCEDURE,2171-2172,,M002,1.00,2171-2172-PP-OF-015,PROCEDURE FOR SUBSEA EXCAVATION WORK AT TIE-IN LOCATION,,A1,Issue Date (Actual) > Construction and Installation Procedure,,,,"{""Construction and Installation Procedure"":""44419""}",{},,,GDOC-80561288b0d2acda10a181d8,SDOC-4f7e60a3469099f79446b8c5,REV-35e88c1152679546d2b319a8,EVT-82087f65da1d5ea3ffc43754,0,0,0,1,DATA/METHODS/2171-2172 -Document Deliverables LATEST.xlsx,2026-09-08T05:23:16Z,2171-2172,12,B12,INCLUDE,
M2171_NONSTANDARD,2171;2172,METHODS,OFFSHORE INSTALLATION,PROCEDURE,INSTALLATION PROCEDURE,2171-2172,,M002,1.00,2171-2172-PP-OF-015,PROCEDURE FOR SUBSEA EXCAVATION WORK AT TIE-IN LOCATION,,A1,#,,,,"{""#"":""3""}",{},,,GDOC-80561288b0d2acda10a181d8,SDOC-4f7e60a3469099f79446b8c5,REV-35e88c1152679546d2b319a8,EVT-a031a8128360fe8b846925f8,1,1,0,0,DATA/METHODS/2171-2172 -Document Deliverables LATEST.xlsx,2026-09-08T05:23:16Z,2171-2172,12,B12,INCLUDE,
M2171_NONSTANDARD,2171;2172,METHODS,OFFSHORE INSTALLATION,PROCEDURE,INSTALLATION PROCEDURE,2171-2172,,M002,1.00,2171-2172-PP-OF-015,PROCEDURE FOR SUBSEA EXCAVATION WORK AT TIE-IN LOCATION,,A,#,,,,"{""#"":""3""}",{},,,GDOC-80561288b0d2acda10a181d8,SDOC-4f7e60a3469099f79446b8c5,REV-8e409f9030797e3f4d042706,EVT-33130ed4256c9d4bbb5cda2a,0,1,0,0,DATA/METHODS/2171-2172 -Document Deliverables LATEST.xlsx,2026-09-08T05:23:16Z,2171-2172,13,B13,INCLUDE,
M2171_NONSTANDARD,2171;2172,METHODS,OFFSHORE INSTALLATION,PROCEDURE,INSTALLATION PROCEDURE,2171-2172,,M002,1.00,2171-2172-PP-OF-015,PROCEDURE FOR SUBSEA EXCAVATION WORK AT TIE-IN LOCATION,,A,Issue Date (Actual) > Construction and Installation Procedure,,,,"{""Construction and Installation Procedure"":""44423""}",{},,,GDOC-80561288b0d2acda10a181d8,SDOC-4f7e60a3469099f79446b8c5,REV-8e409f9030797e3f4d042706,EVT-605c86be68c7ab8dd299f9d7,0,0,0,1,DATA/METHODS/2171-2172 -Document Deliverables LATEST.xlsx,2026-09-08T05:23:16Z,2171-2172,13,B13,INCLUDE,
M2171_NONSTANDARD,2171;2172,METHODS,OFFSHORE INSTALLATION,PROCEDURE,INSTALLATION PROCEDURE,2171-2172,,M002,1.00,2171-2172-PP-OF-015,PROCEDURE FOR SUBSEA EXCAVATION WORK AT TIE-IN LOCATION,,A,Outgoing Ref No. > Construction and Installation Procedure,,,,"{""Construction and Installation Procedure"":""T-346/21""}",{},,,GDOC-80561288b0d2acda10a181d8,SDOC-4f7e60a3469099f79446b8c5,REV-8e409f9030797e3f4d042706,EVT-d447b0fbe1d7ff18e11d8caa,0,0,0,0,DATA/METHODS/2171-2172 -Document Deliverables LATEST.xlsx,2026-09-08T05:23:16Z,2171-2172,13,B13,INCLUDE,
M2171_NONSTANDARD,2171;2172,METHODS,OFFSHORE INSTALLATION,PROCEDURE,INSTALLATION PROCEDURE,2171-2172,,M002,1.00,2171-2172-PP-OF-015,PROCEDURE FOR SUBSEA EXCAVATION WORK AT TIE-IN LOCATION,,00,Issue Date (Actual) > Construction and Installation Procedure,,,,"{""Construction and Installation Procedure"":""44482""}",{},,,GDOC-80561288b0d2acda10a181d8,SDOC-4f7e60a3469099f79446b8c5,REV-dbb5bcdcd443830fd914d6fa,EVT-0fdcad98e6610b45e4c8b9cc,0,0,0,1,DATA/METHODS/2171-2172 -Document Deliverables LATEST.xlsx,2026-09-08T05:23:16Z,2171-2172,14,B14,INCLUDE,
M2171_NONSTANDARD,2171;2172,METHODS,OFFSHORE INSTALLATION,PROCEDURE,INSTALLATION PROCEDURE,2171-2172,,M002,1.00,2171-2172-PP-OF-015,PROCEDURE FOR SUBSEA EXCAVATION WORK AT TIE-IN LOCATION,,00,#,,,,"{""#"":""3""}",{},,,GDOC-80561288b0d2acda10a181d8,SDOC-4f7e60a3469099f79446b8c5,REV-dbb5bcdcd443830fd914d6fa,EVT-c5b8383a18a0ed19d1027113,0,1,0,0,DATA/METHODS/2171-2172 -Document Deliverables LATEST.xlsx,2026-09-08T05:23:16Z,2171-2172,14,B14,INCLUDE,
M2171_NONSTANDARD,2171;2172,METHODS,OFFSHORE INSTALLATION,PROCEDURE,INSTALLATION PROCEDURE,2171-2172,,M002,1.00,2171-2172-PP-OF-015,PROCEDURE FOR SUBSEA EXCAVATION WORK AT TIE-IN LOCATION,,00,Outgoing Ref No. > Construction and Installation Procedure,,,,"{""Construction and Installation Procedure"":""T-433/21""}",{},,,GDOC-80561288b0d2acda10a181d8,SDOC-4f7e60a3469099f79446b8c5,REV-dbb5bcdcd443830fd914d6fa,EVT-e2fceb48f8fa668010476cbc,0,0,0,0,DATA/METHODS/2171-2172 -Document Deliverables LATEST.xlsx,2026-09-08T05:23:16Z,2171-2172,14,B14,INCLUDE,
M2171_NONSTANDARD,2171;2172,METHODS,OFFSHORE INSTALLATION,PROCEDURE,INSTALLATION PROCEDURE,2171-2172,,M002,1.00,2171-2172-PP-OF-015,PROCEDURE FOR SUBSEA EXCAVATION WORK AT TIE-IN LOCATION,,00A,Issue Date (Planned) > Construction and Installation Procedure,,,,"{""Construction and Installation Procedure"":""44557""}",{},,,GDOC-80561288b0d2acda10a181d8,SDOC-4f7e60a3469099f79446b8c5,REV-41e85820fb1fe227faf62e92,EVT-1f5f24f3e0cbfb856a6093bc,0,0,1,0,DATA/METHODS/2171-2172 -Document Deliverables LATEST.xlsx,2026-09-08T05:23:16Z,2171-2172,15,B15,INCLUDE,
M2171_NONSTANDARD,2171;2172,METHODS,OFFSHORE INSTALLATION,PROCEDURE,INSTALLATION PROCEDURE,2171-2172,,M002,1.00,2171-2172-PP-OF-015,PROCEDURE FOR SUBSEA EXCAVATION WORK AT TIE-IN LOCATION,,00A,#,,,,"{""#"":""3""}",{},,,GDOC-80561288b0d2acda10a181d8,SDOC-4f7e60a3469099f79446b8c5,REV-41e85820fb1fe227faf62e92,EVT-734a575e73ff1277b755e2a6,0,1,1,0,DATA/METHODS/2171-2172 -Document Deliverables LATEST.xlsx,2026-09-08T05:23:16Z,2171-2172,15,B15,INCLUDE,
M2171_NONSTANDARD,2171;2172,METHODS,OFFSHORE INSTALLATION,PROCEDURE,INSTALLATION PROCEDURE,2171-2172,,M002,1.00,2171-2172-PP-OF-015,PROCEDURE FOR SUBSEA EXCAVATION WORK AT TIE-IN LOCATION,,00A,Issue Date (Actual) > Construction and Installation Procedure,,,,"{""Construction and Installation Procedure"":""44557""}",{},,,GDOC-80561288b0d2acda10a181d8,SDOC-4f7e60a3469099f79446b8c5,REV-41e85820fb1fe227faf62e92,EVT-c2c68926bbec8ecfc685410d,0,0,1,1,DATA/METHODS/2171-2172 -Document Deliverables LATEST.xlsx,2026-09-08T05:23:16Z,2171-2172,15,B15,INCLUDE,
M2171_NONSTANDARD,2171;2172,METHODS,OFFSHORE INSTALLATION,PROCEDURE,INSTALLATION PROCEDURE,2171-2172,,M002,1.00,2171-2172-PP-OF-015,PROCEDURE FOR SUBSEA EXCAVATION WORK AT TIE-IN LOCATION,,00A,Outgoing Ref No. > Construction and Installation Procedure,,,,"{""Construction and Installation Procedure"":""T-560/21""}",{},,,GDOC-80561288b0d2acda10a181d8,SDOC-4f7e60a3469099f79446b8c5,REV-41e85820fb1fe227faf62e92,EVT-e11b43fcfaebfc086211ca40,0,0,1,0,DATA/METHODS/2171-2172 -Document Deliverables LATEST.xlsx,2026-09-08T05:23:16Z,2171-2172,15,B15,INCLUDE,
M2171_NONSTANDARD,2171;2172,METHODS,OFFSHORE INSTALLATION,PROCEDURE,INSTALLATION PROCEDURE,2171-2172,,M002,1.00,2171-2172-PP-OF-016,PROCEDURE FOR REMOVAL OF PIPELINE COATING AT TIE-IN LOCATION,,A1,Outgoing Ref No. > Construction and Installation Procedure,,,,"{""Construction and Installation Procedure"":""T-352/21""}",{},,,GDOC-6b84f1f6e1a93f08dc214f95,SDOC-fda406bb31abab99f55830ec,REV-c803e7bb0f43331fc993f20e,EVT-59db193e5856caff6c4f2d15,0,0,0,0,DATA/METHODS/2171-2172 -Document Deliverables LATEST.xlsx,2026-09-08T05:23:16Z,2171-2172,16,B16,INCLUDE,
M2171_NONSTANDARD,2171;2172,METHODS,OFFSHORE INSTALLATION,PROCEDURE,INSTALLATION PROCEDURE,2171-2172,,M002,1.00,2171-2172-PP-OF-016,PROCEDURE FOR REMOVAL OF PIPELINE COATING AT TIE-IN LOCATION,,A1,Issue Date (Actual) > Construction and Installation Procedure,,,,"{""Construction and Installation Procedure"":""44427""}",{},,,GDOC-6b84f1f6e1a93f08dc214f95,SDOC-fda406bb31abab99f55830ec,REV-c803e7bb0f43331fc993f20e,EVT-67cbf1b0a7e4ec9d7d759382,0,0,0,1,DATA/METHODS/2171-2172 -Document Deliverables LATEST.xlsx,2026-09-08T05:23:16Z,2171-2172,16,B16,INCLUDE,
M2171_NONSTANDARD,2171;2172,METHODS,OFFSHORE INSTALLATION,PROCEDURE,INSTALLATION PROCEDURE,2171-2172,,M002,1.00,2171-2172-PP-OF-016,PROCEDURE FOR REMOVAL OF PIPELINE COATING AT TIE-IN LOCATION,,A1,#,,,,"{""#"":""4""}",{},,,GDOC-6b84f1f6e1a93f08dc214f95,SDOC-fda406bb31abab99f55830ec,REV-c803e7bb0f43331fc993f20e,EVT-ae825a2693f643c10a7a31a4,1,1,0,0,DATA/METHODS/2171-2172 -Document Deliverables LATEST.xlsx,2026-09-08T05:23:16Z,2171-2172,16,B16,INCLUDE,
M2171_NONSTANDARD,2171;2172,METHODS,OFFSHORE INSTALLATION,PROCEDURE,INSTALLATION PROCEDURE,2171-2172,,M002,1.00,2171-2172-PP-OF-016,PROCEDURE FOR REMOVAL OF PIPELINE COATING AT TIE-IN LOCATION,,A,Issue Date (Actual) > Construction and Installation Procedure,,,,"{""Construction and Installation Procedure"":""44431""}",{},,,GDOC-6b84f1f6e1a93f08dc214f95,SDOC-fda406bb31abab99f55830ec,REV-8d0b3e4496dd64636eb95703,EVT-93f72968069752c699e23dd8,0,0,0,1,DATA/METHODS/2171-2172 -Document Deliverables LATEST.xlsx,2026-09-08T05:23:16Z,2171-2172,17,B17,INCLUDE,
M2171_NONSTANDARD,2171;2172,METHODS,OFFSHORE INSTALLATION,PROCEDURE,INSTALLATION PROCEDURE,2171-2172,,M002,1.00,2171-2172-PP-OF-016,PROCEDURE FOR REMOVAL OF PIPELINE COATING AT TIE-IN LOCATION,,A,Outgoing Ref No. > Construction and Installation Procedure,,,,"{""Construction and Installation Procedure"":""T-356/21""}",{},,,GDOC-6b84f1f6e1a93f08dc214f95,SDOC-fda406bb31abab99f55830ec,REV-8d0b3e4496dd64636eb95703,EVT-ac261fa0fc67c02b45d67249,0,0,0,0,DATA/METHODS/2171-2172 -Document Deliverables LATEST.xlsx,2026-09-08T05:23:16Z,2171-2172,17,B17,INCLUDE,
M2171_NONSTANDARD,2171;2172,METHODS,OFFSHORE INSTALLATION,PROCEDURE,INSTALLATION PROCEDURE,2171-2172,,M002,1.00,2171-2172-PP-OF-016,PROCEDURE FOR REMOVAL OF PIPELINE COATING AT TIE-IN LOCATION,,A,#,,,,"{""#"":""4""}",{},,,GDOC-6b84f1f6e1a93f08dc214f95,SDOC-fda406bb31abab99f55830ec,REV-8d0b3e4496dd64636eb95703,EVT-ca2d7c67c8f724f9eb9eef60,0,1,0,0,DATA/METHODS/2171-2172 -Document Deliverables LATEST.xlsx,2026-09-08T05:23:16Z,2171-2172,17,B17,INCLUDE,
M2171_NONSTANDARD,2171;2172,METHODS,OFFSHORE INSTALLATION,PROCEDURE,INSTALLATION PROCEDURE,2171-2172,,M002,1.00,2171-2172-PP-OF-016,PROCEDURE FOR REMOVAL OF PIPELINE COATING AT TIE-IN LOCATION,,B,#,,,,"{""#"":""4""}",{},,,GDOC-6b84f1f6e1a93f08dc214f95,SDOC-fda406bb31abab99f55830ec,REV-0545f23a10e2f2073b7d479a,EVT-17adb71b3b04570d0eeff80a,0,1,0,0,DATA/METHODS/2171-2172 -Document Deliverables LATEST.xlsx,2026-09-08T05:23:16Z,2171-2172,18,B18,INCLUDE,
M2171_NONSTANDARD,2171;2172,METHODS,OFFSHORE INSTALLATION,PROCEDURE,INSTALLATION PROCEDURE,2171-2172,,M002,1.00,2171-2172-PP-OF-016,PROCEDURE FOR REMOVAL OF PIPELINE COATING AT TIE-IN LOCATION,,B,Outgoing Ref No. > Construction and Installation Procedure,,,,"{""Construction and Installation Procedure"":""T-431/21""}",{},,,GDOC-6b84f1f6e1a93f08dc214f95,SDOC-fda406bb31abab99f55830ec,REV-0545f23a10e2f2073b7d479a,EVT-91b38b064237b58e35827fdd,0,0,0,0,DATA/METHODS/2171-2172 -Document Deliverables LATEST.xlsx,2026-09-08T05:23:16Z,2171-2172,18,B18,INCLUDE,
M2171_NONSTANDARD,2171;2172,METHODS,OFFSHORE INSTALLATION,PROCEDURE,INSTALLATION PROCEDURE,2171-2172,,M002,1.00,2171-2172-PP-OF-016,PROCEDURE FOR REMOVAL OF PIPELINE COATING AT TIE-IN LOCATION,,B,Issue Date (Actual) > Construction and Installation Procedure,,,,"{""Construction and Installation Procedure"":""44481""}",{},,,GDOC-6b84f1f6e1a93f08dc214f95,SDOC-fda406bb31abab99f55830ec,REV-0545f23a10e2f2073b7d479a,EVT-ae093f2a800d5247330e792d,0,0,0,1,DATA/METHODS/2171-2172 -Document Deliverables LATEST.xlsx,2026-09-08T05:23:16Z,2171-2172,18,B18,INCLUDE,
M2171_NONSTANDARD,2171;2172,METHODS,OFFSHORE INSTALLATION,PROCEDURE,INSTALLATION PROCEDURE,2171-2172,,M002,1.00,2171-2172-PP-OF-016,PROCEDURE FOR REMOVAL OF PIPELINE COATING AT TIE-IN LOCATION,,00,Issue Date (Actual) > Construction and Installation Procedure,,,,"{""Construction and Installation Procedure"":""44504""}",{},,,GDOC-6b84f1f6e1a93f08dc214f95,SDOC-fda406bb31abab99f55830ec,REV-90d96a27398462e1809bbeb7,EVT-2114498c73caabfd8e4cffa6,0,0,0,1,DATA/METHODS/2171-2172 -Document Deliverables LATEST.xlsx,2026-09-08T05:23:16Z,2171-2172,19,B19,INCLUDE,
M2171_NONSTANDARD,2171;2172,METHODS,OFFSHORE INSTALLATION,PROCEDURE,INSTALLATION PROCEDURE,2171-2172,,M002,1.00,2171-2172-PP-OF-016,PROCEDURE FOR REMOVAL OF PIPELINE COATING AT TIE-IN LOCATION,,00,#,,,,"{""#"":""4""}",{},,,GDOC-6b84f1f6e1a93f08dc214f95,SDOC-fda406bb31abab99f55830ec,REV-90d96a27398462e1809bbeb7,EVT-52b6e2bb80d8b09100749e56,0,1,0,0,DATA/METHODS/2171-2172 -Document Deliverables LATEST.xlsx,2026-09-08T05:23:16Z,2171-2172,19,B19,INCLUDE,
M2171_NONSTANDARD,2171;2172,METHODS,OFFSHORE INSTALLATION,PROCEDURE,INSTALLATION PROCEDURE,2171-2172,,M002,1.00,2171-2172-PP-OF-016,PROCEDURE FOR REMOVAL OF PIPELINE COATING AT TIE-IN LOCATION,,00,Issue Date (Planned) > Construction and Installation Procedure,,,,"{""Construction and Installation Procedure"":""44504""}",{},,,GDOC-6b84f1f6e1a93f08dc214f95,SDOC-fda406bb31abab99f55830ec,REV-90d96a27398462e1809bbeb7,EVT-9931935997a055592f342c27,0,0,0,0,DATA/METHODS/2171-2172 -Document Deliverables LATEST.xlsx,2026-09-08T05:23:16Z,2171-2172,19,B19,INCLUDE,
M2171_NONSTANDARD,2171;2172,METHODS,OFFSHORE INSTALLATION,PROCEDURE,INSTALLATION PROCEDURE,2171-2172,,M002,1.00,2171-2172-PP-OF-016,PROCEDURE FOR REMOVAL OF PIPELINE COATING AT TIE-IN LOCATION,,00,Outgoing Ref No. > Construction and Installation Procedure,,,,"{""Construction and Installation Procedure"":""T-466/21""}",{},,,GDOC-6b84f1f6e1a93f08dc214f95,SDOC-fda406bb31abab99f55830ec,REV-90d96a27398462e1809bbeb7,EVT-a68f2af0fe6cdb5f0edac8fa,0,0,0,0,DATA/METHODS/2171-2172 -Document Deliverables LATEST.xlsx,2026-09-08T05:23:16Z,2171-2172,19,B19,INCLUDE,
M2171_NONSTANDARD,2171;2172,METHODS,OFFSHORE INSTALLATION,PROCEDURE,INSTALLATION PROCEDURE,2171-2172,,M002,1.00,2171-2172-PP-OF-016,PROCEDURE FOR REMOVAL OF PIPELINE COATING AT TIE-IN LOCATION,,00A,Outgoing Ref No. > Construction and Installation Procedure,,,,"{""Construction and Installation Procedure"":""T-003/22""}",{},,,GDOC-6b84f1f6e1a93f08dc214f95,SDOC-fda406bb31abab99f55830ec,REV-fecf08afda95dbafdadc9129,EVT-63dd98cf3e96be9ca8cb440d,0,0,1,0,DATA/METHODS/2171-2172 -Document Deliverables LATEST.xlsx,2026-09-08T05:23:16Z,2171-2172,20,B20,INCLUDE,
M2171_NONSTANDARD,2171;2172,METHODS,OFFSHORE INSTALLATION,PROCEDURE,INSTALLATION PROCEDURE,2171-2172,,M002,1.00,2171-2172-PP-OF-016,PROCEDURE FOR REMOVAL OF PIPELINE COATING AT TIE-IN LOCATION,,00A,Issue Date (Actual) > Construction and Installation Procedure,,,,"{""Construction and Installation Procedure"":""44566""}",{},,,GDOC-6b84f1f6e1a93f08dc214f95,SDOC-fda406bb31abab99f55830ec,REV-fecf08afda95dbafdadc9129,EVT-6ec82e8a45fbf93d57803c3a,0,0,1,1,DATA/METHODS/2171-2172 -Document Deliverables LATEST.xlsx,2026-09-08T05:23:16Z,2171-2172,20,B20,INCLUDE,
M2171_NONSTANDARD,2171;2172,METHODS,OFFSHORE INSTALLATION,PROCEDURE,INSTALLATION PROCEDURE,2171-2172,,M002,1.00,2171-2172-PP-OF-016,PROCEDURE FOR REMOVAL OF PIPELINE COATING AT TIE-IN LOCATION,,00A,Issue Date (Planned) > Construction and Installation Procedure,,,,"{""Construction and Installation Procedure"":""44566""}",{},,,GDOC-6b84f1f6e1a93f08dc214f95,SDOC-fda406bb31abab99f55830ec,REV-fecf08afda95dbafdadc9129,EVT-8b66e721e76103cd45796828,0,0,1,0,DATA/METHODS/2171-2172 -Document Deliverables LATEST.xlsx,2026-09-08T05:23:16Z,2171-2172,20,B20,INCLUDE,
M2171_NONSTANDARD,2171;2172,METHODS,OFFSHORE INSTALLATION,PROCEDURE,INSTALLATION PROCEDURE,2171-2172,,M002,1.00,2171-2172-PP-OF-016,PROCEDURE FOR REMOVAL OF PIPELINE COATING AT TIE-IN LOCATION,,00A,#,,,,"{""#"":""4""}",{},,,GDOC-6b84f1f6e1a93f08dc214f95,SDOC-fda406bb31abab99f55830ec,REV-fecf08afda95dbafdadc9129,EVT-9f4584bb078861512f6a93e5,0,1,1,0,DATA/METHODS/2171-2172 -Document Deliverables LATEST.xlsx,2026-09-08T05:23:16Z,2171-2172,20,B20,INCLUDE,
M2171_NONSTANDARD,2171;2172,METHODS,OFFSHORE INSTALLATION,PROCEDURE,INSTALLATION PROCEDURE,2171-2172,,M002,1.00,2171-2172-PP-OF-017,PROCEDURE FOR INSTALLATION OF CONCRETE SLEEPERS,,A1,#,,,,"{""#"":""5""}",{},,,GDOC-af205d5fb7eae7b5054183d7,SDOC-a2cbe78cdd7447b3c0a5a065,REV-24c08b3daf71d20dba7aaed9,EVT-5b14130871559ec930f71a43,1,1,0,0,DATA/METHODS/2171-2172 -Document Deliverables LATEST.xlsx,2026-09-08T05:23:16Z,2171-2172,21,B21,INCLUDE,
M2171_NONSTANDARD,2171;2172,METHODS,OFFSHORE INSTALLATION,PROCEDURE,INSTALLATION PROCEDURE,2171-2172,,M002,1.00,2171-2172-PP-OF-017,PROCEDURE FOR INSTALLATION OF CONCRETE SLEEPERS,,A1,Outgoing Ref No. > Construction and Installation Procedure,,,,"{""Construction and Installation Procedure"":""T-006/22""}",{},,,GDOC-af205d5fb7eae7b5054183d7,SDOC-a2cbe78cdd7447b3c0a5a065,REV-24c08b3daf71d20dba7aaed9,EVT-cc43247fca9de01157c1ee14,0,0,0,0,DATA/METHODS/2171-2172 -Document Deliverables LATEST.xlsx,2026-09-08T05:23:16Z,2171-2172,21,B21,INCLUDE,
M2171_NONSTANDARD,2171;2172,METHODS,OFFSHORE INSTALLATION,PROCEDURE,INSTALLATION PROCEDURE,2171-2172,,M002,1.00,2171-2172-PP-OF-017,PROCEDURE FOR INSTALLATION OF CONCRETE SLEEPERS,,A1,Issue Date (Actual) > Construction and Installation Procedure,,,,"{""Construction and Installation Procedure"":""44579""}",{},,,GDOC-af205d5fb7eae7b5054183d7,SDOC-a2cbe78cdd7447b3c0a5a065,REV-24c08b3daf71d20dba7aaed9,EVT-e17c0d032f058cd7ff9c7781,0,0,0,1,DATA/METHODS/2171-2172 -Document Deliverables LATEST.xlsx,2026-09-08T05:23:16Z,2171-2172,21,B21,INCLUDE,
M2171_NONSTANDARD,2171;2172,METHODS,OFFSHORE INSTALLATION,PROCEDURE,INSTALLATION PROCEDURE,2171-2172,,M002,1.00,2171-2172-PP-OF-017,PROCEDURE FOR INSTALLATION OF CONCRETE SLEEPERS,,A1,Issue Date (Planned) > Construction and Installation Procedure,,,,"{""Construction and Installation Procedure"":""44479""}",{},,,GDOC-af205d5fb7eae7b5054183d7,SDOC-a2cbe78cdd7447b3c0a5a065,REV-24c08b3daf71d20dba7aaed9,EVT-e75eacc8e9d7b866c91cd274,0,0,0,0,DATA/METHODS/2171-2172 -Document Deliverables LATEST.xlsx,2026-09-08T05:23:16Z,2171-2172,21,B21,INCLUDE,
M2171_NONSTANDARD,2171;2172,METHODS,OFFSHORE INSTALLATION,PROCEDURE,INSTALLATION PROCEDURE,2171-2172,,M002,1.00,2171-2172-PP-OF-017,PROCEDURE FOR INSTALLATION OF CONCRETE SLEEPERS,,A,#,,,,"{""#"":""5""}",{},,,GDOC-af205d5fb7eae7b5054183d7,SDOC-a2cbe78cdd7447b3c0a5a065,REV-40733766758af4121bbcf9a9,EVT-0bf8a32e16cd320dac9b892b,0,1,0,0,DATA/METHODS/2171-2172 -Document Deliverables LATEST.xlsx,2026-09-08T05:23:16Z,2171-2172,22,B22,INCLUDE,
M2171_NONSTANDARD,2171;2172,METHODS,OFFSHORE INSTALLATION,PROCEDURE,INSTALLATION PROCEDURE,2171-2172,,M002,1.00,2171-2172-PP-OF-017,PROCEDURE FOR INSTALLATION OF CONCRETE SLEEPERS,,A,Issue Date (Actual) > Construction and Installation Procedure,,,,"{""Construction and Installation Procedure"":""44616""}",{},,,GDOC-af205d5fb7eae7b5054183d7,SDOC-a2cbe78cdd7447b3c0a5a065,REV-40733766758af4121bbcf9a9,EVT-5ef07df0fcbcb9a8f8ea9bc7,0,0,0,1,DATA/METHODS/2171-2172 -Document Deliverables LATEST.xlsx,2026-09-08T05:23:16Z,2171-2172,22,B22,INCLUDE,
M2171_NONSTANDARD,2171;2172,METHODS,OFFSHORE INSTALLATION,PROCEDURE,INSTALLATION PROCEDURE,2171-2172,,M002,1.00,2171-2172-PP-OF-017,PROCEDURE FOR INSTALLATION OF CONCRETE SLEEPERS,,A,Issue Date (Planned) > Construction and Installation Procedure,,,,"{""Construction and Installation Procedure"":""44616""}",{},,,GDOC-af205d5fb7eae7b5054183d7,SDOC-a2cbe78cdd7447b3c0a5a065,REV-40733766758af4121bbcf9a9,EVT-7b82f6864605c135aa66b04c,0,0,0,0,DATA/METHODS/2171-2172 -Document Deliverables LATEST.xlsx,2026-09-08T05:23:16Z,2171-2172,22,B22,INCLUDE,
M2171_NONSTANDARD,2171;2172,METHODS,OFFSHORE INSTALLATION,PROCEDURE,INSTALLATION PROCEDURE,2171-2172,,M002,1.00,2171-2172-PP-OF-017,PROCEDURE FOR INSTALLATION OF CONCRETE SLEEPERS,,A,Outgoing Ref No. > Construction and Installation Procedure,,,,"{""Construction and Installation Procedure"":""T-067/22""}",{},,,GDOC-af205d5fb7eae7b5054183d7,SDOC-a2cbe78cdd7447b3c0a5a065,REV-40733766758af4121bbcf9a9,EVT-efcb6c67e094194b1546494f,0,0,0,0,DATA/METHODS/2171-2172 -Document Deliverables LATEST.xlsx,2026-09-08T05:23:16Z,2171-2172,22,B22,INCLUDE,
M2171_NONSTANDARD,2171;2172,METHODS,OFFSHORE INSTALLATION,PROCEDURE,INSTALLATION PROCEDURE,2171-2172,,M002,1.00,2171-2172-PP-OF-017,PROCEDURE FOR INSTALLATION OF CONCRETE SLEEPERS,,00A,#,,,,"{""#"":""5""}",{},,,GDOC-af205d5fb7eae7b5054183d7,SDOC-a2cbe78cdd7447b3c0a5a065,REV-ed2bdb5458a1ed3b38942bde,EVT-c8dfd608208f576cec0b45d3,0,1,1,0,DATA/METHODS/2171-2172 -Document Deliverables LATEST.xlsx,2026-09-08T05:23:16Z,2171-2172,23,B23,INCLUDE,
M2171_NONSTANDARD,2171;2172,METHODS,OFFSHORE INSTALLATION,PROCEDURE,INSTALLATION PROCEDURE,2171-2172,,M002,1.00,2171-2172-PP-OF-017,PROCEDURE FOR INSTALLATION OF CONCRETE SLEEPERS,,00A,Issue Date (Actual) > Construction and Installation Procedure,,,,"{""Construction and Installation Procedure"":""44935""}",{},,,GDOC-af205d5fb7eae7b5054183d7,SDOC-a2cbe78cdd7447b3c0a5a065,REV-ed2bdb5458a1ed3b38942bde,EVT-cadca3a97f435a1421c994dd,0,0,1,1,DATA/METHODS/2171-2172 -Document Deliverables LATEST.xlsx,2026-09-08T05:23:16Z,2171-2172,23,B23,INCLUDE,
M2171_NONSTANDARD,2171;2172,METHODS,OFFSHORE INSTALLATION,PROCEDURE,INSTALLATION PROCEDURE,2171-2172,,M002,1.00,2171-2172-PP-OF-017,PROCEDURE FOR INSTALLATION OF CONCRETE SLEEPERS,,00A,Outgoing Ref No. > Construction and Installation Procedure,,,,"{""Construction and Installation Procedure"":""T-008/23""}",{},,,GDOC-af205d5fb7eae7b5054183d7,SDOC-a2cbe78cdd7447b3c0a5a065,REV-ed2bdb5458a1ed3b38942bde,EVT-e0d10befc2fa9d7c33aae246,0,0,1,0,DATA/METHODS/2171-2172 -Document Deliverables LATEST.xlsx,2026-09-08T05:23:16Z,2171-2172,23,B23,INCLUDE,
M2171_NONSTANDARD,2171;2172,METHODS,OFFSHORE INSTALLATION,PROCEDURE,INSTALLATION PROCEDURE,2171-2172,,M002,1.00,2171-2172-PP-OF-018,PROCEDURE FOR INSTALLATION OF CONCRETE MATTRESSES,,,Issue Date (Planned) > Construction and Installation Procedure,,,,"{""Construction and Installation Procedure"":""44484""}",{},,,GDOC-6524800de63a8cbf1f1f5a68,SDOC-89026a3e2a3e63779479e731,REV-34c15f9a863b53842f00c2f0,EVT-2c2f5f444a8471ab7beb9b85,0,0,1,1,DATA/METHODS/2171-2172 -Document Deliverables LATEST.xlsx,2026-09-08T05:23:16Z,2171-2172,24,B24,INCLUDE,
M2171_NONSTANDARD,2171;2172,METHODS,OFFSHORE INSTALLATION,PROCEDURE,INSTALLATION PROCEDURE,2171-2172,,M002,1.00,2171-2172-PP-OF-018,PROCEDURE FOR INSTALLATION OF CONCRETE MATTRESSES,,,#,,,,"{""#"":""6""}",{},,,GDOC-6524800de63a8cbf1f1f5a68,SDOC-89026a3e2a3e63779479e731,REV-34c15f9a863b53842f00c2f0,EVT-9294fa7c6afaefc0971fdfc7,1,1,1,0,DATA/METHODS/2171-2172 -Document Deliverables LATEST.xlsx,2026-09-08T05:23:16Z,2171-2172,24,B24,INCLUDE,
M2171_NONSTANDARD,2171;2172,METHODS,OFFSHORE INSTALLATION,PROCEDURE,INSTALLATION PROCEDURE,2171-2172,,M002,1.00,2171-2172-PP-OF-019,PIPELINES INSTALLATION MANUAL,,A1,Outgoing Ref No. > Construction and Installation Procedure,,,,"{""Construction and Installation Procedure"":""T-399/21""}",{},,,GDOC-274ba7ad6ee0ae402e80ef4d,SDOC-c0199659c4800541fa5b2d94,REV-f39e3774dcb7e84d0f592870,EVT-9d0a7b2e8cc892e1e5acd9eb,0,0,0,0,DATA/METHODS/2171-2172 -Document Deliverables LATEST.xlsx,2026-09-08T05:23:16Z,2171-2172,25,B25,INCLUDE,
M2171_NONSTANDARD,2171;2172,METHODS,OFFSHORE INSTALLATION,PROCEDURE,INSTALLATION PROCEDURE,2171-2172,,M002,1.00,2171-2172-PP-OF-019,PIPELINES INSTALLATION MANUAL,,A1,#,,,,"{""#"":""7""}",{},,,GDOC-274ba7ad6ee0ae402e80ef4d,SDOC-c0199659c4800541fa5b2d94,REV-f39e3774dcb7e84d0f592870,EVT-d1a4f249e5175ed34fde2912,1,1,0,0,DATA/METHODS/2171-2172 -Document Deliverables LATEST.xlsx,2026-09-08T05:23:16Z,2171-2172,25,B25,INCLUDE,
M2171_NONSTANDARD,2171;2172,METHODS,OFFSHORE INSTALLATION,PROCEDURE,INSTALLATION PROCEDURE,2171-2172,,M002,1.00,2171-2172-PP-OF-019,PIPELINES INSTALLATION MANUAL,,A1,Issue Date (Actual) > Construction and Installation Procedure,,,,"{""Construction and Installation Procedure"":""44461""}",{},,,GDOC-274ba7ad6ee0ae402e80ef4d,SDOC-c0199659c4800541fa5b2d94,REV-f39e3774dcb7e84d0f592870,EVT-f0570940a99094d31bc65e1b,0,0,0,1,DATA/METHODS/2171-2172 -Document Deliverables LATEST.xlsx,2026-09-08T05:23:16Z,2171-2172,25,B25,INCLUDE,
M2171_NONSTANDARD,2171;2172,METHODS,OFFSHORE INSTALLATION,PROCEDURE,INSTALLATION PROCEDURE,2171-2172,,M002,1.00,2171-2172-PP-OF-019,PIPELINES INSTALLATION MANUAL,,A,#,,,,"{""#"":""7""}",{},,,GDOC-274ba7ad6ee0ae402e80ef4d,SDOC-c0199659c4800541fa5b2d94,REV-07e7b732a316ff950171884f,EVT-2d6d5bfe1c281114462f3402,0,1,0,0,DATA/METHODS/2171-2172 -Document Deliverables LATEST.xlsx,2026-09-08T05:23:16Z,2171-2172,26,B26,INCLUDE,
M2171_NONSTANDARD,2171;2172,METHODS,OFFSHORE INSTALLATION,PROCEDURE,INSTALLATION PROCEDURE,2171-2172,,M002,1.00,2171-2172-PP-OF-019,PIPELINES INSTALLATION MANUAL,,A,Issue Date (Actual) > Construction and Installation Procedure,,,,"{""Construction and Installation Procedure"":""44465""}",{},,,GDOC-274ba7ad6ee0ae402e80ef4d,SDOC-c0199659c4800541fa5b2d94,REV-07e7b732a316ff950171884f,EVT-c9739086cd1e362f8f814db5,0,0,0,1,DATA/METHODS/2171-2172 -Document Deliverables LATEST.xlsx,2026-09-08T05:23:16Z,2171-2172,26,B26,INCLUDE,
M2171_NONSTANDARD,2171;2172,METHODS,OFFSHORE INSTALLATION,PROCEDURE,INSTALLATION PROCEDURE,2171-2172,,M002,1.00,2171-2172-PP-OF-019,PIPELINES INSTALLATION MANUAL,,A,Outgoing Ref No. > Construction and Installation Procedure,,,,"{""Construction and Installation Procedure"":""T-408/21""}",{},,,GDOC-274ba7ad6ee0ae402e80ef4d,SDOC-c0199659c4800541fa5b2d94,REV-07e7b732a316ff950171884f,EVT-e3da51e733bff8410022ff43,0,0,0,0,DATA/METHODS/2171-2172 -Document Deliverables LATEST.xlsx,2026-09-08T05:23:16Z,2171-2172,26,B26,INCLUDE,
M2171_NONSTANDARD,2171;2172,METHODS,OFFSHORE INSTALLATION,PROCEDURE,INSTALLATION PROCEDURE,2171-2172,,M002,1.00,2171-2172-PP-OF-019,PIPELINES INSTALLATION MANUAL,,B,Issue Date (Actual) > Construction and Installation Procedure,,,,"{""Construction and Installation Procedure"":""44581""}","{""Remarks > Construction and Installation Procedure"":""PMT ISSUED TO CLIENT""}",,,GDOC-274ba7ad6ee0ae402e80ef4d,SDOC-c0199659c4800541fa5b2d94,REV-20cab93e8c063465658a28aa,EVT-78b172a24d0be7323cf2752f,0,0,1,1,DATA/METHODS/2171-2172 -Document Deliverables LATEST.xlsx,2026-09-08T05:23:16Z,2171-2172,27,B27,INCLUDE,
M2171_NONSTANDARD,2171;2172,METHODS,OFFSHORE INSTALLATION,PROCEDURE,INSTALLATION PROCEDURE,2171-2172,,M002,1.00,2171-2172-PP-OF-019,PIPELINES INSTALLATION MANUAL,,B,#,,,,"{""#"":""7""}","{""Remarks > Construction and Installation Procedure"":""PMT ISSUED TO CLIENT""}",,,GDOC-274ba7ad6ee0ae402e80ef4d,SDOC-c0199659c4800541fa5b2d94,REV-20cab93e8c063465658a28aa,EVT-837c24efc2eb07ea710938e3,0,1,1,0,DATA/METHODS/2171-2172 -Document Deliverables LATEST.xlsx,2026-09-08T05:23:16Z,2171-2172,27,B27,INCLUDE,
M2171_NONSTANDARD,2171;2172,METHODS,OFFSHORE INSTALLATION,PROCEDURE,INSTALLATION PROCEDURE,2171-2172,,M002,1.00,2171-2172-PP-OF-019,PIPELINES INSTALLATION MANUAL,,B,Outgoing Ref No. > Construction and Installation Procedure,,,,"{""Construction and Installation Procedure"":""T-014/22""}","{""Remarks > Construction and Installation Procedure"":""PMT ISSUED TO CLIENT""}",,,GDOC-274ba7ad6ee0ae402e80ef4d,SDOC-c0199659c4800541fa5b2d94,REV-20cab93e8c063465658a28aa,EVT-d2a22d69c4b332475d498835,0,0,1,0,DATA/METHODS/2171-2172 -Document Deliverables LATEST.xlsx,2026-09-08T05:23:16Z,2171-2172,27,B27,INCLUDE,
M2171_NONSTANDARD,2171;2172,METHODS,OFFSHORE INSTALLATION,PROCEDURE,INSTALLATION PROCEDURE,2171-2172,,M002,1.00,2171-2172-PP-OF-020,PIPELINE EXTERNAL FIELD JOINT COATING PROCEDURE,,A1,#,,,,"{""#"":""8""}",{},,,GDOC-164f5ea046c527d2fea0fd12,SDOC-abbd120e12d60383db28c401,REV-7024be2b69f00a5586afa024,EVT-a6c04f8a1a6af3ff4aea1f06,1,1,0,0,DATA/METHODS/2171-2172 -Document Deliverables LATEST.xlsx,2026-09-08T05:23:16Z,2171-2172,28,B28,INCLUDE,
M2171_NONSTANDARD,2171;2172,METHODS,OFFSHORE INSTALLATION,PROCEDURE,INSTALLATION PROCEDURE,2171-2172,,M002,1.00,2171-2172-PP-OF-020,PIPELINE EXTERNAL FIELD JOINT COATING PROCEDURE,,A1,Issue Date (Planned) > Construction and Installation Procedure,,,,"{""Construction and Installation Procedure"":""44515""}",{},,,GDOC-164f5ea046c527d2fea0fd12,SDOC-abbd120e12d60383db28c401,REV-7024be2b69f00a5586afa024,EVT-a9d71ae6773175706371c33f,0,0,0,0,DATA/METHODS/2171-2172 -Document Deliverables LATEST.xlsx,2026-09-08T05:23:16Z,2171-2172,28,B28,INCLUDE,
M2171_NONSTANDARD,2171;2172,METHODS,OFFSHORE INSTALLATION,PROCEDURE,INSTALLATION PROCEDURE,2171-2172,,M002,1.00,2171-2172-PP-OF-020,PIPELINE EXTERNAL FIELD JOINT COATING PROCEDURE,,A1,Issue Date (Actual) > Construction and Installation Procedure,,,,"{""Construction and Installation Procedure"":""44580""}",{},,,GDOC-164f5ea046c527d2fea0fd12,SDOC-abbd120e12d60383db28c401,REV-7024be2b69f00a5586afa024,EVT-bd14f9828875d35349abef2b,0,0,0,1,DATA/METHODS/2171-2172 -Document Deliverables LATEST.xlsx,2026-09-08T05:23:16Z,2171-2172,28,B28,INCLUDE,
M2171_NONSTANDARD,2171;2172,METHODS,OFFSHORE INSTALLATION,PROCEDURE,INSTALLATION PROCEDURE,2171-2172,,M002,1.00,2171-2172-PP-OF-020,PIPELINE EXTERNAL FIELD JOINT COATING PROCEDURE,,A1,Outgoing Ref No. > Construction and Installation Procedure,,,,"{""Construction and Installation Procedure"":""T-010/22""}",{},,,GDOC-164f5ea046c527d2fea0fd12,SDOC-abbd120e12d60383db28c401,REV-7024be2b69f00a5586afa024,EVT-d381701402acc0e385964d04,0,0,0,0,DATA/METHODS/2171-2172 -Document Deliverables LATEST.xlsx,2026-09-08T05:23:16Z,2171-2172,28,B28,INCLUDE,
M2171_NONSTANDARD,2171;2172,METHODS,OFFSHORE INSTALLATION,PROCEDURE,INSTALLATION PROCEDURE,2171-2172,,M002,1.00,2171-2172-PP-OF-020,PIPELINE EXTERNAL FIELD JOINT COATING PROCEDURE,,A,Issue Date (Actual) > Construction and Installation Procedure,,,,"{""Construction and Installation Procedure"":""44587""}","{""Remarks > Construction and Installation Procedure"":""PMT ISSUED TO CLIENT""}",,,GDOC-164f5ea046c527d2fea0fd12,SDOC-abbd120e12d60383db28c401,REV-55d66429861f12b580c9460d,EVT-5e37add1563978771e1ceab7,0,0,0,1,DATA/METHODS/2171-2172 -Document Deliverables LATEST.xlsx,2026-09-08T05:23:16Z,2171-2172,29,B29,INCLUDE,
M2171_NONSTANDARD,2171;2172,METHODS,OFFSHORE INSTALLATION,PROCEDURE,INSTALLATION PROCEDURE,2171-2172,,M002,1.00,2171-2172-PP-OF-020,PIPELINE EXTERNAL FIELD JOINT COATING PROCEDURE,,A,Outgoing Ref No. > Construction and Installation Procedure,,,,"{""Construction and Installation Procedure"":""T-022/22""}","{""Remarks > Construction and Installation Procedure"":""PMT ISSUED TO CLIENT""}",,,GDOC-164f5ea046c527d2fea0fd12,SDOC-abbd120e12d60383db28c401,REV-55d66429861f12b580c9460d,EVT-96ba8c4491a59d757a172073,0,0,0,0,DATA/METHODS/2171-2172 -Document Deliverables LATEST.xlsx,2026-09-08T05:23:16Z,2171-2172,29,B29,INCLUDE,
M2171_NONSTANDARD,2171;2172,METHODS,OFFSHORE INSTALLATION,PROCEDURE,INSTALLATION PROCEDURE,2171-2172,,M002,1.00,2171-2172-PP-OF-020,PIPELINE EXTERNAL FIELD JOINT COATING PROCEDURE,,A,#,,,,"{""#"":""8""}","{""Remarks > Construction and Installation Procedure"":""PMT ISSUED TO CLIENT""}",,,GDOC-164f5ea046c527d2fea0fd12,SDOC-abbd120e12d60383db28c401,REV-55d66429861f12b580c9460d,EVT-ccc42e54653b17216bdf88b4,0,1,0,0,DATA/METHODS/2171-2172 -Document Deliverables LATEST.xlsx,2026-09-08T05:23:16Z,2171-2172,29,B29,INCLUDE,
M2171_NONSTANDARD,2171;2172,METHODS,OFFSHORE INSTALLATION,PROCEDURE,INSTALLATION PROCEDURE,2171-2172,,M002,1.00,2171-2172-PP-OF-020,PIPELINE EXTERNAL FIELD JOINT COATING PROCEDURE,,B,Issue Date (Actual) > Construction and Installation Procedure,,,,"{""Construction and Installation Procedure"":""44663""}",{},,,GDOC-164f5ea046c527d2fea0fd12,SDOC-abbd120e12d60383db28c401,REV-7e5392a7ce3b8b4fc61bcce5,EVT-8d605245b41ae47970d99327,0,0,0,1,DATA/METHODS/2171-2172 -Document Deliverables LATEST.xlsx,2026-09-08T05:23:16Z,2171-2172,30,B30,INCLUDE,
M2171_NONSTANDARD,2171;2172,METHODS,OFFSHORE INSTALLATION,PROCEDURE,INSTALLATION PROCEDURE,2171-2172,,M002,1.00,2171-2172-PP-OF-020,PIPELINE EXTERNAL FIELD JOINT COATING PROCEDURE,,B,#,,,,"{""#"":""8""}",{},,,GDOC-164f5ea046c527d2fea0fd12,SDOC-abbd120e12d60383db28c401,REV-7e5392a7ce3b8b4fc61bcce5,EVT-a0b5b8dea0bffe26d7fc49d5,0,1,0,0,DATA/METHODS/2171-2172 -Document Deliverables LATEST.xlsx,2026-09-08T05:23:16Z,2171-2172,30,B30,INCLUDE,
M2171_NONSTANDARD,2171;2172,METHODS,OFFSHORE INSTALLATION,PROCEDURE,INSTALLATION PROCEDURE,2171-2172,,M002,1.00,2171-2172-PP-OF-020,PIPELINE EXTERNAL FIELD JOINT COATING PROCEDURE,,B,Outgoing Ref No. > Construction and Installation Procedure,,,,"{""Construction and Installation Procedure"":""T-135/22""}",{},,,GDOC-164f5ea046c527d2fea0fd12,SDOC-abbd120e12d60383db28c401,REV-7e5392a7ce3b8b4fc61bcce5,EVT-babcc0d2b875150b0e496560,0,0,0,0,DATA/METHODS/2171-2172 -Document Deliverables LATEST.xlsx,2026-09-08T05:23:16Z,2171-2172,30,B30,INCLUDE,
M2171_NONSTANDARD,2171;2172,METHODS,OFFSHORE INSTALLATION,PROCEDURE,INSTALLATION PROCEDURE,2171-2172,,M002,1.00,2171-2172-PP-OF-020,PIPELINE EXTERNAL FIELD JOINT COATING PROCEDURE,,00,#,,,,"{""#"":""8""}",{},,,GDOC-164f5ea046c527d2fea0fd12,SDOC-abbd120e12d60383db28c401,REV-f953e2da666e1348ee9b33e0,EVT-4a9319099c020b3467450d52,0,1,0,0,DATA/METHODS/2171-2172 -Document Deliverables LATEST.xlsx,2026-09-08T05:23:16Z,2171-2172,31,B31,INCLUDE,
M2171_NONSTANDARD,2171;2172,METHODS,OFFSHORE INSTALLATION,PROCEDURE,INSTALLATION PROCEDURE,2171-2172,,M002,1.00,2171-2172-PP-OF-020,PIPELINE EXTERNAL FIELD JOINT COATING PROCEDURE,,00,Outgoing Ref No. > Construction and Installation Procedure,,,,"{""Construction and Installation Procedure"":""T-177/22""}",{},,,GDOC-164f5ea046c527d2fea0fd12,SDOC-abbd120e12d60383db28c401,REV-f953e2da666e1348ee9b33e0,EVT-dba0aeedbff5090ce4937aeb,0,0,0,0,DATA/METHODS/2171-2172 -Document Deliverables LATEST.xlsx,2026-09-08T05:23:16Z,2171-2172,31,B31,INCLUDE,
M2171_NONSTANDARD,2171;2172,METHODS,OFFSHORE INSTALLATION,PROCEDURE,INSTALLATION PROCEDURE,2171-2172,,M002,1.00,2171-2172-PP-OF-020,PIPELINE EXTERNAL FIELD JOINT COATING PROCEDURE,,00,Issue Date (Actual) > Construction and Installation Procedure,,,,"{""Construction and Installation Procedure"":""44691""}",{},,,GDOC-164f5ea046c527d2fea0fd12,SDOC-abbd120e12d60383db28c401,REV-f953e2da666e1348ee9b33e0,EVT-f5965d310146643c1fd8f331,0,0,0,1,DATA/METHODS/2171-2172 -Document Deliverables LATEST.xlsx,2026-09-08T05:23:16Z,2171-2172,31,B31,INCLUDE,
M2171_NONSTANDARD,2171;2172,METHODS,OFFSHORE INSTALLATION,PROCEDURE,INSTALLATION PROCEDURE,2171-2172,,M002,1.00,2171-2172-PP-OF-020,PIPELINE EXTERNAL FIELD JOINT COATING PROCEDURE,,00A,Issue Date (Actual) > Construction and Installation Procedure,,,,"{""Construction and Installation Procedure"":""45503""}",{},,,GDOC-164f5ea046c527d2fea0fd12,SDOC-abbd120e12d60383db28c401,REV-75a5630731bb4caca2e45dcc,EVT-1f8bb9dcc3a15d2aa2c46d91,0,0,1,1,DATA/METHODS/2171-2172 -Document Deliverables LATEST.xlsx,2026-09-08T05:23:16Z,2171-2172,32,B32,INCLUDE,
M2171_NONSTANDARD,2171;2172,METHODS,OFFSHORE INSTALLATION,PROCEDURE,INSTALLATION PROCEDURE,2171-2172,,M002,1.00,2171-2172-PP-OF-020,PIPELINE EXTERNAL FIELD JOINT COATING PROCEDURE,,00A,Outgoing Ref No. > Construction and Installation Procedure,,,,"{""Construction and Installation Procedure"":""T-344/24""}",{},,,GDOC-164f5ea046c527d2fea0fd12,SDOC-abbd120e12d60383db28c401,REV-75a5630731bb4caca2e45dcc,EVT-2657fa59dfc7d35fd4067712,0,1,1,0,DATA/METHODS/2171-2172 -Document Deliverables LATEST.xlsx,2026-09-08T05:23:16Z,2171-2172,32,B32,INCLUDE,
M2171_NONSTANDARD,2171;2172,METHODS,OFFSHORE INSTALLATION,PROCEDURE,INSTALLATION PROCEDURE,2171-2172,,M002,1.00,2171-2172-PP-OF-021,PIPELINE INTERNAL FIELD JOINT COATING PROCEDURE,,,#,,,,"{""#"":""9""}",{},,,GDOC-71a5fdc8652ff9cb5883f68f,SDOC-3e6cff8767ccf4a1e9c5c304,REV-03ea3fb7a35b62b95d870f14,EVT-0a6ae58ee271d103e7dbff79,1,1,1,0,DATA/METHODS/2171-2172 -Document Deliverables LATEST.xlsx,2026-09-08T05:23:16Z,2171-2172,33,B33,INCLUDE,
M2171_NONSTANDARD,2171;2172,METHODS,OFFSHORE INSTALLATION,PROCEDURE,INSTALLATION PROCEDURE,2171-2172,,M002,1.00,2171-2172-PP-OF-021,PIPELINE INTERNAL FIELD JOINT COATING PROCEDURE,,,Issue Date (Planned) > Construction and Installation Procedure,,,,"{""Construction and Installation Procedure"":""44505""}",{},,,GDOC-71a5fdc8652ff9cb5883f68f,SDOC-3e6cff8767ccf4a1e9c5c304,REV-03ea3fb7a35b62b95d870f14,EVT-f05b3233958a78a475bb6aa2,0,0,1,1,DATA/METHODS/2171-2172 -Document Deliverables LATEST.xlsx,2026-09-08T05:23:16Z,2171-2172,33,B33,INCLUDE,
M2171_NONSTANDARD,2171;2172,METHODS,OFFSHORE INSTALLATION,PROCEDURE,INSTALLATION PROCEDURE,2171-2172,,M002,1.00,2171-2172-PP-OF-022,PIPELINE FREESPAN CORRECTION AND GROUT BAGS INSTALLATION PROCEDURE,,A1,Outgoing Ref No. > Construction and Installation Procedure,,,,"{""Construction and Installation Procedure"":""T-184/22""}",{},,,GDOC-6fc7eee13bc6217989749821,SDOC-a268ce5566b70315273ef079,REV-7f5ea378a1e19b547ef5de39,EVT-165248f7f703602b1ed604d9,0,0,0,0,DATA/METHODS/2171-2172 -Document Deliverables LATEST.xlsx,2026-09-08T05:23:16Z,2171-2172,34,B34,INCLUDE,
M2171_NONSTANDARD,2171;2172,METHODS,OFFSHORE INSTALLATION,PROCEDURE,INSTALLATION PROCEDURE,2171-2172,,M002,1.00,2171-2172-PP-OF-022,PIPELINE FREESPAN CORRECTION AND GROUT BAGS INSTALLATION PROCEDURE,,A1,Issue Date (Planned) > Construction and Installation Procedure,,,,"{""Construction and Installation Procedure"":""44501""}",{},,,GDOC-6fc7eee13bc6217989749821,SDOC-a268ce5566b70315273ef079,REV-7f5ea378a1e19b547ef5de39,EVT-22c04e0a2b86258ae3257195,0,0,0,0,DATA/METHODS/2171-2172 -Document Deliverables LATEST.xlsx,2026-09-08T05:23:16Z,2171-2172,34,B34,INCLUDE,
M2171_NONSTANDARD,2171;2172,METHODS,OFFSHORE INSTALLATION,PROCEDURE,INSTALLATION PROCEDURE,2171-2172,,M002,1.00,2171-2172-PP-OF-022,PIPELINE FREESPAN CORRECTION AND GROUT BAGS INSTALLATION PROCEDURE,,A1,#,,,,"{""#"":""10""}",{},,,GDOC-6fc7eee13bc6217989749821,SDOC-a268ce5566b70315273ef079,REV-7f5ea378a1e19b547ef5de39,EVT-33fa9536799177a638d5e86d,1,1,0,0,DATA/METHODS/2171-2172 -Document Deliverables LATEST.xlsx,2026-09-08T05:23:16Z,2171-2172,34,B34,INCLUDE,
M2171_NONSTANDARD,2171;2172,METHODS,OFFSHORE INSTALLATION,PROCEDURE,INSTALLATION PROCEDURE,2171-2172,,M002,1.00,2171-2172-PP-OF-022,PIPELINE FREESPAN CORRECTION AND GROUT BAGS INSTALLATION PROCEDURE,,A1,Issue Date (Actual) > Construction and Installation Procedure,,,,"{""Construction and Installation Procedure"":""44693""}",{},,,GDOC-6fc7eee13bc6217989749821,SDOC-a268ce5566b70315273ef079,REV-7f5ea378a1e19b547ef5de39,EVT-341ac846dc70d9d20156d586,0,0,0,1,DATA/METHODS/2171-2172 -Document Deliverables LATEST.xlsx,2026-09-08T05:23:16Z,2171-2172,34,B34,INCLUDE,
M2171_NONSTANDARD,2171;2172,METHODS,OFFSHORE INSTALLATION,PROCEDURE,INSTALLATION PROCEDURE,2171-2172,,M002,1.00,2171-2172-PP-OF-022,PIPELINE FREESPAN CORRECTION AND GROUT BAGS INSTALLATION PROCEDURE,,A,Issue Date (Actual) > Construction and Installation Procedure,,,,"{""Construction and Installation Procedure"":""44722""}",{},,,GDOC-6fc7eee13bc6217989749821,SDOC-a268ce5566b70315273ef079,REV-2ed6c1ccb2af93dec4454d4a,EVT-784f12d70eae6b760e3a4a79,0,0,0,1,DATA/METHODS/2171-2172 -Document Deliverables LATEST.xlsx,2026-09-08T05:23:16Z,2171-2172,35,B35,INCLUDE,
M2171_NONSTANDARD,2171;2172,METHODS,OFFSHORE INSTALLATION,PROCEDURE,INSTALLATION PROCEDURE,2171-2172,,M002,1.00,2171-2172-PP-OF-022,PIPELINE FREESPAN CORRECTION AND GROUT BAGS INSTALLATION PROCEDURE,,A,Outgoing Ref No. > Construction and Installation Procedure,,,,"{""Construction and Installation Procedure"":""T-233/22""}",{},,,GDOC-6fc7eee13bc6217989749821,SDOC-a268ce5566b70315273ef079,REV-2ed6c1ccb2af93dec4454d4a,EVT-8ae805589168ce2282761aec,0,0,0,0,DATA/METHODS/2171-2172 -Document Deliverables LATEST.xlsx,2026-09-08T05:23:16Z,2171-2172,35,B35,INCLUDE,
M2171_NONSTANDARD,2171;2172,METHODS,OFFSHORE INSTALLATION,PROCEDURE,INSTALLATION PROCEDURE,2171-2172,,M002,1.00,2171-2172-PP-OF-022,PIPELINE FREESPAN CORRECTION AND GROUT BAGS INSTALLATION PROCEDURE,,A,#,,,,"{""#"":""10""}",{},,,GDOC-6fc7eee13bc6217989749821,SDOC-a268ce5566b70315273ef079,REV-2ed6c1ccb2af93dec4454d4a,EVT-9b753a0a3b013b6180846c4c,0,1,0,0,DATA/METHODS/2171-2172 -Document Deliverables LATEST.xlsx,2026-09-08T05:23:16Z,2171-2172,35,B35,INCLUDE,
M2171_NONSTANDARD,2171;2172,METHODS,OFFSHORE INSTALLATION,PROCEDURE,INSTALLATION PROCEDURE,2171-2172,,M002,1.00,2171-2172-PP-OF-022,PIPELINE FREESPAN CORRECTION AND GROUT BAGS INSTALLATION PROCEDURE,,B,#,,,,"{""#"":""10""}",{},,,GDOC-6fc7eee13bc6217989749821,SDOC-a268ce5566b70315273ef079,REV-b17ee98e46b4f9fa324da719,EVT-52d0737e3e3895445d1de181,0,1,0,0,DATA/METHODS/2171-2172 -Document Deliverables LATEST.xlsx,2026-09-08T05:23:16Z,2171-2172,36,B36,INCLUDE,
M2171_NONSTANDARD,2171;2172,METHODS,OFFSHORE INSTALLATION,PROCEDURE,INSTALLATION PROCEDURE,2171-2172,,M002,1.00,2171-2172-PP-OF-022,PIPELINE FREESPAN CORRECTION AND GROUT BAGS INSTALLATION PROCEDURE,,B,Issue Date (Actual) > Construction and Installation Procedure,,,,"{""Construction and Installation Procedure"":""44785""}",{},,,GDOC-6fc7eee13bc6217989749821,SDOC-a268ce5566b70315273ef079,REV-b17ee98e46b4f9fa324da719,EVT-73b266902c1206451d52deaa,0,0,0,1,DATA/METHODS/2171-2172 -Document Deliverables LATEST.xlsx,2026-09-08T05:23:16Z,2171-2172,36,B36,INCLUDE,
M2171_NONSTANDARD,2171;2172,METHODS,OFFSHORE INSTALLATION,PROCEDURE,INSTALLATION PROCEDURE,2171-2172,,M002,1.00,2171-2172-PP-OF-022,PIPELINE FREESPAN CORRECTION AND GROUT BAGS INSTALLATION PROCEDURE,,B,Outgoing Ref No. > Construction and Installation Procedure,,,,"{""Construction and Installation Procedure"":""T-331/22""}",{},,,GDOC-6fc7eee13bc6217989749821,SDOC-a268ce5566b70315273ef079,REV-b17ee98e46b4f9fa324da719,EVT-c15048bc5b3e3c9403cb4738,0,0,0,0,DATA/METHODS/2171-2172 -Document Deliverables LATEST.xlsx,2026-09-08T05:23:16Z,2171-2172,36,B36,INCLUDE,
M2171_NONSTANDARD,2171;2172,METHODS,OFFSHORE INSTALLATION,PROCEDURE,INSTALLATION PROCEDURE,2171-2172,,M002,1.00,2171-2172-PP-OF-022,PIPELINE FREESPAN CORRECTION AND GROUT BAGS INSTALLATION PROCEDURE,,00,Issue Date (Actual) > Construction and Installation Procedure,,,,"{""Construction and Installation Procedure"":""44818""}",{},,,GDOC-6fc7eee13bc6217989749821,SDOC-a268ce5566b70315273ef079,REV-21bfe94c1c208d327afb7250,EVT-89c9f1ce6290d01df6e22712,0,0,1,1,DATA/METHODS/2171-2172 -Document Deliverables LATEST.xlsx,2026-09-08T05:23:16Z,2171-2172,37,B37,INCLUDE,
M2171_NONSTANDARD,2171;2172,METHODS,OFFSHORE INSTALLATION,PROCEDURE,INSTALLATION PROCEDURE,2171-2172,,M002,1.00,2171-2172-PP-OF-022,PIPELINE FREESPAN CORRECTION AND GROUT BAGS INSTALLATION PROCEDURE,,00,#,,,,"{""#"":""10""}",{},,,GDOC-6fc7eee13bc6217989749821,SDOC-a268ce5566b70315273ef079,REV-21bfe94c1c208d327afb7250,EVT-b0cebc9ed5583f0ae789abcf,0,1,1,0,DATA/METHODS/2171-2172 -Document Deliverables LATEST.xlsx,2026-09-08T05:23:16Z,2171-2172,37,B37,INCLUDE,
M2171_NONSTANDARD,2171;2172,METHODS,OFFSHORE INSTALLATION,PROCEDURE,INSTALLATION PROCEDURE,2171-2172,,M002,1.00,2171-2172-PP-OF-022,PIPELINE FREESPAN CORRECTION AND GROUT BAGS INSTALLATION PROCEDURE,,00,Outgoing Ref No. > Construction and Installation Procedure,,,,"{""Construction and Installation Procedure"":""T-368/22""}",{},,,GDOC-6fc7eee13bc6217989749821,SDOC-a268ce5566b70315273ef079,REV-21bfe94c1c208d327afb7250,EVT-b344f559edc1f2d88d3bebf8,0,0,1,0,DATA/METHODS/2171-2172 -Document Deliverables LATEST.xlsx,2026-09-08T05:23:16Z,2171-2172,37,B37,INCLUDE,
M2171_NONSTANDARD,2171;2172,METHODS,OFFSHORE INSTALLATION,PROCEDURE,INSTALLATION PROCEDURE,2171-2172,,M002,1.00,2171-2172-PP-OF-023,PROCEDURE FOR INSTALLATION OF SUBSEA VALVE SKIDS AND ASSOCIATED TIE-IN SPOOLS WITH EXISTING PIPELINES,,A,#,,,,"{""#"":""11""}",{},,,GDOC-252790faf31a33204d86ed48,SDOC-36b1b0ef437fc52bc757352f,REV-3f85edc81ec9074f28fcfdc6,EVT-1701edc6b7b58d6d5c761d76,1,1,0,0,DATA/METHODS/2171-2172 -Document Deliverables LATEST.xlsx,2026-09-08T05:23:16Z,2171-2172,38,B38,INCLUDE,
M2171_NONSTANDARD,2171;2172,METHODS,OFFSHORE INSTALLATION,PROCEDURE,INSTALLATION PROCEDURE,2171-2172,,M002,1.00,2171-2172-PP-OF-023,PROCEDURE FOR INSTALLATION OF SUBSEA VALVE SKIDS AND ASSOCIATED TIE-IN SPOOLS WITH EXISTING PIPELINES,,A,Issue Date (Planned) > Construction and Installation Procedure,,,,"{""Construction and Installation Procedure"":""44510""}",{},,,GDOC-252790faf31a33204d86ed48,SDOC-36b1b0ef437fc52bc757352f,REV-3f85edc81ec9074f28fcfdc6,EVT-5d9b9b7169bdf39d0e0632e6,0,0,0,0,DATA/METHODS/2171-2172 -Document Deliverables LATEST.xlsx,2026-09-08T05:23:16Z,2171-2172,38,B38,INCLUDE,
M2171_NONSTANDARD,2171;2172,METHODS,OFFSHORE INSTALLATION,PROCEDURE,INSTALLATION PROCEDURE,2171-2172,,M002,1.00,2171-2172-PP-OF-023,PROCEDURE FOR INSTALLATION OF SUBSEA VALVE SKIDS AND ASSOCIATED TIE-IN SPOOLS WITH EXISTING PIPELINES,,A,Outgoing Ref No. > Construction and Installation Procedure,,,,"{""Construction and Installation Procedure"":""T-279/22""}",{},,,GDOC-252790faf31a33204d86ed48,SDOC-36b1b0ef437fc52bc757352f,REV-3f85edc81ec9074f28fcfdc6,EVT-893752b73c3875494061ed79,0,0,0,0,DATA/METHODS/2171-2172 -Document Deliverables LATEST.xlsx,2026-09-08T05:23:16Z,2171-2172,38,B38,INCLUDE,
M2171_NONSTANDARD,2171;2172,METHODS,OFFSHORE INSTALLATION,PROCEDURE,INSTALLATION PROCEDURE,2171-2172,,M002,1.00,2171-2172-PP-OF-023,PROCEDURE FOR INSTALLATION OF SUBSEA VALVE SKIDS AND ASSOCIATED TIE-IN SPOOLS WITH EXISTING PIPELINES,,A,Issue Date (Actual) > Construction and Installation Procedure,,,,"{""Construction and Installation Procedure"":""44748""}",{},,,GDOC-252790faf31a33204d86ed48,SDOC-36b1b0ef437fc52bc757352f,REV-3f85edc81ec9074f28fcfdc6,EVT-e5def5219640b8c0e40f7ade,0,0,0,1,DATA/METHODS/2171-2172 -Document Deliverables LATEST.xlsx,2026-09-08T05:23:16Z,2171-2172,38,B38,INCLUDE,
M2171_NONSTANDARD,2171;2172,METHODS,OFFSHORE INSTALLATION,PROCEDURE,INSTALLATION PROCEDURE,2171-2172,,M002,1.00,2171-2172-PP-OF-023,PROCEDURE FOR INSTALLATION OF SUBSEA VALVE SKIDS AND ASSOCIATED TIE-IN SPOOLS WITH EXISTING PIPELINES,,00,#,,,,"{""#"":""11""}",{},,,GDOC-252790faf31a33204d86ed48,SDOC-36b1b0ef437fc52bc757352f,REV-194135f85d1d99555389083c,EVT-05b2210274a78ccf5a8b027c,0,1,0,0,DATA/METHODS/2171-2172 -Document Deliverables LATEST.xlsx,2026-09-08T05:23:16Z,2171-2172,39,B39,INCLUDE,
M2171_NONSTANDARD,2171;2172,METHODS,OFFSHORE INSTALLATION,PROCEDURE,INSTALLATION PROCEDURE,2171-2172,,M002,1.00,2171-2172-PP-OF-023,PROCEDURE FOR INSTALLATION OF SUBSEA VALVE SKIDS AND ASSOCIATED TIE-IN SPOOLS WITH EXISTING PIPELINES,,00,Outgoing Ref No. > Construction and Installation Procedure,,,,"{""Construction and Installation Procedure"":""T-406/22""}",{},,,GDOC-252790faf31a33204d86ed48,SDOC-36b1b0ef437fc52bc757352f,REV-194135f85d1d99555389083c,EVT-8c98ef2ee9c4572bfa6f8011,0,0,0,0,DATA/METHODS/2171-2172 -Document Deliverables LATEST.xlsx,2026-09-08T05:23:16Z,2171-2172,39,B39,INCLUDE,
M2171_NONSTANDARD,2171;2172,METHODS,OFFSHORE INSTALLATION,PROCEDURE,INSTALLATION PROCEDURE,2171-2172,,M002,1.00,2171-2172-PP-OF-023,PROCEDURE FOR INSTALLATION OF SUBSEA VALVE SKIDS AND ASSOCIATED TIE-IN SPOOLS WITH EXISTING PIPELINES,,00,Issue Date (Actual) > Construction and Installation Procedure,,,,"{""Construction and Installation Procedure"":""44848""}",{},,,GDOC-252790faf31a33204d86ed48,SDOC-36b1b0ef437fc52bc757352f,REV-194135f85d1d99555389083c,EVT-9e8c40ae099dc021cf7182e4,0,0,0,1,DATA/METHODS/2171-2172 -Document Deliverables LATEST.xlsx,2026-09-08T05:23:16Z,2171-2172,39,B39,INCLUDE,
M2171_NONSTANDARD,2171;2172,METHODS,OFFSHORE INSTALLATION,PROCEDURE,INSTALLATION PROCEDURE,2171-2172,,M002,1.00,2171-2172-PP-OF-023,PROCEDURE FOR INSTALLATION OF SUBSEA VALVE SKIDS AND ASSOCIATED TIE-IN SPOOLS WITH EXISTING PIPELINES,,00B,Outgoing Ref No. > Construction and Installation Procedure,,,,"{""Construction and Installation Procedure"":""T-126/23""}",{},,,GDOC-252790faf31a33204d86ed48,SDOC-36b1b0ef437fc52bc757352f,REV-dd3c08dac5e79acb4deea06f,EVT-41d4af115174e33db07e5f16,0,0,0,0,DATA/METHODS/2171-2172 -Document Deliverables LATEST.xlsx,2026-09-08T05:23:16Z,2171-2172,40,B40,INCLUDE,
M2171_NONSTANDARD,2171;2172,METHODS,OFFSHORE INSTALLATION,PROCEDURE,INSTALLATION PROCEDURE,2171-2172,,M002,1.00,2171-2172-PP-OF-023,PROCEDURE FOR INSTALLATION OF SUBSEA VALVE SKIDS AND ASSOCIATED TIE-IN SPOOLS WITH EXISTING PIPELINES,,00B,#,,,,"{""#"":""11""}",{},,,GDOC-252790faf31a33204d86ed48,SDOC-36b1b0ef437fc52bc757352f,REV-dd3c08dac5e79acb4deea06f,EVT-84e2431939751082b87f7975,0,1,0,0,DATA/METHODS/2171-2172 -Document Deliverables LATEST.xlsx,2026-09-08T05:23:16Z,2171-2172,40,B40,INCLUDE,
M2171_NONSTANDARD,2171;2172,METHODS,OFFSHORE INSTALLATION,PROCEDURE,INSTALLATION PROCEDURE,2171-2172,,M002,1.00,2171-2172-PP-OF-023,PROCEDURE FOR INSTALLATION OF SUBSEA VALVE SKIDS AND ASSOCIATED TIE-IN SPOOLS WITH EXISTING PIPELINES,,00B,Issue Date (Actual) > Construction and Installation Procedure,,,,"{""Construction and Installation Procedure"":""45029""}",{},,,GDOC-252790faf31a33204d86ed48,SDOC-36b1b0ef437fc52bc757352f,REV-dd3c08dac5e79acb4deea06f,EVT-e40f3927103705bd910b8f38,0,0,0,1,DATA/METHODS/2171-2172 -Document Deliverables LATEST.xlsx,2026-09-08T05:23:16Z,2171-2172,40,B40,INCLUDE,
M2171_NONSTANDARD,2171;2172,METHODS,OFFSHORE INSTALLATION,PROCEDURE,INSTALLATION PROCEDURE,2171-2172,,M002,1.00,2171-2172-PP-OF-023,PROCEDURE FOR INSTALLATION OF SUBSEA VALVE SKIDS AND ASSOCIATED TIE-IN SPOOLS WITH EXISTING PIPELINES,,00C,Issue Date (Actual) > Construction and Installation Procedure,,,,"{""Construction and Installation Procedure"":""45052""}",{},,,GDOC-252790faf31a33204d86ed48,SDOC-36b1b0ef437fc52bc757352f,REV-5b87c8ef02a2053391e4928f,EVT-7799e527c250fa6bc9e2973b,0,0,1,1,DATA/METHODS/2171-2172 -Document Deliverables LATEST.xlsx,2026-09-08T05:23:16Z,2171-2172,41,B41,INCLUDE,
M2171_NONSTANDARD,2171;2172,METHODS,OFFSHORE INSTALLATION,PROCEDURE,INSTALLATION PROCEDURE,2171-2172,,M002,1.00,2171-2172-PP-OF-023,PROCEDURE FOR INSTALLATION OF SUBSEA VALVE SKIDS AND ASSOCIATED TIE-IN SPOOLS WITH EXISTING PIPELINES,,00C,Outgoing Ref No. > Construction and Installation Procedure,,,,"{""Construction and Installation Procedure"":""T-149/23""}",{},,,GDOC-252790faf31a33204d86ed48,SDOC-36b1b0ef437fc52bc757352f,REV-5b87c8ef02a2053391e4928f,EVT-d27f8c88993ece4f3c032846,0,0,1,0,DATA/METHODS/2171-2172 -Document Deliverables LATEST.xlsx,2026-09-08T05:23:16Z,2171-2172,41,B41,INCLUDE,
M2171_NONSTANDARD,2171;2172,METHODS,OFFSHORE INSTALLATION,PROCEDURE,INSTALLATION PROCEDURE,2171-2172,,M002,1.00,2171-2172-PP-OF-023,PROCEDURE FOR INSTALLATION OF SUBSEA VALVE SKIDS AND ASSOCIATED TIE-IN SPOOLS WITH EXISTING PIPELINES,,00C,#,,,,"{""#"":""11""}",{},,,GDOC-252790faf31a33204d86ed48,SDOC-36b1b0ef437fc52bc757352f,REV-5b87c8ef02a2053391e4928f,EVT-eec1a73c6128231d4d517468,0,1,1,0,DATA/METHODS/2171-2172 -Document Deliverables LATEST.xlsx,2026-09-08T05:23:16Z,2171-2172,41,B41,INCLUDE,
M2171_NONSTANDARD,2171;2172,METHODS,OFFSHORE INSTALLATION,PROCEDURE,INSTALLATION PROCEDURE,2171-2172,,M002,1.00,2171-2172-PP-OF-024,PROCEDURE FOR INSTALLATION OF SUBSEA SPOOLS FOR BYPASS PIPELINES,,A,Issue Date (Actual) > Construction and Installation Procedure,,,,"{""Construction and Installation Procedure"":""44747""}",{},,,GDOC-304f38795bd69d3415dbf6fc,SDOC-2ee96a04b7591801c93af143,REV-6cb4d8a49d235be5be3b94ee,EVT-8fe78a05f2988907389ea654,0,0,0,1,DATA/METHODS/2171-2172 -Document Deliverables LATEST.xlsx,2026-09-08T05:23:16Z,2171-2172,42,B42,INCLUDE,
M2171_NONSTANDARD,2171;2172,METHODS,OFFSHORE INSTALLATION,PROCEDURE,INSTALLATION PROCEDURE,2171-2172,,M002,1.00,2171-2172-PP-OF-024,PROCEDURE FOR INSTALLATION OF SUBSEA SPOOLS FOR BYPASS PIPELINES,,A,#,,,,"{""#"":""12""}",{},,,GDOC-304f38795bd69d3415dbf6fc,SDOC-2ee96a04b7591801c93af143,REV-6cb4d8a49d235be5be3b94ee,EVT-c1d6cd6c6bc931a1745ad137,1,1,0,0,DATA/METHODS/2171-2172 -Document Deliverables LATEST.xlsx,2026-09-08T05:23:16Z,2171-2172,42,B42,INCLUDE,
M2171_NONSTANDARD,2171;2172,METHODS,OFFSHORE INSTALLATION,PROCEDURE,INSTALLATION PROCEDURE,2171-2172,,M002,1.00,2171-2172-PP-OF-024,PROCEDURE FOR INSTALLATION OF SUBSEA SPOOLS FOR BYPASS PIPELINES,,A,Outgoing Ref No. > Construction and Installation Procedure,,,,"{""Construction and Installation Procedure"":""T-275/22""}",{},,,GDOC-304f38795bd69d3415dbf6fc,SDOC-2ee96a04b7591801c93af143,REV-6cb4d8a49d235be5be3b94ee,EVT-c5ad09399cb130614f2373e1,0,0,0,0,DATA/METHODS/2171-2172 -Document Deliverables LATEST.xlsx,2026-09-08T05:23:16Z,2171-2172,42,B42,INCLUDE,
M2171_NONSTANDARD,2171;2172,METHODS,OFFSHORE INSTALLATION,PROCEDURE,INSTALLATION PROCEDURE,2171-2172,,M002,1.00,2171-2172-PP-OF-024,PROCEDURE FOR INSTALLATION OF SUBSEA SPOOLS FOR BYPASS PIPELINES,,A,Issue Date (Planned) > Construction and Installation Procedure,,,,"{""Construction and Installation Procedure"":""44525""}",{},,,GDOC-304f38795bd69d3415dbf6fc,SDOC-2ee96a04b7591801c93af143,REV-6cb4d8a49d235be5be3b94ee,EVT-f0960c2569743d0bb3bd4d98,0,0,0,0,DATA/METHODS/2171-2172 -Document Deliverables LATEST.xlsx,2026-09-08T05:23:16Z,2171-2172,42,B42,INCLUDE,
M2171_NONSTANDARD,2171;2172,METHODS,OFFSHORE INSTALLATION,PROCEDURE,INSTALLATION PROCEDURE,2171-2172,,M002,1.00,2171-2172-PP-OF-024,PROCEDURE FOR INSTALLATION OF SUBSEA SPOOLS FOR BYPASS PIPELINES,,00,Issue Date (Actual) > Construction and Installation Procedure,,,,"{""Construction and Installation Procedure"":""44848""}",{},,,GDOC-304f38795bd69d3415dbf6fc,SDOC-2ee96a04b7591801c93af143,REV-e9b979b1861620880a318c18,EVT-096191b40689cbed523fa3db,0,0,0,1,DATA/METHODS/2171-2172 -Document Deliverables LATEST.xlsx,2026-09-08T05:23:16Z,2171-2172,43,B43,INCLUDE,
M2171_NONSTANDARD,2171;2172,METHODS,OFFSHORE INSTALLATION,PROCEDURE,INSTALLATION PROCEDURE,2171-2172,,M002,1.00,2171-2172-PP-OF-024,PROCEDURE FOR INSTALLATION OF SUBSEA SPOOLS FOR BYPASS PIPELINES,,00,#,,,,"{""#"":""12""}",{},,,GDOC-304f38795bd69d3415dbf6fc,SDOC-2ee96a04b7591801c93af143,REV-e9b979b1861620880a318c18,EVT-5cf62ee0ca8c177282efd0e9,0,1,0,0,DATA/METHODS/2171-2172 -Document Deliverables LATEST.xlsx,2026-09-08T05:23:16Z,2171-2172,43,B43,INCLUDE,
M2171_NONSTANDARD,2171;2172,METHODS,OFFSHORE INSTALLATION,PROCEDURE,INSTALLATION PROCEDURE,2171-2172,,M002,1.00,2171-2172-PP-OF-024,PROCEDURE FOR INSTALLATION OF SUBSEA SPOOLS FOR BYPASS PIPELINES,,00,Outgoing Ref No. > Construction and Installation Procedure,,,,"{""Construction and Installation Procedure"":""T-407/22""}",{},,,GDOC-304f38795bd69d3415dbf6fc,SDOC-2ee96a04b7591801c93af143,REV-e9b979b1861620880a318c18,EVT-7de60ba5a19dba1a009e6882,0,0,0,0,DATA/METHODS/2171-2172 -Document Deliverables LATEST.xlsx,2026-09-08T05:23:16Z,2171-2172,43,B43,INCLUDE,
M2171_NONSTANDARD,2171;2172,METHODS,OFFSHORE INSTALLATION,PROCEDURE,INSTALLATION PROCEDURE,2171-2172,,M002,1.00,2171-2172-PP-OF-024,PROCEDURE FOR INSTALLATION OF SUBSEA SPOOLS FOR BYPASS PIPELINES,,00A,#,,,,"{""#"":""12""}",{},,,GDOC-304f38795bd69d3415dbf6fc,SDOC-2ee96a04b7591801c93af143,REV-24a30bbb98181530df42d608,EVT-37bb542dbf3542b2546ac48f,0,1,0,0,DATA/METHODS/2171-2172 -Document Deliverables LATEST.xlsx,2026-09-08T05:23:16Z,2171-2172,44,B44,INCLUDE,
M2171_NONSTANDARD,2171;2172,METHODS,OFFSHORE INSTALLATION,PROCEDURE,INSTALLATION PROCEDURE,2171-2172,,M002,1.00,2171-2172-PP-OF-024,PROCEDURE FOR INSTALLATION OF SUBSEA SPOOLS FOR BYPASS PIPELINES,,00A,Issue Date (Actual) > Construction and Installation Procedure,,,,"{""Construction and Installation Procedure"":""44935""}",{},,,GDOC-304f38795bd69d3415dbf6fc,SDOC-2ee96a04b7591801c93af143,REV-24a30bbb98181530df42d608,EVT-d71147c8e38752d10e21f0b7,0,0,0,1,DATA/METHODS/2171-2172 -Document Deliverables LATEST.xlsx,2026-09-08T05:23:16Z,2171-2172,44,B44,INCLUDE,
M2171_NONSTANDARD,2171;2172,METHODS,OFFSHORE INSTALLATION,PROCEDURE,INSTALLATION PROCEDURE,2171-2172,,M002,1.00,2171-2172-PP-OF-024,PROCEDURE FOR INSTALLATION OF SUBSEA SPOOLS FOR BYPASS PIPELINES,,00A,Outgoing Ref No. > Construction and Installation Procedure,,,,"{""Construction and Installation Procedure"":""T-009/23""}",{},,,GDOC-304f38795bd69d3415dbf6fc,SDOC-2ee96a04b7591801c93af143,REV-24a30bbb98181530df42d608,EVT-db5d31892c312ec0480b534d,0,0,0,0,DATA/METHODS/2171-2172 -Document Deliverables LATEST.xlsx,2026-09-08T05:23:16Z,2171-2172,44,B44,INCLUDE,
M2171_NONSTANDARD,2171;2172,METHODS,OFFSHORE INSTALLATION,PROCEDURE,INSTALLATION PROCEDURE,2171-2172,,M002,1.00,2171-2172-PP-OF-024,PROCEDURE FOR INSTALLATION OF SUBSEA SPOOLS FOR BYPASS PIPELINES,,00B,#,,,,"{""#"":""12""}",{},,,GDOC-304f38795bd69d3415dbf6fc,SDOC-2ee96a04b7591801c93af143,REV-0581d2d0aed30e562347407e,EVT-9817506cdab8f4af05755ac6,0,1,1,0,DATA/METHODS/2171-2172 -Document Deliverables LATEST.xlsx,2026-09-08T05:23:16Z,2171-2172,45,B45,INCLUDE,
M2171_NONSTANDARD,2171;2172,METHODS,OFFSHORE INSTALLATION,PROCEDURE,INSTALLATION PROCEDURE,2171-2172,,M002,1.00,2171-2172-PP-OF-024,PROCEDURE FOR INSTALLATION OF SUBSEA SPOOLS FOR BYPASS PIPELINES,,00B,Outgoing Ref No. > Construction and Installation Procedure,,,,"{""Construction and Installation Procedure"":""T-192/24""}",{},,,GDOC-304f38795bd69d3415dbf6fc,SDOC-2ee96a04b7591801c93af143,REV-0581d2d0aed30e562347407e,EVT-9ea5b3b5dbcec2e8905e19bd,0,0,1,0,DATA/METHODS/2171-2172 -Document Deliverables LATEST.xlsx,2026-09-08T05:23:16Z,2171-2172,45,B45,INCLUDE,
M2171_NONSTANDARD,2171;2172,METHODS,OFFSHORE INSTALLATION,PROCEDURE,INSTALLATION PROCEDURE,2171-2172,,M002,1.00,2171-2172-PP-OF-024,PROCEDURE FOR INSTALLATION OF SUBSEA SPOOLS FOR BYPASS PIPELINES,,00B,Issue Date (Actual) > Construction and Installation Procedure,,,,"{""Construction and Installation Procedure"":""45420""}",{},,,GDOC-304f38795bd69d3415dbf6fc,SDOC-2ee96a04b7591801c93af143,REV-0581d2d0aed30e562347407e,EVT-ab3e2d7cdc2e4e0100b51958,0,0,1,1,DATA/METHODS/2171-2172 -Document Deliverables LATEST.xlsx,2026-09-08T05:23:16Z,2171-2172,45,B45,INCLUDE,
M2171_NONSTANDARD,2171;2172,METHODS,OFFSHORE INSTALLATION,PROCEDURE,INSTALLATION PROCEDURE,2171-2172,,M002,1.00,2171-2172-PP-OF-025,FLANGE MANAGEMENT PROCEDURE FOR SUBSEA FLANGE,,A1,Issue Date (Actual) > Construction and Installation Procedure,,,,"{""Construction and Installation Procedure"":""44543""}",{},,,GDOC-c1861ea5bd590a8188c6afa4,SDOC-035fb0cae5a6373dc22927f3,REV-16e56937299799bd893d1a9d,EVT-71415b79453afe919866ddc4,0,0,0,1,DATA/METHODS/2171-2172 -Document Deliverables LATEST.xlsx,2026-09-08T05:23:16Z,2171-2172,46,B46,INCLUDE,
M2171_NONSTANDARD,2171;2172,METHODS,OFFSHORE INSTALLATION,PROCEDURE,INSTALLATION PROCEDURE,2171-2172,,M002,1.00,2171-2172-PP-OF-025,FLANGE MANAGEMENT PROCEDURE FOR SUBSEA FLANGE,,A1,Outgoing Ref No. > Construction and Installation Procedure,,,,"{""Construction and Installation Procedure"":""T-531/21""}",{},,,GDOC-c1861ea5bd590a8188c6afa4,SDOC-035fb0cae5a6373dc22927f3,REV-16e56937299799bd893d1a9d,EVT-b3fb417a54c5a446cb139d5a,0,0,0,0,DATA/METHODS/2171-2172 -Document Deliverables LATEST.xlsx,2026-09-08T05:23:16Z,2171-2172,46,B46,INCLUDE,
M2171_NONSTANDARD,2171;2172,METHODS,OFFSHORE INSTALLATION,PROCEDURE,INSTALLATION PROCEDURE,2171-2172,,M002,1.00,2171-2172-PP-OF-025,FLANGE MANAGEMENT PROCEDURE FOR SUBSEA FLANGE,,A1,#,,,,"{""#"":""13""}",{},,,GDOC-c1861ea5bd590a8188c6afa4,SDOC-035fb0cae5a6373dc22927f3,REV-16e56937299799bd893d1a9d,EVT-b8b02083f5ec173f9d7e3b5c,1,1,0,0,DATA/METHODS/2171-2172 -Document Deliverables LATEST.xlsx,2026-09-08T05:23:16Z,2171-2172,46,B46,INCLUDE,
M2171_NONSTANDARD,2171;2172,METHODS,OFFSHORE INSTALLATION,PROCEDURE,INSTALLATION PROCEDURE,2171-2172,,M002,1.00,2171-2172-PP-OF-025,FLANGE MANAGEMENT PROCEDURE FOR SUBSEA FLANGE,,A1,Issue Date (Planned) > Construction and Installation Procedure,,,,"{""Construction and Installation Procedure"":""44520""}",{},,,GDOC-c1861ea5bd590a8188c6afa4,SDOC-035fb0cae5a6373dc22927f3,REV-16e56937299799bd893d1a9d,EVT-db5b49326b4f348e15dd4fea,0,0,0,0,DATA/METHODS/2171-2172 -Document Deliverables LATEST.xlsx,2026-09-08T05:23:16Z,2171-2172,46,B46,INCLUDE,
M2171_NONSTANDARD,2171;2172,METHODS,OFFSHORE INSTALLATION,PROCEDURE,INSTALLATION PROCEDURE,2171-2172,,M002,1.00,2171-2172-PP-OF-025,FLANGE MANAGEMENT PROCEDURE FOR SUBSEA FLANGE,,A,Issue Date (Actual) > Construction and Installation Procedure,,,,"{""Construction and Installation Procedure"":""44586""}","{""Remarks > Construction and Installation Procedure"":""PMT ISSUED TO CLIENT""}",,,GDOC-c1861ea5bd590a8188c6afa4,SDOC-035fb0cae5a6373dc22927f3,REV-e8e4c68f932cc9bd62cdcfee,EVT-b94a278dd2ee228a31534c92,0,0,0,1,DATA/METHODS/2171-2172 -Document Deliverables LATEST.xlsx,2026-09-08T05:23:16Z,2171-2172,47,B47,INCLUDE,
M2171_NONSTANDARD,2171;2172,METHODS,OFFSHORE INSTALLATION,PROCEDURE,INSTALLATION PROCEDURE,2171-2172,,M002,1.00,2171-2172-PP-OF-025,FLANGE MANAGEMENT PROCEDURE FOR SUBSEA FLANGE,,A,Outgoing Ref No. > Construction and Installation Procedure,,,,"{""Construction and Installation Procedure"":""T-020/22""}","{""Remarks > Construction and Installation Procedure"":""PMT ISSUED TO CLIENT""}",,,GDOC-c1861ea5bd590a8188c6afa4,SDOC-035fb0cae5a6373dc22927f3,REV-e8e4c68f932cc9bd62cdcfee,EVT-b98aea751663a951d6d631a4,0,0,0,0,DATA/METHODS/2171-2172 -Document Deliverables LATEST.xlsx,2026-09-08T05:23:16Z,2171-2172,47,B47,INCLUDE,
M2171_NONSTANDARD,2171;2172,METHODS,OFFSHORE INSTALLATION,PROCEDURE,INSTALLATION PROCEDURE,2171-2172,,M002,1.00,2171-2172-PP-OF-025,FLANGE MANAGEMENT PROCEDURE FOR SUBSEA FLANGE,,A,#,,,,"{""#"":""13""}","{""Remarks > Construction and Installation Procedure"":""PMT ISSUED TO CLIENT""}",,,GDOC-c1861ea5bd590a8188c6afa4,SDOC-035fb0cae5a6373dc22927f3,REV-e8e4c68f932cc9bd62cdcfee,EVT-c60ddd0bf1e0d32083be06bf,0,1,0,0,DATA/METHODS/2171-2172 -Document Deliverables LATEST.xlsx,2026-09-08T05:23:16Z,2171-2172,47,B47,INCLUDE,
M2171_NONSTANDARD,2171;2172,METHODS,OFFSHORE INSTALLATION,PROCEDURE,INSTALLATION PROCEDURE,2171-2172,,M002,1.00,2171-2172-PP-OF-025,FLANGE MANAGEMENT PROCEDURE FOR SUBSEA FLANGE,,B,#,,,,"{""#"":""13""}",{},,,GDOC-c1861ea5bd590a8188c6afa4,SDOC-035fb0cae5a6373dc22927f3,REV-ee2316ea8c5cc05960ca1c69,EVT-38eb978ca6bbfdaccd6d53c6,0,1,0,0,DATA/METHODS/2171-2172 -Document Deliverables LATEST.xlsx,2026-09-08T05:23:16Z,2171-2172,48,B48,INCLUDE,
M2171_NONSTANDARD,2171;2172,METHODS,OFFSHORE INSTALLATION,PROCEDURE,INSTALLATION PROCEDURE,2171-2172,,M002,1.00,2171-2172-PP-OF-025,FLANGE MANAGEMENT PROCEDURE FOR SUBSEA FLANGE,,B,Issue Date (Actual) > Construction and Installation Procedure,,,,"{""Construction and Installation Procedure"":""44649""}",{},,,GDOC-c1861ea5bd590a8188c6afa4,SDOC-035fb0cae5a6373dc22927f3,REV-ee2316ea8c5cc05960ca1c69,EVT-6afce487a7be2c8d38219885,0,0,0,1,DATA/METHODS/2171-2172 -Document Deliverables LATEST.xlsx,2026-09-08T05:23:16Z,2171-2172,48,B48,INCLUDE,
M2171_NONSTANDARD,2171;2172,METHODS,OFFSHORE INSTALLATION,PROCEDURE,INSTALLATION PROCEDURE,2171-2172,,M002,1.00,2171-2172-PP-OF-025,FLANGE MANAGEMENT PROCEDURE FOR SUBSEA FLANGE,,B,Outgoing Ref No. > Construction and Installation Procedure,,,,"{""Construction and Installation Procedure"":""T-112/22""}",{},,,GDOC-c1861ea5bd590a8188c6afa4,SDOC-035fb0cae5a6373dc22927f3,REV-ee2316ea8c5cc05960ca1c69,EVT-90837ae5f58a362c876e58a6,0,0,0,0,DATA/METHODS/2171-2172 -Document Deliverables LATEST.xlsx,2026-09-08T05:23:16Z,2171-2172,48,B48,INCLUDE,
M2171_NONSTANDARD,2171;2172,METHODS,OFFSHORE INSTALLATION,PROCEDURE,INSTALLATION PROCEDURE,2171-2172,,M002,1.00,2171-2172-PP-OF-025,FLANGE MANAGEMENT PROCEDURE FOR SUBSEA FLANGE,,00A,Outgoing Ref No. > Construction and Installation Procedure,,,,"{""Construction and Installation Procedure"":""T-441/22""}",{},,,GDOC-c1861ea5bd590a8188c6afa4,SDOC-035fb0cae5a6373dc22927f3,REV-b944ccfdc34401fa1938e194,EVT-2e5bd7ea3247c4a92be31e65,0,0,1,0,DATA/METHODS/2171-2172 -Document Deliverables LATEST.xlsx,2026-09-08T05:23:16Z,2171-2172,49,B49,INCLUDE,
M2171_NONSTANDARD,2171;2172,METHODS,OFFSHORE INSTALLATION,PROCEDURE,INSTALLATION PROCEDURE,2171-2172,,M002,1.00,2171-2172-PP-OF-025,FLANGE MANAGEMENT PROCEDURE FOR SUBSEA FLANGE,,00A,Issue Date (Actual) > Construction and Installation Procedure,,,,"{""Construction and Installation Procedure"":""44881""}",{},,,GDOC-c1861ea5bd590a8188c6afa4,SDOC-035fb0cae5a6373dc22927f3,REV-b944ccfdc34401fa1938e194,EVT-cef623d8d535eed38b67a0d1,0,0,1,1,DATA/METHODS/2171-2172 -Document Deliverables LATEST.xlsx,2026-09-08T05:23:16Z,2171-2172,49,B49,INCLUDE,
M2171_NONSTANDARD,2171;2172,METHODS,OFFSHORE INSTALLATION,PROCEDURE,INSTALLATION PROCEDURE,2171-2172,,M002,1.00,2171-2172-PP-OF-025,FLANGE MANAGEMENT PROCEDURE FOR SUBSEA FLANGE,,00A,#,,,,"{""#"":""13""}",{},,,GDOC-c1861ea5bd590a8188c6afa4,SDOC-035fb0cae5a6373dc22927f3,REV-b944ccfdc34401fa1938e194,EVT-ddd01dfca9566257be7fc621,0,1,1,0,DATA/METHODS/2171-2172 -Document Deliverables LATEST.xlsx,2026-09-08T05:23:16Z,2171-2172,49,B49,INCLUDE,
M2171_NONSTANDARD,2171;2172,METHODS,OFFSHORE INSTALLATION,PROCEDURE,INSTALLATION PROCEDURE,2171-2172,,M002,1.00,2171-2172-PP-OF-026,SUBSEA SPOOL SCRAPING AND HYDROTESTING PROCEDURE,,A,Issue Date (Planned) > Construction and Installation Procedure,,,,"{""Construction and Installation Procedure"":""44550""}",{},,,GDOC-1d6a580e748a936abc4bc3f4,SDOC-5e084f5ae0330ee8c8bdf744,REV-6d1d74ae7ddd9f0241e55078,EVT-555bc6c1b6bd0094807cf11f,0,0,0,0,DATA/METHODS/2171-2172 -Document Deliverables LATEST.xlsx,2026-09-08T05:23:16Z,2171-2172,50,B50,INCLUDE,
M2171_NONSTANDARD,2171;2172,METHODS,OFFSHORE INSTALLATION,PROCEDURE,INSTALLATION PROCEDURE,2171-2172,,M002,1.00,2171-2172-PP-OF-026,SUBSEA SPOOL SCRAPING AND HYDROTESTING PROCEDURE,,A,Issue Date (Actual) > Construction and Installation Procedure,,,,"{""Construction and Installation Procedure"":""44629""}",{},,,GDOC-1d6a580e748a936abc4bc3f4,SDOC-5e084f5ae0330ee8c8bdf744,REV-6d1d74ae7ddd9f0241e55078,EVT-63dc00415932c35f1087ee33,0,0,0,1,DATA/METHODS/2171-2172 -Document Deliverables LATEST.xlsx,2026-09-08T05:23:16Z,2171-2172,50,B50,INCLUDE,
M2171_NONSTANDARD,2171;2172,METHODS,OFFSHORE INSTALLATION,PROCEDURE,INSTALLATION PROCEDURE,2171-2172,,M002,1.00,2171-2172-PP-OF-026,SUBSEA SPOOL SCRAPING AND HYDROTESTING PROCEDURE,,A,Outgoing Ref No. > Construction and Installation Procedure,,,,"{""Construction and Installation Procedure"":""T-084/22""}",{},,,GDOC-1d6a580e748a936abc4bc3f4,SDOC-5e084f5ae0330ee8c8bdf744,REV-6d1d74ae7ddd9f0241e55078,EVT-655b748ba6cbc08c4f0b3505,0,0,0,0,DATA/METHODS/2171-2172 -Document Deliverables LATEST.xlsx,2026-09-08T05:23:16Z,2171-2172,50,B50,INCLUDE,
M2171_NONSTANDARD,2171;2172,METHODS,OFFSHORE INSTALLATION,PROCEDURE,INSTALLATION PROCEDURE,2171-2172,,M002,1.00,2171-2172-PP-OF-026,SUBSEA SPOOL SCRAPING AND HYDROTESTING PROCEDURE,,A,#,,,,"{""#"":""14""}",{},,,GDOC-1d6a580e748a936abc4bc3f4,SDOC-5e084f5ae0330ee8c8bdf744,REV-6d1d74ae7ddd9f0241e55078,EVT-b09d01e5e7ca78e433468ddb,1,1,0,0,DATA/METHODS/2171-2172 -Document Deliverables LATEST.xlsx,2026-09-08T05:23:16Z,2171-2172,50,B50,INCLUDE,
M2171_NONSTANDARD,2171;2172,METHODS,OFFSHORE INSTALLATION,PROCEDURE,INSTALLATION PROCEDURE,2171-2172,,M002,1.00,2171-2172-PP-OF-026,SUBSEA SPOOL SCRAPING AND HYDROTESTING PROCEDURE,,B,Outgoing Ref No. > Construction and Installation Procedure,,,,"{""Construction and Installation Procedure"":""T-268/22""}",{},,,GDOC-1d6a580e748a936abc4bc3f4,SDOC-5e084f5ae0330ee8c8bdf744,REV-0fdee13084322446f5993587,EVT-8a56b1d1da38b0922b5fe237,0,0,0,0,DATA/METHODS/2171-2172 -Document Deliverables LATEST.xlsx,2026-09-08T05:23:16Z,2171-2172,51,B51,INCLUDE,
M2171_NONSTANDARD,2171;2172,METHODS,OFFSHORE INSTALLATION,PROCEDURE,INSTALLATION PROCEDURE,2171-2172,,M002,1.00,2171-2172-PP-OF-026,SUBSEA SPOOL SCRAPING AND HYDROTESTING PROCEDURE,,B,Issue Date (Actual) > Construction and Installation Procedure,,,,"{""Construction and Installation Procedure"":""44742""}",{},,,GDOC-1d6a580e748a936abc4bc3f4,SDOC-5e084f5ae0330ee8c8bdf744,REV-0fdee13084322446f5993587,EVT-8b59f332e0b078c1bf9c0d76,0,0,0,1,DATA/METHODS/2171-2172 -Document Deliverables LATEST.xlsx,2026-09-08T05:23:16Z,2171-2172,51,B51,INCLUDE,
M2171_NONSTANDARD,2171;2172,METHODS,OFFSHORE INSTALLATION,PROCEDURE,INSTALLATION PROCEDURE,2171-2172,,M002,1.00,2171-2172-PP-OF-026,SUBSEA SPOOL SCRAPING AND HYDROTESTING PROCEDURE,,B,#,,,,"{""#"":""14""}",{},,,GDOC-1d6a580e748a936abc4bc3f4,SDOC-5e084f5ae0330ee8c8bdf744,REV-0fdee13084322446f5993587,EVT-967e44c11b2d7f2617eef3ab,0,1,0,0,DATA/METHODS/2171-2172 -Document Deliverables LATEST.xlsx,2026-09-08T05:23:16Z,2171-2172,51,B51,INCLUDE,
M2171_NONSTANDARD,2171;2172,METHODS,OFFSHORE INSTALLATION,PROCEDURE,INSTALLATION PROCEDURE,2171-2172,,M002,1.00,2171-2172-PP-OF-026,SUBSEA SPOOL SCRAPING AND HYDROTESTING PROCEDURE,,00,#,,,,"{""#"":""14""}",{},,,GDOC-1d6a580e748a936abc4bc3f4,SDOC-5e084f5ae0330ee8c8bdf744,REV-9174ab0b260378e9ea1033f6,EVT-023429d46fb11cc898d27ad5,0,1,0,0,DATA/METHODS/2171-2172 -Document Deliverables LATEST.xlsx,2026-09-08T05:23:16Z,2171-2172,52,B52,INCLUDE,
M2171_NONSTANDARD,2171;2172,METHODS,OFFSHORE INSTALLATION,PROCEDURE,INSTALLATION PROCEDURE,2171-2172,,M002,1.00,2171-2172-PP-OF-026,SUBSEA SPOOL SCRAPING AND HYDROTESTING PROCEDURE,,00,Outgoing Ref No. > Construction and Installation Procedure,,,,"{""Construction and Installation Procedure"":""T-298/22""}",{},,,GDOC-1d6a580e748a936abc4bc3f4,SDOC-5e084f5ae0330ee8c8bdf744,REV-9174ab0b260378e9ea1033f6,EVT-2def0bce5ce99acc46c3e784,0,0,0,0,DATA/METHODS/2171-2172 -Document Deliverables LATEST.xlsx,2026-09-08T05:23:16Z,2171-2172,52,B52,INCLUDE,
M2171_NONSTANDARD,2171;2172,METHODS,OFFSHORE INSTALLATION,PROCEDURE,INSTALLATION PROCEDURE,2171-2172,,M002,1.00,2171-2172-PP-OF-026,SUBSEA SPOOL SCRAPING AND HYDROTESTING PROCEDURE,,00,Issue Date (Actual) > Construction and Installation Procedure,,,,"{""Construction and Installation Procedure"":""44767""}",{},,,GDOC-1d6a580e748a936abc4bc3f4,SDOC-5e084f5ae0330ee8c8bdf744,REV-9174ab0b260378e9ea1033f6,EVT-bb9b4dce1e83d8c54deedfd9,0,0,0,1,DATA/METHODS/2171-2172 -Document Deliverables LATEST.xlsx,2026-09-08T05:23:16Z,2171-2172,52,B52,INCLUDE,
M2171_NONSTANDARD,2171;2172,METHODS,OFFSHORE INSTALLATION,PROCEDURE,INSTALLATION PROCEDURE,2171-2172,,M002,1.00,2171-2172-PP-OF-026,SUBSEA SPOOL SCRAPING AND HYDROTESTING PROCEDURE,,00A,Outgoing Ref No. > Construction and Installation Procedure,,,,"{""Construction and Installation Procedure"":""T-206/24""}",{},,,GDOC-1d6a580e748a936abc4bc3f4,SDOC-5e084f5ae0330ee8c8bdf744,REV-768631300a8015e5eba26d96,EVT-1cacb82cbf30c56a1ff9d93e,0,1,0,0,DATA/METHODS/2171-2172 -Document Deliverables LATEST.xlsx,2026-09-08T05:23:16Z,2171-2172,53,B53,INCLUDE,
M2171_NONSTANDARD,2171;2172,METHODS,OFFSHORE INSTALLATION,PROCEDURE,INSTALLATION PROCEDURE,2171-2172,,M002,1.00,2171-2172-PP-OF-026,SUBSEA SPOOL SCRAPING AND HYDROTESTING PROCEDURE,,00A,Issue Date (Actual) > Construction and Installation Procedure,,,,"{""Construction and Installation Procedure"":""45428""}",{},,,GDOC-1d6a580e748a936abc4bc3f4,SDOC-5e084f5ae0330ee8c8bdf744,REV-768631300a8015e5eba26d96,EVT-7cbb9ba0fa9b7621f9c306e1,0,0,0,1,DATA/METHODS/2171-2172 -Document Deliverables LATEST.xlsx,2026-09-08T05:23:16Z,2171-2172,53,B53,INCLUDE,
M2171_NONSTANDARD,2171;2172,METHODS,OFFSHORE INSTALLATION,PROCEDURE,INSTALLATION PROCEDURE,2171-2172,,M002,1.00,2171-2172-PP-OF-026,SUBSEA SPOOL SCRAPING AND HYDROTESTING PROCEDURE,,00B,Outgoing Ref No. > Construction and Installation Procedure,,,,"{""Construction and Installation Procedure"":""T-238/24""}",{},,,GDOC-1d6a580e748a936abc4bc3f4,SDOC-5e084f5ae0330ee8c8bdf744,REV-d463b0bddcd61f538ec8cafa,EVT-9af0b46cf09774a4fbb41c33,0,1,1,0,DATA/METHODS/2171-2172 -Document Deliverables LATEST.xlsx,2026-09-08T05:23:16Z,2171-2172,54,B54,INCLUDE,
M2171_NONSTANDARD,2171;2172,METHODS,OFFSHORE INSTALLATION,PROCEDURE,INSTALLATION PROCEDURE,2171-2172,,M002,1.00,2171-2172-PP-OF-026,SUBSEA SPOOL SCRAPING AND HYDROTESTING PROCEDURE,,00B,Issue Date (Actual) > Construction and Installation Procedure,,,,"{""Construction and Installation Procedure"":""45448""}",{},,,GDOC-1d6a580e748a936abc4bc3f4,SDOC-5e084f5ae0330ee8c8bdf744,REV-d463b0bddcd61f538ec8cafa,EVT-deaa263ee40f7514fa38f29f,0,0,1,1,DATA/METHODS/2171-2172 -Document Deliverables LATEST.xlsx,2026-09-08T05:23:16Z,2171-2172,54,B54,INCLUDE,
M2171_NONSTANDARD,2171;2172,METHODS,OFFSHORE INSTALLATION,PROCEDURE,INSTALLATION PROCEDURE,2171-2172,,M002,1.00,2171-2172-PP-OF-027,PIPELINE SCRAPING AND HYDROTESTING PROCEDURE,,,Issue Date (Planned) > Construction and Installation Procedure,,,,"{""Construction and Installation Procedure"":""44531""}",{},,,GDOC-958712d0ee5a5ae944aa7230,SDOC-7d004fcb1511b1afe6df5af9,REV-db4f4d5d795b89b16bff5781,EVT-a86c9e1c3cf580d81ac0bef9,0,0,1,1,DATA/METHODS/2171-2172 -Document Deliverables LATEST.xlsx,2026-09-08T05:23:16Z,2171-2172,55,B55,INCLUDE,
M2171_NONSTANDARD,2171;2172,METHODS,OFFSHORE INSTALLATION,PROCEDURE,INSTALLATION PROCEDURE,2171-2172,,M002,1.00,2171-2172-PP-OF-027,PIPELINE SCRAPING AND HYDROTESTING PROCEDURE,,,#,,,,"{""#"":""15""}",{},,,GDOC-958712d0ee5a5ae944aa7230,SDOC-7d004fcb1511b1afe6df5af9,REV-db4f4d5d795b89b16bff5781,EVT-c17e9c2fc2216741daad21a8,1,1,1,0,DATA/METHODS/2171-2172 -Document Deliverables LATEST.xlsx,2026-09-08T05:23:16Z,2171-2172,55,B55,INCLUDE,
M2171_NONSTANDARD,2171;2172,METHODS,OFFSHORE INSTALLATION,PROCEDURE,INSTALLATION PROCEDURE,2171-2172,,M002,1.00,2171-2172-PP-OF-028,PIPELINE TIGHTNESS TEST AND LAY UP PROCEDURE,,,Issue Date (Planned) > Construction and Installation Procedure,,,,"{""Construction and Installation Procedure"":""44545""}",{},,,GDOC-8224690db938a2752c879c42,SDOC-2baed89b77032a402dbdd1bf,REV-e70d0d2c3375e2eeda52f28b,EVT-1a2bbfd745d5a78d72629918,0,0,1,1,DATA/METHODS/2171-2172 -Document Deliverables LATEST.xlsx,2026-09-08T05:23:16Z,2171-2172,56,B56,INCLUDE,
M2171_NONSTANDARD,2171;2172,METHODS,OFFSHORE INSTALLATION,PROCEDURE,INSTALLATION PROCEDURE,2171-2172,,M002,1.00,2171-2172-PP-OF-028,PIPELINE TIGHTNESS TEST AND LAY UP PROCEDURE,,,#,,,,"{""#"":""16""}",{},,,GDOC-8224690db938a2752c879c42,SDOC-2baed89b77032a402dbdd1bf,REV-e70d0d2c3375e2eeda52f28b,EVT-80bbae2ce6d6ac9f23ec700e,1,1,1,0,DATA/METHODS/2171-2172 -Document Deliverables LATEST.xlsx,2026-09-08T05:23:16Z,2171-2172,56,B56,INCLUDE,
M2171_NONSTANDARD,2171;2172,METHODS,OFFSHORE INSTALLATION,PROCEDURE,INSTALLATION PROCEDURE,2171-2172,,M002,1.00,2171-2172-PP-OF-029,PROCEDURE FOR HOT TAPPING,,,#,,,,"{""#"":""17""}",{},,,GDOC-e26ba5ed2a7146a0026ac008,SDOC-191b7bfb11a96d172d9a68f4,REV-85928c7e3d545c042d7dd9e3,EVT-451d39fb3eddec588a380983,1,1,1,0,DATA/METHODS/2171-2172 -Document Deliverables LATEST.xlsx,2026-09-08T05:23:16Z,2171-2172,57,B57,INCLUDE,
M2171_NONSTANDARD,2171;2172,METHODS,OFFSHORE INSTALLATION,PROCEDURE,INSTALLATION PROCEDURE,2171-2172,,M002,1.00,2171-2172-PP-OF-029,PROCEDURE FOR HOT TAPPING,,,Issue Date (Planned) > Construction and Installation Procedure,,,,"{""Construction and Installation Procedure"":""44440""}",{},,,GDOC-e26ba5ed2a7146a0026ac008,SDOC-191b7bfb11a96d172d9a68f4,REV-85928c7e3d545c042d7dd9e3,EVT-c866a52d532c91ffd03f3828,0,0,1,1,DATA/METHODS/2171-2172 -Document Deliverables LATEST.xlsx,2026-09-08T05:23:16Z,2171-2172,57,B57,INCLUDE,
M2171_NONSTANDARD,2171;2172,METHODS,OFFSHORE INSTALLATION,PROCEDURE,INSTALLATION PROCEDURE,2171-2172,,M002,1.00,2171-2172-PP-OF-030,PROCEDURE FOR INSTALLATION OF MECHANICAL CONNECTORS,,A1,#,,,,"{""#"":""18""}",{},,,GDOC-b4dce7335c6d7a3e4ec6b092,SDOC-bfe5c937546b2029e1015ef9,REV-b0bcb760b2c9f5921e588985,EVT-234b279400192c7667c34797,1,1,0,0,DATA/METHODS/2171-2172 -Document Deliverables LATEST.xlsx,2026-09-08T05:23:16Z,2171-2172,58,B58,INCLUDE,
M2171_NONSTANDARD,2171;2172,METHODS,OFFSHORE INSTALLATION,PROCEDURE,INSTALLATION PROCEDURE,2171-2172,,M002,1.00,2171-2172-PP-OF-030,PROCEDURE FOR INSTALLATION OF MECHANICAL CONNECTORS,,A1,Outgoing Ref No. > Construction and Installation Procedure,,,,"{""Construction and Installation Procedure"":""T-253/22""}",{},,,GDOC-b4dce7335c6d7a3e4ec6b092,SDOC-bfe5c937546b2029e1015ef9,REV-b0bcb760b2c9f5921e588985,EVT-5654baf834ae2b5050a6270c,0,0,0,0,DATA/METHODS/2171-2172 -Document Deliverables LATEST.xlsx,2026-09-08T05:23:16Z,2171-2172,58,B58,INCLUDE,
M2171_NONSTANDARD,2171;2172,METHODS,OFFSHORE INSTALLATION,PROCEDURE,INSTALLATION PROCEDURE,2171-2172,,M002,1.00,2171-2172-PP-OF-030,PROCEDURE FOR INSTALLATION OF MECHANICAL CONNECTORS,,A1,Issue Date (Planned) > Construction and Installation Procedure,,,,"{""Construction and Installation Procedure"":""44515""}",{},,,GDOC-b4dce7335c6d7a3e4ec6b092,SDOC-bfe5c937546b2029e1015ef9,REV-b0bcb760b2c9f5921e588985,EVT-730fa2bcf72ab302fe94e980,0,0,0,0,DATA/METHODS/2171-2172 -Document Deliverables LATEST.xlsx,2026-09-08T05:23:16Z,2171-2172,58,B58,INCLUDE,
M2171_NONSTANDARD,2171;2172,METHODS,OFFSHORE INSTALLATION,PROCEDURE,INSTALLATION PROCEDURE,2171-2172,,M002,1.00,2171-2172-PP-OF-030,PROCEDURE FOR INSTALLATION OF MECHANICAL CONNECTORS,,A1,Issue Date (Actual) > Construction and Installation Procedure,,,,"{""Construction and Installation Procedure"":""44732""}",{},,,GDOC-b4dce7335c6d7a3e4ec6b092,SDOC-bfe5c937546b2029e1015ef9,REV-b0bcb760b2c9f5921e588985,EVT-cdfaf5ddad27e44e8b4d2b98,0,0,0,1,DATA/METHODS/2171-2172 -Document Deliverables LATEST.xlsx,2026-09-08T05:23:16Z,2171-2172,58,B58,INCLUDE,
M2171_NONSTANDARD,2171;2172,METHODS,OFFSHORE INSTALLATION,PROCEDURE,INSTALLATION PROCEDURE,2171-2172,,M002,1.00,2171-2172-PP-OF-030,PROCEDURE FOR INSTALLATION OF MECHANICAL CONNECTORS,,A,Issue Date (Actual) > Construction and Installation Procedure,,,,"{""Construction and Installation Procedure"":""44747""}",{},,,GDOC-b4dce7335c6d7a3e4ec6b092,SDOC-bfe5c937546b2029e1015ef9,REV-1f716016a3aea41110f5b1a5,EVT-29ba702805fd558af9549a55,0,0,0,1,DATA/METHODS/2171-2172 -Document Deliverables LATEST.xlsx,2026-09-08T05:23:16Z,2171-2172,59,B59,INCLUDE,
M2171_NONSTANDARD,2171;2172,METHODS,OFFSHORE INSTALLATION,PROCEDURE,INSTALLATION PROCEDURE,2171-2172,,M002,1.00,2171-2172-PP-OF-030,PROCEDURE FOR INSTALLATION OF MECHANICAL CONNECTORS,,A,#,,,,"{""#"":""18""}",{},,,GDOC-b4dce7335c6d7a3e4ec6b092,SDOC-bfe5c937546b2029e1015ef9,REV-1f716016a3aea41110f5b1a5,EVT-5d835686e0e129a3fd373e96,0,1,0,0,DATA/METHODS/2171-2172 -Document Deliverables LATEST.xlsx,2026-09-08T05:23:16Z,2171-2172,59,B59,INCLUDE,
M2171_NONSTANDARD,2171;2172,METHODS,OFFSHORE INSTALLATION,PROCEDURE,INSTALLATION PROCEDURE,2171-2172,,M002,1.00,2171-2172-PP-OF-030,PROCEDURE FOR INSTALLATION OF MECHANICAL CONNECTORS,,A,Outgoing Ref No. > Construction and Installation Procedure,,,,"{""Construction and Installation Procedure"":""T-274/22""}",{},,,GDOC-b4dce7335c6d7a3e4ec6b092,SDOC-bfe5c937546b2029e1015ef9,REV-1f716016a3aea41110f5b1a5,EVT-f655f384cd3ccc021a16a953,0,0,0,0,DATA/METHODS/2171-2172 -Document Deliverables LATEST.xlsx,2026-09-08T05:23:16Z,2171-2172,59,B59,INCLUDE,
M2171_NONSTANDARD,2171;2172,METHODS,OFFSHORE INSTALLATION,PROCEDURE,INSTALLATION PROCEDURE,2171-2172,,M002,1.00,2171-2172-PP-OF-030,PROCEDURE FOR INSTALLATION OF MECHANICAL CONNECTORS,,00,#,,,,"{""#"":""18""}",{},,,GDOC-b4dce7335c6d7a3e4ec6b092,SDOC-bfe5c937546b2029e1015ef9,REV-5204a777a52fac3dd40ebed4,EVT-3d3c52d562ae2cf8a326fedd,0,1,0,0,DATA/METHODS/2171-2172 -Document Deliverables LATEST.xlsx,2026-09-08T05:23:16Z,2171-2172,60,B60,INCLUDE,
M2171_NONSTANDARD,2171;2172,METHODS,OFFSHORE INSTALLATION,PROCEDURE,INSTALLATION PROCEDURE,2171-2172,,M002,1.00,2171-2172-PP-OF-030,PROCEDURE FOR INSTALLATION OF MECHANICAL CONNECTORS,,00,Issue Date (Actual) > Construction and Installation Procedure,,,,"{""Construction and Installation Procedure"":""44832""}",{},,,GDOC-b4dce7335c6d7a3e4ec6b092,SDOC-bfe5c937546b2029e1015ef9,REV-5204a777a52fac3dd40ebed4,EVT-806809fc9d0259fe19bb9c72,0,0,0,1,DATA/METHODS/2171-2172 -Document Deliverables LATEST.xlsx,2026-09-08T05:23:16Z,2171-2172,60,B60,INCLUDE,
M2171_NONSTANDARD,2171;2172,METHODS,OFFSHORE INSTALLATION,PROCEDURE,INSTALLATION PROCEDURE,2171-2172,,M002,1.00,2171-2172-PP-OF-030,PROCEDURE FOR INSTALLATION OF MECHANICAL CONNECTORS,,00,Outgoing Ref No. > Construction and Installation Procedure,,,,"{""Construction and Installation Procedure"":""T-386/22""}",{},,,GDOC-b4dce7335c6d7a3e4ec6b092,SDOC-bfe5c937546b2029e1015ef9,REV-5204a777a52fac3dd40ebed4,EVT-f84c6065fe3d3df85824cf40,0,0,0,0,DATA/METHODS/2171-2172 -Document Deliverables LATEST.xlsx,2026-09-08T05:23:16Z,2171-2172,60,B60,INCLUDE,
M2171_NONSTANDARD,2171;2172,METHODS,OFFSHORE INSTALLATION,PROCEDURE,INSTALLATION PROCEDURE,2171-2172,,M002,1.00,2171-2172-PP-OF-030,PROCEDURE FOR INSTALLATION OF MECHANICAL CONNECTORS,,00A,#,,,,"{""#"":""18""}",{},,,GDOC-b4dce7335c6d7a3e4ec6b092,SDOC-bfe5c937546b2029e1015ef9,REV-3d7794540fe9f0dee3f7e1a1,EVT-51349557d4b2f29249a7f828,0,1,0,0,DATA/METHODS/2171-2172 -Document Deliverables LATEST.xlsx,2026-09-08T05:23:16Z,2171-2172,61,B61,INCLUDE,
M2171_NONSTANDARD,2171;2172,METHODS,OFFSHORE INSTALLATION,PROCEDURE,INSTALLATION PROCEDURE,2171-2172,,M002,1.00,2171-2172-PP-OF-030,PROCEDURE FOR INSTALLATION OF MECHANICAL CONNECTORS,,00A,Issue Date (Actual) > Construction and Installation Procedure,,,,"{""Construction and Installation Procedure"":""44881""}",{},,,GDOC-b4dce7335c6d7a3e4ec6b092,SDOC-bfe5c937546b2029e1015ef9,REV-3d7794540fe9f0dee3f7e1a1,EVT-6e6212010f45fc00631cde65,0,0,0,1,DATA/METHODS/2171-2172 -Document Deliverables LATEST.xlsx,2026-09-08T05:23:16Z,2171-2172,61,B61,INCLUDE,
M2171_NONSTANDARD,2171;2172,METHODS,OFFSHORE INSTALLATION,PROCEDURE,INSTALLATION PROCEDURE,2171-2172,,M002,1.00,2171-2172-PP-OF-030,PROCEDURE FOR INSTALLATION OF MECHANICAL CONNECTORS,,00A,Outgoing Ref No. > Construction and Installation Procedure,,,,"{""Construction and Installation Procedure"":""T-442/22""}",{},,,GDOC-b4dce7335c6d7a3e4ec6b092,SDOC-bfe5c937546b2029e1015ef9,REV-3d7794540fe9f0dee3f7e1a1,EVT-81bda6f4dcadc7a8a425d803,0,0,0,0,DATA/METHODS/2171-2172 -Document Deliverables LATEST.xlsx,2026-09-08T05:23:16Z,2171-2172,61,B61,INCLUDE,
M2171_NONSTANDARD,2171;2172,METHODS,OFFSHORE INSTALLATION,PROCEDURE,INSTALLATION PROCEDURE,2171-2172,,M002,1.00,2171-2172-PP-OF-030,PROCEDURE FOR INSTALLATION OF MECHANICAL CONNECTORS,,00B,Outgoing Ref No. > Construction and Installation Procedure,,,,"{""Construction and Installation Procedure"":""T-003/23""}",{},,,GDOC-b4dce7335c6d7a3e4ec6b092,SDOC-bfe5c937546b2029e1015ef9,REV-177613694447b828f163de89,EVT-248f54cff1dde7584a5833cb,0,0,0,0,DATA/METHODS/2171-2172 -Document Deliverables LATEST.xlsx,2026-09-08T05:23:16Z,2171-2172,62,B62,INCLUDE,
M2171_NONSTANDARD,2171;2172,METHODS,OFFSHORE INSTALLATION,PROCEDURE,INSTALLATION PROCEDURE,2171-2172,,M002,1.00,2171-2172-PP-OF-030,PROCEDURE FOR INSTALLATION OF MECHANICAL CONNECTORS,,00B,#,,,,"{""#"":""18""}",{},,,GDOC-b4dce7335c6d7a3e4ec6b092,SDOC-bfe5c937546b2029e1015ef9,REV-177613694447b828f163de89,EVT-4d3ae6ffedc9f5b7b30fd5e3,0,1,0,0,DATA/METHODS/2171-2172 -Document Deliverables LATEST.xlsx,2026-09-08T05:23:16Z,2171-2172,62,B62,INCLUDE,
M2171_NONSTANDARD,2171;2172,METHODS,OFFSHORE INSTALLATION,PROCEDURE,INSTALLATION PROCEDURE,2171-2172,,M002,1.00,2171-2172-PP-OF-030,PROCEDURE FOR INSTALLATION OF MECHANICAL CONNECTORS,,00B,Issue Date (Actual) > Construction and Installation Procedure,,,,"{""Construction and Installation Procedure"":""44929""}",{},,,GDOC-b4dce7335c6d7a3e4ec6b092,SDOC-bfe5c937546b2029e1015ef9,REV-177613694447b828f163de89,EVT-b16b2f6d575f49f078cdd0bc,0,0,0,1,DATA/METHODS/2171-2172 -Document Deliverables LATEST.xlsx,2026-09-08T05:23:16Z,2171-2172,62,B62,INCLUDE,
M2171_NONSTANDARD,2171;2172,METHODS,OFFSHORE INSTALLATION,PROCEDURE,INSTALLATION PROCEDURE,2171-2172,,M002,1.00,2171-2172-PP-OF-030,PROCEDURE FOR INSTALLATION OF MECHANICAL CONNECTORS,,00C,#,,,,"{""#"":""18""}",{},,,GDOC-b4dce7335c6d7a3e4ec6b092,SDOC-bfe5c937546b2029e1015ef9,REV-fd5361b2ca7c7689e01278a4,EVT-4e8e8ff43caf91b8687476bf,0,1,0,0,DATA/METHODS/2171-2172 -Document Deliverables LATEST.xlsx,2026-09-08T05:23:16Z,2171-2172,63,B63,INCLUDE,
M2171_NONSTANDARD,2171;2172,METHODS,OFFSHORE INSTALLATION,PROCEDURE,INSTALLATION PROCEDURE,2171-2172,,M002,1.00,2171-2172-PP-OF-030,PROCEDURE FOR INSTALLATION OF MECHANICAL CONNECTORS,,00C,Outgoing Ref No. > Construction and Installation Procedure,,,,"{""Construction and Installation Procedure"":""T-072/23""}",{},,,GDOC-b4dce7335c6d7a3e4ec6b092,SDOC-bfe5c937546b2029e1015ef9,REV-fd5361b2ca7c7689e01278a4,EVT-d5ad07128001bf6c1bf895e6,0,0,0,0,DATA/METHODS/2171-2172 -Document Deliverables LATEST.xlsx,2026-09-08T05:23:16Z,2171-2172,63,B63,INCLUDE,
M2171_NONSTANDARD,2171;2172,METHODS,OFFSHORE INSTALLATION,PROCEDURE,INSTALLATION PROCEDURE,2171-2172,,M002,1.00,2171-2172-PP-OF-030,PROCEDURE FOR INSTALLATION OF MECHANICAL CONNECTORS,,00C,Issue Date (Actual) > Construction and Installation Procedure,,,,"{""Construction and Installation Procedure"":""44978""}",{},,,GDOC-b4dce7335c6d7a3e4ec6b092,SDOC-bfe5c937546b2029e1015ef9,REV-fd5361b2ca7c7689e01278a4,EVT-fc63f381ac12e9eea2d5fb03,0,0,0,1,DATA/METHODS/2171-2172 -Document Deliverables LATEST.xlsx,2026-09-08T05:23:16Z,2171-2172,63,B63,INCLUDE,
M2171_NONSTANDARD,2171;2172,METHODS,OFFSHORE INSTALLATION,PROCEDURE,INSTALLATION PROCEDURE,2171-2172,,M002,1.00,2171-2172-PP-OF-030,PROCEDURE FOR INSTALLATION OF MECHANICAL CONNECTORS,,00D,Issue Date (Actual) > Construction and Installation Procedure,,,,"{""Construction and Installation Procedure"":""45027""}",{},,,GDOC-b4dce7335c6d7a3e4ec6b092,SDOC-bfe5c937546b2029e1015ef9,REV-708ea686b7ec3cde54dce1d1,EVT-38d1f8f4b9dae191ecc0e947,0,0,1,1,DATA/METHODS/2171-2172 -Document Deliverables LATEST.xlsx,2026-09-08T05:23:16Z,2171-2172,64,B64,INCLUDE,
M2171_NONSTANDARD,2171;2172,METHODS,OFFSHORE INSTALLATION,PROCEDURE,INSTALLATION PROCEDURE,2171-2172,,M002,1.00,2171-2172-PP-OF-030,PROCEDURE FOR INSTALLATION OF MECHANICAL CONNECTORS,,00D,#,,,,"{""#"":""18""}",{},,,GDOC-b4dce7335c6d7a3e4ec6b092,SDOC-bfe5c937546b2029e1015ef9,REV-708ea686b7ec3cde54dce1d1,EVT-7cd99f06332f652e67f58edc,0,1,1,0,DATA/METHODS/2171-2172 -Document Deliverables LATEST.xlsx,2026-09-08T05:23:16Z,2171-2172,64,B64,INCLUDE,
M2171_NONSTANDARD,2171;2172,METHODS,OFFSHORE INSTALLATION,PROCEDURE,INSTALLATION PROCEDURE,2171-2172,,M002,1.00,2171-2172-PP-OF-030,PROCEDURE FOR INSTALLATION OF MECHANICAL CONNECTORS,,00D,Outgoing Ref No. > Construction and Installation Procedure,,,,"{""Construction and Installation Procedure"":""T-119/23""}",{},,,GDOC-b4dce7335c6d7a3e4ec6b092,SDOC-bfe5c937546b2029e1015ef9,REV-708ea686b7ec3cde54dce1d1,EVT-dfa837fad044ee95684718b8,0,0,1,0,DATA/METHODS/2171-2172 -Document Deliverables LATEST.xlsx,2026-09-08T05:23:16Z,2171-2172,64,B64,INCLUDE,
M2171_NONSTANDARD,2171;2172,METHODS,OFFSHORE INSTALLATION,PROCEDURE,INSTALLATION PROCEDURE,2171-2172,,M002,1.00,2171-2172-PP-OF-031,PROCEDURE FOR INSTALLATION OF HOT TAP CLAMPS AND HANDLING OF HOT TAP STACK UP,,A1,Outgoing Ref No. > Construction and Installation Procedure,,,,"{""Construction and Installation Procedure"":""T-248/22""}",{},,,GDOC-56942d1031814a0280f04d2a,SDOC-e98641215f807ff388f89f98,REV-01fc3c909066dee2076185d5,EVT-265472365d741cf69a274c7c,0,0,0,0,DATA/METHODS/2171-2172 -Document Deliverables LATEST.xlsx,2026-09-08T05:23:16Z,2171-2172,65,B65,INCLUDE,
M2171_NONSTANDARD,2171;2172,METHODS,OFFSHORE INSTALLATION,PROCEDURE,INSTALLATION PROCEDURE,2171-2172,,M002,1.00,2171-2172-PP-OF-031,PROCEDURE FOR INSTALLATION OF HOT TAP CLAMPS AND HANDLING OF HOT TAP STACK UP,,A1,#,,,,"{""#"":""19""}",{},,,GDOC-56942d1031814a0280f04d2a,SDOC-e98641215f807ff388f89f98,REV-01fc3c909066dee2076185d5,EVT-c4fa7cc89434a484abb85bb7,1,1,0,0,DATA/METHODS/2171-2172 -Document Deliverables LATEST.xlsx,2026-09-08T05:23:16Z,2171-2172,65,B65,INCLUDE,
M2171_NONSTANDARD,2171;2172,METHODS,OFFSHORE INSTALLATION,PROCEDURE,INSTALLATION PROCEDURE,2171-2172,,M002,1.00,2171-2172-PP-OF-031,PROCEDURE FOR INSTALLATION OF HOT TAP CLAMPS AND HANDLING OF HOT TAP STACK UP,,A1,Issue Date (Planned) > Construction and Installation Procedure,,,,"{""Construction and Installation Procedure"":""44729""}",{},,,GDOC-56942d1031814a0280f04d2a,SDOC-e98641215f807ff388f89f98,REV-01fc3c909066dee2076185d5,EVT-c8c95e1089bb217299d03c7f,0,0,0,0,DATA/METHODS/2171-2172 -Document Deliverables LATEST.xlsx,2026-09-08T05:23:16Z,2171-2172,65,B65,INCLUDE,
M2171_NONSTANDARD,2171;2172,METHODS,OFFSHORE INSTALLATION,PROCEDURE,INSTALLATION PROCEDURE,2171-2172,,M002,1.00,2171-2172-PP-OF-031,PROCEDURE FOR INSTALLATION OF HOT TAP CLAMPS AND HANDLING OF HOT TAP STACK UP,,A1,Issue Date (Actual) > Construction and Installation Procedure,,,,"{""Construction and Installation Procedure"":""44729""}",{},,,GDOC-56942d1031814a0280f04d2a,SDOC-e98641215f807ff388f89f98,REV-01fc3c909066dee2076185d5,EVT-e2199e98318aaf3ea4e0c51c,0,0,0,1,DATA/METHODS/2171-2172 -Document Deliverables LATEST.xlsx,2026-09-08T05:23:16Z,2171-2172,65,B65,INCLUDE,
M2171_NONSTANDARD,2171;2172,METHODS,OFFSHORE INSTALLATION,PROCEDURE,INSTALLATION PROCEDURE,2171-2172,,M002,1.00,2171-2172-PP-OF-031,PROCEDURE FOR INSTALLATION OF HOT TAP CLAMPS AND HANDLING OF HOT TAP STACK UP,,A,#,,,,"{""#"":""19""}",{},,,GDOC-56942d1031814a0280f04d2a,SDOC-e98641215f807ff388f89f98,REV-29f74668c0c0fe28e178db7d,EVT-b430cd495a3036d1a6fabf3e,0,1,0,0,DATA/METHODS/2171-2172 -Document Deliverables LATEST.xlsx,2026-09-08T05:23:16Z,2171-2172,66,B66,INCLUDE,
M2171_NONSTANDARD,2171;2172,METHODS,OFFSHORE INSTALLATION,PROCEDURE,INSTALLATION PROCEDURE,2171-2172,,M002,1.00,2171-2172-PP-OF-031,PROCEDURE FOR INSTALLATION OF HOT TAP CLAMPS AND HANDLING OF HOT TAP STACK UP,,A,Issue Date (Actual) > Construction and Installation Procedure,,,,"{""Construction and Installation Procedure"":""44748""}",{},,,GDOC-56942d1031814a0280f04d2a,SDOC-e98641215f807ff388f89f98,REV-29f74668c0c0fe28e178db7d,EVT-e73e9f4fda40a9e5decd6ae5,0,0,0,1,DATA/METHODS/2171-2172 -Document Deliverables LATEST.xlsx,2026-09-08T05:23:16Z,2171-2172,66,B66,INCLUDE,
M2171_NONSTANDARD,2171;2172,METHODS,OFFSHORE INSTALLATION,PROCEDURE,INSTALLATION PROCEDURE,2171-2172,,M002,1.00,2171-2172-PP-OF-031,PROCEDURE FOR INSTALLATION OF HOT TAP CLAMPS AND HANDLING OF HOT TAP STACK UP,,A,Outgoing Ref No. > Construction and Installation Procedure,,,,"{""Construction and Installation Procedure"":""T-278/22""}",{},,,GDOC-56942d1031814a0280f04d2a,SDOC-e98641215f807ff388f89f98,REV-29f74668c0c0fe28e178db7d,EVT-ec5b473b45c8de5922d639fa,0,0,0,0,DATA/METHODS/2171-2172 -Document Deliverables LATEST.xlsx,2026-09-08T05:23:16Z,2171-2172,66,B66,INCLUDE,
M2171_NONSTANDARD,2171;2172,METHODS,OFFSHORE INSTALLATION,PROCEDURE,INSTALLATION PROCEDURE,2171-2172,,M002,1.00,2171-2172-PP-OF-031,PROCEDURE FOR INSTALLATION OF HOT TAP CLAMPS AND HANDLING OF HOT TAP STACK UP,,00,#,,,,"{""#"":""19""}",{},,,GDOC-56942d1031814a0280f04d2a,SDOC-e98641215f807ff388f89f98,REV-7bea9c646b8635b66b13311c,EVT-2a5fe0f55a1f12f69018f164,0,1,0,0,DATA/METHODS/2171-2172 -Document Deliverables LATEST.xlsx,2026-09-08T05:23:16Z,2171-2172,67,B67,INCLUDE,
M2171_NONSTANDARD,2171;2172,METHODS,OFFSHORE INSTALLATION,PROCEDURE,INSTALLATION PROCEDURE,2171-2172,,M002,1.00,2171-2172-PP-OF-031,PROCEDURE FOR INSTALLATION OF HOT TAP CLAMPS AND HANDLING OF HOT TAP STACK UP,,00,Issue Date (Actual) > Construction and Installation Procedure,,,,"{""Construction and Installation Procedure"":""44837""}",{},,,GDOC-56942d1031814a0280f04d2a,SDOC-e98641215f807ff388f89f98,REV-7bea9c646b8635b66b13311c,EVT-ad53bc9486263e1e31a9c8f6,0,0,0,1,DATA/METHODS/2171-2172 -Document Deliverables LATEST.xlsx,2026-09-08T05:23:16Z,2171-2172,67,B67,INCLUDE,
M2171_NONSTANDARD,2171;2172,METHODS,OFFSHORE INSTALLATION,PROCEDURE,INSTALLATION PROCEDURE,2171-2172,,M002,1.00,2171-2172-PP-OF-031,PROCEDURE FOR INSTALLATION OF HOT TAP CLAMPS AND HANDLING OF HOT TAP STACK UP,,00,Outgoing Ref No. > Construction and Installation Procedure,,,,"{""Construction and Installation Procedure"":""T-390/22""}",{},,,GDOC-56942d1031814a0280f04d2a,SDOC-e98641215f807ff388f89f98,REV-7bea9c646b8635b66b13311c,EVT-b4b35264d70c158262b7a516,0,0,0,0,DATA/METHODS/2171-2172 -Document Deliverables LATEST.xlsx,2026-09-08T05:23:16Z,2171-2172,67,B67,INCLUDE,
M2171_NONSTANDARD,2171;2172,METHODS,OFFSHORE INSTALLATION,PROCEDURE,INSTALLATION PROCEDURE,2171-2172,,M002,1.00,2171-2172-PP-OF-031,PROCEDURE FOR INSTALLATION OF HOT TAP CLAMPS AND HANDLING OF HOT TAP STACK UP,,00A,Outgoing Ref No. > Construction and Installation Procedure,,,,"{""Construction and Installation Procedure"":""T-462/22""}",{},,,GDOC-56942d1031814a0280f04d2a,SDOC-e98641215f807ff388f89f98,REV-aad446557a30c8f8d8677252,EVT-4fed16fbd51bc85716b39223,0,0,0,0,DATA/METHODS/2171-2172 -Document Deliverables LATEST.xlsx,2026-09-08T05:23:16Z,2171-2172,68,B68,INCLUDE,
M2171_NONSTANDARD,2171;2172,METHODS,OFFSHORE INSTALLATION,PROCEDURE,INSTALLATION PROCEDURE,2171-2172,,M002,1.00,2171-2172-PP-OF-031,PROCEDURE FOR INSTALLATION OF HOT TAP CLAMPS AND HANDLING OF HOT TAP STACK UP,,00A,Issue Date (Actual) > Construction and Installation Procedure,,,,"{""Construction and Installation Procedure"":""44900""}",{},,,GDOC-56942d1031814a0280f04d2a,SDOC-e98641215f807ff388f89f98,REV-aad446557a30c8f8d8677252,EVT-d6a0287fc7fc46389c42984f,0,0,0,1,DATA/METHODS/2171-2172 -Document Deliverables LATEST.xlsx,2026-09-08T05:23:16Z,2171-2172,68,B68,INCLUDE,
M2171_NONSTANDARD,2171;2172,METHODS,OFFSHORE INSTALLATION,PROCEDURE,INSTALLATION PROCEDURE,2171-2172,,M002,1.00,2171-2172-PP-OF-031,PROCEDURE FOR INSTALLATION OF HOT TAP CLAMPS AND HANDLING OF HOT TAP STACK UP,,00A,#,,,,"{""#"":""19""}",{},,,GDOC-56942d1031814a0280f04d2a,SDOC-e98641215f807ff388f89f98,REV-aad446557a30c8f8d8677252,EVT-f7d0aa29cec7a8b3c463eb41,0,1,0,0,DATA/METHODS/2171-2172 -Document Deliverables LATEST.xlsx,2026-09-08T05:23:16Z,2171-2172,68,B68,INCLUDE,
M2171_NONSTANDARD,2171;2172,METHODS,OFFSHORE INSTALLATION,PROCEDURE,INSTALLATION PROCEDURE,2171-2172,,M002,1.00,2171-2172-PP-OF-031,PROCEDURE FOR INSTALLATION OF HOT TAP CLAMPS AND HANDLING OF HOT TAP STACK UP,,00B,#,,,,"{""#"":""19""}",{},,,GDOC-56942d1031814a0280f04d2a,SDOC-e98641215f807ff388f89f98,REV-379df2f8d45f714be13c92aa,EVT-0efb297e20c76bff45233576,0,1,1,0,DATA/METHODS/2171-2172 -Document Deliverables LATEST.xlsx,2026-09-08T05:23:16Z,2171-2172,69,B69,INCLUDE,
M2171_NONSTANDARD,2171;2172,METHODS,OFFSHORE INSTALLATION,PROCEDURE,INSTALLATION PROCEDURE,2171-2172,,M002,1.00,2171-2172-PP-OF-031,PROCEDURE FOR INSTALLATION OF HOT TAP CLAMPS AND HANDLING OF HOT TAP STACK UP,,00B,Issue Date (Actual) > Construction and Installation Procedure,,,,"{""Construction and Installation Procedure"":""44986""}",{},,,GDOC-56942d1031814a0280f04d2a,SDOC-e98641215f807ff388f89f98,REV-379df2f8d45f714be13c92aa,EVT-3fd757d9ee48870bdc05eeaf,0,0,1,1,DATA/METHODS/2171-2172 -Document Deliverables LATEST.xlsx,2026-09-08T05:23:16Z,2171-2172,69,B69,INCLUDE,
M2171_NONSTANDARD,2171;2172,METHODS,OFFSHORE INSTALLATION,PROCEDURE,INSTALLATION PROCEDURE,2171-2172,,M002,1.00,2171-2172-PP-OF-031,PROCEDURE FOR INSTALLATION OF HOT TAP CLAMPS AND HANDLING OF HOT TAP STACK UP,,00B,Outgoing Ref No. > Construction and Installation Procedure,,,,"{""Construction and Installation Procedure"":""T-088/23""}",{},,,GDOC-56942d1031814a0280f04d2a,SDOC-e98641215f807ff388f89f98,REV-379df2f8d45f714be13c92aa,EVT-5eb2da765e3d3b80b3155f09,0,0,1,0,DATA/METHODS/2171-2172 -Document Deliverables LATEST.xlsx,2026-09-08T05:23:16Z,2171-2172,69,B69,INCLUDE,
M2171_NONSTANDARD,2171;2172,METHODS,OFFSHORE INSTALLATION,PROCEDURE,INSTALLATION PROCEDURE,2171-2172,,M002,1.00,2171-2172-PP-OF-032,PIPELINE EXTERNAL INFILL FIELD JOINT COATING PROCEDURE,,A1,Issue Date (Planned) > Construction and Installation Procedure,,,,"{""Construction and Installation Procedure"":""44536""}",{},,,GDOC-c5e58e542206e7749c2f6f30,SDOC-f26dbdd489baa853c9975284,REV-3c2ef462bff258d30f561214,EVT-12d9ae8466a9afb9938b63d1,0,0,0,0,DATA/METHODS/2171-2172 -Document Deliverables LATEST.xlsx,2026-09-08T05:23:16Z,2171-2172,70,B70,INCLUDE,
M2171_NONSTANDARD,2171;2172,METHODS,OFFSHORE INSTALLATION,PROCEDURE,INSTALLATION PROCEDURE,2171-2172,,M002,1.00,2171-2172-PP-OF-032,PIPELINE EXTERNAL INFILL FIELD JOINT COATING PROCEDURE,,A1,Outgoing Ref No. > Construction and Installation Procedure,,,,"{""Construction and Installation Procedure"":""T-514/21""}",{},,,GDOC-c5e58e542206e7749c2f6f30,SDOC-f26dbdd489baa853c9975284,REV-3c2ef462bff258d30f561214,EVT-797df629a9e2a05e49c2abab,0,0,0,0,DATA/METHODS/2171-2172 -Document Deliverables LATEST.xlsx,2026-09-08T05:23:16Z,2171-2172,70,B70,INCLUDE,
M2171_NONSTANDARD,2171;2172,METHODS,OFFSHORE INSTALLATION,PROCEDURE,INSTALLATION PROCEDURE,2171-2172,,M002,1.00,2171-2172-PP-OF-032,PIPELINE EXTERNAL INFILL FIELD JOINT COATING PROCEDURE,,A1,#,,,,"{""#"":""20""}",{},,,GDOC-c5e58e542206e7749c2f6f30,SDOC-f26dbdd489baa853c9975284,REV-3c2ef462bff258d30f561214,EVT-be9853945b864e7af6c31826,1,1,0,0,DATA/METHODS/2171-2172 -Document Deliverables LATEST.xlsx,2026-09-08T05:23:16Z,2171-2172,70,B70,INCLUDE,
M2171_NONSTANDARD,2171;2172,METHODS,OFFSHORE INSTALLATION,PROCEDURE,INSTALLATION PROCEDURE,2171-2172,,M002,1.00,2171-2172-PP-OF-032,PIPELINE EXTERNAL INFILL FIELD JOINT COATING PROCEDURE,,A1,Issue Date (Actual) > Construction and Installation Procedure,,,,"{""Construction and Installation Procedure"":""44536""}",{},,,GDOC-c5e58e542206e7749c2f6f30,SDOC-f26dbdd489baa853c9975284,REV-3c2ef462bff258d30f561214,EVT-d5b969bd52bb6489a447db73,0,0,0,1,DATA/METHODS/2171-2172 -Document Deliverables LATEST.xlsx,2026-09-08T05:23:16Z,2171-2172,70,B70,INCLUDE,
M2171_NONSTANDARD,2171;2172,METHODS,OFFSHORE INSTALLATION,PROCEDURE,INSTALLATION PROCEDURE,2171-2172,,M002,1.00,2171-2172-PP-OF-032,PIPELINE EXTERNAL INFILL FIELD JOINT COATING PROCEDURE,,A,Outgoing Ref No. > Construction and Installation Procedure,,,,"{""Construction and Installation Procedure"":""T-537/21""}",{},,,GDOC-c5e58e542206e7749c2f6f30,SDOC-f26dbdd489baa853c9975284,REV-f399fec8fffbe0940d1c0bc8,EVT-86ef6d387202bfd55d98acbe,0,0,0,0,DATA/METHODS/2171-2172 -Document Deliverables LATEST.xlsx,2026-09-08T05:23:16Z,2171-2172,71,B71,INCLUDE,
M2171_NONSTANDARD,2171;2172,METHODS,OFFSHORE INSTALLATION,PROCEDURE,INSTALLATION PROCEDURE,2171-2172,,M002,1.00,2171-2172-PP-OF-032,PIPELINE EXTERNAL INFILL FIELD JOINT COATING PROCEDURE,,A,Issue Date (Planned) > Construction and Installation Procedure,,,,"{""Construction and Installation Procedure"":""44545""}",{},,,GDOC-c5e58e542206e7749c2f6f30,SDOC-f26dbdd489baa853c9975284,REV-f399fec8fffbe0940d1c0bc8,EVT-ab7da2098be9f415c323edd6,0,0,0,0,DATA/METHODS/2171-2172 -Document Deliverables LATEST.xlsx,2026-09-08T05:23:16Z,2171-2172,71,B71,INCLUDE,
M2171_NONSTANDARD,2171;2172,METHODS,OFFSHORE INSTALLATION,PROCEDURE,INSTALLATION PROCEDURE,2171-2172,,M002,1.00,2171-2172-PP-OF-032,PIPELINE EXTERNAL INFILL FIELD JOINT COATING PROCEDURE,,A,#,,,,"{""#"":""20""}",{},,,GDOC-c5e58e542206e7749c2f6f30,SDOC-f26dbdd489baa853c9975284,REV-f399fec8fffbe0940d1c0bc8,EVT-df6685303c89f9030b3df01c,0,1,0,0,DATA/METHODS/2171-2172 -Document Deliverables LATEST.xlsx,2026-09-08T05:23:16Z,2171-2172,71,B71,INCLUDE,
M2171_NONSTANDARD,2171;2172,METHODS,OFFSHORE INSTALLATION,PROCEDURE,INSTALLATION PROCEDURE,2171-2172,,M002,1.00,2171-2172-PP-OF-032,PIPELINE EXTERNAL INFILL FIELD JOINT COATING PROCEDURE,,A,Issue Date (Actual) > Construction and Installation Procedure,,,,"{""Construction and Installation Procedure"":""44545""}",{},,,GDOC-c5e58e542206e7749c2f6f30,SDOC-f26dbdd489baa853c9975284,REV-f399fec8fffbe0940d1c0bc8,EVT-e987b9157f61cc06da1ccd5c,0,0,0,1,DATA/METHODS/2171-2172 -Document Deliverables LATEST.xlsx,2026-09-08T05:23:16Z,2171-2172,71,B71,INCLUDE,
M2171_NONSTANDARD,2171;2172,METHODS,OFFSHORE INSTALLATION,PROCEDURE,INSTALLATION PROCEDURE,2171-2172,,M002,1.00,2171-2172-PP-OF-032,PIPELINE EXTERNAL INFILL FIELD JOINT COATING PROCEDURE,,00.,#,,,,"{""#"":""20""}",{},,,GDOC-c5e58e542206e7749c2f6f30,SDOC-f26dbdd489baa853c9975284,REV-035849818e22fc773336377c,EVT-01288222398d571094fa350a,0,1,1,0,DATA/METHODS/2171-2172 -Document Deliverables LATEST.xlsx,2026-09-08T05:23:16Z,2171-2172,72,B72,INCLUDE,
M2171_NONSTANDARD,2171;2172,METHODS,OFFSHORE INSTALLATION,PROCEDURE,INSTALLATION PROCEDURE,2171-2172,,M002,1.00,2171-2172-PP-OF-032,PIPELINE EXTERNAL INFILL FIELD JOINT COATING PROCEDURE,,00.,Issue Date (Planned) > Construction and Installation Procedure,,,,"{""Construction and Installation Procedure"":""44545""}",{},,,GDOC-c5e58e542206e7749c2f6f30,SDOC-f26dbdd489baa853c9975284,REV-035849818e22fc773336377c,EVT-5cd524fefc6fc35d73271737,0,0,1,0,DATA/METHODS/2171-2172 -Document Deliverables LATEST.xlsx,2026-09-08T05:23:16Z,2171-2172,72,B72,INCLUDE,
M2171_NONSTANDARD,2171;2172,METHODS,OFFSHORE INSTALLATION,PROCEDURE,INSTALLATION PROCEDURE,2171-2172,,M002,1.00,2171-2172-PP-OF-032,PIPELINE EXTERNAL INFILL FIELD JOINT COATING PROCEDURE,,00.,Issue Date (Actual) > Construction and Installation Procedure,,,,"{""Construction and Installation Procedure"":""44581""}",{},,,GDOC-c5e58e542206e7749c2f6f30,SDOC-f26dbdd489baa853c9975284,REV-035849818e22fc773336377c,EVT-778922ee578333e54602cc0b,0,0,1,1,DATA/METHODS/2171-2172 -Document Deliverables LATEST.xlsx,2026-09-08T05:23:16Z,2171-2172,72,B72,INCLUDE,
M2171_NONSTANDARD,2171;2172,METHODS,OFFSHORE INSTALLATION,PROCEDURE,INSTALLATION PROCEDURE,2171-2172,,M002,1.00,2171-2172-PP-OF-032,PIPELINE EXTERNAL INFILL FIELD JOINT COATING PROCEDURE,,00.,Outgoing Ref No. > Construction and Installation Procedure,,,,"{""Construction and Installation Procedure"":""T-012/22""}",{},,,GDOC-c5e58e542206e7749c2f6f30,SDOC-f26dbdd489baa853c9975284,REV-035849818e22fc773336377c,EVT-915e3b286973bf1ce3a24438,0,0,1,0,DATA/METHODS/2171-2172 -Document Deliverables LATEST.xlsx,2026-09-08T05:23:16Z,2171-2172,72,B72,INCLUDE,
M2171_NONSTANDARD,2171;2172,METHODS,OFFSHORE INSTALLATION,PROCEDURE,INSTALLATION PROCEDURE,2171-2172,,M002,1.00,2171-2172-PP-OF-033,FBE COATING REPAIR PROCEDURE,,A1,Outgoing Ref No. > Construction and Installation Procedure,,,,"{""Construction and Installation Procedure"":""T-023/22""}",{},,,GDOC-18ad31f70df8b06b824b12f3,SDOC-18f4f54966fc4f2ce295f2e1,REV-7a7e90d24745a6f4e88065f6,EVT-674833bb9b5603a97bd1d055,0,0,0,0,DATA/METHODS/2171-2172 -Document Deliverables LATEST.xlsx,2026-09-08T05:23:16Z,2171-2172,73,B73,INCLUDE,
M2171_NONSTANDARD,2171;2172,METHODS,OFFSHORE INSTALLATION,PROCEDURE,INSTALLATION PROCEDURE,2171-2172,,M002,1.00,2171-2172-PP-OF-033,FBE COATING REPAIR PROCEDURE,,A1,Issue Date (Actual) > Construction and Installation Procedure,,,,"{""Construction and Installation Procedure"":""44587""}",{},,,GDOC-18ad31f70df8b06b824b12f3,SDOC-18f4f54966fc4f2ce295f2e1,REV-7a7e90d24745a6f4e88065f6,EVT-7d888a9b7f7f1250e6914c01,0,0,0,1,DATA/METHODS/2171-2172 -Document Deliverables LATEST.xlsx,2026-09-08T05:23:16Z,2171-2172,73,B73,INCLUDE,
M2171_NONSTANDARD,2171;2172,METHODS,OFFSHORE INSTALLATION,PROCEDURE,INSTALLATION PROCEDURE,2171-2172,,M002,1.00,2171-2172-PP-OF-033,FBE COATING REPAIR PROCEDURE,,A1,#,,,,"{""#"":""21""}",{},,,GDOC-18ad31f70df8b06b824b12f3,SDOC-18f4f54966fc4f2ce295f2e1,REV-7a7e90d24745a6f4e88065f6,EVT-c06941cb3c028685cada4394,1,1,0,0,DATA/METHODS/2171-2172 -Document Deliverables LATEST.xlsx,2026-09-08T05:23:16Z,2171-2172,73,B73,INCLUDE,
M2171_NONSTANDARD,2171;2172,METHODS,OFFSHORE INSTALLATION,PROCEDURE,INSTALLATION PROCEDURE,2171-2172,,M002,1.00,2171-2172-PP-OF-033,FBE COATING REPAIR PROCEDURE,,A1,Issue Date (Planned) > Construction and Installation Procedure,,,,"{""Construction and Installation Procedure"":""44587""}",{},,,GDOC-18ad31f70df8b06b824b12f3,SDOC-18f4f54966fc4f2ce295f2e1,REV-7a7e90d24745a6f4e88065f6,EVT-fd488143397494e1cc822206,0,0,0,0,DATA/METHODS/2171-2172 -Document Deliverables LATEST.xlsx,2026-09-08T05:23:16Z,2171-2172,73,B73,INCLUDE,
M2171_NONSTANDARD,2171;2172,METHODS,OFFSHORE INSTALLATION,PROCEDURE,INSTALLATION PROCEDURE,2171-2172,,M002,1.00,2171-2172-PP-OF-033,FBE COATING REPAIR PROCEDURE,,A,Outgoing Ref No. > Construction and Installation Procedure,,,,"{""Construction and Installation Procedure"":""T-029/22""}",{},,,GDOC-18ad31f70df8b06b824b12f3,SDOC-18f4f54966fc4f2ce295f2e1,REV-e318f0ea74b4879074cb082a,EVT-094d4a6c23a29c0206f24193,0,0,0,0,DATA/METHODS/2171-2172 -Document Deliverables LATEST.xlsx,2026-09-08T05:23:16Z,2171-2172,74,B74,INCLUDE,
M2171_NONSTANDARD,2171;2172,METHODS,OFFSHORE INSTALLATION,PROCEDURE,INSTALLATION PROCEDURE,2171-2172,,M002,1.00,2171-2172-PP-OF-033,FBE COATING REPAIR PROCEDURE,,A,Issue Date (Planned) > Construction and Installation Procedure,,,,"{""Construction and Installation Procedure"":""44594""}",{},,,GDOC-18ad31f70df8b06b824b12f3,SDOC-18f4f54966fc4f2ce295f2e1,REV-e318f0ea74b4879074cb082a,EVT-2469fade565f168b0b5a506f,0,0,0,0,DATA/METHODS/2171-2172 -Document Deliverables LATEST.xlsx,2026-09-08T05:23:16Z,2171-2172,74,B74,INCLUDE,
M2171_NONSTANDARD,2171;2172,METHODS,OFFSHORE INSTALLATION,PROCEDURE,INSTALLATION PROCEDURE,2171-2172,,M002,1.00,2171-2172-PP-OF-033,FBE COATING REPAIR PROCEDURE,,A,Issue Date (Actual) > Construction and Installation Procedure,,,,"{""Construction and Installation Procedure"":""44594""}",{},,,GDOC-18ad31f70df8b06b824b12f3,SDOC-18f4f54966fc4f2ce295f2e1,REV-e318f0ea74b4879074cb082a,EVT-a5ffdb720ad3ed53fa4aa6d3,0,0,0,1,DATA/METHODS/2171-2172 -Document Deliverables LATEST.xlsx,2026-09-08T05:23:16Z,2171-2172,74,B74,INCLUDE,
M2171_NONSTANDARD,2171;2172,METHODS,OFFSHORE INSTALLATION,PROCEDURE,INSTALLATION PROCEDURE,2171-2172,,M002,1.00,2171-2172-PP-OF-033,FBE COATING REPAIR PROCEDURE,,A,#,,,,"{""#"":""21""}",{},,,GDOC-18ad31f70df8b06b824b12f3,SDOC-18f4f54966fc4f2ce295f2e1,REV-e318f0ea74b4879074cb082a,EVT-c9e6b14b458ccc81750c03c9,0,1,0,0,DATA/METHODS/2171-2172 -Document Deliverables LATEST.xlsx,2026-09-08T05:23:16Z,2171-2172,74,B74,INCLUDE,
M2171_NONSTANDARD,2171;2172,METHODS,OFFSHORE INSTALLATION,PROCEDURE,INSTALLATION PROCEDURE,2171-2172,,M002,1.00,2171-2172-PP-OF-033,FBE COATING REPAIR PROCEDURE,,B,Outgoing Ref No. > Construction and Installation Procedure,,,,"{""Construction and Installation Procedure"":""T-093/22""}",{},,,GDOC-18ad31f70df8b06b824b12f3,SDOC-18f4f54966fc4f2ce295f2e1,REV-39e914ee2130e8b710cebfbc,EVT-3b75e3566bda3ee4472bcb7c,0,0,0,0,DATA/METHODS/2171-2172 -Document Deliverables LATEST.xlsx,2026-09-08T05:23:16Z,2171-2172,75,B75,INCLUDE,
M2171_NONSTANDARD,2171;2172,METHODS,OFFSHORE INSTALLATION,PROCEDURE,INSTALLATION PROCEDURE,2171-2172,,M002,1.00,2171-2172-PP-OF-033,FBE COATING REPAIR PROCEDURE,,B,Issue Date (Planned) > Construction and Installation Procedure,,,,"{""Construction and Installation Procedure"":""44636""}",{},,,GDOC-18ad31f70df8b06b824b12f3,SDOC-18f4f54966fc4f2ce295f2e1,REV-39e914ee2130e8b710cebfbc,EVT-3d0ebaf180331a80d097b52e,0,0,0,0,DATA/METHODS/2171-2172 -Document Deliverables LATEST.xlsx,2026-09-08T05:23:16Z,2171-2172,75,B75,INCLUDE,
M2171_NONSTANDARD,2171;2172,METHODS,OFFSHORE INSTALLATION,PROCEDURE,INSTALLATION PROCEDURE,2171-2172,,M002,1.00,2171-2172-PP-OF-033,FBE COATING REPAIR PROCEDURE,,B,#,,,,"{""#"":""21""}",{},,,GDOC-18ad31f70df8b06b824b12f3,SDOC-18f4f54966fc4f2ce295f2e1,REV-39e914ee2130e8b710cebfbc,EVT-3f88dc44bab3d76c6ce2b85c,0,1,0,0,DATA/METHODS/2171-2172 -Document Deliverables LATEST.xlsx,2026-09-08T05:23:16Z,2171-2172,75,B75,INCLUDE,
M2171_NONSTANDARD,2171;2172,METHODS,OFFSHORE INSTALLATION,PROCEDURE,INSTALLATION PROCEDURE,2171-2172,,M002,1.00,2171-2172-PP-OF-033,FBE COATING REPAIR PROCEDURE,,B,Issue Date (Actual) > Construction and Installation Procedure,,,,"{""Construction and Installation Procedure"":""44636""}",{},,,GDOC-18ad31f70df8b06b824b12f3,SDOC-18f4f54966fc4f2ce295f2e1,REV-39e914ee2130e8b710cebfbc,EVT-7ed918cb030242d1283ae32f,0,0,0,1,DATA/METHODS/2171-2172 -Document Deliverables LATEST.xlsx,2026-09-08T05:23:16Z,2171-2172,75,B75,INCLUDE,
M2171_NONSTANDARD,2171;2172,METHODS,OFFSHORE INSTALLATION,PROCEDURE,INSTALLATION PROCEDURE,2171-2172,,M002,1.00,2171-2172-PP-OF-033,FBE COATING REPAIR PROCEDURE,,00,Outgoing Ref No. > Construction and Installation Procedure,,,,"{""Construction and Installation Procedure"":""T-103/22""}",{},,,GDOC-18ad31f70df8b06b824b12f3,SDOC-18f4f54966fc4f2ce295f2e1,REV-83cc583198d25076c0ad62c3,EVT-4b879b316dcd8459ae05a724,0,0,0,0,DATA/METHODS/2171-2172 -Document Deliverables LATEST.xlsx,2026-09-08T05:23:16Z,2171-2172,76,B76,INCLUDE,
M2171_NONSTANDARD,2171;2172,METHODS,OFFSHORE INSTALLATION,PROCEDURE,INSTALLATION PROCEDURE,2171-2172,,M002,1.00,2171-2172-PP-OF-033,FBE COATING REPAIR PROCEDURE,,00,#,,,,"{""#"":""21""}",{},,,GDOC-18ad31f70df8b06b824b12f3,SDOC-18f4f54966fc4f2ce295f2e1,REV-83cc583198d25076c0ad62c3,EVT-9d50ad925ce30f11e3e3cc60,0,1,0,0,DATA/METHODS/2171-2172 -Document Deliverables LATEST.xlsx,2026-09-08T05:23:16Z,2171-2172,76,B76,INCLUDE,
M2171_NONSTANDARD,2171;2172,METHODS,OFFSHORE INSTALLATION,PROCEDURE,INSTALLATION PROCEDURE,2171-2172,,M002,1.00,2171-2172-PP-OF-033,FBE COATING REPAIR PROCEDURE,,00,Issue Date (Actual) > Construction and Installation Procedure,,,,"{""Construction and Installation Procedure"":""44644""}",{},,,GDOC-18ad31f70df8b06b824b12f3,SDOC-18f4f54966fc4f2ce295f2e1,REV-83cc583198d25076c0ad62c3,EVT-cc49e672a40971dd87024d25,0,0,0,1,DATA/METHODS/2171-2172 -Document Deliverables LATEST.xlsx,2026-09-08T05:23:16Z,2171-2172,76,B76,INCLUDE,
M2171_NONSTANDARD,2171;2172,METHODS,OFFSHORE INSTALLATION,PROCEDURE,INSTALLATION PROCEDURE,2171-2172,,M002,1.00,2171-2172-PP-OF-033,FBE COATING REPAIR PROCEDURE,,00A,#,,,,"{""#"":""21""}",{},,,GDOC-18ad31f70df8b06b824b12f3,SDOC-18f4f54966fc4f2ce295f2e1,REV-c08880989261275a068f3240,EVT-052a5d89541fcec64e25838e,0,1,1,0,DATA/METHODS/2171-2172 -Document Deliverables LATEST.xlsx,2026-09-08T05:23:16Z,2171-2172,77,B77,INCLUDE,
M2171_NONSTANDARD,2171;2172,METHODS,OFFSHORE INSTALLATION,PROCEDURE,INSTALLATION PROCEDURE,2171-2172,,M002,1.00,2171-2172-PP-OF-033,FBE COATING REPAIR PROCEDURE,,00A,Issue Date (Actual) > Construction and Installation Procedure,,,,"{""Construction and Installation Procedure"":""44704""}",{},,,GDOC-18ad31f70df8b06b824b12f3,SDOC-18f4f54966fc4f2ce295f2e1,REV-c08880989261275a068f3240,EVT-10b2762030b2b937d1723182,0,0,1,1,DATA/METHODS/2171-2172 -Document Deliverables LATEST.xlsx,2026-09-08T05:23:16Z,2171-2172,77,B77,INCLUDE,
M2171_NONSTANDARD,2171;2172,METHODS,OFFSHORE INSTALLATION,PROCEDURE,INSTALLATION PROCEDURE,2171-2172,,M002,1.00,2171-2172-PP-OF-033,FBE COATING REPAIR PROCEDURE,,00A,Outgoing Ref No. > Construction and Installation Procedure,,,,"{""Construction and Installation Procedure"":""T-199/22""}",{},,,GDOC-18ad31f70df8b06b824b12f3,SDOC-18f4f54966fc4f2ce295f2e1,REV-c08880989261275a068f3240,EVT-3ac64fce96810cb7f2709cb5,0,0,1,0,DATA/METHODS/2171-2172 -Document Deliverables LATEST.xlsx,2026-09-08T05:23:16Z,2171-2172,77,B77,INCLUDE,
M2171_NONSTANDARD,2171;2172,METHODS,OFFSHORE INSTALLATION,PROCEDURE,INSTALLATION PROCEDURE,2171-2172,,M002,1.00,2171-2172-PP-OF-034,HOT TAP SIT MANUAL,,A1,#,,,,"{""#"":""22""}",{},,,GDOC-b276e293427a4ba337cd0c8b,SDOC-5154276bb0371776deebbe07,REV-71e92e455107ef4438d7f4bd,EVT-06253ceb3af705cfeda0e91c,1,1,0,0,DATA/METHODS/2171-2172 -Document Deliverables LATEST.xlsx,2026-09-08T05:23:16Z,2171-2172,78,B78,INCLUDE,
M2171_NONSTANDARD,2171;2172,METHODS,OFFSHORE INSTALLATION,PROCEDURE,INSTALLATION PROCEDURE,2171-2172,,M002,1.00,2171-2172-PP-OF-034,HOT TAP SIT MANUAL,,A1,Issue Date (Planned) > Construction and Installation Procedure,,,,"{""Construction and Installation Procedure"":""44613""}",{},,,GDOC-b276e293427a4ba337cd0c8b,SDOC-5154276bb0371776deebbe07,REV-71e92e455107ef4438d7f4bd,EVT-0b8a444ab61e5cd5ab2fc610,0,0,0,0,DATA/METHODS/2171-2172 -Document Deliverables LATEST.xlsx,2026-09-08T05:23:16Z,2171-2172,78,B78,INCLUDE,
M2171_NONSTANDARD,2171;2172,METHODS,OFFSHORE INSTALLATION,PROCEDURE,INSTALLATION PROCEDURE,2171-2172,,M002,1.00,2171-2172-PP-OF-034,HOT TAP SIT MANUAL,,A1,Issue Date (Actual) > Construction and Installation Procedure,,,,"{""Construction and Installation Procedure"":""44613""}",{},,,GDOC-b276e293427a4ba337cd0c8b,SDOC-5154276bb0371776deebbe07,REV-71e92e455107ef4438d7f4bd,EVT-bebdae5a2aa65b60824cfceb,0,0,0,1,DATA/METHODS/2171-2172 -Document Deliverables LATEST.xlsx,2026-09-08T05:23:16Z,2171-2172,78,B78,INCLUDE,
M2171_NONSTANDARD,2171;2172,METHODS,OFFSHORE INSTALLATION,PROCEDURE,INSTALLATION PROCEDURE,2171-2172,,M002,1.00,2171-2172-PP-OF-034,HOT TAP SIT MANUAL,,A1,Outgoing Ref No. > Construction and Installation Procedure,,,,"{""Construction and Installation Procedure"":""T-064/22""}",{},,,GDOC-b276e293427a4ba337cd0c8b,SDOC-5154276bb0371776deebbe07,REV-71e92e455107ef4438d7f4bd,EVT-ff7095ff824cd9fb1e11920f,0,0,0,0,DATA/METHODS/2171-2172 -Document Deliverables LATEST.xlsx,2026-09-08T05:23:16Z,2171-2172,78,B78,INCLUDE,
M2171_NONSTANDARD,2171;2172,METHODS,OFFSHORE INSTALLATION,PROCEDURE,INSTALLATION PROCEDURE,2171-2172,,M002,1.00,2171-2172-PP-OF-034,HOT TAP SIT MANUAL,,A,Issue Date (Planned) > Construction and Installation Procedure,,,,"{""Construction and Installation Procedure"":""44687""}",{},,,GDOC-b276e293427a4ba337cd0c8b,SDOC-5154276bb0371776deebbe07,REV-e03ab6ca2b3f9c9ee45d7fb3,EVT-0b136ee3ddacb6952bcf491c,0,0,1,0,DATA/METHODS/2171-2172 -Document Deliverables LATEST.xlsx,2026-09-08T05:23:16Z,2171-2172,79,B79,INCLUDE,
M2171_NONSTANDARD,2171;2172,METHODS,OFFSHORE INSTALLATION,PROCEDURE,INSTALLATION PROCEDURE,2171-2172,,M002,1.00,2171-2172-PP-OF-034,HOT TAP SIT MANUAL,,A,Outgoing Ref No. > Construction and Installation Procedure,,,,"{""Construction and Installation Procedure"":""T-171/22""}",{},,,GDOC-b276e293427a4ba337cd0c8b,SDOC-5154276bb0371776deebbe07,REV-e03ab6ca2b3f9c9ee45d7fb3,EVT-9df47e979ee1b2a64da0e2aa,0,0,1,1,DATA/METHODS/2171-2172 -Document Deliverables LATEST.xlsx,2026-09-08T05:23:16Z,2171-2172,79,B79,INCLUDE,
M2171_NONSTANDARD,2171;2172,METHODS,OFFSHORE INSTALLATION,PROCEDURE,INSTALLATION PROCEDURE,2171-2172,,M002,1.00,2171-2172-PP-OF-034,HOT TAP SIT MANUAL,,A,#,,,,"{""#"":""22""}",{},,,GDOC-b276e293427a4ba337cd0c8b,SDOC-5154276bb0371776deebbe07,REV-e03ab6ca2b3f9c9ee45d7fb3,EVT-d56f1b3238806b124703c8aa,0,1,1,0,DATA/METHODS/2171-2172 -Document Deliverables LATEST.xlsx,2026-09-08T05:23:16Z,2171-2172,79,B79,INCLUDE,
M2171_NONSTANDARD,2171;2172,METHODS,OFFSHORE INSTALLATION,PROCEDURE,INSTALLATION PROCEDURE,2171-2172,,M002,1.00,2171-2172-PP-OF-035,MID LINE SPOOLS INSTALLATION PROCEDURE FOR BYPASS LINE-1 AND BYPASS LINE-2,,A1,Issue Date (Actual) > Construction and Installation Procedure,,,,"{""Construction and Installation Procedure"":""44707""}",{},,,GDOC-d189f04ac68882d75e16c351,SDOC-28c30b48404920ec544cb254,REV-3b21fbfa0b69d26038b5144d,EVT-852aa623965b1a270e683b2b,0,0,0,1,DATA/METHODS/2171-2172 -Document Deliverables LATEST.xlsx,2026-09-08T05:23:16Z,2171-2172,80,B80,INCLUDE,
M2171_NONSTANDARD,2171;2172,METHODS,OFFSHORE INSTALLATION,PROCEDURE,INSTALLATION PROCEDURE,2171-2172,,M002,1.00,2171-2172-PP-OF-035,MID LINE SPOOLS INSTALLATION PROCEDURE FOR BYPASS LINE-1 AND BYPASS LINE-2,,A1,#,,,,"{""#"":""23""}",{},,,GDOC-d189f04ac68882d75e16c351,SDOC-28c30b48404920ec544cb254,REV-3b21fbfa0b69d26038b5144d,EVT-c63bab80d02a50a711efee49,1,1,0,0,DATA/METHODS/2171-2172 -Document Deliverables LATEST.xlsx,2026-09-08T05:23:16Z,2171-2172,80,B80,INCLUDE,
M2171_NONSTANDARD,2171;2172,METHODS,OFFSHORE INSTALLATION,PROCEDURE,INSTALLATION PROCEDURE,2171-2172,,M002,1.00,2171-2172-PP-OF-035,MID LINE SPOOLS INSTALLATION PROCEDURE FOR BYPASS LINE-1 AND BYPASS LINE-2,,A1,Outgoing Ref No. > Construction and Installation Procedure,,,,"{""Construction and Installation Procedure"":""T-209/22""}",{},,,GDOC-d189f04ac68882d75e16c351,SDOC-28c30b48404920ec544cb254,REV-3b21fbfa0b69d26038b5144d,EVT-f8fd3668e9f115956e75e875,0,0,0,0,DATA/METHODS/2171-2172 -Document Deliverables LATEST.xlsx,2026-09-08T05:23:16Z,2171-2172,80,B80,INCLUDE,
M2171_NONSTANDARD,2171;2172,METHODS,OFFSHORE INSTALLATION,PROCEDURE,INSTALLATION PROCEDURE,2171-2172,,M002,1.00,2171-2172-PP-OF-035,MID LINE SPOOLS INSTALLATION PROCEDURE FOR BYPASS LINE-1 AND BYPASS LINE-2,,A,#,,,,"{""#"":""23""}",{},,,GDOC-d189f04ac68882d75e16c351,SDOC-28c30b48404920ec544cb254,REV-df9f8661ebf925b92dfc1bce,EVT-2928702b26f42a7080683f47,0,1,0,0,DATA/METHODS/2171-2172 -Document Deliverables LATEST.xlsx,2026-09-08T05:23:16Z,2171-2172,81,B81,INCLUDE,
M2171_NONSTANDARD,2171;2172,METHODS,OFFSHORE INSTALLATION,PROCEDURE,INSTALLATION PROCEDURE,2171-2172,,M002,1.00,2171-2172-PP-OF-035,MID LINE SPOOLS INSTALLATION PROCEDURE FOR BYPASS LINE-1 AND BYPASS LINE-2,,A,Issue Date (Actual) > Construction and Installation Procedure,,,,"{""Construction and Installation Procedure"":""44713""}",{},,,GDOC-d189f04ac68882d75e16c351,SDOC-28c30b48404920ec544cb254,REV-df9f8661ebf925b92dfc1bce,EVT-987123252b8a1411e7350af1,0,0,0,1,DATA/METHODS/2171-2172 -Document Deliverables LATEST.xlsx,2026-09-08T05:23:16Z,2171-2172,81,B81,INCLUDE,
M2171_NONSTANDARD,2171;2172,METHODS,OFFSHORE INSTALLATION,PROCEDURE,INSTALLATION PROCEDURE,2171-2172,,M002,1.00,2171-2172-PP-OF-035,MID LINE SPOOLS INSTALLATION PROCEDURE FOR BYPASS LINE-1 AND BYPASS LINE-2,,A,Outgoing Ref No. > Construction and Installation Procedure,,,,"{""Construction and Installation Procedure"":""T-218/22""}",{},,,GDOC-d189f04ac68882d75e16c351,SDOC-28c30b48404920ec544cb254,REV-df9f8661ebf925b92dfc1bce,EVT-ad1e4d9580231c32ed28389b,0,0,0,0,DATA/METHODS/2171-2172 -Document Deliverables LATEST.xlsx,2026-09-08T05:23:16Z,2171-2172,81,B81,INCLUDE,
M2171_NONSTANDARD,2171;2172,METHODS,OFFSHORE INSTALLATION,PROCEDURE,INSTALLATION PROCEDURE,2171-2172,,M002,1.00,2171-2172-PP-OF-035,MID LINE SPOOLS INSTALLATION PROCEDURE FOR BYPASS LINE-1 AND BYPASS LINE-2,,00,Issue Date (Actual) > Construction and Installation Procedure,,,,"{""Construction and Installation Procedure"":""44771""}",{},,,GDOC-d189f04ac68882d75e16c351,SDOC-28c30b48404920ec544cb254,REV-d43d5d6e018637548ad612e0,EVT-5ff525acebc75f5188076f6f,0,0,0,1,DATA/METHODS/2171-2172 -Document Deliverables LATEST.xlsx,2026-09-08T05:23:16Z,2171-2172,82,B82,INCLUDE,
M2171_NONSTANDARD,2171;2172,METHODS,OFFSHORE INSTALLATION,PROCEDURE,INSTALLATION PROCEDURE,2171-2172,,M002,1.00,2171-2172-PP-OF-035,MID LINE SPOOLS INSTALLATION PROCEDURE FOR BYPASS LINE-1 AND BYPASS LINE-2,,00,Outgoing Ref No. > Construction and Installation Procedure,,,,"{""Construction and Installation Procedure"":""T-303/22""}",{},,,GDOC-d189f04ac68882d75e16c351,SDOC-28c30b48404920ec544cb254,REV-d43d5d6e018637548ad612e0,EVT-8743bf6b8083cd0f2d11f417,0,0,0,0,DATA/METHODS/2171-2172 -Document Deliverables LATEST.xlsx,2026-09-08T05:23:16Z,2171-2172,82,B82,INCLUDE,
M2171_NONSTANDARD,2171;2172,METHODS,OFFSHORE INSTALLATION,PROCEDURE,INSTALLATION PROCEDURE,2171-2172,,M002,1.00,2171-2172-PP-OF-035,MID LINE SPOOLS INSTALLATION PROCEDURE FOR BYPASS LINE-1 AND BYPASS LINE-2,,00,#,,,,"{""#"":""23""}",{},,,GDOC-d189f04ac68882d75e16c351,SDOC-28c30b48404920ec544cb254,REV-d43d5d6e018637548ad612e0,EVT-e8edec84d9bdbcc19679ff96,0,1,0,0,DATA/METHODS/2171-2172 -Document Deliverables LATEST.xlsx,2026-09-08T05:23:16Z,2171-2172,82,B82,INCLUDE,
M2171_NONSTANDARD,2171;2172,METHODS,OFFSHORE INSTALLATION,PROCEDURE,INSTALLATION PROCEDURE,2171-2172,,M002,1.00,2171-2172-PP-OF-035,MID LINE SPOOLS INSTALLATION PROCEDURE FOR BYPASS LINE-1 AND BYPASS LINE-2,,00A,Issue Date (Actual) > Construction and Installation Procedure,,,,"{""Construction and Installation Procedure"":""45216""}",{},,,GDOC-d189f04ac68882d75e16c351,SDOC-28c30b48404920ec544cb254,REV-958011501f1f10834958880e,EVT-2e149d054315cf436b9445f2,0,0,1,1,DATA/METHODS/2171-2172 -Document Deliverables LATEST.xlsx,2026-09-08T05:23:16Z,2171-2172,83,B83,INCLUDE,
M2171_NONSTANDARD,2171;2172,METHODS,OFFSHORE INSTALLATION,PROCEDURE,INSTALLATION PROCEDURE,2171-2172,,M002,1.00,2171-2172-PP-OF-035,MID LINE SPOOLS INSTALLATION PROCEDURE FOR BYPASS LINE-1 AND BYPASS LINE-2,,00A,#,,,,"{""#"":""23""}",{},,,GDOC-d189f04ac68882d75e16c351,SDOC-28c30b48404920ec544cb254,REV-958011501f1f10834958880e,EVT-7cb845c373a8b0a82dc29ba1,0,1,1,0,DATA/METHODS/2171-2172 -Document Deliverables LATEST.xlsx,2026-09-08T05:23:16Z,2171-2172,83,B83,INCLUDE,
M2171_NONSTANDARD,2171;2172,METHODS,OFFSHORE INSTALLATION,PROCEDURE,INSTALLATION PROCEDURE,2171-2172,,M002,1.00,2171-2172-PP-OF-035,MID LINE SPOOLS INSTALLATION PROCEDURE FOR BYPASS LINE-1 AND BYPASS LINE-2,,00A,Outgoing Ref No. > Construction and Installation Procedure,,,,"{""Construction and Installation Procedure"":""T-308/23""}",{},,,GDOC-d189f04ac68882d75e16c351,SDOC-28c30b48404920ec544cb254,REV-958011501f1f10834958880e,EVT-7f99fbd362b9496aa98cfd34,0,0,1,0,DATA/METHODS/2171-2172 -Document Deliverables LATEST.xlsx,2026-09-08T05:23:16Z,2171-2172,83,B83,INCLUDE,
M2171_NONSTANDARD,2171;2172,METHODS,OFFSHORE INSTALLATION,PROCEDURE,INSTALLATION PROCEDURE,2171-2172,,M002,1.00,2171-2172-PP-OF-036,METHOD STATEMENT FOR REPLACEMENT OF MECHANICAL CONNECTORS ON 48” CFL-34,,A1,#,,,,"{""#"":""24""}",{},,,GDOC-d74ba0990057f4099d200ea8,SDOC-a36ff9979c97e80e68be175e,REV-1d687f8e4e3c577e4186fc7d,EVT-1e434b1ea78badc3936be197,1,1,0,0,DATA/METHODS/2171-2172 -Document Deliverables LATEST.xlsx,2026-09-08T05:23:16Z,2171-2172,84,B84,INCLUDE,
M2171_NONSTANDARD,2171;2172,METHODS,OFFSHORE INSTALLATION,PROCEDURE,INSTALLATION PROCEDURE,2171-2172,,M002,1.00,2171-2172-PP-OF-036,METHOD STATEMENT FOR REPLACEMENT OF MECHANICAL CONNECTORS ON 48” CFL-34,,A1,Issue Date (Actual) > Construction and Installation Procedure,,,,"{""Construction and Installation Procedure"":""44956""}",{},,,GDOC-d74ba0990057f4099d200ea8,SDOC-a36ff9979c97e80e68be175e,REV-1d687f8e4e3c577e4186fc7d,EVT-ed140aa9cf3862809c38604c,0,0,0,1,DATA/METHODS/2171-2172 -Document Deliverables LATEST.xlsx,2026-09-08T05:23:16Z,2171-2172,84,B84,INCLUDE,
M2171_NONSTANDARD,2171;2172,METHODS,OFFSHORE INSTALLATION,PROCEDURE,INSTALLATION PROCEDURE,2171-2172,,M002,1.00,2171-2172-PP-OF-036,METHOD STATEMENT FOR REPLACEMENT OF MECHANICAL CONNECTORS ON 48” CFL-34,,A1,Outgoing Ref No. > Construction and Installation Procedure,,,,"{""Construction and Installation Procedure"":""T-042/23""}",{},,,GDOC-d74ba0990057f4099d200ea8,SDOC-a36ff9979c97e80e68be175e,REV-1d687f8e4e3c577e4186fc7d,EVT-f8fa3a504a8c66f5bd6364eb,0,0,0,0,DATA/METHODS/2171-2172 -Document Deliverables LATEST.xlsx,2026-09-08T05:23:16Z,2171-2172,84,B84,INCLUDE,
M2171_NONSTANDARD,2171;2172,METHODS,OFFSHORE INSTALLATION,PROCEDURE,INSTALLATION PROCEDURE,2171-2172,,M002,1.00,2171-2172-PP-OF-036,METHOD STATEMENT FOR REPLACEMENT OF MECHANICAL CONNECTORS ON 48” CFL-34,,A,Issue Date (Actual) > Construction and Installation Procedure,,,,"{""Construction and Installation Procedure"":""44957""}",{},,,GDOC-d74ba0990057f4099d200ea8,SDOC-a36ff9979c97e80e68be175e,REV-113e4695ee826153ba7d2269,EVT-3cc6ef096e4b30f922b350bd,0,0,0,1,DATA/METHODS/2171-2172 -Document Deliverables LATEST.xlsx,2026-09-08T05:23:16Z,2171-2172,85,B85,INCLUDE,
M2171_NONSTANDARD,2171;2172,METHODS,OFFSHORE INSTALLATION,PROCEDURE,INSTALLATION PROCEDURE,2171-2172,,M002,1.00,2171-2172-PP-OF-036,METHOD STATEMENT FOR REPLACEMENT OF MECHANICAL CONNECTORS ON 48” CFL-34,,A,#,,,,"{""#"":""24""}",{},,,GDOC-d74ba0990057f4099d200ea8,SDOC-a36ff9979c97e80e68be175e,REV-113e4695ee826153ba7d2269,EVT-a5843dea55734ad67d815aa9,0,1,0,0,DATA/METHODS/2171-2172 -Document Deliverables LATEST.xlsx,2026-09-08T05:23:16Z,2171-2172,85,B85,INCLUDE,
M2171_NONSTANDARD,2171;2172,METHODS,OFFSHORE INSTALLATION,PROCEDURE,INSTALLATION PROCEDURE,2171-2172,,M002,1.00,2171-2172-PP-OF-036,METHOD STATEMENT FOR REPLACEMENT OF MECHANICAL CONNECTORS ON 48” CFL-34,,A,Outgoing Ref No. > Construction and Installation Procedure,,,,"{""Construction and Installation Procedure"":""T-044/23""}",{},,,GDOC-d74ba0990057f4099d200ea8,SDOC-a36ff9979c97e80e68be175e,REV-113e4695ee826153ba7d2269,EVT-dd182d99103d30d7a87880d0,0,0,0,0,DATA/METHODS/2171-2172 -Document Deliverables LATEST.xlsx,2026-09-08T05:23:16Z,2171-2172,85,B85,INCLUDE,
M2171_NONSTANDARD,2171;2172,METHODS,OFFSHORE INSTALLATION,PROCEDURE,INSTALLATION PROCEDURE,2171-2172,,M002,1.00,2171-2172-PP-OF-036,METHOD STATEMENT FOR REPLACEMENT OF MECHANICAL CONNECTORS ON 48” CFL-34,,B,#,,,,"{""#"":""24""}",{},,,GDOC-d74ba0990057f4099d200ea8,SDOC-a36ff9979c97e80e68be175e,REV-d604d59d80cc982269f4c11a,EVT-573015a0ddec2891d0addeb5,0,1,0,1,DATA/METHODS/2171-2172 -Document Deliverables LATEST.xlsx,2026-09-08T05:23:16Z,2171-2172,86,B86,INCLUDE,
M2171_NONSTANDARD,2171;2172,METHODS,OFFSHORE INSTALLATION,PROCEDURE,INSTALLATION PROCEDURE,2171-2172,,M002,1.00,2171-2172-PP-OF-036,METHOD STATEMENT FOR REPLACEMENT OF MECHANICAL CONNECTORS ON 48” CFL-34,,C,Outgoing Ref No. > Construction and Installation Procedure,,,,"{""Construction and Installation Procedure"":""T-093/23""}","{""Remarks > Construction and Installation Procedure"":""CANCELLED""}",,,GDOC-d74ba0990057f4099d200ea8,SDOC-a36ff9979c97e80e68be175e,REV-67c636ac45bdf500a19fe2d2,EVT-00de29cf2f747a6f21f44e31,0,0,0,0,DATA/METHODS/2171-2172 -Document Deliverables LATEST.xlsx,2026-09-08T05:23:16Z,2171-2172,87,B87,INCLUDE,
M2171_NONSTANDARD,2171;2172,METHODS,OFFSHORE INSTALLATION,PROCEDURE,INSTALLATION PROCEDURE,2171-2172,,M002,1.00,2171-2172-PP-OF-036,METHOD STATEMENT FOR REPLACEMENT OF MECHANICAL CONNECTORS ON 48” CFL-34,,C,Issue Date (Actual) > Construction and Installation Procedure,,,,"{""Construction and Installation Procedure"":""44992""}","{""Remarks > Construction and Installation Procedure"":""CANCELLED""}",,,GDOC-d74ba0990057f4099d200ea8,SDOC-a36ff9979c97e80e68be175e,REV-67c636ac45bdf500a19fe2d2,EVT-8dc6513c28665afc00c2048d,0,0,0,0,DATA/METHODS/2171-2172 -Document Deliverables LATEST.xlsx,2026-09-08T05:23:16Z,2171-2172,87,B87,INCLUDE,
M2171_NONSTANDARD,2171;2172,METHODS,OFFSHORE INSTALLATION,PROCEDURE,INSTALLATION PROCEDURE,2171-2172,,M002,1.00,2171-2172-PP-OF-036,METHOD STATEMENT FOR REPLACEMENT OF MECHANICAL CONNECTORS ON 48” CFL-34,,C,#,,,,"{""#"":""24""}","{""Remarks > Construction and Installation Procedure"":""CANCELLED""}",,,GDOC-d74ba0990057f4099d200ea8,SDOC-a36ff9979c97e80e68be175e,REV-67c636ac45bdf500a19fe2d2,EVT-cb8401f4e1bc77c5f3792065,0,1,0,0,DATA/METHODS/2171-2172 -Document Deliverables LATEST.xlsx,2026-09-08T05:23:16Z,2171-2172,87,B87,INCLUDE,
M2171_NONSTANDARD,2171;2172,METHODS,OFFSHORE INSTALLATION,PROCEDURE,INSTALLATION PROCEDURE,2171-2172,,M002,1.00,2171-2172-PP-OF-036,METHOD STATEMENT FOR REPLACEMENT OF MECHANICAL CONNECTORS ON 48” CFL-34,,C,Issue Date (Actual) > Construction and Installation Procedure,,,,"{""Construction and Installation Procedure"":""44998""}",{},,,GDOC-d74ba0990057f4099d200ea8,SDOC-a36ff9979c97e80e68be175e,REV-67c636ac45bdf500a19fe2d2,EVT-34b914b5d4a4f5c226781b71,0,0,0,1,DATA/METHODS/2171-2172 -Document Deliverables LATEST.xlsx,2026-09-08T05:23:16Z,2171-2172,88,B88,INCLUDE,
M2171_NONSTANDARD,2171;2172,METHODS,OFFSHORE INSTALLATION,PROCEDURE,INSTALLATION PROCEDURE,2171-2172,,M002,1.00,2171-2172-PP-OF-036,METHOD STATEMENT FOR REPLACEMENT OF MECHANICAL CONNECTORS ON 48” CFL-34,,C,Outgoing Ref No. > Construction and Installation Procedure,,,,"{""Construction and Installation Procedure"":""T-102/23""}",{},,,GDOC-d74ba0990057f4099d200ea8,SDOC-a36ff9979c97e80e68be175e,REV-67c636ac45bdf500a19fe2d2,EVT-596631a9e0488a653ca10bff,0,0,0,0,DATA/METHODS/2171-2172 -Document Deliverables LATEST.xlsx,2026-09-08T05:23:16Z,2171-2172,88,B88,INCLUDE,
M2171_NONSTANDARD,2171;2172,METHODS,OFFSHORE INSTALLATION,PROCEDURE,INSTALLATION PROCEDURE,2171-2172,,M002,1.00,2171-2172-PP-OF-036,METHOD STATEMENT FOR REPLACEMENT OF MECHANICAL CONNECTORS ON 48” CFL-34,,C,#,,,,"{""#"":""24""}",{},,,GDOC-d74ba0990057f4099d200ea8,SDOC-a36ff9979c97e80e68be175e,REV-67c636ac45bdf500a19fe2d2,EVT-78890ef657b62eac4be9fefe,0,0,0,0,DATA/METHODS/2171-2172 -Document Deliverables LATEST.xlsx,2026-09-08T05:23:16Z,2171-2172,88,B88,INCLUDE,
M2171_NONSTANDARD,2171;2172,METHODS,OFFSHORE INSTALLATION,PROCEDURE,INSTALLATION PROCEDURE,2171-2172,,M002,1.00,2171-2172-PP-OF-036,METHOD STATEMENT FOR REPLACEMENT OF MECHANICAL CONNECTORS ON 48” CFL-34,,00,Outgoing Ref No. > Construction and Installation Procedure,,,,"{""Construction and Installation Procedure"":""T-121/23""}",{},,,GDOC-d74ba0990057f4099d200ea8,SDOC-a36ff9979c97e80e68be175e,REV-26426c68a2e3e00a9605b710,EVT-919385db867d2b2ebd5bebdb,0,0,1,0,DATA/METHODS/2171-2172 -Document Deliverables LATEST.xlsx,2026-09-08T05:23:16Z,2171-2172,89,B89,INCLUDE,
M2171_NONSTANDARD,2171;2172,METHODS,OFFSHORE INSTALLATION,PROCEDURE,INSTALLATION PROCEDURE,2171-2172,,M002,1.00,2171-2172-PP-OF-036,METHOD STATEMENT FOR REPLACEMENT OF MECHANICAL CONNECTORS ON 48” CFL-34,,00,#,,,,"{""#"":""24""}",{},,,GDOC-d74ba0990057f4099d200ea8,SDOC-a36ff9979c97e80e68be175e,REV-26426c68a2e3e00a9605b710,EVT-baf7c1c8aad1f13095414397,0,1,1,0,DATA/METHODS/2171-2172 -Document Deliverables LATEST.xlsx,2026-09-08T05:23:16Z,2171-2172,89,B89,INCLUDE,
M2171_NONSTANDARD,2171;2172,METHODS,OFFSHORE INSTALLATION,PROCEDURE,INSTALLATION PROCEDURE,2171-2172,,M002,1.00,2171-2172-PP-OF-036,METHOD STATEMENT FOR REPLACEMENT OF MECHANICAL CONNECTORS ON 48” CFL-34,,00,Issue Date (Actual) > Construction and Installation Procedure,,,,"{""Construction and Installation Procedure"":""45027""}",{},,,GDOC-d74ba0990057f4099d200ea8,SDOC-a36ff9979c97e80e68be175e,REV-26426c68a2e3e00a9605b710,EVT-e0020bf029be217138be6f67,0,0,1,1,DATA/METHODS/2171-2172 -Document Deliverables LATEST.xlsx,2026-09-08T05:23:16Z,2171-2172,89,B89,INCLUDE,
M2171_NONSTANDARD,2171;2172,METHODS,OFFSHORE INSTALLATION,PROCEDURE,INSTALLATION PROCEDURE,2171-2172,,M002,1.00,2171-2172-PP-OF-037,METHOD STATEMENT TO CONTAIN THE CRUDE SEEPAGE FROM MECHANICAL CONNECTORS AT CFL-34,,A1,Outgoing Ref No. > Construction and Installation Procedure,,,,"{""Construction and Installation Procedure"":""T-076/23""}",{},,,GDOC-aaa7e7ae1139859f21986a5c,SDOC-b84105f721b88e4706cde666,REV-3bab126bc48a0fe30996ffd3,EVT-6c8da3acf84ce8c8d6b87b7a,0,0,0,0,DATA/METHODS/2171-2172 -Document Deliverables LATEST.xlsx,2026-09-08T05:23:16Z,2171-2172,90,B90,INCLUDE,
M2171_NONSTANDARD,2171;2172,METHODS,OFFSHORE INSTALLATION,PROCEDURE,INSTALLATION PROCEDURE,2171-2172,,M002,1.00,2171-2172-PP-OF-037,METHOD STATEMENT TO CONTAIN THE CRUDE SEEPAGE FROM MECHANICAL CONNECTORS AT CFL-34,,A1,#,,,,"{""#"":""25""}",{},,,GDOC-aaa7e7ae1139859f21986a5c,SDOC-b84105f721b88e4706cde666,REV-3bab126bc48a0fe30996ffd3,EVT-7878a7bdcdbba4ad68e9d3d7,1,1,0,0,DATA/METHODS/2171-2172 -Document Deliverables LATEST.xlsx,2026-09-08T05:23:16Z,2171-2172,90,B90,INCLUDE,
M2171_NONSTANDARD,2171;2172,METHODS,OFFSHORE INSTALLATION,PROCEDURE,INSTALLATION PROCEDURE,2171-2172,,M002,1.00,2171-2172-PP-OF-037,METHOD STATEMENT TO CONTAIN THE CRUDE SEEPAGE FROM MECHANICAL CONNECTORS AT CFL-34,,A1,Issue Date (Actual) > Construction and Installation Procedure,,,,"{""Construction and Installation Procedure"":""44979""}",{},,,GDOC-aaa7e7ae1139859f21986a5c,SDOC-b84105f721b88e4706cde666,REV-3bab126bc48a0fe30996ffd3,EVT-d62b76d5186f32d7fc885ea1,0,0,0,1,DATA/METHODS/2171-2172 -Document Deliverables LATEST.xlsx,2026-09-08T05:23:16Z,2171-2172,90,B90,INCLUDE,
M2171_NONSTANDARD,2171;2172,METHODS,OFFSHORE INSTALLATION,PROCEDURE,INSTALLATION PROCEDURE,2171-2172,,M002,1.00,2171-2172-PP-OF-037,METHOD STATEMENT TO CONTAIN THE CRUDE SEEPAGE FROM MECHANICAL CONNECTORS AT CFL-34,,A,Issue Date (Actual) > Construction and Installation Procedure,,,,"{""Construction and Installation Procedure"":""44980""}",{},,,GDOC-aaa7e7ae1139859f21986a5c,SDOC-b84105f721b88e4706cde666,REV-16c305bc619c047c8ace2691,EVT-22916305d19562bb59e8aae8,0,0,0,1,DATA/METHODS/2171-2172 -Document Deliverables LATEST.xlsx,2026-09-08T05:23:16Z,2171-2172,91,B91,INCLUDE,
M2171_NONSTANDARD,2171;2172,METHODS,OFFSHORE INSTALLATION,PROCEDURE,INSTALLATION PROCEDURE,2171-2172,,M002,1.00,2171-2172-PP-OF-037,METHOD STATEMENT TO CONTAIN THE CRUDE SEEPAGE FROM MECHANICAL CONNECTORS AT CFL-34,,A,Outgoing Ref No. > Construction and Installation Procedure,,,,"{""Construction and Installation Procedure"":""T-080/23""}",{},,,GDOC-aaa7e7ae1139859f21986a5c,SDOC-b84105f721b88e4706cde666,REV-16c305bc619c047c8ace2691,EVT-5c7eab3c87fee7d6803835fa,0,0,0,0,DATA/METHODS/2171-2172 -Document Deliverables LATEST.xlsx,2026-09-08T05:23:16Z,2171-2172,91,B91,INCLUDE,
M2171_NONSTANDARD,2171;2172,METHODS,OFFSHORE INSTALLATION,PROCEDURE,INSTALLATION PROCEDURE,2171-2172,,M002,1.00,2171-2172-PP-OF-037,METHOD STATEMENT TO CONTAIN THE CRUDE SEEPAGE FROM MECHANICAL CONNECTORS AT CFL-34,,A,#,,,,"{""#"":""25""}",{},,,GDOC-aaa7e7ae1139859f21986a5c,SDOC-b84105f721b88e4706cde666,REV-16c305bc619c047c8ace2691,EVT-ae7620ac4b1bd6abc865a755,0,1,0,0,DATA/METHODS/2171-2172 -Document Deliverables LATEST.xlsx,2026-09-08T05:23:16Z,2171-2172,91,B91,INCLUDE,
M2171_NONSTANDARD,2171;2172,METHODS,OFFSHORE INSTALLATION,PROCEDURE,INSTALLATION PROCEDURE,2171-2172,,M002,1.00,2171-2172-PP-OF-037,METHOD STATEMENT TO CONTAIN THE CRUDE SEEPAGE FROM MECHANICAL CONNECTORS AT CFL-34,,B,#,,,,"{""#"":""25""}",{},,,GDOC-aaa7e7ae1139859f21986a5c,SDOC-b84105f721b88e4706cde666,REV-dfe646a3d6e981eca98718f4,EVT-35840662d7f1e56848e9df73,0,1,1,0,DATA/METHODS/2171-2172 -Document Deliverables LATEST.xlsx,2026-09-08T05:23:16Z,2171-2172,92,B92,INCLUDE,
M2171_NONSTANDARD,2171;2172,METHODS,OFFSHORE INSTALLATION,PROCEDURE,INSTALLATION PROCEDURE,2171-2172,,M002,1.00,2171-2172-PP-OF-037,METHOD STATEMENT TO CONTAIN THE CRUDE SEEPAGE FROM MECHANICAL CONNECTORS AT CFL-34,,B,Outgoing Ref No. > Construction and Installation Procedure,,,,"{""Construction and Installation Procedure"":""T-089/23""}",{},,,GDOC-aaa7e7ae1139859f21986a5c,SDOC-b84105f721b88e4706cde666,REV-dfe646a3d6e981eca98718f4,EVT-40363720b872f83ba3c98952,0,0,1,0,DATA/METHODS/2171-2172 -Document Deliverables LATEST.xlsx,2026-09-08T05:23:16Z,2171-2172,92,B92,INCLUDE,
M2171_NONSTANDARD,2171;2172,METHODS,OFFSHORE INSTALLATION,PROCEDURE,INSTALLATION PROCEDURE,2171-2172,,M002,1.00,2171-2172-PP-OF-037,METHOD STATEMENT TO CONTAIN THE CRUDE SEEPAGE FROM MECHANICAL CONNECTORS AT CFL-34,,B,Issue Date (Actual) > Construction and Installation Procedure,,,,"{""Construction and Installation Procedure"":""44987""}",{},,,GDOC-aaa7e7ae1139859f21986a5c,SDOC-b84105f721b88e4706cde666,REV-dfe646a3d6e981eca98718f4,EVT-b67f9f8496b21ec0b82dd4c1,0,0,1,1,DATA/METHODS/2171-2172 -Document Deliverables LATEST.xlsx,2026-09-08T05:23:16Z,2171-2172,92,B92,INCLUDE,
M2171_NONSTANDARD,2171;2172,METHODS,OFFSHORE INSTALLATION,PROCEDURE,INSTALLATION PROCEDURE,2171-2172,,M002,1.00,2171-2172-PP-OF-038,METHOD STATEMENT FOR DEPLOYING GRAVITY ANCHOR USING SAFEEN PRINCE AND AHT,,A,Issue Date (Actual) > Construction and Installation Procedure,,,,"{""Construction and Installation Procedure"":""44769""}",{},,,GDOC-0f7f49e7aabac774bc44cc53,SDOC-6063df0f3a2b40ebdbff2192,REV-784d0f4ee5eed6a0b00619cd,EVT-2cd8dc9aa298214ab1d66bfa,0,0,0,1,DATA/METHODS/2171-2172 -Document Deliverables LATEST.xlsx,2026-09-08T05:23:16Z,2171-2172,93,B93,INCLUDE,
M2171_NONSTANDARD,2171;2172,METHODS,OFFSHORE INSTALLATION,PROCEDURE,INSTALLATION PROCEDURE,2171-2172,,M002,1.00,2171-2172-PP-OF-038,METHOD STATEMENT FOR DEPLOYING GRAVITY ANCHOR USING SAFEEN PRINCE AND AHT,,A,#,,,,"{""#"":""26""}",{},,,GDOC-0f7f49e7aabac774bc44cc53,SDOC-6063df0f3a2b40ebdbff2192,REV-784d0f4ee5eed6a0b00619cd,EVT-6ab82aefdc2233da83285fd8,1,1,0,0,DATA/METHODS/2171-2172 -Document Deliverables LATEST.xlsx,2026-09-08T05:23:16Z,2171-2172,93,B93,INCLUDE,
M2171_NONSTANDARD,2171;2172,METHODS,OFFSHORE INSTALLATION,PROCEDURE,INSTALLATION PROCEDURE,2171-2172,,M002,1.00,2171-2172-PP-OF-038,METHOD STATEMENT FOR DEPLOYING GRAVITY ANCHOR USING SAFEEN PRINCE AND AHT,,A,Outgoing Ref No. > Construction and Installation Procedure,,,,"{""Construction and Installation Procedure"":""T-300/22""}",{},,,GDOC-0f7f49e7aabac774bc44cc53,SDOC-6063df0f3a2b40ebdbff2192,REV-784d0f4ee5eed6a0b00619cd,EVT-78dfc237435ba16e54b5e7aa,0,0,0,0,DATA/METHODS/2171-2172 -Document Deliverables LATEST.xlsx,2026-09-08T05:23:16Z,2171-2172,93,B93,INCLUDE,
M2171_NONSTANDARD,2171;2172,METHODS,OFFSHORE INSTALLATION,PROCEDURE,INSTALLATION PROCEDURE,2171-2172,,M002,1.00,2171-2172-PP-OF-038,METHOD STATEMENT FOR DEPLOYING GRAVITY ANCHOR USING SAFEEN PRINCE AND AHT,,,#,,,,"{""#"":""26""}",{},,,GDOC-0f7f49e7aabac774bc44cc53,SDOC-6063df0f3a2b40ebdbff2192,REV-e4f1e3bb900c4052335aee1b,EVT-5973fcdc545e361d3fea21b2,0,1,1,1,DATA/METHODS/2171-2172 -Document Deliverables LATEST.xlsx,2026-09-08T05:23:16Z,2171-2172,94,B94,INCLUDE,
M2171_NONSTANDARD,2171;2172,METHODS,OFFSHORE INSTALLATION,PROCEDURE,INSTALLATION PROCEDURE,2171-2172,,M002,1.00,2171-2172-PP-OF-039,"METHOD STATEMENT FOR INSPECTION 
OF HOT TAP CLAMPS AT CFL-32",,A1,#,,,,"{""#"":""27""}",{},,,GDOC-7c5ccf00ba8908d0facc5294,SDOC-d6683112fa67931384255cc8,REV-d8baceff57d0f767cb499ff0,EVT-04924b09eefb488cb25ec8fc,1,1,0,0,DATA/METHODS/2171-2172 -Document Deliverables LATEST.xlsx,2026-09-08T05:23:16Z,2171-2172,95,B95,INCLUDE,
M2171_NONSTANDARD,2171;2172,METHODS,OFFSHORE INSTALLATION,PROCEDURE,INSTALLATION PROCEDURE,2171-2172,,M002,1.00,2171-2172-PP-OF-039,"METHOD STATEMENT FOR INSPECTION 
OF HOT TAP CLAMPS AT CFL-32",,A1,Issue Date (Actual) > Construction and Installation Procedure,,,,"{""Construction and Installation Procedure"":""44875""}",{},,,GDOC-7c5ccf00ba8908d0facc5294,SDOC-d6683112fa67931384255cc8,REV-d8baceff57d0f767cb499ff0,EVT-b5ae2b26ece5c321deccbdc2,0,0,0,1,DATA/METHODS/2171-2172 -Document Deliverables LATEST.xlsx,2026-09-08T05:23:16Z,2171-2172,95,B95,INCLUDE,
M2171_NONSTANDARD,2171;2172,METHODS,OFFSHORE INSTALLATION,PROCEDURE,INSTALLATION PROCEDURE,2171-2172,,M002,1.00,2171-2172-PP-OF-039,"METHOD STATEMENT FOR INSPECTION 
OF HOT TAP CLAMPS AT CFL-32",,A1,Outgoing Ref No. > Construction and Installation Procedure,,,,"{""Construction and Installation Procedure"":""T-435/22""}",{},,,GDOC-7c5ccf00ba8908d0facc5294,SDOC-d6683112fa67931384255cc8,REV-d8baceff57d0f767cb499ff0,EVT-f2d6900fbbee1249b0b46649,0,0,0,0,DATA/METHODS/2171-2172 -Document Deliverables LATEST.xlsx,2026-09-08T05:23:16Z,2171-2172,95,B95,INCLUDE,
M2171_NONSTANDARD,2171;2172,METHODS,OFFSHORE INSTALLATION,PROCEDURE,INSTALLATION PROCEDURE,2171-2172,,M002,1.00,2171-2172-PP-OF-039,"METHOD STATEMENT FOR INSPECTION 
OF HOT TAP CLAMPS AT CFL-32",,A,#,,,,"{""#"":""27""}",{},,,GDOC-7c5ccf00ba8908d0facc5294,SDOC-d6683112fa67931384255cc8,REV-96a31125f238e11fe3d65099,EVT-413babecf6f8172c15daf0c7,0,1,0,0,DATA/METHODS/2171-2172 -Document Deliverables LATEST.xlsx,2026-09-08T05:23:16Z,2171-2172,96,B96,INCLUDE,
M2171_NONSTANDARD,2171;2172,METHODS,OFFSHORE INSTALLATION,PROCEDURE,INSTALLATION PROCEDURE,2171-2172,,M002,1.00,2171-2172-PP-OF-039,"METHOD STATEMENT FOR INSPECTION 
OF HOT TAP CLAMPS AT CFL-32",,A,Issue Date (Actual) > Construction and Installation Procedure,,,,"{""Construction and Installation Procedure"":""44881""}",{},,,GDOC-7c5ccf00ba8908d0facc5294,SDOC-d6683112fa67931384255cc8,REV-96a31125f238e11fe3d65099,EVT-7a87ea3b11b2a67597a55472,0,0,0,1,DATA/METHODS/2171-2172 -Document Deliverables LATEST.xlsx,2026-09-08T05:23:16Z,2171-2172,96,B96,INCLUDE,
M2171_NONSTANDARD,2171;2172,METHODS,OFFSHORE INSTALLATION,PROCEDURE,INSTALLATION PROCEDURE,2171-2172,,M002,1.00,2171-2172-PP-OF-039,"METHOD STATEMENT FOR INSPECTION 
OF HOT TAP CLAMPS AT CFL-32",,A,Outgoing Ref No. > Construction and Installation Procedure,,,,"{""Construction and Installation Procedure"":""T-444/22""}",{},,,GDOC-7c5ccf00ba8908d0facc5294,SDOC-d6683112fa67931384255cc8,REV-96a31125f238e11fe3d65099,EVT-8deb87f4d42b5be07873a88a,0,0,0,0,DATA/METHODS/2171-2172 -Document Deliverables LATEST.xlsx,2026-09-08T05:23:16Z,2171-2172,96,B96,INCLUDE,
M2171_NONSTANDARD,2171;2172,METHODS,OFFSHORE INSTALLATION,PROCEDURE,INSTALLATION PROCEDURE,2171-2172,,M002,1.00,2171-2172-PP-OF-039,"METHOD STATEMENT FOR INSPECTION 
OF HOT TAP CLAMPS AT CFL-32",,B,Issue Date (Actual) > Construction and Installation Procedure,,,,"{""Construction and Installation Procedure"":""44993""}",{},,,GDOC-7c5ccf00ba8908d0facc5294,SDOC-d6683112fa67931384255cc8,REV-af5b17d22a1b1d72dced1bc3,EVT-4b2b822b0db52fefa8fc5e3c,0,0,0,1,DATA/METHODS/2171-2172 -Document Deliverables LATEST.xlsx,2026-09-08T05:23:16Z,2171-2172,97,B97,INCLUDE,
M2171_NONSTANDARD,2171;2172,METHODS,OFFSHORE INSTALLATION,PROCEDURE,INSTALLATION PROCEDURE,2171-2172,,M002,1.00,2171-2172-PP-OF-039,"METHOD STATEMENT FOR INSPECTION 
OF HOT TAP CLAMPS AT CFL-32",,B,#,,,,"{""#"":""27""}",{},,,GDOC-7c5ccf00ba8908d0facc5294,SDOC-d6683112fa67931384255cc8,REV-af5b17d22a1b1d72dced1bc3,EVT-68313c4a4beb2bce32260c9c,0,1,0,0,DATA/METHODS/2171-2172 -Document Deliverables LATEST.xlsx,2026-09-08T05:23:16Z,2171-2172,97,B97,INCLUDE,
M2171_NONSTANDARD,2171;2172,METHODS,OFFSHORE INSTALLATION,PROCEDURE,INSTALLATION PROCEDURE,2171-2172,,M002,1.00,2171-2172-PP-OF-039,"METHOD STATEMENT FOR INSPECTION 
OF HOT TAP CLAMPS AT CFL-32",,B,Outgoing Ref No. > Construction and Installation Procedure,,,,"{""Construction and Installation Procedure"":""T-094/23""}",{},,,GDOC-7c5ccf00ba8908d0facc5294,SDOC-d6683112fa67931384255cc8,REV-af5b17d22a1b1d72dced1bc3,EVT-d16363762f7c90ea1a5afa9d,0,0,0,0,DATA/METHODS/2171-2172 -Document Deliverables LATEST.xlsx,2026-09-08T05:23:16Z,2171-2172,97,B97,INCLUDE,
M2171_NONSTANDARD,2171;2172,METHODS,OFFSHORE INSTALLATION,PROCEDURE,INSTALLATION PROCEDURE,2171-2172,,M002,1.00,2171-2172-PP-OF-039,"METHOD STATEMENT FOR INSPECTION 
OF HOT TAP CLAMPS AT CFL-32",,00,Issue Date (Actual) > Construction and Installation Procedure,,,,"{""Construction and Installation Procedure"":""45001""}",{},,,GDOC-7c5ccf00ba8908d0facc5294,SDOC-d6683112fa67931384255cc8,REV-756f40b958441c5890b9f20f,EVT-24c992316902f8a1de0d64cd,0,0,0,1,DATA/METHODS/2171-2172 -Document Deliverables LATEST.xlsx,2026-09-08T05:23:16Z,2171-2172,98,B98,INCLUDE,
M2171_NONSTANDARD,2171;2172,METHODS,OFFSHORE INSTALLATION,PROCEDURE,INSTALLATION PROCEDURE,2171-2172,,M002,1.00,2171-2172-PP-OF-039,"METHOD STATEMENT FOR INSPECTION 
OF HOT TAP CLAMPS AT CFL-32",,00,Outgoing Ref No. > Construction and Installation Procedure,,,,"{""Construction and Installation Procedure"":""T-108/23""}",{},,,GDOC-7c5ccf00ba8908d0facc5294,SDOC-d6683112fa67931384255cc8,REV-756f40b958441c5890b9f20f,EVT-7c2d6e5cfae6006ce47e68cf,0,0,0,0,DATA/METHODS/2171-2172 -Document Deliverables LATEST.xlsx,2026-09-08T05:23:16Z,2171-2172,98,B98,INCLUDE,
M2171_NONSTANDARD,2171;2172,METHODS,OFFSHORE INSTALLATION,PROCEDURE,INSTALLATION PROCEDURE,2171-2172,,M002,1.00,2171-2172-PP-OF-039,"METHOD STATEMENT FOR INSPECTION 
OF HOT TAP CLAMPS AT CFL-32",,00,#,,,,"{""#"":""27""}",{},,,GDOC-7c5ccf00ba8908d0facc5294,SDOC-d6683112fa67931384255cc8,REV-756f40b958441c5890b9f20f,EVT-9a49f5b7a1c9c5c80a9dd9a6,0,1,0,0,DATA/METHODS/2171-2172 -Document Deliverables LATEST.xlsx,2026-09-08T05:23:16Z,2171-2172,98,B98,INCLUDE,
M2171_NONSTANDARD,2171;2172,METHODS,OFFSHORE INSTALLATION,PROCEDURE,INSTALLATION PROCEDURE,2171-2172,,M002,1.00,2171-2172-PP-OF-039,"METHOD STATEMENT FOR INSPECTION 
OF HOT TAP CLAMPS AT CFL-32",,00A,Issue Date (Actual) > Construction and Installation Procedure,,,,"{""Construction and Installation Procedure"":""45043""}",{},,,GDOC-7c5ccf00ba8908d0facc5294,SDOC-d6683112fa67931384255cc8,REV-5ec7d2335c5d8a4771c7ff74,EVT-56e2f8b314115f000615fd0d,0,0,1,1,DATA/METHODS/2171-2172 -Document Deliverables LATEST.xlsx,2026-09-08T05:23:16Z,2171-2172,99,B99,INCLUDE,
M2171_NONSTANDARD,2171;2172,METHODS,OFFSHORE INSTALLATION,PROCEDURE,INSTALLATION PROCEDURE,2171-2172,,M002,1.00,2171-2172-PP-OF-039,"METHOD STATEMENT FOR INSPECTION 
OF HOT TAP CLAMPS AT CFL-32",,00A,Outgoing Ref No. > Construction and Installation Procedure,,,,"{""Construction and Installation Procedure"":""T-140/23""}",{},,,GDOC-7c5ccf00ba8908d0facc5294,SDOC-d6683112fa67931384255cc8,REV-5ec7d2335c5d8a4771c7ff74,EVT-7171b55e1dd88aa6a09ede9b,0,0,1,0,DATA/METHODS/2171-2172 -Document Deliverables LATEST.xlsx,2026-09-08T05:23:16Z,2171-2172,99,B99,INCLUDE,
M2171_NONSTANDARD,2171;2172,METHODS,OFFSHORE INSTALLATION,PROCEDURE,INSTALLATION PROCEDURE,2171-2172,,M002,1.00,2171-2172-PP-OF-039,"METHOD STATEMENT FOR INSPECTION 
OF HOT TAP CLAMPS AT CFL-32",,00A,#,,,,"{""#"":""27""}",{},,,GDOC-7c5ccf00ba8908d0facc5294,SDOC-d6683112fa67931384255cc8,REV-5ec7d2335c5d8a4771c7ff74,EVT-77766e664c80270bd277014d,0,1,1,0,DATA/METHODS/2171-2172 -Document Deliverables LATEST.xlsx,2026-09-08T05:23:16Z,2171-2172,99,B99,INCLUDE,
M2171_NONSTANDARD,2171;2172,METHODS,OFFSHORE INSTALLATION,PROCEDURE,INSTALLATION PROCEDURE,2171-2172,,M002,1.00,2171-2172-PP-OF-040,SUBSEA ANTI CORROSION COATING PROCEDURE,,A1,Outgoing Ref No. > Construction and Installation Procedure,,,,"{""Construction and Installation Procedure"":""T-436/22""}",{},,,GDOC-9a9b7c611f641903aad5d1d3,SDOC-d4442b58306347e6a0ff07eb,REV-da55148d37e71b70dace0d05,EVT-7e826b904583e78da2679810,0,0,0,0,DATA/METHODS/2171-2172 -Document Deliverables LATEST.xlsx,2026-09-08T05:23:16Z,2171-2172,100,B100,INCLUDE,
M2171_NONSTANDARD,2171;2172,METHODS,OFFSHORE INSTALLATION,PROCEDURE,INSTALLATION PROCEDURE,2171-2172,,M002,1.00,2171-2172-PP-OF-040,SUBSEA ANTI CORROSION COATING PROCEDURE,,A1,#,,,,"{""#"":""28""}",{},,,GDOC-9a9b7c611f641903aad5d1d3,SDOC-d4442b58306347e6a0ff07eb,REV-da55148d37e71b70dace0d05,EVT-bd701ae15f5a23c5a161213e,1,1,0,0,DATA/METHODS/2171-2172 -Document Deliverables LATEST.xlsx,2026-09-08T05:23:16Z,2171-2172,100,B100,INCLUDE,
M2171_NONSTANDARD,2171;2172,METHODS,OFFSHORE INSTALLATION,PROCEDURE,INSTALLATION PROCEDURE,2171-2172,,M002,1.00,2171-2172-PP-OF-040,SUBSEA ANTI CORROSION COATING PROCEDURE,,A1,Issue Date (Actual) > Construction and Installation Procedure,,,,"{""Construction and Installation Procedure"":""44876""}",{},,,GDOC-9a9b7c611f641903aad5d1d3,SDOC-d4442b58306347e6a0ff07eb,REV-da55148d37e71b70dace0d05,EVT-e8d455ae0d26b96d0a971554,0,0,0,1,DATA/METHODS/2171-2172 -Document Deliverables LATEST.xlsx,2026-09-08T05:23:16Z,2171-2172,100,B100,INCLUDE,
M2171_NONSTANDARD,2171;2172,METHODS,OFFSHORE INSTALLATION,PROCEDURE,INSTALLATION PROCEDURE,2171-2172,,M002,1.00,2171-2172-PP-OF-040,SUBSEA ANTI CORROSION COATING PROCEDURE,,A,Issue Date (Actual) > Construction and Installation Procedure,,,,"{""Construction and Installation Procedure"":""44879""}",{},,,GDOC-9a9b7c611f641903aad5d1d3,SDOC-d4442b58306347e6a0ff07eb,REV-7ec59b33efbe2d09cd26fc9b,EVT-709a9eee654b8454ede06f15,0,0,0,1,DATA/METHODS/2171-2172 -Document Deliverables LATEST.xlsx,2026-09-08T05:23:16Z,2171-2172,101,B101,INCLUDE,
M2171_NONSTANDARD,2171;2172,METHODS,OFFSHORE INSTALLATION,PROCEDURE,INSTALLATION PROCEDURE,2171-2172,,M002,1.00,2171-2172-PP-OF-040,SUBSEA ANTI CORROSION COATING PROCEDURE,,A,#,,,,"{""#"":""28""}",{},,,GDOC-9a9b7c611f641903aad5d1d3,SDOC-d4442b58306347e6a0ff07eb,REV-7ec59b33efbe2d09cd26fc9b,EVT-7a54cf16352602c5a7c3baa5,0,1,0,0,DATA/METHODS/2171-2172 -Document Deliverables LATEST.xlsx,2026-09-08T05:23:16Z,2171-2172,101,B101,INCLUDE,
M2171_NONSTANDARD,2171;2172,METHODS,OFFSHORE INSTALLATION,PROCEDURE,INSTALLATION PROCEDURE,2171-2172,,M002,1.00,2171-2172-PP-OF-040,SUBSEA ANTI CORROSION COATING PROCEDURE,,A,Outgoing Ref No. > Construction and Installation Procedure,,,,"{""Construction and Installation Procedure"":""T-438/22""}",{},,,GDOC-9a9b7c611f641903aad5d1d3,SDOC-d4442b58306347e6a0ff07eb,REV-7ec59b33efbe2d09cd26fc9b,EVT-9ec3beee3e4d2572d81843a7,0,0,0,0,DATA/METHODS/2171-2172 -Document Deliverables LATEST.xlsx,2026-09-08T05:23:16Z,2171-2172,101,B101,INCLUDE,
M2171_NONSTANDARD,2171;2172,METHODS,OFFSHORE INSTALLATION,PROCEDURE,INSTALLATION PROCEDURE,2171-2172,,M002,1.00,2171-2172-PP-OF-040,SUBSEA ANTI CORROSION COATING PROCEDURE,,B,Issue Date (Actual) > Construction and Installation Procedure,,,,"{""Construction and Installation Procedure"":""45002""}",{},,,GDOC-9a9b7c611f641903aad5d1d3,SDOC-d4442b58306347e6a0ff07eb,REV-4e0ddde112aa782d9bb1c08c,EVT-18f4bb0ccb0aec51681feb14,0,0,0,1,DATA/METHODS/2171-2172 -Document Deliverables LATEST.xlsx,2026-09-08T05:23:16Z,2171-2172,102,B102,INCLUDE,
M2171_NONSTANDARD,2171;2172,METHODS,OFFSHORE INSTALLATION,PROCEDURE,INSTALLATION PROCEDURE,2171-2172,,M002,1.00,2171-2172-PP-OF-040,SUBSEA ANTI CORROSION COATING PROCEDURE,,B,#,,,,"{""#"":""28""}",{},,,GDOC-9a9b7c611f641903aad5d1d3,SDOC-d4442b58306347e6a0ff07eb,REV-4e0ddde112aa782d9bb1c08c,EVT-2550d4183f41302ce4e895f1,0,1,0,0,DATA/METHODS/2171-2172 -Document Deliverables LATEST.xlsx,2026-09-08T05:23:16Z,2171-2172,102,B102,INCLUDE,
M2171_NONSTANDARD,2171;2172,METHODS,OFFSHORE INSTALLATION,PROCEDURE,INSTALLATION PROCEDURE,2171-2172,,M002,1.00,2171-2172-PP-OF-040,SUBSEA ANTI CORROSION COATING PROCEDURE,,B,Outgoing Ref No. > Construction and Installation Procedure,,,,"{""Construction and Installation Procedure"":""T-111/23""}",{},,,GDOC-9a9b7c611f641903aad5d1d3,SDOC-d4442b58306347e6a0ff07eb,REV-4e0ddde112aa782d9bb1c08c,EVT-93774a40e77430cf9cf18725,0,0,0,0,DATA/METHODS/2171-2172 -Document Deliverables LATEST.xlsx,2026-09-08T05:23:16Z,2171-2172,102,B102,INCLUDE,
M2171_NONSTANDARD,2171;2172,METHODS,OFFSHORE INSTALLATION,PROCEDURE,INSTALLATION PROCEDURE,2171-2172,,M002,1.00,2171-2172-PP-OF-040,SUBSEA ANTI CORROSION COATING PROCEDURE,,C,#,,,,"{""#"":""28""}",{},,,GDOC-9a9b7c611f641903aad5d1d3,SDOC-d4442b58306347e6a0ff07eb,REV-6b128f0a92682b3a6442dfe7,EVT-4bfc1c2ac3ef1fe90d4f9d49,0,1,1,1,DATA/METHODS/2171-2172 -Document Deliverables LATEST.xlsx,2026-09-08T05:23:16Z,2171-2172,103,B103,INCLUDE,
M2171_NONSTANDARD,2171;2172,METHODS,OFFSHORE INSTALLATION,PROCEDURE,INSTALLATION PROCEDURE,2171-2172,,M002,1.00,2171-2172-PP-OF-043,PROCEDURE FOR REMEDIAL WORKS FOR INSTALLATION OF NEW HOT TAP CLAMPS AND NEW MECHANICAL CONNECTORS ON 48” CFL 34 REMEDIAL,,A,#,,,,"{""#"":""29""}",{},,,GDOC-3537f14df824e5d2bb753a85,SDOC-f8a1c0970e2c98fb4eb97696,REV-b4aee3acab296537de2d5ccd,EVT-25c529da16d7cd0c62947847,1,1,1,0,DATA/METHODS/2171-2172 -Document Deliverables LATEST.xlsx,2026-09-08T05:23:16Z,2171-2172,104,B104,INCLUDE,
M2171_NONSTANDARD,2171;2172,METHODS,OFFSHORE INSTALLATION,PROCEDURE,INSTALLATION PROCEDURE,2171-2172,,M002,1.00,2171-2172-PP-OF-043,PROCEDURE FOR REMEDIAL WORKS FOR INSTALLATION OF NEW HOT TAP CLAMPS AND NEW MECHANICAL CONNECTORS ON 48” CFL 34 REMEDIAL,,A,Issue Date (Actual) > Construction and Installation Procedure,,,,"{""Construction and Installation Procedure"":""45125""}",{},,,GDOC-3537f14df824e5d2bb753a85,SDOC-f8a1c0970e2c98fb4eb97696,REV-b4aee3acab296537de2d5ccd,EVT-5183cfcd22093fb241fc7f79,0,0,1,1,DATA/METHODS/2171-2172 -Document Deliverables LATEST.xlsx,2026-09-08T05:23:16Z,2171-2172,104,B104,INCLUDE,
M2171_NONSTANDARD,2171;2172,METHODS,OFFSHORE INSTALLATION,PROCEDURE,INSTALLATION PROCEDURE,2171-2172,,M002,1.00,2171-2172-PP-OF-043,PROCEDURE FOR REMEDIAL WORKS FOR INSTALLATION OF NEW HOT TAP CLAMPS AND NEW MECHANICAL CONNECTORS ON 48” CFL 34 REMEDIAL,,A,Outgoing Ref No. > Construction and Installation Procedure,,,,"{""Construction and Installation Procedure"":""T-218/23""}",{},,,GDOC-3537f14df824e5d2bb753a85,SDOC-f8a1c0970e2c98fb4eb97696,REV-b4aee3acab296537de2d5ccd,EVT-ee8fedb59ee66699f48cd954,0,0,1,0,DATA/METHODS/2171-2172 -Document Deliverables LATEST.xlsx,2026-09-08T05:23:16Z,2171-2172,104,B104,INCLUDE,
M2171_NONSTANDARD,2171;2172,METHODS,OFFSHORE INSTALLATION,PROCEDURE,INSTALLATION PROCEDURE,2171-2172,,M002,1.00,2171-2172-PP-OF-044,"PROCEDURE FOR THE PREPARATORY WORKS 
PRIOR TO REMEDIATION BY FLUSHING AT CFL-34",,A,Outgoing Ref No. > Construction and Installation Procedure,,,,"{""Construction and Installation Procedure"":""PMT ISSUED""}","{""Remarks > Construction and Installation Procedure"":""PMT ISSUED""}",,,GDOC-071edc322bd957090f375d46,SDOC-46d5225c6d73e37e3e2bdb5f,REV-cc62bb1aec1d7453fccac9b5,EVT-49c38aeb3e7717fd142c20ab,0,0,1,0,DATA/METHODS/2171-2172 -Document Deliverables LATEST.xlsx,2026-09-08T05:23:16Z,2171-2172,105,B105,INCLUDE,
M2171_NONSTANDARD,2171;2172,METHODS,OFFSHORE INSTALLATION,PROCEDURE,INSTALLATION PROCEDURE,2171-2172,,M002,1.00,2171-2172-PP-OF-044,"PROCEDURE FOR THE PREPARATORY WORKS 
PRIOR TO REMEDIATION BY FLUSHING AT CFL-34",,A,#,,,,"{""#"":""30""}","{""Remarks > Construction and Installation Procedure"":""PMT ISSUED""}",,,GDOC-071edc322bd957090f375d46,SDOC-46d5225c6d73e37e3e2bdb5f,REV-cc62bb1aec1d7453fccac9b5,EVT-82ac87a18d6f83963f0035a2,1,1,1,0,DATA/METHODS/2171-2172 -Document Deliverables LATEST.xlsx,2026-09-08T05:23:16Z,2171-2172,105,B105,INCLUDE,
M2171_NONSTANDARD,2171;2172,METHODS,OFFSHORE INSTALLATION,PROCEDURE,INSTALLATION PROCEDURE,2171-2172,,M002,1.00,2171-2172-PP-OF-044,"PROCEDURE FOR THE PREPARATORY WORKS 
PRIOR TO REMEDIATION BY FLUSHING AT CFL-34",,A,Issue Date (Actual) > Construction and Installation Procedure,,,,"{""Construction and Installation Procedure"":""PMT ISSUED""}","{""Remarks > Construction and Installation Procedure"":""PMT ISSUED""}",,,GDOC-071edc322bd957090f375d46,SDOC-46d5225c6d73e37e3e2bdb5f,REV-cc62bb1aec1d7453fccac9b5,EVT-875a916ac32364ef2123bc47,0,0,1,1,DATA/METHODS/2171-2172 -Document Deliverables LATEST.xlsx,2026-09-08T05:23:16Z,2171-2172,105,B105,INCLUDE,
M2171_NONSTANDARD,2171;2172,METHODS,OFFSHORE INSTALLATION,PROCEDURE,INSTALLATION PROCEDURE,2171-2172,,M002,1.00,2171-2172-PP-OF-047,PROCEDURE FOR REMEDIAL WORKS AND INSTALLATION OF NEW MECHANICAL CONNECTORS ON 48” CFL 34 REMEDIAL,,A,Issue Date (Actual) > Construction and Installation Procedure,,,,"{""Construction and Installation Procedure"":""45240""}",{},,,GDOC-91a5a5e085c67d979e710bd9,SDOC-75b94e689308303622691408,REV-9db169eb065ea623b85ab1dd,EVT-45eed5850e3295fb34d445bb,0,0,0,1,DATA/METHODS/2171-2172 -Document Deliverables LATEST.xlsx,2026-09-08T05:23:16Z,2171-2172,106,B106,INCLUDE,
M2171_NONSTANDARD,2171;2172,METHODS,OFFSHORE INSTALLATION,PROCEDURE,INSTALLATION PROCEDURE,2171-2172,,M002,1.00,2171-2172-PP-OF-047,PROCEDURE FOR REMEDIAL WORKS AND INSTALLATION OF NEW MECHANICAL CONNECTORS ON 48” CFL 34 REMEDIAL,,A,#,,,,"{""#"":""31""}",{},,,GDOC-91a5a5e085c67d979e710bd9,SDOC-75b94e689308303622691408,REV-9db169eb065ea623b85ab1dd,EVT-50c6522f46f1fba91aa27589,1,1,0,0,DATA/METHODS/2171-2172 -Document Deliverables LATEST.xlsx,2026-09-08T05:23:16Z,2171-2172,106,B106,INCLUDE,
M2171_NONSTANDARD,2171;2172,METHODS,OFFSHORE INSTALLATION,PROCEDURE,INSTALLATION PROCEDURE,2171-2172,,M002,1.00,2171-2172-PP-OF-047,PROCEDURE FOR REMEDIAL WORKS AND INSTALLATION OF NEW MECHANICAL CONNECTORS ON 48” CFL 34 REMEDIAL,,A,Outgoing Ref No. > Construction and Installation Procedure,,,,"{""Construction and Installation Procedure"":""T-343/23""}",{},,,GDOC-91a5a5e085c67d979e710bd9,SDOC-75b94e689308303622691408,REV-9db169eb065ea623b85ab1dd,EVT-9b9617c1159774d27bb35114,0,0,0,0,DATA/METHODS/2171-2172 -Document Deliverables LATEST.xlsx,2026-09-08T05:23:16Z,2171-2172,106,B106,INCLUDE,
M2171_NONSTANDARD,2171;2172,METHODS,OFFSHORE INSTALLATION,PROCEDURE,INSTALLATION PROCEDURE,2171-2172,,M002,1.00,2171-2172-PP-OF-047,PROCEDURE FOR REMEDIAL WORKS AND INSTALLATION OF NEW MECHANICAL CONNECTORS ON 48” CFL 34 REMEDIAL,,B,Outgoing Ref No. > Construction and Installation Procedure,,,,"{""Construction and Installation Procedure"":""T-114/24""}",{},,,GDOC-91a5a5e085c67d979e710bd9,SDOC-75b94e689308303622691408,REV-321fc98b2bef13e63aba6fab,EVT-57ef3153ef5474bfcf76eac6,0,0,1,0,DATA/METHODS/2171-2172 -Document Deliverables LATEST.xlsx,2026-09-08T05:23:16Z,2171-2172,107,B107,INCLUDE,
M2171_NONSTANDARD,2171;2172,METHODS,OFFSHORE INSTALLATION,PROCEDURE,INSTALLATION PROCEDURE,2171-2172,,M002,1.00,2171-2172-PP-OF-047,PROCEDURE FOR REMEDIAL WORKS AND INSTALLATION OF NEW MECHANICAL CONNECTORS ON 48” CFL 34 REMEDIAL,,B,Issue Date (Actual) > Construction and Installation Procedure,,,,"{""Construction and Installation Procedure"":""45364""}",{},,,GDOC-91a5a5e085c67d979e710bd9,SDOC-75b94e689308303622691408,REV-321fc98b2bef13e63aba6fab,EVT-a2b865df5c66747a34f6f35f,0,0,1,1,DATA/METHODS/2171-2172 -Document Deliverables LATEST.xlsx,2026-09-08T05:23:16Z,2171-2172,107,B107,INCLUDE,
M2171_NONSTANDARD,2171;2172,METHODS,OFFSHORE INSTALLATION,PROCEDURE,INSTALLATION PROCEDURE,2171-2172,,M002,1.00,2171-2172-PP-OF-047,PROCEDURE FOR REMEDIAL WORKS AND INSTALLATION OF NEW MECHANICAL CONNECTORS ON 48” CFL 34 REMEDIAL,,B,#,,,,"{""#"":""31""}",{},,,GDOC-91a5a5e085c67d979e710bd9,SDOC-75b94e689308303622691408,REV-321fc98b2bef13e63aba6fab,EVT-eafc03f93011afcb6f1e3c8b,0,1,1,0,DATA/METHODS/2171-2172 -Document Deliverables LATEST.xlsx,2026-09-08T05:23:16Z,2171-2172,107,B107,INCLUDE,
M2369_PROC,2369,METHODS,OFFSHORE INSTALLATION,PROCEDURE,INSTALLATION PROCEDURE,Installation Procedures ,,M001,0.95,2369-PP-OF-003,MIDLINE TIE-IN INSTALLATION PROCEDURE,AD-27-G-80020,A1,NMDC > SUBMISSION STATUS > MethodS TO PMT,2023-12-27,T-389/23,,"{""DATE"":""2023-12-27"",""REF"":""T-389/23""}",{},,,GDOC-66a503800547e4f9be8be47a,SDOC-1edc715af342d1b074071afd,REV-a33db3d3a1d786e21e8b781b,EVT-bb8ef7725863db6829ae7bf3,1,1,0,1,DATA/METHODS/1 Completed Project  Deliverables/2369 - NMGL Delivarables.xlsx,2025-08-11T10:21:59Z,Installation Procedures ,9,C9,INCLUDE,
M2369_PROC,2369,METHODS,OFFSHORE INSTALLATION,PROCEDURE,INSTALLATION PROCEDURE,Installation Procedures ,,M001,0.95,2369-PP-OF-003,MIDLINE TIE-IN INSTALLATION PROCEDURE,AD-27-G-80020,1,NMDC > SUBMISSION STATUS > MethodS TO PMT,2024-08-14,T-364/24,,"{""DATE"":""2024-08-14"",""REF"":""T-364/24""}",{},,,GDOC-66a503800547e4f9be8be47a,SDOC-1edc715af342d1b074071afd,REV-124577df4c05148d1d7c623d,EVT-9bd37fb475ba9a9454e42fcd,0,1,0,1,DATA/METHODS/1 Completed Project  Deliverables/2369 - NMGL Delivarables.xlsx,2025-08-11T10:21:59Z,Installation Procedures ,10,C10,INCLUDE,
M2369_PROC,2369,METHODS,OFFSHORE INSTALLATION,PROCEDURE,INSTALLATION PROCEDURE,Installation Procedures ,,M001,0.95,2369-PP-OF-003,MIDLINE TIE-IN INSTALLATION PROCEDURE,AD-27-G-80020,2,NMDC > SUBMISSION STATUS > MethodS TO PMT,2024-11-07,T-546/24,,"{""DATE"":""2024-11-07"",""REF"":""T-546/24""}",{},,,GDOC-66a503800547e4f9be8be47a,SDOC-1edc715af342d1b074071afd,REV-ba3e2b5bd61f55260ecd445d,EVT-3324727808dfa4e3c360806a,0,1,0,1,DATA/METHODS/1 Completed Project  Deliverables/2369 - NMGL Delivarables.xlsx,2025-08-11T10:21:59Z,Installation Procedures ,11,C11,INCLUDE,
M2369_PROC,2369,METHODS,OFFSHORE INSTALLATION,PROCEDURE,INSTALLATION PROCEDURE,Installation Procedures ,,M001,0.95,2369-PP-OF-003,MIDLINE TIE-IN INSTALLATION PROCEDURE,AD-27-G-80020,3,SUBMISSION STATUS > PMT TO MWS,2025-02-18,SAF190-MCE-NPCC-T-075,,"{""DATE"":""2025-02-18"",""REF"":""SAF190-MCE-NPCC-T-075""}",{},,,GDOC-66a503800547e4f9be8be47a,SDOC-1edc715af342d1b074071afd,REV-d5ef1ddac63bb5b97bd0c8b6,EVT-08d5cef5067cc69a2db3ccd3,0,0,1,0,DATA/METHODS/1 Completed Project  Deliverables/2369 - NMGL Delivarables.xlsx,2025-08-11T10:21:59Z,Installation Procedures ,12,C12,INCLUDE,
M2369_PROC,2369,METHODS,OFFSHORE INSTALLATION,PROCEDURE,INSTALLATION PROCEDURE,Installation Procedures ,,M001,0.95,2369-PP-OF-003,MIDLINE TIE-IN INSTALLATION PROCEDURE,AD-27-G-80020,3,NMDC > SUBMISSION STATUS > PMT TO ADNOC,2025-02-11,2369-NPCC-ADNOC-T-01294,,"{""DATE"":""2025-02-11"",""REF"":""2369-NPCC-ADNOC-T-01294""}",{},,,GDOC-66a503800547e4f9be8be47a,SDOC-1edc715af342d1b074071afd,REV-d5ef1ddac63bb5b97bd0c8b6,EVT-098ee938ccd6ac490cb46a0c,0,0,1,0,DATA/METHODS/1 Completed Project  Deliverables/2369 - NMGL Delivarables.xlsx,2025-08-11T10:21:59Z,Installation Procedures ,12,C12,INCLUDE,
M2369_PROC,2369,METHODS,OFFSHORE INSTALLATION,PROCEDURE,INSTALLATION PROCEDURE,Installation Procedures ,,M001,0.95,2369-PP-OF-003,MIDLINE TIE-IN INSTALLATION PROCEDURE,AD-27-G-80020,3,ADNOC OFFSHORE > APPROVAL STATUS > FROM CLIENT,2025-02-13,11689-E-O-T-EPC-IFC-000059,1 - Approved,"{""CODE"":""1 - Approved"",""DATE"":""2025-02-13"",""REF"":""11689-E-O-T-EPC-IFC-000059""}",{},,,GDOC-66a503800547e4f9be8be47a,SDOC-1edc715af342d1b074071afd,REV-d5ef1ddac63bb5b97bd0c8b6,EVT-d1d9ceda17225e75c326e1f3,0,0,1,0,DATA/METHODS/1 Completed Project  Deliverables/2369 - NMGL Delivarables.xlsx,2025-08-11T10:21:59Z,Installation Procedures ,12,C12,INCLUDE,
M2369_PROC,2369,METHODS,OFFSHORE INSTALLATION,PROCEDURE,INSTALLATION PROCEDURE,Installation Procedures ,,M001,0.95,2369-PP-OF-003,MIDLINE TIE-IN INSTALLATION PROCEDURE,AD-27-G-80020,3,NMDC > SUBMISSION STATUS > MethodS TO PMT,2025-02-06,T-067/25,,"{""DATE"":""2025-02-06"",""REF"":""T-067/25""}",{},,,GDOC-66a503800547e4f9be8be47a,SDOC-1edc715af342d1b074071afd,REV-d5ef1ddac63bb5b97bd0c8b6,EVT-ed776320c8fc7ff65a6de2e2,0,1,1,0,DATA/METHODS/1 Completed Project  Deliverables/2369 - NMGL Delivarables.xlsx,2025-08-11T10:21:59Z,Installation Procedures ,12,C12,INCLUDE,
M2369_PROC,2369,METHODS,OFFSHORE INSTALLATION,PROCEDURE,INSTALLATION PROCEDURE,Installation Procedures ,,M001,0.95,2369-PP-OF-003,MIDLINE TIE-IN INSTALLATION PROCEDURE,AD-27-G-80020,3,APPROVAL STATUS > STATUS FROM MWS,2025-02-18,SAF190-MCE-NPCC-T-075,1-Approved,"{""CODE"":""1-Approved"",""DATE"":""2025-02-18"",""REF"":""SAF190-MCE-NPCC-T-075""}",{},,,GDOC-66a503800547e4f9be8be47a,SDOC-1edc715af342d1b074071afd,REV-d5ef1ddac63bb5b97bd0c8b6,EVT-f0f922c2f97376daaddb2c26,0,0,1,1,DATA/METHODS/1 Completed Project  Deliverables/2369 - NMGL Delivarables.xlsx,2025-08-11T10:21:59Z,Installation Procedures ,12,C12,INCLUDE,
M2369_PROC,2369,METHODS,OFFSHORE INSTALLATION,PROCEDURE,INSTALLATION PROCEDURE,Installation Procedures ,,M001,0.95,2369-PP-OF-016,ANCHOR HANDLING AND MOORING PROCEDURE FOR FLOATING BARGES,AD-27-G-80046,A1,NMDC > SUBMISSION STATUS > MethodS TO PMT,2023-08-30,T-255/23,,"{""DATE"":""2023-08-30"",""REF"":""T-255/23""}",{},,,GDOC-16ae6446688847b0bbd82f43,SDOC-14dcfa5365023a64c5d9cf9e,REV-c147c8315d1fe2ee5958cdb0,EVT-f07ab859d27787154dd6a141,1,1,0,1,DATA/METHODS/1 Completed Project  Deliverables/2369 - NMGL Delivarables.xlsx,2025-08-11T10:21:59Z,Installation Procedures ,13,C13,INCLUDE,
M2369_PROC,2369,METHODS,OFFSHORE INSTALLATION,PROCEDURE,INSTALLATION PROCEDURE,Installation Procedures ,,M001,0.95,2369-PP-OF-016,ANCHOR HANDLING AND MOORING PROCEDURE FOR FLOATING BARGES,AD-27-G-80046,1,NMDC > SUBMISSION STATUS > MethodS TO PMT,2023-11-28,T-357/23,,"{""DATE"":""2023-11-28"",""REF"":""T-357/23""}",{},,,GDOC-16ae6446688847b0bbd82f43,SDOC-14dcfa5365023a64c5d9cf9e,REV-635bb3071e47e9ca531cc006,EVT-10dab345327fb3f29bb97306,0,1,0,1,DATA/METHODS/1 Completed Project  Deliverables/2369 - NMGL Delivarables.xlsx,2025-08-11T10:21:59Z,Installation Procedures ,14,C14,INCLUDE,
M2369_PROC,2369,METHODS,OFFSHORE INSTALLATION,PROCEDURE,INSTALLATION PROCEDURE,Installation Procedures ,,M001,0.95,2369-PP-OF-016,ANCHOR HANDLING AND MOORING PROCEDURE FOR FLOATING BARGES,AD-27-G-80046,2,ADNOC OFFSHORE > APPROVAL STATUS > FROM CLIENT,2024-11-04,11689-E-O-T-EPC-IFC-000047,2 - Approved with Comments,"{""CODE"":""2 - Approved with Comments"",""DATE"":""2024-11-04"",""REF"":""11689-E-O-T-EPC-IFC-000047""}",{},,,GDOC-16ae6446688847b0bbd82f43,SDOC-14dcfa5365023a64c5d9cf9e,REV-18baf8f43dfb084300b9066a,EVT-459346dde076c1cf8e0933ae,0,0,0,1,DATA/METHODS/1 Completed Project  Deliverables/2369 - NMGL Delivarables.xlsx,2025-08-11T10:21:59Z,Installation Procedures ,15,C15,INCLUDE,
M2369_PROC,2369,METHODS,OFFSHORE INSTALLATION,PROCEDURE,INSTALLATION PROCEDURE,Installation Procedures ,,M001,0.95,2369-PP-OF-016,ANCHOR HANDLING AND MOORING PROCEDURE FOR FLOATING BARGES,AD-27-G-80046,2,NMDC > SUBMISSION STATUS > PMT TO ADNOC,2024-10-18,2369-NPCC-ADNOC-T-01111,,"{""DATE"":""2024-10-18"",""REF"":""2369-NPCC-ADNOC-T-01111""}",{},,,GDOC-16ae6446688847b0bbd82f43,SDOC-14dcfa5365023a64c5d9cf9e,REV-18baf8f43dfb084300b9066a,EVT-5e4f68797f1e55379dc2c668,0,0,0,0,DATA/METHODS/1 Completed Project  Deliverables/2369 - NMGL Delivarables.xlsx,2025-08-11T10:21:59Z,Installation Procedures ,15,C15,INCLUDE,
M2369_PROC,2369,METHODS,OFFSHORE INSTALLATION,PROCEDURE,INSTALLATION PROCEDURE,Installation Procedures ,,M001,0.95,2369-PP-OF-016,ANCHOR HANDLING AND MOORING PROCEDURE FOR FLOATING BARGES,AD-27-G-80046,2,NMDC > SUBMISSION STATUS > MethodS TO PMT,2024-10-17,T-511/24,,"{""DATE"":""2024-10-17"",""REF"":""T-511/24""}",{},,,GDOC-16ae6446688847b0bbd82f43,SDOC-14dcfa5365023a64c5d9cf9e,REV-18baf8f43dfb084300b9066a,EVT-c5fc34f5ee560d9f44cbbf55,0,1,0,0,DATA/METHODS/1 Completed Project  Deliverables/2369 - NMGL Delivarables.xlsx,2025-08-11T10:21:59Z,Installation Procedures ,15,C15,INCLUDE,
M2369_PROC,2369,METHODS,OFFSHORE INSTALLATION,PROCEDURE,INSTALLATION PROCEDURE,Installation Procedures ,,M001,0.95,2369-PP-OF-016,ANCHOR HANDLING AND MOORING PROCEDURE FOR FLOATING BARGES,AD-27-G-80046,3,NMDC > SUBMISSION STATUS > MethodS TO PMT,2025-07-21,T-366/25,,"{""DATE"":""2025-07-21"",""REF"":""T-366/25""}",{},,,GDOC-16ae6446688847b0bbd82f43,SDOC-14dcfa5365023a64c5d9cf9e,REV-bc09fbcd41af7d9a14725882,EVT-11f69919667cb79ce041325a,0,1,1,1,DATA/METHODS/1 Completed Project  Deliverables/2369 - NMGL Delivarables.xlsx,2025-08-11T10:21:59Z,Installation Procedures ,16,C16,INCLUDE,
M2369_PROC,2369,METHODS,OFFSHORE INSTALLATION,PROCEDURE,INSTALLATION PROCEDURE,Installation Procedures ,,M001,0.95,2369-PP-OF-017,ANCHOR HANDLING AND MOORING PROCEDURE FOR JACK UP BARGES,AD-27-G-80047,A1,NMDC > SUBMISSION STATUS > MethodS TO PMT,2023-09-04,T-263/23,,"{""DATE"":""2023-09-04"",""REF"":""T-263/23""}",{},,,GDOC-d9fc6ba8468bc93631c7ae45,SDOC-a589aa45474b44101d23c897,REV-c7ef064fa779dea15a3814f5,EVT-a6727c521f77f12359824487,1,1,0,1,DATA/METHODS/1 Completed Project  Deliverables/2369 - NMGL Delivarables.xlsx,2025-08-11T10:21:59Z,Installation Procedures ,17,C17,INCLUDE,
M2369_PROC,2369,METHODS,OFFSHORE INSTALLATION,PROCEDURE,INSTALLATION PROCEDURE,Installation Procedures ,,M001,0.95,2369-PP-OF-017,ANCHOR HANDLING AND MOORING PROCEDURE FOR JACK UP BARGES,AD-27-G-80047,1,ADNOC OFFSHORE > APPROVAL STATUS > FROM CLIENT,2024-01-24,11689-E-O-T-EPC-IFR-000061,1 - Approved,"{""CODE"":""1 - Approved"",""DATE"":""2024-01-24"",""REF"":""11689-E-O-T-EPC-IFR-000061""}",{},,,GDOC-d9fc6ba8468bc93631c7ae45,SDOC-a589aa45474b44101d23c897,REV-a577d975d7f4cc26fde17ea5,EVT-1ea5f3ff6853fc8c124d490d,0,0,1,0,DATA/METHODS/1 Completed Project  Deliverables/2369 - NMGL Delivarables.xlsx,2025-08-11T10:21:59Z,Installation Procedures ,18,C18,INCLUDE,
M2369_PROC,2369,METHODS,OFFSHORE INSTALLATION,PROCEDURE,INSTALLATION PROCEDURE,Installation Procedures ,,M001,0.95,2369-PP-OF-017,ANCHOR HANDLING AND MOORING PROCEDURE FOR JACK UP BARGES,AD-27-G-80047,1,SUBMISSION STATUS > PMT TO MWS,2024-01-13,2369-NPCC-MCE-T-0003,,"{""DATE"":""2024-01-13"",""REF"":""2369-NPCC-MCE-T-0003""}",{},,,GDOC-d9fc6ba8468bc93631c7ae45,SDOC-a589aa45474b44101d23c897,REV-a577d975d7f4cc26fde17ea5,EVT-4ef34dd26ed14f99caed510f,0,0,1,1,DATA/METHODS/1 Completed Project  Deliverables/2369 - NMGL Delivarables.xlsx,2025-08-11T10:21:59Z,Installation Procedures ,18,C18,INCLUDE,
M2369_PROC,2369,METHODS,OFFSHORE INSTALLATION,PROCEDURE,INSTALLATION PROCEDURE,Installation Procedures ,,M001,0.95,2369-PP-OF-017,ANCHOR HANDLING AND MOORING PROCEDURE FOR JACK UP BARGES,AD-27-G-80047,1,NMDC > SUBMISSION STATUS > PMT TO ADNOC,2023-12-26,2369-NPCC-ADNOC-T-00535,,"{""DATE"":""2023-12-26"",""REF"":""2369-NPCC-ADNOC-T-00535""}",{},,,GDOC-d9fc6ba8468bc93631c7ae45,SDOC-a589aa45474b44101d23c897,REV-a577d975d7f4cc26fde17ea5,EVT-867816f2798b6c9acde99d01,0,0,1,0,DATA/METHODS/1 Completed Project  Deliverables/2369 - NMGL Delivarables.xlsx,2025-08-11T10:21:59Z,Installation Procedures ,18,C18,INCLUDE,
M2369_PROC,2369,METHODS,OFFSHORE INSTALLATION,PROCEDURE,INSTALLATION PROCEDURE,Installation Procedures ,,M001,0.95,2369-PP-OF-017,ANCHOR HANDLING AND MOORING PROCEDURE FOR JACK UP BARGES,AD-27-G-80047,1,NMDC > SUBMISSION STATUS > MethodS TO PMT,2023-11-28,T-358/23,,"{""DATE"":""2023-11-28"",""REF"":""T-358/23""}",{},,,GDOC-d9fc6ba8468bc93631c7ae45,SDOC-a589aa45474b44101d23c897,REV-a577d975d7f4cc26fde17ea5,EVT-eb6605a009a813387ee82d55,0,1,1,0,DATA/METHODS/1 Completed Project  Deliverables/2369 - NMGL Delivarables.xlsx,2025-08-11T10:21:59Z,Installation Procedures ,18,C18,INCLUDE,
M2369_PROC,2369,METHODS,OFFSHORE INSTALLATION,PROCEDURE,INSTALLATION PROCEDURE,Installation Procedures ,,M001,0.95,2369-PP-OF-018,ANCHOR HANDLING PROCEDURE FOR WORK BOATS,AD-27-G-80048,A1,NMDC > SUBMISSION STATUS > MethodS TO PMT,2023-09-08,T-267/23,,"{""DATE"":""2023-09-08"",""REF"":""T-267/23""}",{},,,GDOC-2f1ca093bd328e4689f47d96,SDOC-8ccf56e41f2910d12213bab3,REV-f384a16a06b669287eadbc7b,EVT-61c8c62c433932f7f1c53851,1,1,1,1,DATA/METHODS/1 Completed Project  Deliverables/2369 - NMGL Delivarables.xlsx,2025-08-11T10:21:59Z,Installation Procedures ,19,C19,INCLUDE,
M2369_PROC,2369,METHODS,OFFSHORE INSTALLATION,PROCEDURE,INSTALLATION PROCEDURE,Installation Procedures ,,M001,0.95,2369-PP-OF-022,GROUT BAGS INSTALLATION AND FREE SPAN CORRECTION PROCEDURE,AD-27-G-80052,A1,NMDC > SUBMISSION STATUS > MethodS TO PMT,2023-12-12,T-373/23,,"{""DATE"":""2023-12-12"",""REF"":""T-373/23""}",{},,,GDOC-b9c3651ab762c036267a2bd7,SDOC-9f39128162be57012c4f1631,REV-e08ed684c8dc06b243fc32ea,EVT-210552644e62eeee75452316,1,1,0,1,DATA/METHODS/1 Completed Project  Deliverables/2369 - NMGL Delivarables.xlsx,2025-08-11T10:21:59Z,Installation Procedures ,20,C20,INCLUDE,
M2369_PROC,2369,METHODS,OFFSHORE INSTALLATION,PROCEDURE,INSTALLATION PROCEDURE,Installation Procedures ,,M001,0.95,2369-PP-OF-022,GROUT BAGS INSTALLATION AND FREE SPAN CORRECTION PROCEDURE,AD-27-G-80052,1,ADNOC OFFSHORE > APPROVAL STATUS > FROM CLIENT,2024-06-21,11689-E-O-T-EPC-IFR-000144,2 - Approved with Comments,"{""CODE"":""2 - Approved with Comments"",""DATE"":""2024-06-21"",""REF"":""11689-E-O-T-EPC-IFR-000144""}",{},,,GDOC-b9c3651ab762c036267a2bd7,SDOC-9f39128162be57012c4f1631,REV-7d21762e09c92aaf569cec82,EVT-0048d68c011c45075252afc1,0,0,0,0,DATA/METHODS/1 Completed Project  Deliverables/2369 - NMGL Delivarables.xlsx,2025-08-11T10:21:59Z,Installation Procedures ,21,C21,INCLUDE,
M2369_PROC,2369,METHODS,OFFSHORE INSTALLATION,PROCEDURE,INSTALLATION PROCEDURE,Installation Procedures ,,M001,0.95,2369-PP-OF-022,GROUT BAGS INSTALLATION AND FREE SPAN CORRECTION PROCEDURE,AD-27-G-80052,1,NMDC > SUBMISSION STATUS > MethodS TO PMT,2024-03-14,T-121/24,,"{""DATE"":""2024-03-14"",""REF"":""T-121/24""}",{},,,GDOC-b9c3651ab762c036267a2bd7,SDOC-9f39128162be57012c4f1631,REV-7d21762e09c92aaf569cec82,EVT-440e549049730bb1ce7f9f60,0,1,0,0,DATA/METHODS/1 Completed Project  Deliverables/2369 - NMGL Delivarables.xlsx,2025-08-11T10:21:59Z,Installation Procedures ,21,C21,INCLUDE,
M2369_PROC,2369,METHODS,OFFSHORE INSTALLATION,PROCEDURE,INSTALLATION PROCEDURE,Installation Procedures ,,M001,0.95,2369-PP-OF-022,GROUT BAGS INSTALLATION AND FREE SPAN CORRECTION PROCEDURE,AD-27-G-80052,1,NMDC > SUBMISSION STATUS > PMT TO ADNOC,2024-03-26,2369-NPCC-ADNOC-T-00727,,"{""DATE"":""2024-03-26"",""REF"":""2369-NPCC-ADNOC-T-00727""}",{},,,GDOC-b9c3651ab762c036267a2bd7,SDOC-9f39128162be57012c4f1631,REV-7d21762e09c92aaf569cec82,EVT-55d9f727738eb4583a9d1975,0,0,0,0,DATA/METHODS/1 Completed Project  Deliverables/2369 - NMGL Delivarables.xlsx,2025-08-11T10:21:59Z,Installation Procedures ,21,C21,INCLUDE,
M2369_PROC,2369,METHODS,OFFSHORE INSTALLATION,PROCEDURE,INSTALLATION PROCEDURE,Installation Procedures ,,M001,0.95,2369-PP-OF-022,GROUT BAGS INSTALLATION AND FREE SPAN CORRECTION PROCEDURE,AD-27-G-80052,1,SUBMISSION STATUS > PMT TO MWS,2024-05-12,2369-NPCC-MCE-T-0015,,"{""DATE"":""2024-05-12"",""REF"":""2369-NPCC-MCE-T-0015""}",{},,,GDOC-b9c3651ab762c036267a2bd7,SDOC-9f39128162be57012c4f1631,REV-7d21762e09c92aaf569cec82,EVT-584e9436f42da0fd3d6886d7,0,0,0,0,DATA/METHODS/1 Completed Project  Deliverables/2369 - NMGL Delivarables.xlsx,2025-08-11T10:21:59Z,Installation Procedures ,21,C21,INCLUDE,
M2369_PROC,2369,METHODS,OFFSHORE INSTALLATION,PROCEDURE,INSTALLATION PROCEDURE,Installation Procedures ,,M001,0.95,2369-PP-OF-022,GROUT BAGS INSTALLATION AND FREE SPAN CORRECTION PROCEDURE,AD-27-G-80052,1,APPROVAL STATUS > STATUS FROM MWS,2024-07-10,SAF190-MCE-NPCC-T-018,1-Approved,"{""CODE"":""1-Approved"",""DATE"":""2024-07-10"",""REF"":""SAF190-MCE-NPCC-T-018""}",{},,,GDOC-b9c3651ab762c036267a2bd7,SDOC-9f39128162be57012c4f1631,REV-7d21762e09c92aaf569cec82,EVT-5d5eeda334221d3d0c88be10,0,0,0,1,DATA/METHODS/1 Completed Project  Deliverables/2369 - NMGL Delivarables.xlsx,2025-08-11T10:21:59Z,Installation Procedures ,21,C21,INCLUDE,
M2369_PROC,2369,METHODS,OFFSHORE INSTALLATION,PROCEDURE,INSTALLATION PROCEDURE,Installation Procedures ,,M001,0.95,2369-PP-OF-022,GROUT BAGS INSTALLATION AND FREE SPAN CORRECTION PROCEDURE,AD-27-G-80052,2,NMDC > SUBMISSION STATUS > MethodS TO PMT,2025-07-14,T-361/25,,"{""DATE"":""2025-07-14"",""REF"":""T-361/25""}",{},,,GDOC-b9c3651ab762c036267a2bd7,SDOC-9f39128162be57012c4f1631,REV-f4e63e073cc4135be8d58d97,EVT-1a100abde38cb1f1aea14c78,0,1,1,1,DATA/METHODS/1 Completed Project  Deliverables/2369 - NMGL Delivarables.xlsx,2025-08-11T10:21:59Z,Installation Procedures ,22,C22,INCLUDE,
M2369_PROC,2369,METHODS,OFFSHORE INSTALLATION,PROCEDURE,INSTALLATION PROCEDURE,Installation Procedures ,,M001,0.95,2369-PP-OF-023,"METHOD STATEMENT FOR 34"" OFFSHORE & ONSHORE PIPELINE PRE-COMMISSIONING WORK",AD-27-G-80053,A1,NMDC > SUBMISSION STATUS > MethodS TO PMT,2023-12-22,T-385/23,,"{""DATE"":""2023-12-22"",""REF"":""T-385/23""}",{},,,GDOC-149d5df53eb19fc6b5452cdd,SDOC-4dd7f19ec96e6bbfe4b4e031,REV-c7758cc21ab61287d3e9dd9a,EVT-fa04f3fb7bae8e584980de55,1,1,0,1,DATA/METHODS/1 Completed Project  Deliverables/2369 - NMGL Delivarables.xlsx,2025-08-11T10:21:59Z,Installation Procedures ,23,C23,INCLUDE,
M2369_PROC,2369,METHODS,OFFSHORE INSTALLATION,PROCEDURE,INSTALLATION PROCEDURE,Installation Procedures ,,M001,0.95,2369-PP-OF-023,"METHOD STATEMENT FOR 34"" OFFSHORE & ONSHORE PIPELINE PRE-COMMISSIONING WORK",AD-27-G-80053,1,NMDC > SUBMISSION STATUS > MethodS TO PMT,2024-01-05,T-004/24,,"{""DATE"":""2024-01-05"",""REF"":""T-004/24""}",{},,,GDOC-149d5df53eb19fc6b5452cdd,SDOC-4dd7f19ec96e6bbfe4b4e031,REV-2ec079659a45780c2177f1d4,EVT-c674b1ad3050314a7b47bbea,0,1,0,1,DATA/METHODS/1 Completed Project  Deliverables/2369 - NMGL Delivarables.xlsx,2025-08-11T10:21:59Z,Installation Procedures ,24,C24,INCLUDE,
M2369_PROC,2369,METHODS,OFFSHORE INSTALLATION,PROCEDURE,INSTALLATION PROCEDURE,Installation Procedures ,,M001,0.95,2369-PP-OF-023,"METHOD STATEMENT FOR 34"" OFFSHORE & ONSHORE PIPELINE PRE-COMMISSIONING WORK",AD-27-G-80053,2,ADNOC OFFSHORE > APPROVAL STATUS > FROM CLIENT,2025-01-30,11689-E-O-T-EPC-IFR-000332,3 - Reviewed with comments,"{""CODE"":""3 - Reviewed with comments"",""DATE"":""2025-01-30"",""REF"":""11689-E-O-T-EPC-IFR-000332""}",{},,,GDOC-149d5df53eb19fc6b5452cdd,SDOC-4dd7f19ec96e6bbfe4b4e031,REV-efcb997e0031ceb678731a26,EVT-8b9195b3d90bd7d30adb34b4,0,0,0,1,DATA/METHODS/1 Completed Project  Deliverables/2369 - NMGL Delivarables.xlsx,2025-08-11T10:21:59Z,Installation Procedures ,25,C25,INCLUDE,
M2369_PROC,2369,METHODS,OFFSHORE INSTALLATION,PROCEDURE,INSTALLATION PROCEDURE,Installation Procedures ,,M001,0.95,2369-PP-OF-023,"METHOD STATEMENT FOR 34"" OFFSHORE & ONSHORE PIPELINE PRE-COMMISSIONING WORK",AD-27-G-80053,2,NMDC > SUBMISSION STATUS > PMT TO ADNOC,2025-01-09,2369-NPCC-ADNOC-T-01243,,"{""DATE"":""2025-01-09"",""REF"":""2369-NPCC-ADNOC-T-01243""}",{},,,GDOC-149d5df53eb19fc6b5452cdd,SDOC-4dd7f19ec96e6bbfe4b4e031,REV-efcb997e0031ceb678731a26,EVT-91bb557f3703dcc882428c21,0,0,0,0,DATA/METHODS/1 Completed Project  Deliverables/2369 - NMGL Delivarables.xlsx,2025-08-11T10:21:59Z,Installation Procedures ,25,C25,INCLUDE,
M2369_PROC,2369,METHODS,OFFSHORE INSTALLATION,PROCEDURE,INSTALLATION PROCEDURE,Installation Procedures ,,M001,0.95,2369-PP-OF-023,"METHOD STATEMENT FOR 34"" OFFSHORE & ONSHORE PIPELINE PRE-COMMISSIONING WORK",AD-27-G-80053,2,NMDC > SUBMISSION STATUS > MethodS TO PMT,2025-01-08,T-005/25,,"{""DATE"":""2025-01-08"",""REF"":""T-005/25""}",{},,,GDOC-149d5df53eb19fc6b5452cdd,SDOC-4dd7f19ec96e6bbfe4b4e031,REV-efcb997e0031ceb678731a26,EVT-a44e752bbe0cd5dd409ef1ec,0,1,0,0,DATA/METHODS/1 Completed Project  Deliverables/2369 - NMGL Delivarables.xlsx,2025-08-11T10:21:59Z,Installation Procedures ,25,C25,INCLUDE,
M2369_PROC,2369,METHODS,OFFSHORE INSTALLATION,PROCEDURE,INSTALLATION PROCEDURE,Installation Procedures ,,M001,0.95,2369-PP-OF-023,"METHOD STATEMENT FOR 34"" OFFSHORE & ONSHORE PIPELINE PRE-COMMISSIONING WORK",AD-27-G-80053,3,ADNOC OFFSHORE > APPROVAL STATUS > FROM CLIENT,2025-02-25,11689-E-O-T-EPC-IFA-000061,3 - Reviewed with comments,"{""CODE"":""3 - Reviewed with comments"",""DATE"":""2025-02-25"",""REF"":""11689-E-O-T-EPC-IFA-000061""}",{},,,GDOC-149d5df53eb19fc6b5452cdd,SDOC-4dd7f19ec96e6bbfe4b4e031,REV-c5c18ff335977a65bfa11d98,EVT-201e0baa8e75233905d02966,0,0,0,1,DATA/METHODS/1 Completed Project  Deliverables/2369 - NMGL Delivarables.xlsx,2025-08-11T10:21:59Z,Installation Procedures ,26,C26,INCLUDE,
M2369_PROC,2369,METHODS,OFFSHORE INSTALLATION,PROCEDURE,INSTALLATION PROCEDURE,Installation Procedures ,,M001,0.95,2369-PP-OF-023,"METHOD STATEMENT FOR 34"" OFFSHORE & ONSHORE PIPELINE PRE-COMMISSIONING WORK",AD-27-G-80053,3,NMDC > SUBMISSION STATUS > PMT TO ADNOC,2025-02-07,2369-NPCC-ADNOC-T-01288,,"{""DATE"":""2025-02-07"",""REF"":""2369-NPCC-ADNOC-T-01288""}",{},,,GDOC-149d5df53eb19fc6b5452cdd,SDOC-4dd7f19ec96e6bbfe4b4e031,REV-c5c18ff335977a65bfa11d98,EVT-6d1644bf8bee02bd8fb92fbb,0,0,0,0,DATA/METHODS/1 Completed Project  Deliverables/2369 - NMGL Delivarables.xlsx,2025-08-11T10:21:59Z,Installation Procedures ,26,C26,INCLUDE,
M2369_PROC,2369,METHODS,OFFSHORE INSTALLATION,PROCEDURE,INSTALLATION PROCEDURE,Installation Procedures ,,M001,0.95,2369-PP-OF-023,"METHOD STATEMENT FOR 34"" OFFSHORE & ONSHORE PIPELINE PRE-COMMISSIONING WORK",AD-27-G-80053,3,NMDC > SUBMISSION STATUS > MethodS TO PMT,2025-02-08,T-068/25,,"{""DATE"":""2025-02-08"",""REF"":""T-068/25""}",{},,,GDOC-149d5df53eb19fc6b5452cdd,SDOC-4dd7f19ec96e6bbfe4b4e031,REV-c5c18ff335977a65bfa11d98,EVT-b764776c9df71afa502526c8,0,1,0,0,DATA/METHODS/1 Completed Project  Deliverables/2369 - NMGL Delivarables.xlsx,2025-08-11T10:21:59Z,Installation Procedures ,26,C26,INCLUDE,
M2369_PROC,2369,METHODS,OFFSHORE INSTALLATION,PROCEDURE,INSTALLATION PROCEDURE,Installation Procedures ,,M001,0.95,2369-PP-OF-023,"METHOD STATEMENT FOR 34"" OFFSHORE & ONSHORE PIPELINE PRE-COMMISSIONING WORK",AD-27-G-80053,4,NMDC > SUBMISSION STATUS > PMT TO ADNOC,2025-03-04,2369-NPCC-ADNOC-T-01315,,"{""DATE"":""2025-03-04"",""REF"":""2369-NPCC-ADNOC-T-01315""}",{},,,GDOC-149d5df53eb19fc6b5452cdd,SDOC-4dd7f19ec96e6bbfe4b4e031,REV-941b0db969f7af42d52f3bc5,EVT-4aec942555ce8320f5c923e2,0,0,0,0,DATA/METHODS/1 Completed Project  Deliverables/2369 - NMGL Delivarables.xlsx,2025-08-11T10:21:59Z,Installation Procedures ,27,C27,INCLUDE,
M2369_PROC,2369,METHODS,OFFSHORE INSTALLATION,PROCEDURE,INSTALLATION PROCEDURE,Installation Procedures ,,M001,0.95,2369-PP-OF-023,"METHOD STATEMENT FOR 34"" OFFSHORE & ONSHORE PIPELINE PRE-COMMISSIONING WORK",AD-27-G-80053,4,ADNOC OFFSHORE > APPROVAL STATUS > FROM CLIENT,2025-03-11,11689-E-O-T-EPC-IFA-000063,2 - Approved with Comments,"{""CODE"":""2 - Approved with Comments"",""DATE"":""2025-03-11"",""REF"":""11689-E-O-T-EPC-IFA-000063""}",{},,,GDOC-149d5df53eb19fc6b5452cdd,SDOC-4dd7f19ec96e6bbfe4b4e031,REV-941b0db969f7af42d52f3bc5,EVT-f5811bbb5261fd02e2124e1a,0,0,0,1,DATA/METHODS/1 Completed Project  Deliverables/2369 - NMGL Delivarables.xlsx,2025-08-11T10:21:59Z,Installation Procedures ,27,C27,INCLUDE,
M2369_PROC,2369,METHODS,OFFSHORE INSTALLATION,PROCEDURE,INSTALLATION PROCEDURE,Installation Procedures ,,M001,0.95,2369-PP-OF-023,"METHOD STATEMENT FOR 34"" OFFSHORE & ONSHORE PIPELINE PRE-COMMISSIONING WORK",AD-27-G-80053,4,NMDC > SUBMISSION STATUS > MethodS TO PMT,2025-03-06,T-095/25,,"{""DATE"":""2025-03-06"",""REF"":""T-095/25""}",{},,,GDOC-149d5df53eb19fc6b5452cdd,SDOC-4dd7f19ec96e6bbfe4b4e031,REV-941b0db969f7af42d52f3bc5,EVT-fee595ed4cd23fce0a3c8a79,0,1,0,0,DATA/METHODS/1 Completed Project  Deliverables/2369 - NMGL Delivarables.xlsx,2025-08-11T10:21:59Z,Installation Procedures ,27,C27,INCLUDE,
M2369_PROC,2369,METHODS,OFFSHORE INSTALLATION,PROCEDURE,INSTALLATION PROCEDURE,Installation Procedures ,,M001,0.95,2369-PP-OF-023,"METHOD STATEMENT FOR 34"" OFFSHORE & ONSHORE PIPELINE PRE-COMMISSIONING WORK",AD-27-G-80053,5,NMDC > SUBMISSION STATUS > MethodS TO PMT,2025-03-28,T-125/25,,"{""DATE"":""2025-03-28"",""REF"":""T-125/25""}",{},,,GDOC-149d5df53eb19fc6b5452cdd,SDOC-4dd7f19ec96e6bbfe4b4e031,REV-0590e6f5c0bf8d0797e619a1,EVT-261559e4e68a5fda60d10b47,0,1,0,0,DATA/METHODS/1 Completed Project  Deliverables/2369 - NMGL Delivarables.xlsx,2025-08-11T10:21:59Z,Installation Procedures ,28,C28,INCLUDE,
M2369_PROC,2369,METHODS,OFFSHORE INSTALLATION,PROCEDURE,INSTALLATION PROCEDURE,Installation Procedures ,,M001,0.95,2369-PP-OF-023,"METHOD STATEMENT FOR 34"" OFFSHORE & ONSHORE PIPELINE PRE-COMMISSIONING WORK",AD-27-G-80053,5,ADNOC OFFSHORE > APPROVAL STATUS > FROM CLIENT,2025-04-18,11689-E-O-T-EPC-IFA-000064,2 - Approved with Comments,"{""CODE"":""2 - Approved with Comments"",""DATE"":""2025-04-18"",""REF"":""11689-E-O-T-EPC-IFA-000064""}",{},,,GDOC-149d5df53eb19fc6b5452cdd,SDOC-4dd7f19ec96e6bbfe4b4e031,REV-0590e6f5c0bf8d0797e619a1,EVT-6aa936801f453a27ead45b6f,0,0,0,1,DATA/METHODS/1 Completed Project  Deliverables/2369 - NMGL Delivarables.xlsx,2025-08-11T10:21:59Z,Installation Procedures ,28,C28,INCLUDE,
M2369_PROC,2369,METHODS,OFFSHORE INSTALLATION,PROCEDURE,INSTALLATION PROCEDURE,Installation Procedures ,,M001,0.95,2369-PP-OF-023,"METHOD STATEMENT FOR 34"" OFFSHORE & ONSHORE PIPELINE PRE-COMMISSIONING WORK",AD-27-G-80053,5,NMDC > SUBMISSION STATUS > PMT TO ADNOC,2025-03-28,2369-NPCC-ADNOC-T-01341,,"{""DATE"":""2025-03-28"",""REF"":""2369-NPCC-ADNOC-T-01341""}",{},,,GDOC-149d5df53eb19fc6b5452cdd,SDOC-4dd7f19ec96e6bbfe4b4e031,REV-0590e6f5c0bf8d0797e619a1,EVT-d9ea769a380cddd409a57695,0,0,0,0,DATA/METHODS/1 Completed Project  Deliverables/2369 - NMGL Delivarables.xlsx,2025-08-11T10:21:59Z,Installation Procedures ,28,C28,INCLUDE,
M2369_PROC,2369,METHODS,OFFSHORE INSTALLATION,PROCEDURE,INSTALLATION PROCEDURE,Installation Procedures ,,M001,0.95,2369-PP-OF-023,"METHOD STATEMENT FOR 34"" OFFSHORE & ONSHORE PIPELINE PRE-COMMISSIONING WORK",AD-27-G-80053,6,NMDC > SUBMISSION STATUS > MethodS TO PMT,2025-05-16,T-194/25,,"{""DATE"":""2025-05-16"",""REF"":""T-194/25""}",{},,,GDOC-149d5df53eb19fc6b5452cdd,SDOC-4dd7f19ec96e6bbfe4b4e031,REV-ee8512d9390c108e46ca022a,EVT-57b1c5b7ba921cdaa4a5f356,0,1,1,1,DATA/METHODS/1 Completed Project  Deliverables/2369 - NMGL Delivarables.xlsx,2025-08-11T10:21:59Z,Installation Procedures ,29,C29,INCLUDE,
M2369_PROC,2369,METHODS,OFFSHORE INSTALLATION,PROCEDURE,INSTALLATION PROCEDURE,Installation Procedures ,,M001,0.95,2369-PP-OF-024,RISER AND TIE IN SPOOLS INSTALLATION PROCEDURE,AD-27-G-80054,A1,NMDC > SUBMISSION STATUS > MethodS TO PMT,2024-01-05,T-005/24,,"{""DATE"":""2024-01-05"",""REF"":""T-005/24""}",{},,,GDOC-5c14d79f8812d971a83b6257,SDOC-d00fb7ee3403deb0fcd2b6dd,REV-2a404934348ec89ffbb73f25,EVT-e1d29c250cecd5d020ba6b7a,1,1,0,1,DATA/METHODS/1 Completed Project  Deliverables/2369 - NMGL Delivarables.xlsx,2025-08-11T10:21:59Z,Installation Procedures ,30,C30,INCLUDE,
M2369_PROC,2369,METHODS,OFFSHORE INSTALLATION,PROCEDURE,INSTALLATION PROCEDURE,Installation Procedures ,,M001,0.95,2369-PP-OF-024,RISER AND TIE IN SPOOLS INSTALLATION PROCEDURE,AD-27-G-80054,1,NMDC > SUBMISSION STATUS > MethodS TO PMT,2024-09-26,T-472/24,,"{""DATE"":""2024-09-26"",""REF"":""T-472/24""}",{},,,GDOC-5c14d79f8812d971a83b6257,SDOC-d00fb7ee3403deb0fcd2b6dd,REV-fdca7374ae31f18dd1268400,EVT-0f25770b551e9fd7f66b7925,0,1,0,1,DATA/METHODS/1 Completed Project  Deliverables/2369 - NMGL Delivarables.xlsx,2025-08-11T10:21:59Z,Installation Procedures ,31,C31,INCLUDE,
M2369_PROC,2369,METHODS,OFFSHORE INSTALLATION,PROCEDURE,INSTALLATION PROCEDURE,Installation Procedures ,,M001,0.95,2369-PP-OF-024,RISER AND TIE IN SPOOLS INSTALLATION PROCEDURE,AD-27-G-80054,2,ADNOC OFFSHORE > APPROVAL STATUS > FROM CLIENT,2024-12-23,11689-E-O-T-EPC-IFR-000310,2 - Approved with Comments,"{""CODE"":""2 - Approved with Comments"",""DATE"":""2024-12-23"",""REF"":""11689-E-O-T-EPC-IFR-000310""}",{},,,GDOC-5c14d79f8812d971a83b6257,SDOC-d00fb7ee3403deb0fcd2b6dd,REV-220c41aadf5f5326285f493e,EVT-38dbeacefbe717343bad1cb6,0,0,0,0,DATA/METHODS/1 Completed Project  Deliverables/2369 - NMGL Delivarables.xlsx,2025-08-11T10:21:59Z,Installation Procedures ,32,C32,INCLUDE,
M2369_PROC,2369,METHODS,OFFSHORE INSTALLATION,PROCEDURE,INSTALLATION PROCEDURE,Installation Procedures ,,M001,0.95,2369-PP-OF-024,RISER AND TIE IN SPOOLS INSTALLATION PROCEDURE,AD-27-G-80054,2,SUBMISSION STATUS > PMT TO MWS,2024-11-13,2369-NPCC-MCE-T-0056,,"{""DATE"":""2024-11-13"",""REF"":""2369-NPCC-MCE-T-0056""}",{},,,GDOC-5c14d79f8812d971a83b6257,SDOC-d00fb7ee3403deb0fcd2b6dd,REV-220c41aadf5f5326285f493e,EVT-aa1bd2b0752b8f114e44f3be,0,0,0,0,DATA/METHODS/1 Completed Project  Deliverables/2369 - NMGL Delivarables.xlsx,2025-08-11T10:21:59Z,Installation Procedures ,32,C32,INCLUDE,
M2369_PROC,2369,METHODS,OFFSHORE INSTALLATION,PROCEDURE,INSTALLATION PROCEDURE,Installation Procedures ,,M001,0.95,2369-PP-OF-024,RISER AND TIE IN SPOOLS INSTALLATION PROCEDURE,AD-27-G-80054,2,NMDC > SUBMISSION STATUS > PMT TO ADNOC,2024-11-11,2369-NPCC-ADNOC-T-01150,,"{""DATE"":""2024-11-11"",""REF"":""2369-NPCC-ADNOC-T-01150""}",{},,,GDOC-5c14d79f8812d971a83b6257,SDOC-d00fb7ee3403deb0fcd2b6dd,REV-220c41aadf5f5326285f493e,EVT-c7576822b32f7d2bf45066e3,0,0,0,0,DATA/METHODS/1 Completed Project  Deliverables/2369 - NMGL Delivarables.xlsx,2025-08-11T10:21:59Z,Installation Procedures ,32,C32,INCLUDE,
M2369_PROC,2369,METHODS,OFFSHORE INSTALLATION,PROCEDURE,INSTALLATION PROCEDURE,Installation Procedures ,,M001,0.95,2369-PP-OF-024,RISER AND TIE IN SPOOLS INSTALLATION PROCEDURE,AD-27-G-80054,2,NMDC > SUBMISSION STATUS > MethodS TO PMT,2024-11-09,T-548/24,,"{""DATE"":""2024-11-09"",""REF"":""T-548/24""}",{},,,GDOC-5c14d79f8812d971a83b6257,SDOC-d00fb7ee3403deb0fcd2b6dd,REV-220c41aadf5f5326285f493e,EVT-c796f122eba396b6ac3b109b,0,1,0,0,DATA/METHODS/1 Completed Project  Deliverables/2369 - NMGL Delivarables.xlsx,2025-08-11T10:21:59Z,Installation Procedures ,32,C32,INCLUDE,
M2369_PROC,2369,METHODS,OFFSHORE INSTALLATION,PROCEDURE,INSTALLATION PROCEDURE,Installation Procedures ,,M001,0.95,2369-PP-OF-024,RISER AND TIE IN SPOOLS INSTALLATION PROCEDURE,AD-27-G-80054,2,APPROVAL STATUS > STATUS FROM MWS,2024-11-27,SAF190-MCE-NPCC-T-065,1-Approved,"{""CODE"":""1-Approved"",""DATE"":""2024-11-27"",""REF"":""SAF190-MCE-NPCC-T-065""}",{},,,GDOC-5c14d79f8812d971a83b6257,SDOC-d00fb7ee3403deb0fcd2b6dd,REV-220c41aadf5f5326285f493e,EVT-fd09849a8a7a00f2a3326b14,0,0,0,1,DATA/METHODS/1 Completed Project  Deliverables/2369 - NMGL Delivarables.xlsx,2025-08-11T10:21:59Z,Installation Procedures ,32,C32,INCLUDE,
M2369_PROC,2369,METHODS,OFFSHORE INSTALLATION,PROCEDURE,INSTALLATION PROCEDURE,Installation Procedures ,,M001,0.95,2369-PP-OF-024,RISER AND TIE IN SPOOLS INSTALLATION PROCEDURE,AD-27-G-80054,3,ADNOC OFFSHORE > APPROVAL STATUS > FROM CLIENT,2025-04-07,11689-E-O-T-EPC-IFC-000061,1 - Approved,"{""CODE"":""1 - Approved"",""DATE"":""2025-04-07"",""REF"":""11689-E-O-T-EPC-IFC-000061""}",{},,,GDOC-5c14d79f8812d971a83b6257,SDOC-d00fb7ee3403deb0fcd2b6dd,REV-34e2c3f27f3af5a70876ff77,EVT-0f65901452cd0388f017413b,0,0,1,0,DATA/METHODS/1 Completed Project  Deliverables/2369 - NMGL Delivarables.xlsx,2025-08-11T10:21:59Z,Installation Procedures ,33,C33,INCLUDE,
M2369_PROC,2369,METHODS,OFFSHORE INSTALLATION,PROCEDURE,INSTALLATION PROCEDURE,Installation Procedures ,,M001,0.95,2369-PP-OF-024,RISER AND TIE IN SPOOLS INSTALLATION PROCEDURE,AD-27-G-80054,3,SUBMISSION STATUS > PMT TO MWS,2025-04-01,2369-NPCC-MCE-T-0065,,"{""DATE"":""2025-04-01"",""REF"":""2369-NPCC-MCE-T-0065""}",{},,,GDOC-5c14d79f8812d971a83b6257,SDOC-d00fb7ee3403deb0fcd2b6dd,REV-34e2c3f27f3af5a70876ff77,EVT-34c965fc59b3e0f840a997ba,0,0,1,1,DATA/METHODS/1 Completed Project  Deliverables/2369 - NMGL Delivarables.xlsx,2025-08-11T10:21:59Z,Installation Procedures ,33,C33,INCLUDE,
M2369_PROC,2369,METHODS,OFFSHORE INSTALLATION,PROCEDURE,INSTALLATION PROCEDURE,Installation Procedures ,,M001,0.95,2369-PP-OF-024,RISER AND TIE IN SPOOLS INSTALLATION PROCEDURE,AD-27-G-80054,3,NMDC > SUBMISSION STATUS > MethodS TO PMT,2025-03-28,T-124/25,,"{""DATE"":""2025-03-28"",""REF"":""T-124/25""}",{},,,GDOC-5c14d79f8812d971a83b6257,SDOC-d00fb7ee3403deb0fcd2b6dd,REV-34e2c3f27f3af5a70876ff77,EVT-62795c6e257f75fbdcf60371,0,1,1,0,DATA/METHODS/1 Completed Project  Deliverables/2369 - NMGL Delivarables.xlsx,2025-08-11T10:21:59Z,Installation Procedures ,33,C33,INCLUDE,
M2369_PROC,2369,METHODS,OFFSHORE INSTALLATION,PROCEDURE,INSTALLATION PROCEDURE,Installation Procedures ,,M001,0.95,2369-PP-OF-025,RP-2 JACKET INSTALLATION PROCEDURE,AD-27-G-80055,A1,NMDC > SUBMISSION STATUS > MethodS TO PMT,2023-12-11,T-370/23,,"{""DATE"":""2023-12-11"",""REF"":""T-370/23""}",{},,,GDOC-2e46ca1b2940d3f51852fbfa,SDOC-e50a05cdd9e3c5f4876b7356,REV-8026208a0bf3326b3a5c12c4,EVT-49ca4a1ef86397d3a89e4682,1,1,0,1,DATA/METHODS/1 Completed Project  Deliverables/2369 - NMGL Delivarables.xlsx,2025-08-11T10:21:59Z,Installation Procedures ,34,C34,INCLUDE,
M2369_PROC,2369,METHODS,OFFSHORE INSTALLATION,PROCEDURE,INSTALLATION PROCEDURE,Installation Procedures ,,M001,0.95,2369-PP-OF-025,RP-2 JACKET INSTALLATION PROCEDURE,AD-27-G-80055,1,NMDC > SUBMISSION STATUS > MethodS TO PMT,2024-07-19,T-330/24,,"{""DATE"":""2024-07-19"",""REF"":""T-330/24""}",{},,,GDOC-2e46ca1b2940d3f51852fbfa,SDOC-e50a05cdd9e3c5f4876b7356,REV-827358fc9eb80f564d96abc8,EVT-07770cbad72fd07f09727842,0,1,1,0,DATA/METHODS/1 Completed Project  Deliverables/2369 - NMGL Delivarables.xlsx,2025-08-11T10:21:59Z,Installation Procedures ,35,C35,INCLUDE,
M2369_PROC,2369,METHODS,OFFSHORE INSTALLATION,PROCEDURE,INSTALLATION PROCEDURE,Installation Procedures ,,M001,0.95,2369-PP-OF-025,RP-2 JACKET INSTALLATION PROCEDURE,AD-27-G-80055,1,SUBMISSION STATUS > PMT TO MWS,2024-07-29,2369-NPCC-MCE-T-0028,,"{""DATE"":""2024-07-29"",""REF"":""2369-NPCC-MCE-T-0028""}",{},,,GDOC-2e46ca1b2940d3f51852fbfa,SDOC-e50a05cdd9e3c5f4876b7356,REV-827358fc9eb80f564d96abc8,EVT-44207617d4c33d65e3e48912,0,0,1,0,DATA/METHODS/1 Completed Project  Deliverables/2369 - NMGL Delivarables.xlsx,2025-08-11T10:21:59Z,Installation Procedures ,35,C35,INCLUDE,
M2369_PROC,2369,METHODS,OFFSHORE INSTALLATION,PROCEDURE,INSTALLATION PROCEDURE,Installation Procedures ,,M001,0.95,2369-PP-OF-025,RP-2 JACKET INSTALLATION PROCEDURE,AD-27-G-80055,1,NMDC > SUBMISSION STATUS > PMT TO ADNOC,2024-07-19,2369-NPCC-ADNOC-T-00929,,"{""DATE"":""2024-07-19"",""REF"":""2369-NPCC-ADNOC-T-00929""}",{},,,GDOC-2e46ca1b2940d3f51852fbfa,SDOC-e50a05cdd9e3c5f4876b7356,REV-827358fc9eb80f564d96abc8,EVT-835adef60f0af64e503ef72a,0,0,1,0,DATA/METHODS/1 Completed Project  Deliverables/2369 - NMGL Delivarables.xlsx,2025-08-11T10:21:59Z,Installation Procedures ,35,C35,INCLUDE,
M2369_PROC,2369,METHODS,OFFSHORE INSTALLATION,PROCEDURE,INSTALLATION PROCEDURE,Installation Procedures ,,M001,0.95,2369-PP-OF-025,RP-2 JACKET INSTALLATION PROCEDURE,AD-27-G-80055,1,APPROVAL STATUS > STATUS FROM MWS,2024-08-01,SAF190-MCE-NPCC-T-023,,"{""DATE"":""2024-08-01"",""REF"":""SAF190-MCE-NPCC-T-023""}",{},,,GDOC-2e46ca1b2940d3f51852fbfa,SDOC-e50a05cdd9e3c5f4876b7356,REV-827358fc9eb80f564d96abc8,EVT-b062b548c3efa27154b5179a,0,0,1,1,DATA/METHODS/1 Completed Project  Deliverables/2369 - NMGL Delivarables.xlsx,2025-08-11T10:21:59Z,Installation Procedures ,35,C35,INCLUDE,
M2369_PROC,2369,METHODS,OFFSHORE INSTALLATION,PROCEDURE,INSTALLATION PROCEDURE,Installation Procedures ,,M001,0.95,2369-PP-OF-025,RP-2 JACKET INSTALLATION PROCEDURE,AD-27-G-80055,1,ADNOC OFFSHORE > APPROVAL STATUS > FROM CLIENT,2024-07-30,11689-E-O-T-EPC-IFR-000176,1 - Approved,"{""CODE"":""1 - Approved"",""DATE"":""2024-07-30"",""REF"":""11689-E-O-T-EPC-IFR-000176""}",{},,,GDOC-2e46ca1b2940d3f51852fbfa,SDOC-e50a05cdd9e3c5f4876b7356,REV-827358fc9eb80f564d96abc8,EVT-d37950755264fb45764072bc,0,0,1,0,DATA/METHODS/1 Completed Project  Deliverables/2369 - NMGL Delivarables.xlsx,2025-08-11T10:21:59Z,Installation Procedures ,35,C35,INCLUDE,
M2369_PROC,2369,METHODS,OFFSHORE INSTALLATION,PROCEDURE,INSTALLATION PROCEDURE,Installation Procedures ,,M001,0.95,2369-PP-OF-026,RP-2 DECK INSTALLATION PROCEDURE,AD-27-G-80056,A1,NMDC > SUBMISSION STATUS > MethodS TO PMT,2023-12-13,T-375/23,,"{""DATE"":""2023-12-13"",""REF"":""T-375/23""}",{},,,GDOC-ce8319f29c8cacc1ffeef6e4,SDOC-9cab475e0563264c73adb19c,REV-a23e614f3ee6e9ac618266d0,EVT-b62a2d6ff82d20c747327ed3,1,1,0,1,DATA/METHODS/1 Completed Project  Deliverables/2369 - NMGL Delivarables.xlsx,2025-08-11T10:21:59Z,Installation Procedures ,36,C36,INCLUDE,
M2369_PROC,2369,METHODS,OFFSHORE INSTALLATION,PROCEDURE,INSTALLATION PROCEDURE,Installation Procedures ,,M001,0.95,2369-PP-OF-026,RP-2 DECK INSTALLATION PROCEDURE,AD-27-G-80056,1,NMDC > SUBMISSION STATUS > MethodS TO PMT,2024-08-07,T-352/24,,"{""DATE"":""2024-08-07"",""REF"":""T-352/24""}",{},,,GDOC-ce8319f29c8cacc1ffeef6e4,SDOC-9cab475e0563264c73adb19c,REV-056ed2006d21bbc344887c2b,EVT-40b2f067c3e3f0ef7eaeec4f,0,1,0,1,DATA/METHODS/1 Completed Project  Deliverables/2369 - NMGL Delivarables.xlsx,2025-08-11T10:21:59Z,Installation Procedures ,37,C37,INCLUDE,
M2369_PROC,2369,METHODS,OFFSHORE INSTALLATION,PROCEDURE,INSTALLATION PROCEDURE,Installation Procedures ,,M001,0.95,2369-PP-OF-026,RP-2 DECK INSTALLATION PROCEDURE,AD-27-G-80056,2,NMDC > SUBMISSION STATUS > PMT TO ADNOC,2024-10-18,2369-NPCC-ADNOC-T-01115,,"{""DATE"":""2024-10-18"",""REF"":""2369-NPCC-ADNOC-T-01115""}",{},,,GDOC-ce8319f29c8cacc1ffeef6e4,SDOC-9cab475e0563264c73adb19c,REV-fc4208060d67f2753e9b7a13,EVT-026fcf1a12ac2a5eb2c0f446,0,0,1,0,DATA/METHODS/1 Completed Project  Deliverables/2369 - NMGL Delivarables.xlsx,2025-08-11T10:21:59Z,Installation Procedures ,38,C38,INCLUDE,
M2369_PROC,2369,METHODS,OFFSHORE INSTALLATION,PROCEDURE,INSTALLATION PROCEDURE,Installation Procedures ,,M001,0.95,2369-PP-OF-026,RP-2 DECK INSTALLATION PROCEDURE,AD-27-G-80056,2,NMDC > SUBMISSION STATUS > MethodS TO PMT,2024-10-15,T-507/24,,"{""DATE"":""2024-10-15"",""REF"":""T-507/24""}",{},,,GDOC-ce8319f29c8cacc1ffeef6e4,SDOC-9cab475e0563264c73adb19c,REV-fc4208060d67f2753e9b7a13,EVT-117d161d2f05d696b118184b,0,1,1,0,DATA/METHODS/1 Completed Project  Deliverables/2369 - NMGL Delivarables.xlsx,2025-08-11T10:21:59Z,Installation Procedures ,38,C38,INCLUDE,
M2369_PROC,2369,METHODS,OFFSHORE INSTALLATION,PROCEDURE,INSTALLATION PROCEDURE,Installation Procedures ,,M001,0.95,2369-PP-OF-026,RP-2 DECK INSTALLATION PROCEDURE,AD-27-G-80056,2,ADNOC OFFSHORE > APPROVAL STATUS > FROM CLIENT,2024-10-21,11689-E-O-T-EPC-IFC-000041,1 - Approved,"{""CODE"":""1 - Approved"",""DATE"":""2024-10-21"",""REF"":""11689-E-O-T-EPC-IFC-000041""}",{},,,GDOC-ce8319f29c8cacc1ffeef6e4,SDOC-9cab475e0563264c73adb19c,REV-fc4208060d67f2753e9b7a13,EVT-c8a56e12c9a010889d951686,0,0,1,1,DATA/METHODS/1 Completed Project  Deliverables/2369 - NMGL Delivarables.xlsx,2025-08-11T10:21:59Z,Installation Procedures ,38,C38,INCLUDE,
M2369_PROC,2369,METHODS,OFFSHORE INSTALLATION,PROCEDURE,INSTALLATION PROCEDURE,Installation Procedures ,,M001,0.95,2369-PP-OF-027,NEW BRIDGE (B15) FROM GPF TO RP-2 INSTALLATION PROCEDURE,AD-27-G-80057,A1,NMDC > SUBMISSION STATUS > MethodS TO PMT,2023-12-18,T-377/23,,"{""DATE"":""2023-12-18"",""REF"":""T-377/23""}",{},,,GDOC-8ece584396ef4cfc19739b5c,SDOC-80e466a0da0c299fc6036a1d,REV-1ee80f1eec602c79387ae64b,EVT-b2bd88f525c0cb9f50d40a7a,1,1,0,1,DATA/METHODS/1 Completed Project  Deliverables/2369 - NMGL Delivarables.xlsx,2025-08-11T10:21:59Z,Installation Procedures ,39,C39,INCLUDE,
M2369_PROC,2369,METHODS,OFFSHORE INSTALLATION,PROCEDURE,INSTALLATION PROCEDURE,Installation Procedures ,,M001,0.95,2369-PP-OF-027,NEW BRIDGE (B15) FROM GPF TO RP-2 INSTALLATION PROCEDURE,AD-27-G-80057,1,NMDC > SUBMISSION STATUS > MethodS TO PMT,2024-08-21,T-380/24,,"{""DATE"":""2024-08-21"",""REF"":""T-380/24""}",{},,,GDOC-8ece584396ef4cfc19739b5c,SDOC-80e466a0da0c299fc6036a1d,REV-28df6d3bc89b6e851d5283d8,EVT-6ec5ab8898acc2b2b3695f8e,0,1,0,1,DATA/METHODS/1 Completed Project  Deliverables/2369 - NMGL Delivarables.xlsx,2025-08-11T10:21:59Z,Installation Procedures ,40,C40,INCLUDE,
M2369_PROC,2369,METHODS,OFFSHORE INSTALLATION,PROCEDURE,INSTALLATION PROCEDURE,Installation Procedures ,,M001,0.95,2369-PP-OF-027,NEW BRIDGE (B15) FROM GPF TO RP-2 INSTALLATION PROCEDURE,AD-27-G-80057,2,NMDC > SUBMISSION STATUS > MethodS TO PMT,2024-09-24,T-461/24,,"{""DATE"":""2024-09-24"",""REF"":""T-461/24""}",{},,,GDOC-8ece584396ef4cfc19739b5c,SDOC-80e466a0da0c299fc6036a1d,REV-89bc3b8b5b4351fc5402058f,EVT-3070468ae1106a6c40b97074,0,1,1,0,DATA/METHODS/1 Completed Project  Deliverables/2369 - NMGL Delivarables.xlsx,2025-08-11T10:21:59Z,Installation Procedures ,41,C41,INCLUDE,
M2369_PROC,2369,METHODS,OFFSHORE INSTALLATION,PROCEDURE,INSTALLATION PROCEDURE,Installation Procedures ,,M001,0.95,2369-PP-OF-027,NEW BRIDGE (B15) FROM GPF TO RP-2 INSTALLATION PROCEDURE,AD-27-G-80057,2,NMDC > SUBMISSION STATUS > PMT TO ADNOC,2024-09-25,2369-NPCC-ADNOC-T-01067,,"{""DATE"":""2024-09-25"",""REF"":""2369-NPCC-ADNOC-T-01067""}",{},,,GDOC-8ece584396ef4cfc19739b5c,SDOC-80e466a0da0c299fc6036a1d,REV-89bc3b8b5b4351fc5402058f,EVT-5c53c804a679a480a1482c2c,0,0,1,0,DATA/METHODS/1 Completed Project  Deliverables/2369 - NMGL Delivarables.xlsx,2025-08-11T10:21:59Z,Installation Procedures ,41,C41,INCLUDE,
M2369_PROC,2369,METHODS,OFFSHORE INSTALLATION,PROCEDURE,INSTALLATION PROCEDURE,Installation Procedures ,,M001,0.95,2369-PP-OF-027,NEW BRIDGE (B15) FROM GPF TO RP-2 INSTALLATION PROCEDURE,AD-27-G-80057,2,ADNOC OFFSHORE > APPROVAL STATUS > FROM CLIENT,2024-10-11,11689-E-O-T-EPC-IFR-000258,1 - Approved,"{""CODE"":""1 - Approved"",""DATE"":""2024-10-11"",""REF"":""11689-E-O-T-EPC-IFR-000258""}",{},,,GDOC-8ece584396ef4cfc19739b5c,SDOC-80e466a0da0c299fc6036a1d,REV-89bc3b8b5b4351fc5402058f,EVT-ec3c9aa294b581e32611067d,0,0,1,1,DATA/METHODS/1 Completed Project  Deliverables/2369 - NMGL Delivarables.xlsx,2025-08-11T10:21:59Z,Installation Procedures ,41,C41,INCLUDE,
M2369_PROC,2369,METHODS,OFFSHORE INSTALLATION,PROCEDURE,INSTALLATION PROCEDURE,Installation Procedures ,,M001,0.95,2369-PP-OF-028,SHORE PULL PROCEDURE,AD-27-G-80079,A1,NMDC > SUBMISSION STATUS > MethodS TO PMT,2023-12-06,T-365/23,,"{""DATE"":""2023-12-06"",""REF"":""T-365/23""}",{},,,GDOC-1e72c7ec7aab2d12f72c0f75,SDOC-308f2af25ebc27a1a4543d43,REV-9674bf1834157d016c89bf58,EVT-cbe86eb1daae39673973585a,1,1,0,1,DATA/METHODS/1 Completed Project  Deliverables/2369 - NMGL Delivarables.xlsx,2025-08-11T10:21:59Z,Installation Procedures ,42,C42,INCLUDE,
M2369_PROC,2369,METHODS,OFFSHORE INSTALLATION,PROCEDURE,INSTALLATION PROCEDURE,Installation Procedures ,,M001,0.95,2369-PP-OF-028,SHORE PULL PROCEDURE,AD-27-G-80079,1,NMDC > SUBMISSION STATUS > MethodS TO PMT,2023-12-28,T-392/23,,"{""DATE"":""2023-12-28"",""REF"":""T-392/23""}",{},,,GDOC-1e72c7ec7aab2d12f72c0f75,SDOC-308f2af25ebc27a1a4543d43,REV-f06da0f0a68fc53fa77e8a44,EVT-4060ad9e753a364e8f743832,0,1,0,1,DATA/METHODS/1 Completed Project  Deliverables/2369 - NMGL Delivarables.xlsx,2025-08-11T10:21:59Z,Installation Procedures ,43,C43,INCLUDE,
M2369_PROC,2369,METHODS,OFFSHORE INSTALLATION,PROCEDURE,INSTALLATION PROCEDURE,Installation Procedures ,,M001,0.95,2369-PP-OF-028,SHORE PULL PROCEDURE,AD-27-G-80079,2,APPROVAL STATUS > STATUS FROM MWS,2024-05-16,SAF190-MCE-NPCC-T-011,1-Approved,"{""CODE"":""1-Approved"",""DATE"":""2024-05-16"",""REF"":""SAF190-MCE-NPCC-T-011""}",{},,,GDOC-1e72c7ec7aab2d12f72c0f75,SDOC-308f2af25ebc27a1a4543d43,REV-d625835457a3681ffacfee41,EVT-0753d19fcf97c4d1e4e2134e,0,0,1,1,DATA/METHODS/1 Completed Project  Deliverables/2369 - NMGL Delivarables.xlsx,2025-08-11T10:21:59Z,Installation Procedures ,44,C44,INCLUDE,
M2369_PROC,2369,METHODS,OFFSHORE INSTALLATION,PROCEDURE,INSTALLATION PROCEDURE,Installation Procedures ,,M001,0.95,2369-PP-OF-028,SHORE PULL PROCEDURE,AD-27-G-80079,2,NMDC > SUBMISSION STATUS > MethodS TO PMT,2024-04-18,T-162/24,,"{""DATE"":""2024-04-18"",""REF"":""T-162/24""}",{},,,GDOC-1e72c7ec7aab2d12f72c0f75,SDOC-308f2af25ebc27a1a4543d43,REV-d625835457a3681ffacfee41,EVT-0b8f984748684f8fb5a25f07,0,1,1,0,DATA/METHODS/1 Completed Project  Deliverables/2369 - NMGL Delivarables.xlsx,2025-08-11T10:21:59Z,Installation Procedures ,44,C44,INCLUDE,
M2369_PROC,2369,METHODS,OFFSHORE INSTALLATION,PROCEDURE,INSTALLATION PROCEDURE,Installation Procedures ,,M001,0.95,2369-PP-OF-028,SHORE PULL PROCEDURE,AD-27-G-80079,2,NMDC > SUBMISSION STATUS > PMT TO ADNOC,2024-04-19,2369-NPCC-ADNOC-T-00759,,"{""DATE"":""2024-04-19"",""REF"":""2369-NPCC-ADNOC-T-00759""}",{},,,GDOC-1e72c7ec7aab2d12f72c0f75,SDOC-308f2af25ebc27a1a4543d43,REV-d625835457a3681ffacfee41,EVT-1312747b567211f6caff3c01,0,0,1,0,DATA/METHODS/1 Completed Project  Deliverables/2369 - NMGL Delivarables.xlsx,2025-08-11T10:21:59Z,Installation Procedures ,44,C44,INCLUDE,
M2369_PROC,2369,METHODS,OFFSHORE INSTALLATION,PROCEDURE,INSTALLATION PROCEDURE,Installation Procedures ,,M001,0.95,2369-PP-OF-028,SHORE PULL PROCEDURE,AD-27-G-80079,2,ADNOC OFFSHORE > APPROVAL STATUS > FROM CLIENT,2024-04-23,11689-E-O-T-EPC-IFC-000009,1 - Approved,"{""CODE"":""1 - Approved"",""DATE"":""2024-04-23"",""REF"":""11689-E-O-T-EPC-IFC-000009""}",{},,,GDOC-1e72c7ec7aab2d12f72c0f75,SDOC-308f2af25ebc27a1a4543d43,REV-d625835457a3681ffacfee41,EVT-c84cbbeabd62307fab74a6af,0,0,1,0,DATA/METHODS/1 Completed Project  Deliverables/2369 - NMGL Delivarables.xlsx,2025-08-11T10:21:59Z,Installation Procedures ,44,C44,INCLUDE,
M2369_PROC,2369,METHODS,OFFSHORE INSTALLATION,PROCEDURE,INSTALLATION PROCEDURE,Installation Procedures ,,M001,0.95,2369-PP-OF-028,SHORE PULL PROCEDURE,AD-27-G-80079,2,SUBMISSION STATUS > PMT TO MWS,2024-05-12,2369-NPCC-MCE-T-0015,,"{""DATE"":""2024-05-12"",""REF"":""2369-NPCC-MCE-T-0015""}",{},,,GDOC-1e72c7ec7aab2d12f72c0f75,SDOC-308f2af25ebc27a1a4543d43,REV-d625835457a3681ffacfee41,EVT-fc8eb4526ffd0c156fffe5e6,0,0,1,0,DATA/METHODS/1 Completed Project  Deliverables/2369 - NMGL Delivarables.xlsx,2025-08-11T10:21:59Z,Installation Procedures ,44,C44,INCLUDE,
M2369_PROC,2369,METHODS,OFFSHORE INSTALLATION,PROCEDURE,INSTALLATION PROCEDURE,Installation Procedures ,,M001,0.95,2369-PP-OF-029,PIPELINE INSTALLATION MANUAL,AD-27-G-80080,A1,NMDC > SUBMISSION STATUS > MethodS TO PMT,2023-12-11,T-369/23,,"{""DATE"":""2023-12-11"",""REF"":""T-369/23""}",{},,,GDOC-702b00f0b9aff6743b90af9a,SDOC-eb33134d10b9aeab58cadd26,REV-12f0112dccea311b3e86e38b,EVT-3e297de60d3aaff16a2fbfcd,1,1,0,1,DATA/METHODS/1 Completed Project  Deliverables/2369 - NMGL Delivarables.xlsx,2025-08-11T10:21:59Z,Installation Procedures ,45,C45,INCLUDE,
M2369_PROC,2369,METHODS,OFFSHORE INSTALLATION,PROCEDURE,INSTALLATION PROCEDURE,Installation Procedures ,,M001,0.95,2369-PP-OF-029,PIPELINE INSTALLATION MANUAL,AD-27-G-80080,1,NMDC > SUBMISSION STATUS > MethodS TO PMT,2023-12-20,T-382/23,,"{""DATE"":""2023-12-20"",""REF"":""T-382/23""}",{},,,GDOC-702b00f0b9aff6743b90af9a,SDOC-eb33134d10b9aeab58cadd26,REV-2bb5670969977d66869db42d,EVT-5536016c1a1389144da7c67f,0,1,0,1,DATA/METHODS/1 Completed Project  Deliverables/2369 - NMGL Delivarables.xlsx,2025-08-11T10:21:59Z,Installation Procedures ,46,C46,INCLUDE,
M2369_PROC,2369,METHODS,OFFSHORE INSTALLATION,PROCEDURE,INSTALLATION PROCEDURE,Installation Procedures ,,M001,0.95,2369-PP-OF-029,PIPELINE INSTALLATION MANUAL,AD-27-G-80080,2,NMDC > SUBMISSION STATUS > MethodS TO PMT,2024-04-18,T-163/24,,"{""DATE"":""2024-04-18"",""REF"":""T-163/24""}",{},,,GDOC-702b00f0b9aff6743b90af9a,SDOC-eb33134d10b9aeab58cadd26,REV-a21ca3f3874edb56df551713,EVT-7485eb858ebd8a9eefb633f0,0,1,0,1,DATA/METHODS/1 Completed Project  Deliverables/2369 - NMGL Delivarables.xlsx,2025-08-11T10:21:59Z,Installation Procedures ,47,C47,INCLUDE,
M2369_PROC,2369,METHODS,OFFSHORE INSTALLATION,PROCEDURE,INSTALLATION PROCEDURE,Installation Procedures ,,M001,0.95,2369-PP-OF-029,PIPELINE INSTALLATION MANUAL,AD-27-G-80080,3,NMDC > SUBMISSION STATUS > MethodS TO PMT,2024-05-30,T-230/24,,"{""DATE"":""2024-05-30"",""REF"":""T-230/24""}",{},,,GDOC-702b00f0b9aff6743b90af9a,SDOC-eb33134d10b9aeab58cadd26,REV-0b4b30243ad4535ec3a61862,EVT-56a255bf3e290754744cac7b,0,1,0,1,DATA/METHODS/1 Completed Project  Deliverables/2369 - NMGL Delivarables.xlsx,2025-08-11T10:21:59Z,Installation Procedures ,48,C48,INCLUDE,
M2369_PROC,2369,METHODS,OFFSHORE INSTALLATION,PROCEDURE,INSTALLATION PROCEDURE,Installation Procedures ,,M001,0.95,2369-PP-OF-029,PIPELINE INSTALLATION MANUAL,AD-27-G-80080,4,NMDC > SUBMISSION STATUS > MethodS TO PMT,2024-07-01,T-291/24,,"{""DATE"":""2024-07-01"",""REF"":""T-291/24""}",{},,,GDOC-702b00f0b9aff6743b90af9a,SDOC-eb33134d10b9aeab58cadd26,REV-db02c2fc499524f802d395c7,EVT-33aab710ceec8d9b1938c8c3,0,1,0,1,DATA/METHODS/1 Completed Project  Deliverables/2369 - NMGL Delivarables.xlsx,2025-08-11T10:21:59Z,Installation Procedures ,49,C49,INCLUDE,
M2369_PROC,2369,METHODS,OFFSHORE INSTALLATION,PROCEDURE,INSTALLATION PROCEDURE,Installation Procedures ,,M001,0.95,2369-PP-OF-029,PIPELINE INSTALLATION MANUAL,AD-27-G-80080,5,NMDC > SUBMISSION STATUS > PMT TO ADNOC,2024-09-19,2369-NPCC-ADNOC-T-01057,,"{""DATE"":""2024-09-19"",""REF"":""2369-NPCC-ADNOC-T-01057""}",{},,,GDOC-702b00f0b9aff6743b90af9a,SDOC-eb33134d10b9aeab58cadd26,REV-a313b1c7f61ff23dadbf37e1,EVT-4a188a07a11a499e969b17c9,0,0,0,0,DATA/METHODS/1 Completed Project  Deliverables/2369 - NMGL Delivarables.xlsx,2025-08-11T10:21:59Z,Installation Procedures ,50,C50,INCLUDE,
M2369_PROC,2369,METHODS,OFFSHORE INSTALLATION,PROCEDURE,INSTALLATION PROCEDURE,Installation Procedures ,,M001,0.95,2369-PP-OF-029,PIPELINE INSTALLATION MANUAL,AD-27-G-80080,5,ADNOC OFFSHORE > APPROVAL STATUS > FROM CLIENT,2024-09-19,11689-E-O-T-EPC-IFC-000029,2 - Approved with Comments,"{""CODE"":""2 - Approved with Comments"",""DATE"":""2024-09-19"",""REF"":""11689-E-O-T-EPC-IFC-000029""}",{},,,GDOC-702b00f0b9aff6743b90af9a,SDOC-eb33134d10b9aeab58cadd26,REV-a313b1c7f61ff23dadbf37e1,EVT-84a48d9de67fac4cb4da3f08,0,0,0,1,DATA/METHODS/1 Completed Project  Deliverables/2369 - NMGL Delivarables.xlsx,2025-08-11T10:21:59Z,Installation Procedures ,50,C50,INCLUDE,
M2369_PROC,2369,METHODS,OFFSHORE INSTALLATION,PROCEDURE,INSTALLATION PROCEDURE,Installation Procedures ,,M001,0.95,2369-PP-OF-029,PIPELINE INSTALLATION MANUAL,AD-27-G-80080,5,NMDC > SUBMISSION STATUS > MethodS TO PMT,2024-09-12,T-423/24,,"{""DATE"":""2024-09-12"",""REF"":""T-423/24""}",{},,,GDOC-702b00f0b9aff6743b90af9a,SDOC-eb33134d10b9aeab58cadd26,REV-a313b1c7f61ff23dadbf37e1,EVT-9def24d33a74b42e3fabf7ec,0,1,0,0,DATA/METHODS/1 Completed Project  Deliverables/2369 - NMGL Delivarables.xlsx,2025-08-11T10:21:59Z,Installation Procedures ,50,C50,INCLUDE,
M2369_PROC,2369,METHODS,OFFSHORE INSTALLATION,PROCEDURE,INSTALLATION PROCEDURE,Installation Procedures ,,M001,0.95,2369-PP-OF-029,PIPELINE INSTALLATION MANUAL,AD-27-G-80080,6,NMDC > SUBMISSION STATUS > MethodS TO PMT,2024-12-06,T-584/24,,"{""DATE"":""2024-12-06"",""REF"":""T-584/24""}",{},,,GDOC-702b00f0b9aff6743b90af9a,SDOC-eb33134d10b9aeab58cadd26,REV-b2fc43a37eda08754ea4c5a9,EVT-c9e72c3ddf0420b21ca1958c,0,1,1,1,DATA/METHODS/1 Completed Project  Deliverables/2369 - NMGL Delivarables.xlsx,2025-08-11T10:21:59Z,Installation Procedures ,51,C51,INCLUDE,
M2369_PROC,2369,METHODS,OFFSHORE INSTALLATION,PROCEDURE,INSTALLATION PROCEDURE,Installation Procedures ,,M001,0.95,2369-PP-OF-030,SLEEPERS INSTALLATION PROCEDURE,AD-27-G-80081,A1,NMDC > SUBMISSION STATUS > MethodS TO PMT,2023-11-16,T-350/23,,"{""DATE"":""2023-11-16"",""REF"":""T-350/23""}",{},,,GDOC-d09b9f15bb38a2fd02ecce72,SDOC-35b72c066b061a28a848a85f,REV-8648dcacbf9aba1fdef1f362,EVT-1d538e626d87430d68abb885,1,1,0,1,DATA/METHODS/1 Completed Project  Deliverables/2369 - NMGL Delivarables.xlsx,2025-08-11T10:21:59Z,Installation Procedures ,52,C52,INCLUDE,
M2369_PROC,2369,METHODS,OFFSHORE INSTALLATION,PROCEDURE,INSTALLATION PROCEDURE,Installation Procedures ,,M001,0.95,2369-PP-OF-030,SLEEPERS INSTALLATION PROCEDURE,AD-27-G-80081,1,NMDC > SUBMISSION STATUS > MethodS TO PMT,2023-12-27,T-388/23,,"{""DATE"":""2023-12-27"",""REF"":""T-388/23""}",{},,,GDOC-d09b9f15bb38a2fd02ecce72,SDOC-35b72c066b061a28a848a85f,REV-905e4afb45bbe6dc9fa1f8ab,EVT-fffdcc867bbb6dff72e5c1ec,0,1,0,1,DATA/METHODS/1 Completed Project  Deliverables/2369 - NMGL Delivarables.xlsx,2025-08-11T10:21:59Z,Installation Procedures ,53,C53,INCLUDE,
M2369_PROC,2369,METHODS,OFFSHORE INSTALLATION,PROCEDURE,INSTALLATION PROCEDURE,Installation Procedures ,,M001,0.95,2369-PP-OF-030,SLEEPERS INSTALLATION PROCEDURE,AD-27-G-80081,2,NMDC > SUBMISSION STATUS > MethodS TO PMT,2024-03-12,T-115/24,,"{""DATE"":""2024-03-12"",""REF"":""T-115/24""}",{},,,GDOC-d09b9f15bb38a2fd02ecce72,SDOC-35b72c066b061a28a848a85f,REV-ba1a23ebc2be874e17291150,EVT-20661b057e05aa796ddc1613,0,1,1,0,DATA/METHODS/1 Completed Project  Deliverables/2369 - NMGL Delivarables.xlsx,2025-08-11T10:21:59Z,Installation Procedures ,54,C54,INCLUDE,
M2369_PROC,2369,METHODS,OFFSHORE INSTALLATION,PROCEDURE,INSTALLATION PROCEDURE,Installation Procedures ,,M001,0.95,2369-PP-OF-030,SLEEPERS INSTALLATION PROCEDURE,AD-27-G-80081,2,ADNOC OFFSHORE > APPROVAL STATUS > FROM CLIENT,2024-03-21,11689-E-O-T-EPC-IFC-000006,1 - Approved,"{""CODE"":""1 - Approved"",""DATE"":""2024-03-21"",""REF"":""11689-E-O-T-EPC-IFC-000006""}",{},,,GDOC-d09b9f15bb38a2fd02ecce72,SDOC-35b72c066b061a28a848a85f,REV-ba1a23ebc2be874e17291150,EVT-2e1eec240509e269149c5b15,0,0,1,1,DATA/METHODS/1 Completed Project  Deliverables/2369 - NMGL Delivarables.xlsx,2025-08-11T10:21:59Z,Installation Procedures ,54,C54,INCLUDE,
M2369_PROC,2369,METHODS,OFFSHORE INSTALLATION,PROCEDURE,INSTALLATION PROCEDURE,Installation Procedures ,,M001,0.95,2369-PP-OF-030,SLEEPERS INSTALLATION PROCEDURE,AD-27-G-80081,2,NMDC > SUBMISSION STATUS > PMT TO ADNOC,2024-03-12,2369-NPCC-ADNOC-T-00689,,"{""DATE"":""2024-03-12"",""REF"":""2369-NPCC-ADNOC-T-00689""}",{},,,GDOC-d09b9f15bb38a2fd02ecce72,SDOC-35b72c066b061a28a848a85f,REV-ba1a23ebc2be874e17291150,EVT-6d8ea4b65c52989697f3a702,0,0,1,0,DATA/METHODS/1 Completed Project  Deliverables/2369 - NMGL Delivarables.xlsx,2025-08-11T10:21:59Z,Installation Procedures ,54,C54,INCLUDE,
M2369_PROC,2369,METHODS,OFFSHORE INSTALLATION,PROCEDURE,INSTALLATION PROCEDURE,Installation Procedures ,,M001,0.95,2369-PP-OF-031,NEW BRIDGE SUPPORT TOWER INSTALLATION PROCEDURE,AD-27-G-80082,A1,NMDC > SUBMISSION STATUS > MethodS TO PMT,2023-12-12,T-372/23,,"{""DATE"":""2023-12-12"",""REF"":""T-372/23""}",{},,,GDOC-579f106ebd94587ee39710db,SDOC-819b4cde80adda4eafd8678c,REV-31d01fc152570e7860868015,EVT-e5be65314270dbf2d4f25dc0,1,1,0,1,DATA/METHODS/1 Completed Project  Deliverables/2369 - NMGL Delivarables.xlsx,2025-08-11T10:21:59Z,Installation Procedures ,55,C55,INCLUDE,
M2369_PROC,2369,METHODS,OFFSHORE INSTALLATION,PROCEDURE,INSTALLATION PROCEDURE,Installation Procedures ,,M001,0.95,2369-PP-OF-031,NEW BRIDGE SUPPORT TOWER INSTALLATION PROCEDURE,AD-27-G-80082,1,NMDC > SUBMISSION STATUS > MethodS TO PMT,2024-04-19,T-166/24,,"{""DATE"":""2024-04-19"",""REF"":""T-166/24""}",{},,,GDOC-579f106ebd94587ee39710db,SDOC-819b4cde80adda4eafd8678c,REV-bd893f0e81d8e180218f1412,EVT-923fff033ccc6b24c5e75e3c,0,1,0,1,DATA/METHODS/1 Completed Project  Deliverables/2369 - NMGL Delivarables.xlsx,2025-08-11T10:21:59Z,Installation Procedures ,56,C56,INCLUDE,
M2369_PROC,2369,METHODS,OFFSHORE INSTALLATION,PROCEDURE,INSTALLATION PROCEDURE,Installation Procedures ,,M001,0.95,2369-PP-OF-031,NEW BRIDGE SUPPORT TOWER INSTALLATION PROCEDURE,AD-27-G-80082,2,NMDC > SUBMISSION STATUS > MethodS TO PMT,2024-07-01,T-289/24,,"{""DATE"":""2024-07-01"",""REF"":""T-289/24""}",{},,,GDOC-579f106ebd94587ee39710db,SDOC-819b4cde80adda4eafd8678c,REV-c83d052829ca18735a1cadec,EVT-fecd2d6fead3333e08c00076,0,1,0,1,DATA/METHODS/1 Completed Project  Deliverables/2369 - NMGL Delivarables.xlsx,2025-08-11T10:21:59Z,Installation Procedures ,57,C57,INCLUDE,
M2369_PROC,2369,METHODS,OFFSHORE INSTALLATION,PROCEDURE,INSTALLATION PROCEDURE,Installation Procedures ,,M001,0.95,2369-PP-OF-031,NEW BRIDGE SUPPORT TOWER INSTALLATION PROCEDURE,AD-27-G-80082,3,NMDC > SUBMISSION STATUS > MethodS TO PMT,2024-09-17,T-438/24,,"{""DATE"":""2024-09-17"",""REF"":""T-438/24""}",{},,,GDOC-579f106ebd94587ee39710db,SDOC-819b4cde80adda4eafd8678c,REV-b8a9607cbb83137b9583a240,EVT-d058e35b92a0ed3900c4c009,0,1,0,1,DATA/METHODS/1 Completed Project  Deliverables/2369 - NMGL Delivarables.xlsx,2025-08-11T10:21:59Z,Installation Procedures ,58,C58,INCLUDE,
M2369_PROC,2369,METHODS,OFFSHORE INSTALLATION,PROCEDURE,INSTALLATION PROCEDURE,Installation Procedures ,,M001,0.95,2369-PP-OF-031,NEW BRIDGE SUPPORT TOWER INSTALLATION PROCEDURE,AD-27-G-80082,4,ADNOC OFFSHORE > APPROVAL STATUS > FROM CLIENT,2024-10-17,11689-E-O-T-EPC-IFC-000038,1 - Approved,"{""CODE"":""1 - Approved"",""DATE"":""2024-10-17"",""REF"":""11689-E-O-T-EPC-IFC-000038""}",{},,,GDOC-579f106ebd94587ee39710db,SDOC-819b4cde80adda4eafd8678c,REV-f30f74f80d739f1ab00764f9,EVT-20c92a688c6e43514a2c23b9,0,0,1,1,DATA/METHODS/1 Completed Project  Deliverables/2369 - NMGL Delivarables.xlsx,2025-08-11T10:21:59Z,Installation Procedures ,59,C59,INCLUDE,
M2369_PROC,2369,METHODS,OFFSHORE INSTALLATION,PROCEDURE,INSTALLATION PROCEDURE,Installation Procedures ,,M001,0.95,2369-PP-OF-031,NEW BRIDGE SUPPORT TOWER INSTALLATION PROCEDURE,AD-27-G-80082,4,NMDC > SUBMISSION STATUS > MethodS TO PMT,2024-09-20,T-449/24,,"{""DATE"":""2024-09-20"",""REF"":""T-449/24""}",{},,,GDOC-579f106ebd94587ee39710db,SDOC-819b4cde80adda4eafd8678c,REV-f30f74f80d739f1ab00764f9,EVT-4e93c4bfea8a7e1088e59e20,0,1,1,0,DATA/METHODS/1 Completed Project  Deliverables/2369 - NMGL Delivarables.xlsx,2025-08-11T10:21:59Z,Installation Procedures ,59,C59,INCLUDE,
M2369_PROC,2369,METHODS,OFFSHORE INSTALLATION,PROCEDURE,INSTALLATION PROCEDURE,Installation Procedures ,,M001,0.95,2369-PP-OF-031,NEW BRIDGE SUPPORT TOWER INSTALLATION PROCEDURE,AD-27-G-80082,4,NMDC > SUBMISSION STATUS > PMT TO ADNOC,2024-10-15,2369-NPCC-ADNOC-T-01106,,"{""DATE"":""2024-10-15"",""REF"":""2369-NPCC-ADNOC-T-01106""}",{},,,GDOC-579f106ebd94587ee39710db,SDOC-819b4cde80adda4eafd8678c,REV-f30f74f80d739f1ab00764f9,EVT-f08fc9319b5939175b9025d2,0,0,1,0,DATA/METHODS/1 Completed Project  Deliverables/2369 - NMGL Delivarables.xlsx,2025-08-11T10:21:59Z,Installation Procedures ,59,C59,INCLUDE,
M2369_PROC,2369,METHODS,OFFSHORE INSTALLATION,PROCEDURE,INSTALLATION PROCEDURE,Installation Procedures ,,M001,0.95,2369-PP-OF-036,METHOD STATEMENT FOR HANDLING OF ANCHORS BY HAMMER HEAD CRANE VESSEL,AD-27-G-80134,A1,NMDC > SUBMISSION STATUS > MethodS TO PMT,2023-09-07,T-265/23,,"{""DATE"":""2023-09-07"",""REF"":""T-265/23""}",{},,,GDOC-a74bc36c7960dfc027187d9e,SDOC-8b9cb36d638b1b6be775b75b,REV-17151abb554f756decd27eb3,EVT-b91db50a8ce97cde05bf346a,1,1,0,1,DATA/METHODS/1 Completed Project  Deliverables/2369 - NMGL Delivarables.xlsx,2025-08-11T10:21:59Z,Installation Procedures ,60,C60,INCLUDE,
M2369_PROC,2369,METHODS,OFFSHORE INSTALLATION,PROCEDURE,INSTALLATION PROCEDURE,Installation Procedures ,,M001,0.95,2369-PP-OF-036,METHOD STATEMENT FOR HANDLING OF ANCHORS BY HAMMER HEAD CRANE VESSEL,AD-27-G-80134,1,ADNOC OFFSHORE > APPROVAL STATUS > FROM CLIENT,2024-01-24,11689-E-O-T-EPC-IFR-000058,1 - Approved,"{""CODE"":""1 - Approved"",""DATE"":""2024-01-24"",""REF"":""11689-E-O-T-EPC-IFR-000058""}",{},,,GDOC-a74bc36c7960dfc027187d9e,SDOC-8b9cb36d638b1b6be775b75b,REV-c8ba2dfe52ae02236add97e6,EVT-266ed0a7efe29d3e28b6dec1,0,0,1,1,DATA/METHODS/1 Completed Project  Deliverables/2369 - NMGL Delivarables.xlsx,2025-08-11T10:21:59Z,Installation Procedures ,61,C61,INCLUDE,
M2369_PROC,2369,METHODS,OFFSHORE INSTALLATION,PROCEDURE,INSTALLATION PROCEDURE,Installation Procedures ,,M001,0.95,2369-PP-OF-036,METHOD STATEMENT FOR HANDLING OF ANCHORS BY HAMMER HEAD CRANE VESSEL,AD-27-G-80134,1,NMDC > SUBMISSION STATUS > MethodS TO PMT,2023-11-28,T-359/23,,"{""DATE"":""2023-11-28"",""REF"":""T-359/23""}",{},,,GDOC-a74bc36c7960dfc027187d9e,SDOC-8b9cb36d638b1b6be775b75b,REV-c8ba2dfe52ae02236add97e6,EVT-4ea4e3876e303b775a70f3d6,0,1,1,0,DATA/METHODS/1 Completed Project  Deliverables/2369 - NMGL Delivarables.xlsx,2025-08-11T10:21:59Z,Installation Procedures ,61,C61,INCLUDE,
M2369_PROC,2369,METHODS,OFFSHORE INSTALLATION,PROCEDURE,INSTALLATION PROCEDURE,Installation Procedures ,,M001,0.95,2369-PP-OF-036,METHOD STATEMENT FOR HANDLING OF ANCHORS BY HAMMER HEAD CRANE VESSEL,AD-27-G-80134,1,NMDC > SUBMISSION STATUS > PMT TO ADNOC,2023-12-26,2369-NPCC-ADNOC-T-00536,,"{""DATE"":""2023-12-26"",""REF"":""2369-NPCC-ADNOC-T-00536""}",{},,,GDOC-a74bc36c7960dfc027187d9e,SDOC-8b9cb36d638b1b6be775b75b,REV-c8ba2dfe52ae02236add97e6,EVT-60eaf6eb2097101c942c74dc,0,0,1,0,DATA/METHODS/1 Completed Project  Deliverables/2369 - NMGL Delivarables.xlsx,2025-08-11T10:21:59Z,Installation Procedures ,61,C61,INCLUDE,
M2369_PROC,2369,METHODS,OFFSHORE INSTALLATION,PROCEDURE,INSTALLATION PROCEDURE,Installation Procedures ,,M001,0.95,2369-PP-OF-046,FOC TRANSPOOLING PROCEDURE,AD-27-G-80221,A1,NMDC > SUBMISSION STATUS > MethodS TO PMT,2024-06-20,T-270/24,,"{""DATE"":""2024-06-20"",""REF"":""T-270/24""}",{},,,GDOC-5c16246f88b8f521eba0f4e4,SDOC-6081e16003ea0157bcd00fa1,REV-0e29fbb663a861de1bd3ea31,EVT-dacab296966cdee6e1eca5ab,1,1,0,1,DATA/METHODS/1 Completed Project  Deliverables/2369 - NMGL Delivarables.xlsx,2025-08-11T10:21:59Z,Installation Procedures ,62,C62,INCLUDE,
M2369_PROC,2369,METHODS,OFFSHORE INSTALLATION,PROCEDURE,INSTALLATION PROCEDURE,Installation Procedures ,,M001,0.95,2369-PP-OF-046,FOC TRANSPOOLING PROCEDURE,AD-27-G-80221,1,NMDC > SUBMISSION STATUS > PMT TO ADNOC,2024-07-26,2369-NPCC-ADNOC-T-00938,,"{""DATE"":""2024-07-26"",""REF"":""2369-NPCC-ADNOC-T-00938""}",{},,,GDOC-5c16246f88b8f521eba0f4e4,SDOC-6081e16003ea0157bcd00fa1,REV-a3a4efdd4b8e9448dacbb273,EVT-2e7e6119c244740a8d66a08d,0,0,1,0,DATA/METHODS/1 Completed Project  Deliverables/2369 - NMGL Delivarables.xlsx,2025-08-11T10:21:59Z,Installation Procedures ,63,C63,INCLUDE,
M2369_PROC,2369,METHODS,OFFSHORE INSTALLATION,PROCEDURE,INSTALLATION PROCEDURE,Installation Procedures ,,M001,0.95,2369-PP-OF-046,FOC TRANSPOOLING PROCEDURE,AD-27-G-80221,1,ADNOC OFFSHORE > APPROVAL STATUS > FROM CLIENT,2024-07-30,11689-E-O-T-EPC-IFR-000174,1 - Approved,"{""CODE"":""1 - Approved"",""DATE"":""2024-07-30"",""REF"":""11689-E-O-T-EPC-IFR-000174""}",{},,,GDOC-5c16246f88b8f521eba0f4e4,SDOC-6081e16003ea0157bcd00fa1,REV-a3a4efdd4b8e9448dacbb273,EVT-4cd88e70307e75eca35a7b1b,0,0,1,0,DATA/METHODS/1 Completed Project  Deliverables/2369 - NMGL Delivarables.xlsx,2025-08-11T10:21:59Z,Installation Procedures ,63,C63,INCLUDE,
M2369_PROC,2369,METHODS,OFFSHORE INSTALLATION,PROCEDURE,INSTALLATION PROCEDURE,Installation Procedures ,,M001,0.95,2369-PP-OF-046,FOC TRANSPOOLING PROCEDURE,AD-27-G-80221,1,SUBMISSION STATUS > PMT TO MWS,2024-07-26,2369-NPCC-MCE-T-0027,,"{""DATE"":""2024-07-26"",""REF"":""2369-NPCC-MCE-T-0027""}",{},,,GDOC-5c16246f88b8f521eba0f4e4,SDOC-6081e16003ea0157bcd00fa1,REV-a3a4efdd4b8e9448dacbb273,EVT-a3b4a76b78b7a798e28cd006,0,0,1,0,DATA/METHODS/1 Completed Project  Deliverables/2369 - NMGL Delivarables.xlsx,2025-08-11T10:21:59Z,Installation Procedures ,63,C63,INCLUDE,
M2369_PROC,2369,METHODS,OFFSHORE INSTALLATION,PROCEDURE,INSTALLATION PROCEDURE,Installation Procedures ,,M001,0.95,2369-PP-OF-046,FOC TRANSPOOLING PROCEDURE,AD-27-G-80221,1,APPROVAL STATUS > STATUS FROM MWS,2024-07-29,SAF190-MCE-NPCC-T-022,1-Approved,"{""CODE"":""1-Approved"",""DATE"":""2024-07-29"",""REF"":""SAF190-MCE-NPCC-T-022""}",{},,,GDOC-5c16246f88b8f521eba0f4e4,SDOC-6081e16003ea0157bcd00fa1,REV-a3a4efdd4b8e9448dacbb273,EVT-b14e0dd5f5ff1bdb9fe98f06,0,0,1,1,DATA/METHODS/1 Completed Project  Deliverables/2369 - NMGL Delivarables.xlsx,2025-08-11T10:21:59Z,Installation Procedures ,63,C63,INCLUDE,
M2369_PROC,2369,METHODS,OFFSHORE INSTALLATION,PROCEDURE,INSTALLATION PROCEDURE,Installation Procedures ,,M001,0.95,2369-PP-OF-046,FOC TRANSPOOLING PROCEDURE,AD-27-G-80221,1,NMDC > SUBMISSION STATUS > MethodS TO PMT,2024-07-24,T-333/24,,"{""DATE"":""2024-07-24"",""REF"":""T-333/24""}",{},,,GDOC-5c16246f88b8f521eba0f4e4,SDOC-6081e16003ea0157bcd00fa1,REV-a3a4efdd4b8e9448dacbb273,EVT-ccab47aa09527e3ad1c8bce2,0,1,1,0,DATA/METHODS/1 Completed Project  Deliverables/2369 - NMGL Delivarables.xlsx,2025-08-11T10:21:59Z,Installation Procedures ,63,C63,INCLUDE,
M2369_PROC,2369,METHODS,OFFSHORE INSTALLATION,PROCEDURE,INSTALLATION PROCEDURE,Installation Procedures ,,M001,0.95,2369-PP-OF-049,METHOD STATEMENT FOR TEMPORARY FOC REEL DRIVING,AD-27-G-80242,A1,NMDC > SUBMISSION STATUS > MethodS TO PMT,2024-06-25,T-272/24,,"{""DATE"":""2024-06-25"",""REF"":""T-272/24""}",{},,,GDOC-b133563646153cd752bd0d73,SDOC-4b9671b99f2d87b26724aed7,REV-5fb156f09d97129355fb4f10,EVT-940a7fda58662fdcc618e3ce,1,1,1,1,DATA/METHODS/1 Completed Project  Deliverables/2369 - NMGL Delivarables.xlsx,2025-08-11T10:21:59Z,Installation Procedures ,64,C64,INCLUDE,
M2369_PROC,2369,METHODS,OFFSHORE INSTALLATION,PROCEDURE,INSTALLATION PROCEDURE,Installation Procedures ,,M001,0.95,2369-PP-OF-050,METHOD STATEMENT FOR CONNECTING GROMMET,AD-27-G-80243,,RECORD,,,,{},{},,,GDOC-9f4dc6c7076e81b9c9c6f439,SDOC-c0a5cdf7f8891717e1d1822d,REV-9bba7ab788291a1dcd7b9ff3,EVT-85bb222597b43bd530df5859,1,1,1,1,DATA/METHODS/1 Completed Project  Deliverables/2369 - NMGL Delivarables.xlsx,2025-08-11T10:21:59Z,Installation Procedures ,65,C65,INCLUDE,
M2369_PROC,2369,METHODS,OFFSHORE INSTALLATION,PROCEDURE,INSTALLATION PROCEDURE,Installation Procedures ,,M001,0.95,2369-PP-OF-052,METHOD STATEMENT FOR 34” PIPELINE REMEDIAL WORKS,AD-27-G-80263,A1,NMDC > SUBMISSION STATUS > MethodS TO PMT,2024-10-08,T-494/24,,"{""DATE"":""2024-10-08"",""REF"":""T-494/24""}",{},,,GDOC-198ec0b950b4953234d2e330,SDOC-60707173a6c9320e06ffecce,REV-388d7b2db0845425635974c9,EVT-4566228a47e2d52713fd83a0,1,1,0,1,DATA/METHODS/1 Completed Project  Deliverables/2369 - NMGL Delivarables.xlsx,2025-08-11T10:21:59Z,Installation Procedures ,66,C66,INCLUDE,
M2369_PROC,2369,METHODS,OFFSHORE INSTALLATION,PROCEDURE,INSTALLATION PROCEDURE,Installation Procedures ,,M001,0.95,2369-PP-OF-052,METHOD STATEMENT FOR 34” PIPELINE REMEDIAL WORKS,AD-27-G-80263,1,NMDC > SUBMISSION STATUS > MethodS TO PMT,2024-10-08,T-496/24,,"{""DATE"":""2024-10-08"",""REF"":""T-496/24""}",{},,,GDOC-198ec0b950b4953234d2e330,SDOC-60707173a6c9320e06ffecce,REV-288bd7aaff4f467d8ed8a66a,EVT-8fa87452ff8fc6456888a4a8,0,1,0,1,DATA/METHODS/1 Completed Project  Deliverables/2369 - NMGL Delivarables.xlsx,2025-08-11T10:21:59Z,Installation Procedures ,67,C67,INCLUDE,
M2369_PROC,2369,METHODS,OFFSHORE INSTALLATION,PROCEDURE,INSTALLATION PROCEDURE,Installation Procedures ,,M001,0.95,2369-PP-OF-052,METHOD STATEMENT FOR 34” PIPELINE REMEDIAL WORKS,AD-27-G-80263,2,NMDC > SUBMISSION STATUS > MethodS TO PMT,2024-10-10,T-499/24,,"{""DATE"":""2024-10-10"",""REF"":""T-499/24""}",{},,,GDOC-198ec0b950b4953234d2e330,SDOC-60707173a6c9320e06ffecce,REV-eb6cd7ce433f011885374545,EVT-12b6517d324fb9557269200d,0,1,1,0,DATA/METHODS/1 Completed Project  Deliverables/2369 - NMGL Delivarables.xlsx,2025-08-11T10:21:59Z,Installation Procedures ,68,C68,INCLUDE,
M2369_PROC,2369,METHODS,OFFSHORE INSTALLATION,PROCEDURE,INSTALLATION PROCEDURE,Installation Procedures ,,M001,0.95,2369-PP-OF-052,METHOD STATEMENT FOR 34” PIPELINE REMEDIAL WORKS,AD-27-G-80263,2,NMDC > SUBMISSION STATUS > PMT TO ADNOC,2024-10-11,2369-NPCC-ADNOC-T-01097,,"{""DATE"":""2024-10-11"",""REF"":""2369-NPCC-ADNOC-T-01097""}",{},,,GDOC-198ec0b950b4953234d2e330,SDOC-60707173a6c9320e06ffecce,REV-eb6cd7ce433f011885374545,EVT-14c3eb56349ac009cd77edce,0,0,1,0,DATA/METHODS/1 Completed Project  Deliverables/2369 - NMGL Delivarables.xlsx,2025-08-11T10:21:59Z,Installation Procedures ,68,C68,INCLUDE,
M2369_PROC,2369,METHODS,OFFSHORE INSTALLATION,PROCEDURE,INSTALLATION PROCEDURE,Installation Procedures ,,M001,0.95,2369-PP-OF-052,METHOD STATEMENT FOR 34” PIPELINE REMEDIAL WORKS,AD-27-G-80263,2,APPROVAL STATUS > STATUS FROM MWS,2024-10-18,SAF190-MCE-NPCC-T-055,1-Approved,"{""CODE"":""1-Approved"",""DATE"":""2024-10-18"",""REF"":""SAF190-MCE-NPCC-T-055""}",{},,,GDOC-198ec0b950b4953234d2e330,SDOC-60707173a6c9320e06ffecce,REV-eb6cd7ce433f011885374545,EVT-20e55268b818d703662c9814,0,0,1,1,DATA/METHODS/1 Completed Project  Deliverables/2369 - NMGL Delivarables.xlsx,2025-08-11T10:21:59Z,Installation Procedures ,68,C68,INCLUDE,
M2369_PROC,2369,METHODS,OFFSHORE INSTALLATION,PROCEDURE,INSTALLATION PROCEDURE,Installation Procedures ,,M001,0.95,2369-PP-OF-052,METHOD STATEMENT FOR 34” PIPELINE REMEDIAL WORKS,AD-27-G-80263,2,ADNOC OFFSHORE > APPROVAL STATUS > FROM CLIENT,2024-10-21,11689-E-O-T-EPC-IFR-000270,1 - Approved,"{""CODE"":""1 - Approved"",""DATE"":""2024-10-21"",""REF"":""11689-E-O-T-EPC-IFR-000270""}",{},,,GDOC-198ec0b950b4953234d2e330,SDOC-60707173a6c9320e06ffecce,REV-eb6cd7ce433f011885374545,EVT-2af0ca12b1b9068e3b3b8b33,0,0,1,0,DATA/METHODS/1 Completed Project  Deliverables/2369 - NMGL Delivarables.xlsx,2025-08-11T10:21:59Z,Installation Procedures ,68,C68,INCLUDE,
M2369_PROC,2369,METHODS,OFFSHORE INSTALLATION,PROCEDURE,INSTALLATION PROCEDURE,Installation Procedures ,,M001,0.95,2369-PP-OF-052,METHOD STATEMENT FOR 34” PIPELINE REMEDIAL WORKS,AD-27-G-80263,2,SUBMISSION STATUS > PMT TO MWS,2024-10-11,2369-NPCC-MCE-T-0050,,"{""DATE"":""2024-10-11"",""REF"":""2369-NPCC-MCE-T-0050""}",{},,,GDOC-198ec0b950b4953234d2e330,SDOC-60707173a6c9320e06ffecce,REV-eb6cd7ce433f011885374545,EVT-9ed0c95a0efb0d50202483ce,0,0,1,0,DATA/METHODS/1 Completed Project  Deliverables/2369 - NMGL Delivarables.xlsx,2025-08-11T10:21:59Z,Installation Procedures ,68,C68,INCLUDE,
M2369_PROC,2369,METHODS,OFFSHORE INSTALLATION,PROCEDURE,INSTALLATION PROCEDURE,Installation Procedures ,,M001,0.95,2369-PP-OF-054,"DEWATERING, DRYING AND NITROGEN PURGING PROCEDURE",AD-27-G-80275,A1,NMDC > SUBMISSION STATUS > MethodS TO PMT,2024-11-26,T-564/24,,"{""DATE"":""2024-11-26"",""REF"":""T-564/24""}",{},,,GDOC-f99ebe56f51511a551f7265d,SDOC-65fb27548cd5baaa48bec980,REV-e182ceb9fc43c490846a1e17,EVT-8855ade07d6af888e8a916ea,1,1,0,1,DATA/METHODS/1 Completed Project  Deliverables/2369 - NMGL Delivarables.xlsx,2025-08-11T10:21:59Z,Installation Procedures ,69,C69,INCLUDE,
M2369_PROC,2369,METHODS,OFFSHORE INSTALLATION,PROCEDURE,INSTALLATION PROCEDURE,Installation Procedures ,,M001,0.95,2369-PP-OF-054,"DEWATERING, DRYING AND NITROGEN PURGING PROCEDURE",AD-27-G-80275,A,NMDC > SUBMISSION STATUS > MethodS TO PMT,2024-11-29,T-570/24,,"{""DATE"":""2024-11-29"",""REF"":""T-570/24""}",{},,,GDOC-f99ebe56f51511a551f7265d,SDOC-65fb27548cd5baaa48bec980,REV-2e0cfaf5e2e9540c9c90cff0,EVT-b9d1737d9c5293fc53c1cf62,0,1,1,1,DATA/METHODS/1 Completed Project  Deliverables/2369 - NMGL Delivarables.xlsx,2025-08-11T10:21:59Z,Installation Procedures ,70,C70,INCLUDE,
M2369_PROC,2369,METHODS,OFFSHORE INSTALLATION,PROCEDURE,INSTALLATION PROCEDURE,Installation Procedures ,,M001,0.95,2369-PP-OF-058,CHEMICAL HANDLING & HYDROTEST WATER DISPOSAL PROCEDURE,AD-27-G-80286,1,NMDC > SUBMISSION STATUS > PMT TO ADNOC,2025-01-09,2369-NPCC-ADNOC-T-01244,,"{""DATE"":""2025-01-09"",""REF"":""2369-NPCC-ADNOC-T-01244""}",{},,,GDOC-86a3e334d33101a617a8a5d7,SDOC-0dde112dec061fd90b8f74e7,REV-47806381dd0d814247d13968,EVT-3474897e6ed0aeb21df1ad05,0,0,1,1,DATA/METHODS/1 Completed Project  Deliverables/2369 - NMGL Delivarables.xlsx,2025-08-11T10:21:59Z,Installation Procedures ,71,C71,INCLUDE,
M2369_PROC,2369,METHODS,OFFSHORE INSTALLATION,PROCEDURE,INSTALLATION PROCEDURE,Installation Procedures ,,M001,0.95,2369-PP-OF-058,CHEMICAL HANDLING & HYDROTEST WATER DISPOSAL PROCEDURE,AD-27-G-80286,1,NMDC > SUBMISSION STATUS > MethodS TO PMT,2024-12-31,T-604/24,,"{""DATE"":""2024-12-31"",""REF"":""T-604/24""}",{},,,GDOC-86a3e334d33101a617a8a5d7,SDOC-0dde112dec061fd90b8f74e7,REV-47806381dd0d814247d13968,EVT-6c4ae2779b6f07e784abae68,1,1,1,0,DATA/METHODS/1 Completed Project  Deliverables/2369 - NMGL Delivarables.xlsx,2025-08-11T10:21:59Z,Installation Procedures ,71,C71,INCLUDE,
M2891_INCOMING,2891,METHODS,EXTERNAL / INPUT,DRAWING,INCOMING DRAWING,Incomming DOC and DRG,DRAWINGS,M030,0.95,AD-727-C-330040,BU HASEER WELLHEAD TOWER NORTH - AREA 727 BH2 ESP MODULE LIFTING AND INSTALLATION,AD-727-C-330040,1,Received From BUHASeer,,,,"{""Received From BUHASeer"":""45600"",""Received From BUHASeer@I"":""drg"",""Received From BUHASeer@J"":""@""}",{},..\..\..\Procedures\Project%20Wise\2891%20Safeen%20hire%20for%20Buhaseer%20modules\1.%20Incoming%20Documents\1.%20BU-%20Haseer%20Docs%20to%20NMDC,..\..\..\Procedures\Project%20Wise\2891%20Safeen%20hire%20for%20Buhaseer%20modules\1.%20Incoming%20Documents\1.%20BU-%20Haseer%20Docs%20to%20NMDC,GDOC-3b13aa985ea3119c8bee10ac,SDOC-71625cc42c5cb7d81b414d9b,REV-cfaac7ef1bae89a0f26aa7bc,EVT-bf81375ac1d0a1e58b0bd590,1,1,1,1,DATA/METHODS/1 Completed Project  Deliverables/2891- BU HASEER Delivarables.xlsx,2025-10-23T04:51:13Z,Incomming DOC and DRG,10,C10,INCLUDE,DOCUMENT_NO_FALLBACK_COMPANY
M2891_INCOMING,2891,METHODS,EXTERNAL / INPUT,DRAWING,INCOMING DRAWING,Incomming DOC and DRG,DRAWINGS,M030,0.95,AD-726-C-330041,WHT-BH1 - BU HASEER WELLHEAD TOWER NORTH - AREA 726 ESP MODULE - BUMPER & GUIDE DETAILS,AD-726-C-330041,2,Received From BUHASeer,,,,"{""Received From BUHASeer"":""45600"",""Received From BUHASeer@I"":""drg""}",{},,,GDOC-d48f27d25f8d51e05ba3e121,SDOC-d9924f9f1f2fc291150c9b30,REV-60e67177f281fc4bc946d959,EVT-2d00b2ba7ccef8378ac9564d,1,1,0,1,DATA/METHODS/1 Completed Project  Deliverables/2891- BU HASEER Delivarables.xlsx,2025-10-23T04:51:13Z,Incomming DOC and DRG,11,C11,INCLUDE,DOCUMENT_NO_FALLBACK_COMPANY
M2891_INCOMING,2891,METHODS,EXTERNAL / INPUT,DRAWING,INCOMING DRAWING,Incomming DOC and DRG,DRAWINGS,M030,0.95,AD-726-C-330041,WHT1 - BU HASEER WELLHEAD TOWER NORTH - AREA 726 ESP MODULE - BUMPER & GUIDE DETAILS (CELLAR DECK),AD-726-C-330041,3,Received From BUHASeer,,,,"{""Received From BUHASeer"":""45639""}",{},,,GDOC-d48f27d25f8d51e05ba3e121,SDOC-d9924f9f1f2fc291150c9b30,REV-289d903596a3f2eb2ad462f3,EVT-ddc9c1656f1f9955179df2e9,0,1,1,1,DATA/METHODS/1 Completed Project  Deliverables/2891- BU HASEER Delivarables.xlsx,2025-10-23T04:51:13Z,Incomming DOC and DRG,12,C12,INCLUDE,DOCUMENT_NO_FALLBACK_COMPANY
M2891_INCOMING,2891,METHODS,EXTERNAL / INPUT,DRAWING,INCOMING DRAWING,Incomming DOC and DRG,DRAWINGS,M030,0.95,AD-727-C-330039,WHT2 - BU HASEER WELLHEAD TOWER NORTH - AREA 727 ESP MODULE - BUMPER & GUIDE DETAILS (CELLAR DECK),AD-727-C-330039,2,Received From BUHASeer,,,,"{""Received From BUHASeer"":""45639""}",{},,,GDOC-5c39d57df04bfb74cee1ff19,SDOC-b9fa6c0b04a43c26b1acf82f,REV-3b56566d443c877cac68aa35,EVT-f9fd9d988d75a5f0a8074a31,1,1,1,1,DATA/METHODS/1 Completed Project  Deliverables/2891- BU HASEER Delivarables.xlsx,2025-10-23T04:51:13Z,Incomming DOC and DRG,13,C13,INCLUDE,DOCUMENT_NO_FALLBACK_COMPANY
M2891_INCOMING,2891,METHODS,EXTERNAL / INPUT,DRAWING,INCOMING DRAWING,Incomming DOC and DRG,DRAWINGS,M030,0.95,AD-727-G-00127,STRENGTH ANALYSIS REPORT FOR WHT-BH2 (FOR ESP INSTALLATION IMPACT LOADS),AD-727-G-00127,4,Received From BUHASeer,,,,"{""Received From BUHASeer"":""45679""}",{},,,GDOC-f5a06d1c69ed2f0814af1bae,SDOC-2d0d73ab33e27c35b55e3de1,REV-96cfd88fc4f972bb56e36c76,EVT-f9b59616ace00a8f4a6b4d6c,1,1,1,1,DATA/METHODS/1 Completed Project  Deliverables/2891- BU HASEER Delivarables.xlsx,2025-10-23T04:51:13Z,Incomming DOC and DRG,14,C14,INCLUDE,DOCUMENT_NO_FALLBACK_COMPANY
M2891_INCOMING,2891,METHODS,EXTERNAL / INPUT,DRAWING,INCOMING DRAWING,Incomming DOC and DRG,DRAWINGS,M030,0.95,AD-725-C-330008,SEAFASTENING ARRANGEMENT_Rev.2,AD-725-C-330008,2,Received From BUHASeer,,,,"{""Received From BUHASeer"":""45716"",""Received From BUHASeer@I"":""ENG DRAWING FOLDER""}",{},,,GDOC-71fc0e25cdf98bf89d9dbb94,SDOC-f50ff27503c93a1a6c2ac740,REV-18ac8c176e9289822b3e516f,EVT-1a3779a1d371028a47db65b2,1,1,1,1,DATA/METHODS/1 Completed Project  Deliverables/2891- BU HASEER Delivarables.xlsx,2025-10-23T04:51:13Z,Incomming DOC and DRG,15,C15,INCLUDE,DOCUMENT_NO_FALLBACK_COMPANY
M2891_INCOMING,2891,METHODS,EXTERNAL / INPUT,DRAWING,INCOMING DRAWING,Incomming DOC and DRG,DRAWINGS,M030,0.95,AD-725-C-330009-2,SEAFASTENING STR DRAWINGS_Rev.2,AD-725-C-330009-2,2,Received From BUHASeer,,,,"{""Received From BUHASeer"":""45716"",""Received From BUHASeer@I"":""ENG DRAWING FOLDER""}",{},,,GDOC-6ae906e6eab1f32cc6e2aeb3,SDOC-5e773799596ef9bb58957254,REV-5f8d5b1f7da69927f11104fa,EVT-8ddbbe007ff3526c64bad1fc,1,1,1,1,DATA/METHODS/1 Completed Project  Deliverables/2891- BU HASEER Delivarables.xlsx,2025-10-23T04:51:13Z,Incomming DOC and DRG,16,C16,INCLUDE,DOCUMENT_NO_FALLBACK_COMPANY
M2891_INCOMING,2891,METHODS,EXTERNAL / INPUT,DRAWING,INCOMING DRAWING,Incomming DOC and DRG,DRAWINGS,M030,0.95,AD-725-C-330017,SPREADER BAR SEAFASTING ARRANGEMENTS,AD-725-C-330017,1,Received From BUHASeer,,,,"{""Received From BUHASeer"":""45742"",""Received From BUHASeer@I"":""ENG DRAWING FOLDER""}",{},,,GDOC-26b129d536066caf64eb3ecd,SDOC-42de438a0c0a42fdf1961a06,REV-8211e0d8969c1a8d94e0dd7e,EVT-9f7bb66500f7eb5dc2575b7f,1,1,1,1,DATA/METHODS/1 Completed Project  Deliverables/2891- BU HASEER Delivarables.xlsx,2025-10-23T04:51:13Z,Incomming DOC and DRG,17,C17,INCLUDE,DOCUMENT_NO_FALLBACK_COMPANY
M2891_INCOMING,2891,METHODS,EXTERNAL / INPUT,DRAWING,INCOMING DRAWING,Incomming DOC and DRG,DRAWINGS,M030,0.95,AD-726-C-330042,BU HASSER WELLHEAD TOWER NORTH - AREA 726 BH1-ESP MODULE LIFTING AND INSTALLATION,AD-726-C-330042,2,Received From BUHASeer,,,,"{""Received From BUHASeer"":""45812""}",{},,,GDOC-07d563af9c8999049ca1c05f,SDOC-b56472ff5c9592dc2c2f6a9a,REV-498a562acbd1da6e570f533f,EVT-c088143379c98749e6619903,1,1,1,1,DATA/METHODS/1 Completed Project  Deliverables/2891- BU HASEER Delivarables.xlsx,2025-10-23T04:51:13Z,Incomming DOC and DRG,18,C18,INCLUDE,DOCUMENT_NO_FALLBACK_COMPANY
M2891_INCOMING,2891,METHODS,EXTERNAL / INPUT,DRAWING,INCOMING DRAWING,Incomming DOC and DRG,DRAWINGS,M030,0.95,AD-726-C-330044,DLS 4200 DP SETUP DURING WHT - BH1 MODULE INSTALLATION,AD-726-C-330044,1,Received From BUHASeer,,,,"{""Received From BUHASeer"":""45812""}",{},,,GDOC-6806030c20750719b65941c8,SDOC-f3a79064304a8f5dd3419c32,REV-866745651680bb3bc96d6cd4,EVT-2f991e6f5451923897553f24,1,1,1,1,DATA/METHODS/1 Completed Project  Deliverables/2891- BU HASEER Delivarables.xlsx,2025-10-23T04:51:13Z,Incomming DOC and DRG,19,C19,INCLUDE,DOCUMENT_NO_FALLBACK_COMPANY
M2891_INCOMING,2891,METHODS,EXTERNAL / INPUT,DRAWING,INCOMING DRAWING,Incomming DOC and DRG,DRAWINGS,M030,0.95,AD-727-C-330042,DLS 4200 DP SETUP DURING WHT - BH2 MODULE INSTALLATION,AD-727-C-330042,1,Received From BUHASeer,,,,"{""Received From BUHASeer"":""45812""}",{},,,GDOC-0f60ccd101dc1bdd418f402f,SDOC-974514cb4970ca76c5bc9a81,REV-7405990aa1c30cf090acd2ec,EVT-ab71c23ff792d94ad5c91eee,1,1,1,1,DATA/METHODS/1 Completed Project  Deliverables/2891- BU HASEER Delivarables.xlsx,2025-10-23T04:51:13Z,Incomming DOC and DRG,20,C20,INCLUDE,DOCUMENT_NO_FALLBACK_COMPANY
M2891_INCOMING,2891,METHODS,EXTERNAL / INPUT,DRAWING,INCOMING DRAWING,Incomming DOC and DRG,DRAWINGS,M030,0.95,AD-725-C-330058,BU HASEER WELLHEAD TOWER NORTH - AREA 725 -ESP MODULE BH1 & BH2  - SLING LAYING ARRANGEMENT,AD-725-C-330058,2,Received From BUHASeer,,,,"{""Received From BUHASeer"":""45812""}",{},,,GDOC-ae93a30f72e715a6f086db7e,SDOC-7c16f3669c6169fe3ea3c6de,REV-96ea2d43acd5fcc086909838,EVT-52bd3bcb1fdd667a91978dae,1,1,1,1,DATA/METHODS/1 Completed Project  Deliverables/2891- BU HASEER Delivarables.xlsx,2025-10-23T04:51:13Z,Incomming DOC and DRG,21,C21,INCLUDE,DOCUMENT_NO_FALLBACK_COMPANY
M2891_INCOMING,2891,METHODS,EXTERNAL / INPUT,DOCUMENT,INCOMING TECHNICAL DOCUMENT,Incomming DOC and DRG,DOCUMENTS,M031,0.95,AD-726-C-33003,STRENGTH ANALYSIS REPORT FOR WHT-BH1 (FOR ESP INSTALLATION IMPACT LOADS),AD-726-C-33003,2,Received From BUHASeer,,,,"{""Received From BUHASeer"":""45600"",""Received From BUHASeer@I"":""doc""}",{},,,GDOC-a5fc64e573f6a5d70e2bf1bd,SDOC-61cef01e64ef5a04c2270722,REV-dd4acbd0e8489771c7218b5e,EVT-3fa579bcaccdeeadf7754154,1,1,0,1,DATA/METHODS/1 Completed Project  Deliverables/2891- BU HASEER Delivarables.xlsx,2025-10-23T04:51:13Z,Incomming DOC and DRG,26,C26,INCLUDE,DOCUMENT_NO_FALLBACK_COMPANY
M2891_INCOMING,2891,METHODS,EXTERNAL / INPUT,DOCUMENT,INCOMING TECHNICAL DOCUMENT,Incomming DOC and DRG,DOCUMENTS,M031,0.95,AD-726-C-33003,STRENGTH ANALYSIS REPORT FOR WHT-BH1 (FOR ESP INSTALLATION IMPACT LOADS),AD-726-C-33003,3,Received From BUHASeer,,,,"{""Received From BUHASeer"":""45639""}",{},,,GDOC-a5fc64e573f6a5d70e2bf1bd,SDOC-61cef01e64ef5a04c2270722,REV-f8ccec8c350392826154e137,EVT-7e8b7cd88f747e9924b38b9f,0,1,1,1,DATA/METHODS/1 Completed Project  Deliverables/2891- BU HASEER Delivarables.xlsx,2025-10-23T04:51:13Z,Incomming DOC and DRG,27,C27,INCLUDE,DOCUMENT_NO_FALLBACK_COMPANY
M2891_INCOMING,2891,METHODS,EXTERNAL / INPUT,DOCUMENT,INCOMING TECHNICAL DOCUMENT,Incomming DOC and DRG,DOCUMENTS,M031,0.95,AD-727-C-33003,STRENGTH ANALYSIS REPORT FOR WHT-BH2 (FOR ESP INSTALLATION IMPACT LOADS),AD-727-C-33003,2,Received From BUHASeer,,,,"{""Received From BUHASeer"":""45639""}",{},,,GDOC-7e711c5dd4f2a1c5395d86e0,SDOC-bf788cd7cf9917870336f8a3,REV-e11908f5f2a3b67c86a0e448,EVT-863b7ae5d1fc8fc396103e35,1,1,1,1,DATA/METHODS/1 Completed Project  Deliverables/2891- BU HASEER Delivarables.xlsx,2025-10-23T04:51:13Z,Incomming DOC and DRG,28,C28,INCLUDE,DOCUMENT_NO_FALLBACK_COMPANY
M2891_INCOMING,2891,METHODS,EXTERNAL / INPUT,DOCUMENT,INCOMING TECHNICAL DOCUMENT,Incomming DOC and DRG,DOCUMENTS,M031,0.95,AD-727-C-330039,WHT2 - BU HASEER WELLHEAD TOWER NORTH - AREA 727 ESP MODULE - BUMPER & GUIDE DETAILS (CELLAR DECK),AD-727-C-330039,3,Received From BUHASeer,,,,"{""Received From BUHASeer"":""45679""}",{},,,GDOC-5c39d57df04bfb74cee1ff19,SDOC-5e5d55b61022a900625e2dac,REV-ded6ae56824d8608518db85c,EVT-bed68bb6b281314751bc6597,1,1,1,1,DATA/METHODS/1 Completed Project  Deliverables/2891- BU HASEER Delivarables.xlsx,2025-10-23T04:51:13Z,Incomming DOC and DRG,29,C29,INCLUDE,DOCUMENT_NO_FALLBACK_COMPANY
M2891_INCOMING,2891,METHODS,EXTERNAL / INPUT,DOCUMENT,INCOMING TECHNICAL DOCUMENT,Incomming DOC and DRG,DOCUMENTS,M031,0.95,AD-725-G-00017,SEAFASTNING CALCULATION FOR SPRERADER BAR,AD-725-G-00017,1,Received From BUHASeer,,,,"{""Received From BUHASeer"":""45742""}",{},,,GDOC-16742672eca2d6555549af21,SDOC-ae79a27e94cd8cdd2a528a50,REV-ffaec6f2fc46542854268d93,EVT-bda274fc5a3bcfbcf03b5fe7,1,1,1,1,DATA/METHODS/1 Completed Project  Deliverables/2891- BU HASEER Delivarables.xlsx,2025-10-23T04:51:13Z,Incomming DOC and DRG,30,C30,INCLUDE,DOCUMENT_NO_FALLBACK_COMPANY
T2820_PIPELINE,2820,TECH,PIPELINE & CABLE,DOCUMENT,ANALYSIS,Documents - Pipeline & Cable,,T001;T073,0.95,2820-NN-RP-001,LOWER ZAKUM LTDP-1 PACKAGE 4 - DESIGN BASIS FOR INSTALLATION ENGINEERING ANALYSIS,AD-27-Z-80546,1,NMDC ENERGY > SUBMISSION STATUS > PMT TO ADNOC,2026-06-05,2820-NMDC-E-AO-PMT-T-00782,,"{""DATE"":""2026-06-05"",""REF"":""2820-NMDC-E-AO-PMT-T-00782""}","{""CLASS"":""2"",""SR. NO."":""1""}",../Documents/Design%20Basis,../Documents/Design%20Basis,GDOC-233f9a7bbdf26378db7889dd,SDOC-49e4f8c3c59f8545fb8b6088,REV-ecf435d3b228bdc27d344c79,EVT-0ce81f8af4bc1663edf8bc98,0,0,0,0,DATA/TECH/2820-DOCUMENT REGISTER-NEW 30-04-2026.xlsx,2026-09-08T09:55:51Z,Documents - Pipeline & Cable,9,C9,INCLUDE,
T2820_PIPELINE,2820,TECH,PIPELINE & CABLE,DOCUMENT,ANALYSIS,Documents - Pipeline & Cable,,T001;T073,0.95,2820-NN-RP-001,LOWER ZAKUM LTDP-1 PACKAGE 4 - DESIGN BASIS FOR INSTALLATION ENGINEERING ANALYSIS,AD-27-Z-80546,1,APPROVAL STATUS > STATUS FROM MWS,2026-06-10,SAF234-MCE-NMDC-T-0001,HOLD,"{""CODE"":""HOLD"",""DATE"":""2026-06-10"",""REF"":""SAF234-MCE-NMDC-T-0001""}","{""CLASS"":""2"",""SR. NO."":""1""}",../Documents/Design%20Basis,../Documents/Design%20Basis,GDOC-233f9a7bbdf26378db7889dd,SDOC-49e4f8c3c59f8545fb8b6088,REV-ecf435d3b228bdc27d344c79,EVT-25280ff3973ce993cbda0ef7,0,0,0,1,DATA/TECH/2820-DOCUMENT REGISTER-NEW 30-04-2026.xlsx,2026-09-08T09:55:51Z,Documents - Pipeline & Cable,9,C9,INCLUDE,
T2820_PIPELINE,2820,TECH,PIPELINE & CABLE,DOCUMENT,ANALYSIS,Documents - Pipeline & Cable,,T001;T073,0.95,2820-NN-RP-001,LOWER ZAKUM LTDP-1 PACKAGE 4 - DESIGN BASIS FOR INSTALLATION ENGINEERING ANALYSIS,AD-27-Z-80546,1,SUBMISSION STATUS > PMT TO MWS,2026-06-05,2820-NMDC-E-PMT-MWS-T-00002,,"{""DATE"":""2026-06-05"",""REF"":""2820-NMDC-E-PMT-MWS-T-00002""}","{""CLASS"":""2"",""SR. NO."":""1""}",../Documents/Design%20Basis,../Documents/Design%20Basis,GDOC-233f9a7bbdf26378db7889dd,SDOC-49e4f8c3c59f8545fb8b6088,REV-ecf435d3b228bdc27d344c79,EVT-899c54c700cf2450d1415a34,0,0,0,0,DATA/TECH/2820-DOCUMENT REGISTER-NEW 30-04-2026.xlsx,2026-09-08T09:55:51Z,Documents - Pipeline & Cable,9,C9,INCLUDE,
T2820_PIPELINE,2820,TECH,PIPELINE & CABLE,DOCUMENT,ANALYSIS,Documents - Pipeline & Cable,,T001;T073,0.95,2820-NN-RP-001,LOWER ZAKUM LTDP-1 PACKAGE 4 - DESIGN BASIS FOR INSTALLATION ENGINEERING ANALYSIS,AD-27-Z-80546,1,ADNOC OFFSHORE > APPROVAL STATUS > FROM CLIENT,2026-06-26,LZ-LTDP-1-10222-PKG4-TN-05741,2,"{""CODE"":""2"",""DATE"":""2026-06-26"",""REF"":""LZ-LTDP-1-10222-PKG4-TN-05741""}","{""CLASS"":""2"",""SR. NO."":""1""}",../Documents/Design%20Basis,../Documents/Design%20Basis,GDOC-233f9a7bbdf26378db7889dd,SDOC-49e4f8c3c59f8545fb8b6088,REV-ecf435d3b228bdc27d344c79,EVT-977c896af305d42790846497,0,0,0,0,DATA/TECH/2820-DOCUMENT REGISTER-NEW 30-04-2026.xlsx,2026-09-08T09:55:51Z,Documents - Pipeline & Cable,9,C9,INCLUDE,
T2820_PIPELINE,2820,TECH,PIPELINE & CABLE,DOCUMENT,ANALYSIS,Documents - Pipeline & Cable,,T001;T073,0.95,2820-NN-RP-001,LOWER ZAKUM LTDP-1 PACKAGE 4 - DESIGN BASIS FOR INSTALLATION ENGINEERING ANALYSIS,AD-27-Z-80546,1,NMDC ENERGY > SUBMISSION STATUS > CSE TO PMT,2026-06-04,CSE-2820-PMT-T-004,,"{""DATE"":""2026-06-04"",""REF"":""CSE-2820-PMT-T-004""}","{""CLASS"":""2"",""SR. NO."":""1""}",../Documents/Design%20Basis,../Documents/Design%20Basis,GDOC-233f9a7bbdf26378db7889dd,SDOC-49e4f8c3c59f8545fb8b6088,REV-ecf435d3b228bdc27d344c79,EVT-a003e8221f67a99bd7bb5f28,1,1,0,0,DATA/TECH/2820-DOCUMENT REGISTER-NEW 30-04-2026.xlsx,2026-09-08T09:55:51Z,Documents - Pipeline & Cable,9,C9,INCLUDE,
T2820_PIPELINE,2820,TECH,PIPELINE & CABLE,DOCUMENT,ANALYSIS,Documents - Pipeline & Cable,,T001;T073,0.95,2820-NN-RP-001,LOWER ZAKUM LTDP-1 PACKAGE 4 - DESIGN BASIS FOR INSTALLATION ENGINEERING ANALYSIS,AD-27-Z-80546,2,APPROVAL STATUS > STATUS FROM MWS,2026-08-18,SAF234-MCE-NMDC-T-0034,,"{""DATE"":""2026-08-18"",""REF"":""SAF234-MCE-NMDC-T-0034""}","{""CLASS"":""2"",""SR. NO."":""1""}",../Documents/Design%20Basis,../Documents/Design%20Basis,GDOC-233f9a7bbdf26378db7889dd,SDOC-49e4f8c3c59f8545fb8b6088,REV-0df5fe91e039e66147dbec71,EVT-31aa4bfce9925a62a3df0e59,0,0,1,1,DATA/TECH/2820-DOCUMENT REGISTER-NEW 30-04-2026.xlsx,2026-09-08T09:55:51Z,Documents - Pipeline & Cable,10,C10,INCLUDE,
T2820_PIPELINE,2820,TECH,PIPELINE & CABLE,DOCUMENT,ANALYSIS,Documents - Pipeline & Cable,,T001;T073,0.95,2820-NN-RP-001,LOWER ZAKUM LTDP-1 PACKAGE 4 - DESIGN BASIS FOR INSTALLATION ENGINEERING ANALYSIS,AD-27-Z-80546,2,NMDC ENERGY > SUBMISSION STATUS > CSE TO PMT,2026-08-18,CSE-2820-PMT-T-019,,"{""DATE"":""2026-08-18"",""REF"":""CSE-2820-PMT-T-019""}","{""CLASS"":""2"",""SR. NO."":""1""}",../Documents/Design%20Basis,../Documents/Design%20Basis,GDOC-233f9a7bbdf26378db7889dd,SDOC-49e4f8c3c59f8545fb8b6088,REV-0df5fe91e039e66147dbec71,EVT-674dcf07dc1a7916fcb1a0dc,0,1,1,0,DATA/TECH/2820-DOCUMENT REGISTER-NEW 30-04-2026.xlsx,2026-09-08T09:55:51Z,Documents - Pipeline & Cable,10,C10,INCLUDE,
T2820_PIPELINE,2820,TECH,PIPELINE & CABLE,DOCUMENT,ANALYSIS,Documents - Pipeline & Cable,,T001;T073,0.95,2820-NN-RP-001,LOWER ZAKUM LTDP-1 PACKAGE 4 - DESIGN BASIS FOR INSTALLATION ENGINEERING ANALYSIS,AD-27-Z-80546,2,NMDC ENERGY > SUBMISSION STATUS > PMT TO ADNOC,2026-08-19,2820-NMDC-E-AO-PMT-T-01002,,"{""DATE"":""2026-08-19"",""REF"":""2820-NMDC-E-AO-PMT-T-01002""}","{""CLASS"":""2"",""SR. NO."":""1""}",../Documents/Design%20Basis,../Documents/Design%20Basis,GDOC-233f9a7bbdf26378db7889dd,SDOC-49e4f8c3c59f8545fb8b6088,REV-0df5fe91e039e66147dbec71,EVT-858bc84539b2e70b99dacbe7,0,0,1,0,DATA/TECH/2820-DOCUMENT REGISTER-NEW 30-04-2026.xlsx,2026-09-08T09:55:51Z,Documents - Pipeline & Cable,10,C10,INCLUDE,
T2820_PIPELINE,2820,TECH,PIPELINE & CABLE,DOCUMENT,ANALYSIS REPORT,Documents - Pipeline & Cable,,T001;T070,0.95,2820-NN-RP-002,LOWER ZAKUM LTDP-1 PACKAGE 4  - PIPE STACKING ANALYSIS REPORT - CAMPAIGN-1,AD-27-Z-80547,1,ADNOC OFFSHORE > APPROVAL STATUS > FROM CLIENT,2026-05-25,LZ-LTDP-1-10222-PKG4-TN-05374,2,"{""CODE"":""2"",""DATE"":""2026-05-25"",""REF"":""LZ-LTDP-1-10222-PKG4-TN-05374""}","{""CLASS"":""2"",""SR. NO."":""2""}",../Documents/Pipeline/01%20Pipe%20Stacking/1.%20Campaign-1/3.%20Report,../Documents/Pipeline/01%20Pipe%20Stacking/1.%20Campaign-1/3.%20Report,GDOC-e205daf7fb03c989a6387544,SDOC-9ca0c2f22c1f9a61bf15c664,REV-952ddb50774cd8019d1b54a2,EVT-111e9dd2e81b2d648c5341db,0,0,0,0,DATA/TECH/2820-DOCUMENT REGISTER-NEW 30-04-2026.xlsx,2026-09-08T09:55:51Z,Documents - Pipeline & Cable,11,C11,INCLUDE,
T2820_PIPELINE,2820,TECH,PIPELINE & CABLE,DOCUMENT,ANALYSIS REPORT,Documents - Pipeline & Cable,,T001;T070,0.95,2820-NN-RP-002,LOWER ZAKUM LTDP-1 PACKAGE 4  - PIPE STACKING ANALYSIS REPORT - CAMPAIGN-1,AD-27-Z-80547,1,SUBMISSION STATUS > PMT TO MWS,2026-06-16,2820-NMDC-E-PMT-MWS-T-00005,,"{""DATE"":""2026-06-16"",""REF"":""2820-NMDC-E-PMT-MWS-T-00005""}","{""CLASS"":""2"",""SR. NO."":""2""}",../Documents/Pipeline/01%20Pipe%20Stacking/1.%20Campaign-1/3.%20Report,../Documents/Pipeline/01%20Pipe%20Stacking/1.%20Campaign-1/3.%20Report,GDOC-e205daf7fb03c989a6387544,SDOC-9ca0c2f22c1f9a61bf15c664,REV-952ddb50774cd8019d1b54a2,EVT-39f5bd8db404d839594f4e94,0,0,0,0,DATA/TECH/2820-DOCUMENT REGISTER-NEW 30-04-2026.xlsx,2026-09-08T09:55:51Z,Documents - Pipeline & Cable,11,C11,INCLUDE,
T2820_PIPELINE,2820,TECH,PIPELINE & CABLE,DOCUMENT,ANALYSIS REPORT,Documents - Pipeline & Cable,,T001;T070,0.95,2820-NN-RP-002,LOWER ZAKUM LTDP-1 PACKAGE 4  - PIPE STACKING ANALYSIS REPORT - CAMPAIGN-1,AD-27-Z-80547,1,APPROVAL STATUS > STATUS FROM MWS,2026-06-22,SAF234-MCE-NMDC-T-0002,HOLD,"{""CODE"":""HOLD"",""DATE"":""2026-06-22"",""REF"":""SAF234-MCE-NMDC-T-0002""}","{""CLASS"":""2"",""SR. NO."":""2""}",../Documents/Pipeline/01%20Pipe%20Stacking/1.%20Campaign-1/3.%20Report,../Documents/Pipeline/01%20Pipe%20Stacking/1.%20Campaign-1/3.%20Report,GDOC-e205daf7fb03c989a6387544,SDOC-9ca0c2f22c1f9a61bf15c664,REV-952ddb50774cd8019d1b54a2,EVT-3e20ba96388fb1507f58cfe6,0,0,0,1,DATA/TECH/2820-DOCUMENT REGISTER-NEW 30-04-2026.xlsx,2026-09-08T09:55:51Z,Documents - Pipeline & Cable,11,C11,INCLUDE,
T2820_PIPELINE,2820,TECH,PIPELINE & CABLE,DOCUMENT,ANALYSIS REPORT,Documents - Pipeline & Cable,,T001;T070,0.95,2820-NN-RP-002,LOWER ZAKUM LTDP-1 PACKAGE 4  - PIPE STACKING ANALYSIS REPORT - CAMPAIGN-1,AD-27-Z-80547,1,NMDC ENERGY > SUBMISSION STATUS > PMT TO ADNOC,2026-05-04,2820-NMDC-E-AO-PMT-T-00701,,"{""DATE"":""2026-05-04"",""REF"":""2820-NMDC-E-AO-PMT-T-00701""}","{""CLASS"":""2"",""SR. NO."":""2""}",../Documents/Pipeline/01%20Pipe%20Stacking/1.%20Campaign-1/3.%20Report,../Documents/Pipeline/01%20Pipe%20Stacking/1.%20Campaign-1/3.%20Report,GDOC-e205daf7fb03c989a6387544,SDOC-9ca0c2f22c1f9a61bf15c664,REV-952ddb50774cd8019d1b54a2,EVT-6078b497dbd4adf2e2ca2d8b,0,0,0,0,DATA/TECH/2820-DOCUMENT REGISTER-NEW 30-04-2026.xlsx,2026-09-08T09:55:51Z,Documents - Pipeline & Cable,11,C11,INCLUDE,
T2820_PIPELINE,2820,TECH,PIPELINE & CABLE,DOCUMENT,ANALYSIS REPORT,Documents - Pipeline & Cable,,T001;T070,0.95,2820-NN-RP-002,LOWER ZAKUM LTDP-1 PACKAGE 4  - PIPE STACKING ANALYSIS REPORT - CAMPAIGN-1,AD-27-Z-80547,1,NMDC ENERGY > SUBMISSION STATUS > CSE TO PMT,2026-05-01,CSE-2820-PMT-T-002,,"{""DATE"":""2026-05-01"",""REF"":""CSE-2820-PMT-T-002""}","{""CLASS"":""2"",""SR. NO."":""2""}",../Documents/Pipeline/01%20Pipe%20Stacking/1.%20Campaign-1/3.%20Report,../Documents/Pipeline/01%20Pipe%20Stacking/1.%20Campaign-1/3.%20Report,GDOC-e205daf7fb03c989a6387544,SDOC-9ca0c2f22c1f9a61bf15c664,REV-952ddb50774cd8019d1b54a2,EVT-986ae66b07d0fe729fb8ed63,1,1,0,0,DATA/TECH/2820-DOCUMENT REGISTER-NEW 30-04-2026.xlsx,2026-09-08T09:55:51Z,Documents - Pipeline & Cable,11,C11,INCLUDE,
T2820_PIPELINE,2820,TECH,PIPELINE & CABLE,DOCUMENT,ANALYSIS REPORT,Documents - Pipeline & Cable,,T001;T070,0.95,2820-NN-RP-002,LOWER ZAKUM LTDP-1 PACKAGE 4  - PIPE STACKING ANALYSIS REPORT - CAMPAIGN-1,AD-27-Z-80547,2,NMDC ENERGY > SUBMISSION STATUS > CSE TO PMT,2026-08-11,CSE-2820-PMT-T-018,,"{""DATE"":""2026-08-11"",""REF"":""CSE-2820-PMT-T-018""}","{""CLASS"":""2"",""SR. NO."":""2""}",file:///\\Nmdc.local\fs\Data\OFFSHORE\Support\ConstructionEngg\ConstructionEnggProjects\PROJECTS\2820%20LZ\Documents\Pipeline\01%20Pipe%20Stacking\1.%20Campaign-1,file:///\\Nmdc.local\fs\Data\OFFSHORE\Support\ConstructionEngg\ConstructionEnggProjects\PROJECTS\2820%20LZ\Documents\Pipeline\01%20Pipe%20Stacking\1.%20Campaign-1,GDOC-e205daf7fb03c989a6387544,SDOC-9ca0c2f22c1f9a61bf15c664,REV-9d51b4c555d6f53d8a7b770d,EVT-606e3bd1f442a9d031bbbfc4,0,1,1,0,DATA/TECH/2820-DOCUMENT REGISTER-NEW 30-04-2026.xlsx,2026-09-08T09:55:51Z,Documents - Pipeline & Cable,12,C12,INCLUDE,
T2820_PIPELINE,2820,TECH,PIPELINE & CABLE,DOCUMENT,ANALYSIS REPORT,Documents - Pipeline & Cable,,T001;T070,0.95,2820-NN-RP-002,LOWER ZAKUM LTDP-1 PACKAGE 4  - PIPE STACKING ANALYSIS REPORT - CAMPAIGN-1,AD-27-Z-80547,2,NMDC ENERGY > SUBMISSION STATUS > PMT TO ADNOC,2026-08-12,2820-NMDC-E-AO-PMT-T-00983,,"{""DATE"":""2026-08-12"",""REF"":""2820-NMDC-E-AO-PMT-T-00983""}","{""CLASS"":""2"",""SR. NO."":""2""}",file:///\\Nmdc.local\fs\Data\OFFSHORE\Support\ConstructionEngg\ConstructionEnggProjects\PROJECTS\2820%20LZ\Documents\Pipeline\01%20Pipe%20Stacking\1.%20Campaign-1,file:///\\Nmdc.local\fs\Data\OFFSHORE\Support\ConstructionEngg\ConstructionEnggProjects\PROJECTS\2820%20LZ\Documents\Pipeline\01%20Pipe%20Stacking\1.%20Campaign-1,GDOC-e205daf7fb03c989a6387544,SDOC-9ca0c2f22c1f9a61bf15c664,REV-9d51b4c555d6f53d8a7b770d,EVT-70f28005fa541db28b767535,0,0,1,0,DATA/TECH/2820-DOCUMENT REGISTER-NEW 30-04-2026.xlsx,2026-09-08T09:55:51Z,Documents - Pipeline & Cable,12,C12,INCLUDE,
T2820_PIPELINE,2820,TECH,PIPELINE & CABLE,DOCUMENT,ANALYSIS REPORT,Documents - Pipeline & Cable,,T001;T070,0.95,2820-NN-RP-002,LOWER ZAKUM LTDP-1 PACKAGE 4  - PIPE STACKING ANALYSIS REPORT - CAMPAIGN-1,AD-27-Z-80547,2,SUBMISSION STATUS > PMT TO MWS,2026-08-12,2820-NMDC-E-PMT-MWS-T-00032,,"{""DATE"":""2026-08-12"",""REF"":""2820-NMDC-E-PMT-MWS-T-00032""}","{""CLASS"":""2"",""SR. NO."":""2""}",file:///\\Nmdc.local\fs\Data\OFFSHORE\Support\ConstructionEngg\ConstructionEnggProjects\PROJECTS\2820%20LZ\Documents\Pipeline\01%20Pipe%20Stacking\1.%20Campaign-1,file:///\\Nmdc.local\fs\Data\OFFSHORE\Support\ConstructionEngg\ConstructionEnggProjects\PROJECTS\2820%20LZ\Documents\Pipeline\01%20Pipe%20Stacking\1.%20Campaign-1,GDOC-e205daf7fb03c989a6387544,SDOC-9ca0c2f22c1f9a61bf15c664,REV-9d51b4c555d6f53d8a7b770d,EVT-d6da6048c9ca1514b3d41e31,0,0,1,0,DATA/TECH/2820-DOCUMENT REGISTER-NEW 30-04-2026.xlsx,2026-09-08T09:55:51Z,Documents - Pipeline & Cable,12,C12,INCLUDE,
T2820_PIPELINE,2820,TECH,PIPELINE & CABLE,DOCUMENT,ANALYSIS REPORT,Documents - Pipeline & Cable,,T001;T070,0.95,2820-NN-RP-002,LOWER ZAKUM LTDP-1 PACKAGE 4  - PIPE STACKING ANALYSIS REPORT - CAMPAIGN-1,AD-27-Z-80547,2,APPROVAL STATUS > STATUS FROM MWS,2026-08-19,SAF234-MCE-NMDC-T-0014,APPROVED,"{""CODE"":""APPROVED"",""DATE"":""2026-08-19"",""REF"":""SAF234-MCE-NMDC-T-0014""}","{""CLASS"":""2"",""SR. NO."":""2""}",file:///\\Nmdc.local\fs\Data\OFFSHORE\Support\ConstructionEngg\ConstructionEnggProjects\PROJECTS\2820%20LZ\Documents\Pipeline\01%20Pipe%20Stacking\1.%20Campaign-1,file:///\\Nmdc.local\fs\Data\OFFSHORE\Support\ConstructionEngg\ConstructionEnggProjects\PROJECTS\2820%20LZ\Documents\Pipeline\01%20Pipe%20Stacking\1.%20Campaign-1,GDOC-e205daf7fb03c989a6387544,SDOC-9ca0c2f22c1f9a61bf15c664,REV-9d51b4c555d6f53d8a7b770d,EVT-daafd63275c8a4e6a978bb39,0,0,1,1,DATA/TECH/2820-DOCUMENT REGISTER-NEW 30-04-2026.xlsx,2026-09-08T09:55:51Z,Documents - Pipeline & Cable,12,C12,INCLUDE,
T2820_PIPELINE,2820,TECH,PIPELINE & CABLE,DOCUMENT,ANALYSIS REPORT,Documents - Pipeline & Cable,,T001;T070,0.95,2820-NN-RP-003,"LOWER ZAKUM LTDP1 PACKAGE 4 - PIPELAY ANALYSIS REPORT FOR 20"" WF P/L (PL-301) FROM FROM WHT EA-1 to WHT EA-5",AD-817-Z-00002,,RECORD,,,,{},"{""SR. NO."":""3""}",,,GDOC-0e5d50291c72267207745713,SDOC-4ec857d29a694f2228ac33eb,REV-439e0ae7a0e54104f389ef88,EVT-60c177b5b2e1e282ea5925d2,1,1,1,1,DATA/TECH/2820-DOCUMENT REGISTER-NEW 30-04-2026.xlsx,2026-09-08T09:55:51Z,Documents - Pipeline & Cable,13,C13,INCLUDE,
T2820_PIPELINE,2820,TECH,PIPELINE & CABLE,DOCUMENT,ANALYSIS REPORT,Documents - Pipeline & Cable,,T001;T070,0.95,2820-NN-RP-004,"LOWER ZAKUM LTDP1 PACKAGE 4 - PIPELAY ANALYSIS REPORT FOR 16"" WI P/L (PL-302) FROM FROM WHT EA-5 to WHT EA-1",AD-821-Z-00002,,RECORD,,,,{},"{""SR. NO."":""4""}",,,GDOC-210d33d245f47dbf9531a011,SDOC-0158377db7e5c8583f94f351,REV-2ffd6c8a11a33644fcba0ba9,EVT-016c854c8a99b990f89aa4ed,1,1,1,1,DATA/TECH/2820-DOCUMENT REGISTER-NEW 30-04-2026.xlsx,2026-09-08T09:55:51Z,Documents - Pipeline & Cable,14,C14,INCLUDE,
T2820_PIPELINE,2820,TECH,PIPELINE & CABLE,DOCUMENT,ANALYSIS REPORT,Documents - Pipeline & Cable,,T001;T070,0.95,2820-NN-RP-005,"LOWER ZAKUM LTDP1 PACKAGE 4 - PIPELAY ANALYSIS REPORT FOR 6"" GL P/L (PL-303) FROM WHT EA-5 to WHT EA-1",AD-821-Z-00003,,RECORD,,,,{},"{""SR. NO."":""5""}",,,GDOC-fc9ac7f61998ee8c385d6a43,SDOC-2bd087273d747fc477563f05,REV-122fa377f781eb670f7c3fef,EVT-26f4349cd532ef635db8e129,1,1,1,1,DATA/TECH/2820-DOCUMENT REGISTER-NEW 30-04-2026.xlsx,2026-09-08T09:55:51Z,Documents - Pipeline & Cable,15,C15,INCLUDE,
T2820_PIPELINE,2820,TECH,PIPELINE & CABLE,DOCUMENT,ANALYSIS REPORT,Documents - Pipeline & Cable,,T001;T070,0.95,2820-NN-RP-006,"LOWER ZAKUM LTDP1 PACKAGE 4 - PIPELAY ANALYSIS REPORT FOR 20"" WF P/L (PL-305) FROM WHT EA-5 to WHT EA-2B",AD-821-Z-00004,,RECORD,,,,{},"{""SR. NO."":""6""}",,,GDOC-6968f2ceaa5a554659cbb4f6,SDOC-2ca518a1d5aaee3e0b7d3652,REV-c325fe31649d981b69fcf409,EVT-3be2d2d66abd822661d8f63c,1,1,1,1,DATA/TECH/2820-DOCUMENT REGISTER-NEW 30-04-2026.xlsx,2026-09-08T09:55:51Z,Documents - Pipeline & Cable,16,C16,INCLUDE,
T2820_PIPELINE,2820,TECH,PIPELINE & CABLE,DOCUMENT,ANALYSIS REPORT,Documents - Pipeline & Cable,,T001;T070,0.95,2820-NN-RP-007,"LOWER ZAKUM LTDP1 PACKAGE 4 - PIPELAY ANALYSIS REPORT FOR 16"" WI P/L (PL-306) FROM WHT EA-2B to WHT EA-5",AD-818-Z-00002,,RECORD,,,,{},"{""SR. NO."":""7""}",,,GDOC-1e76e6d081dd9dff85c5a8d5,SDOC-5d236fa8b487c9c84ebf86f8,REV-34704c00e77ee67b638b2d6b,EVT-542afaa7901c9dd64f544853,1,1,1,1,DATA/TECH/2820-DOCUMENT REGISTER-NEW 30-04-2026.xlsx,2026-09-08T09:55:51Z,Documents - Pipeline & Cable,17,C17,INCLUDE,
T2820_PIPELINE,2820,TECH,PIPELINE & CABLE,DOCUMENT,ANALYSIS REPORT,Documents - Pipeline & Cable,,T001;T070,0.95,2820-NN-RP-008,"LOWER ZAKUM LTDP1 PACKAGE 4 - PIPELAY ANALYSIS REPORT FOR 6"" GL P/L (PL-307) FROM WHT EA-2A to WHT EA-5",AD-818-Z-00003,,RECORD,,,,{},"{""SR. NO."":""8""}",,,GDOC-8eb3661892a7d279a8e2fcf2,SDOC-c47166b5d98f16f8ac8dba6f,REV-e845e6adda8f1f886493b193,EVT-ff6db0b338756c143b01761a,1,1,1,1,DATA/TECH/2820-DOCUMENT REGISTER-NEW 30-04-2026.xlsx,2026-09-08T09:55:51Z,Documents - Pipeline & Cable,18,C18,INCLUDE,
T2820_PIPELINE,2820,TECH,PIPELINE & CABLE,DOCUMENT,ANALYSIS REPORT,Documents - Pipeline & Cable,,T001;T070,0.95,2820-NN-RP-009,"LOWER ZAKUM LTDP1 PACKAGE 4 - PIPELAY ANALYSIS REPORT FOR 20"" WF P/L (PL-309) FROM WHT EA-2A to ERP G-Island",AD-818-Z-00004,,RECORD,,,,{},"{""SR. NO."":""9""}",,,GDOC-b4a91c7066e7d5037b1829d1,SDOC-71c7561913ce86ed1af1122b,REV-2e4a92c453f4574e46e54249,EVT-4f7ceb72afe2f8af883cf79c,1,1,1,1,DATA/TECH/2820-DOCUMENT REGISTER-NEW 30-04-2026.xlsx,2026-09-08T09:55:51Z,Documents - Pipeline & Cable,19,C19,INCLUDE,
T2820_PIPELINE,2820,TECH,PIPELINE & CABLE,DOCUMENT,ANALYSIS REPORT,Documents - Pipeline & Cable,,T001;T070,0.95,2820-NN-RP-010,"LOWER ZAKUM LTDP1 PACKAGE 4 - PIPELAY ANALYSIS REPORT FOR 16"" WI P/L (PL-310) FROM ERP G-Island to WHT EA-2A",AD-3002-Z-00001,,RECORD,,,,{},"{""SR. NO."":""10""}",,,GDOC-0cf5a859815a7418133ad270,SDOC-2b9cd35e3293c3d95774d38b,REV-2b4dd96c793335b22493a34a,EVT-a4458e66a1bd036987b961de,1,1,1,1,DATA/TECH/2820-DOCUMENT REGISTER-NEW 30-04-2026.xlsx,2026-09-08T09:55:51Z,Documents - Pipeline & Cable,20,C20,INCLUDE,
T2820_PIPELINE,2820,TECH,PIPELINE & CABLE,DOCUMENT,ANALYSIS REPORT,Documents - Pipeline & Cable,,T001;T070,0.95,2820-NN-RP-011,"LOWER ZAKUM LTDP1 PACKAGE 4 - PIPELAY ANALYSIS REPORT FOR 6"" GL P/L (PL-311) FROM ERP G-Island to WHT EA-2A",AD-3002-Z-00002,,RECORD,,,,{},"{""SR. NO."":""11""}",,,GDOC-a7960272d07a65a6fcf3c735,SDOC-21835b7814e69a0dfb3a7d0f,REV-adc44676fac6eae330c7bce4,EVT-a589704d1d0797013536e093,1,1,1,1,DATA/TECH/2820-DOCUMENT REGISTER-NEW 30-04-2026.xlsx,2026-09-08T09:55:51Z,Documents - Pipeline & Cable,21,C21,INCLUDE,
T2820_PIPELINE,2820,TECH,PIPELINE & CABLE,DOCUMENT,ANALYSIS REPORT,Documents - Pipeline & Cable,,T001;T070,0.95,2820-NN-RP-012,"LOWER ZAKUM LTDP1 PACKAGE 4 - PIPELAY ANALYSIS REPORT FOR 22"" WF P/L (PL-317) FROM WHT EA-6 to WHT EA-4",AD-822-Z-00002,,RECORD,,,,{},"{""SR. NO."":""12""}",,,GDOC-dac7afb6bb95eb17897f491d,SDOC-59b1267874c38809a7b99e0d,REV-2e6c4d798bac9f9b24be2ae7,EVT-4624e97efa888e732c325e20,1,1,1,1,DATA/TECH/2820-DOCUMENT REGISTER-NEW 30-04-2026.xlsx,2026-09-08T09:55:51Z,Documents - Pipeline & Cable,22,C22,INCLUDE,
T2820_PIPELINE,2820,TECH,PIPELINE & CABLE,DOCUMENT,ANALYSIS REPORT,Documents - Pipeline & Cable,,T001;T070,0.95,2820-NN-RP-013,"LOWER ZAKUM LTDP1 PACKAGE 4 - PIPELAY ANALYSIS REPORT FOR 18"" WI P/L (PL-318) FROM WHT EA-4 to WHT EA-6",AD-820-Z-00002,,RECORD,,,,{},"{""SR. NO."":""13""}",,,GDOC-7825fdde9e9dd9188241662a,SDOC-c3d63d22e4445fa5de91bccd,REV-5fb99535115730b26b1e393a,EVT-99ff61a2f7e679c41e2490aa,1,1,1,1,DATA/TECH/2820-DOCUMENT REGISTER-NEW 30-04-2026.xlsx,2026-09-08T09:55:51Z,Documents - Pipeline & Cable,23,C23,INCLUDE,
T2820_PIPELINE,2820,TECH,PIPELINE & CABLE,DOCUMENT,ANALYSIS REPORT,Documents - Pipeline & Cable,,T001;T070,0.95,2820-NN-RP-014,"LOWER ZAKUM LTDP1 PACKAGE 4 - PIPELAY ANALYSIS REPORT FOR 6"" GL P/L (PL-319) FROM WHT EA-4 to WHT EA-6",AD-820-Z-00003,,RECORD,,,,{},"{""SR. NO."":""14""}",,,GDOC-262433f348feb5bfa7bf3b33,SDOC-3ec06960d6ec4279a6f6c472,REV-c2ae6d4bf54f05760ecde19c,EVT-5e89a862a7492e0fb3987399,1,1,1,1,DATA/TECH/2820-DOCUMENT REGISTER-NEW 30-04-2026.xlsx,2026-09-08T09:55:51Z,Documents - Pipeline & Cable,24,C24,INCLUDE,
T2820_PIPELINE,2820,TECH,PIPELINE & CABLE,DOCUMENT,ANALYSIS REPORT,Documents - Pipeline & Cable,,T001;T070,0.95,2820-NN-RP-015,"LOWER ZAKUM LTDP1 PACKAGE 4 - PIPELAY ANALYSIS REPORT FOR 20"" WF P/L (PL-321) FROM WHT EA-4 to ERP G-Island",AD-820-Z-00004,1,SUBMISSION STATUS > PMT TO MWS,2026-07-27,2820-NMDC-E-PMT-MWS-T-00025,,"{""DATE"":""2026-07-27"",""REF"":""2820-NMDC-E-PMT-MWS-T-00025""}","{""CLASS"":""2"",""SR. NO."":""15""}",../Documents/Pipeline/02%20Pipelaying/02-PL-321,../Documents/Pipeline/02%20Pipelaying/02-PL-321,GDOC-4a8be1c4481f372490acd9b3,SDOC-5947cde95272b5d5ad0b97b2,REV-5d6c26ada1e21d1d0f16179c,EVT-0c61829227cd603fb557e77f,0,0,1,0,DATA/TECH/2820-DOCUMENT REGISTER-NEW 30-04-2026.xlsx,2026-09-08T09:55:51Z,Documents - Pipeline & Cable,25,C25,INCLUDE,
T2820_PIPELINE,2820,TECH,PIPELINE & CABLE,DOCUMENT,ANALYSIS REPORT,Documents - Pipeline & Cable,,T001;T070,0.95,2820-NN-RP-015,"LOWER ZAKUM LTDP1 PACKAGE 4 - PIPELAY ANALYSIS REPORT FOR 20"" WF P/L (PL-321) FROM WHT EA-4 to ERP G-Island",AD-820-Z-00004,1,ADNOC OFFSHORE > APPROVAL STATUS > FROM CLIENT,2026-08-13,LZ-LTDP-1-10222-PKG4-TN-06315,2,"{""CODE"":""2"",""DATE"":""2026-08-13"",""REF"":""LZ-LTDP-1-10222-PKG4-TN-06315""}","{""CLASS"":""2"",""SR. NO."":""15""}",../Documents/Pipeline/02%20Pipelaying/02-PL-321,../Documents/Pipeline/02%20Pipelaying/02-PL-321,GDOC-4a8be1c4481f372490acd9b3,SDOC-5947cde95272b5d5ad0b97b2,REV-5d6c26ada1e21d1d0f16179c,EVT-4327b13a4673da396fb280ed,0,0,1,0,DATA/TECH/2820-DOCUMENT REGISTER-NEW 30-04-2026.xlsx,2026-09-08T09:55:51Z,Documents - Pipeline & Cable,25,C25,INCLUDE,
T2820_PIPELINE,2820,TECH,PIPELINE & CABLE,DOCUMENT,ANALYSIS REPORT,Documents - Pipeline & Cable,,T001;T070,0.95,2820-NN-RP-015,"LOWER ZAKUM LTDP1 PACKAGE 4 - PIPELAY ANALYSIS REPORT FOR 20"" WF P/L (PL-321) FROM WHT EA-4 to ERP G-Island",AD-820-Z-00004,1,NMDC ENERGY > SUBMISSION STATUS > PMT TO ADNOC,2026-07-27,2820-NMDC-E-AO-PMT-T-00940,,"{""DATE"":""2026-07-27"",""REF"":""2820-NMDC-E-AO-PMT-T-00940""}","{""CLASS"":""2"",""SR. NO."":""15""}",../Documents/Pipeline/02%20Pipelaying/02-PL-321,../Documents/Pipeline/02%20Pipelaying/02-PL-321,GDOC-4a8be1c4481f372490acd9b3,SDOC-5947cde95272b5d5ad0b97b2,REV-5d6c26ada1e21d1d0f16179c,EVT-9cbb6118ad159dc7deb153f7,0,0,1,0,DATA/TECH/2820-DOCUMENT REGISTER-NEW 30-04-2026.xlsx,2026-09-08T09:55:51Z,Documents - Pipeline & Cable,25,C25,INCLUDE,
T2820_PIPELINE,2820,TECH,PIPELINE & CABLE,DOCUMENT,ANALYSIS REPORT,Documents - Pipeline & Cable,,T001;T070,0.95,2820-NN-RP-015,"LOWER ZAKUM LTDP1 PACKAGE 4 - PIPELAY ANALYSIS REPORT FOR 20"" WF P/L (PL-321) FROM WHT EA-4 to ERP G-Island",AD-820-Z-00004,1,APPROVAL STATUS > STATUS FROM MWS,2026-08-05,SAF234-MCE-NMDC-T-0011,APPROVED,"{""CODE"":""APPROVED"",""DATE"":""2026-08-05"",""REF"":""SAF234-MCE-NMDC-T-0011""}","{""CLASS"":""2"",""SR. NO."":""15""}",../Documents/Pipeline/02%20Pipelaying/02-PL-321,../Documents/Pipeline/02%20Pipelaying/02-PL-321,GDOC-4a8be1c4481f372490acd9b3,SDOC-5947cde95272b5d5ad0b97b2,REV-5d6c26ada1e21d1d0f16179c,EVT-ab48c26414863b9a8c510310,0,0,1,1,DATA/TECH/2820-DOCUMENT REGISTER-NEW 30-04-2026.xlsx,2026-09-08T09:55:51Z,Documents - Pipeline & Cable,25,C25,INCLUDE,
T2820_PIPELINE,2820,TECH,PIPELINE & CABLE,DOCUMENT,ANALYSIS REPORT,Documents - Pipeline & Cable,,T001;T070,0.95,2820-NN-RP-015,"LOWER ZAKUM LTDP1 PACKAGE 4 - PIPELAY ANALYSIS REPORT FOR 20"" WF P/L (PL-321) FROM WHT EA-4 to ERP G-Island",AD-820-Z-00004,1,NMDC ENERGY > SUBMISSION STATUS > CSE TO PMT,2026-07-27,CSE-2820-PMT-T-012,,"{""DATE"":""2026-07-27"",""REF"":""CSE-2820-PMT-T-012""}","{""CLASS"":""2"",""SR. NO."":""15""}",../Documents/Pipeline/02%20Pipelaying/02-PL-321,../Documents/Pipeline/02%20Pipelaying/02-PL-321,GDOC-4a8be1c4481f372490acd9b3,SDOC-5947cde95272b5d5ad0b97b2,REV-5d6c26ada1e21d1d0f16179c,EVT-da11423dab5621c627ebe220,1,1,1,0,DATA/TECH/2820-DOCUMENT REGISTER-NEW 30-04-2026.xlsx,2026-09-08T09:55:51Z,Documents - Pipeline & Cable,25,C25,INCLUDE,
T2820_PIPELINE,2820,TECH,PIPELINE & CABLE,DOCUMENT,ANALYSIS REPORT,Documents - Pipeline & Cable,,T001;T070,0.95,2820-NN-RP-016,"LOWER ZAKUM LTDP1 PACKAGE 4 - PIPELAY ANALYSIS REPORT FOR 18"" WI P/L (PL-322) FROM ERP G-Island to WHT EA-4",AD-3002-Z-00003,,RECORD,,,,{},"{""SR. NO."":""16""}",,,GDOC-38943d3913478d70aa3850a2,SDOC-445a52189e741d8e2dcbb84c,REV-1bfd4443a478ef538702d6af,EVT-c36249f1d87379d13ef2aa36,1,1,1,1,DATA/TECH/2820-DOCUMENT REGISTER-NEW 30-04-2026.xlsx,2026-09-08T09:55:51Z,Documents - Pipeline & Cable,26,C26,INCLUDE,
T2820_PIPELINE,2820,TECH,PIPELINE & CABLE,DOCUMENT,ANALYSIS REPORT,Documents - Pipeline & Cable,,T001;T070,0.95,2820-NN-RP-017,"LOWER ZAKUM LTDP1 PACKAGE 4 - PIPELAY ANALYSIS REPORT FOR 6"" GL P/L (PL-323) FROM ERP G-Island to  WHT EA-4",AD-3002-Z-00004,,RECORD,,,,{},"{""SR. NO."":""17""}",,,GDOC-2380252ca07552b8759c1685,SDOC-822677f7278d92568ec5ca91,REV-6408d4bc33ae57a1788328b0,EVT-e946d3728b7e3a5a03d0235d,1,1,1,1,DATA/TECH/2820-DOCUMENT REGISTER-NEW 30-04-2026.xlsx,2026-09-08T09:55:51Z,Documents - Pipeline & Cable,27,C27,INCLUDE,
T2820_PIPELINE,2820,TECH,PIPELINE & CABLE,DOCUMENT,ANALYSIS REPORT,Documents - Pipeline & Cable,,T001;T070,0.95,2820-NN-RP-018,"LOWER ZAKUM LTDP1 PACKAGE 4 - PIPELAY ANALYSIS REPORT FOR 30"" WG P/L (PL-325) FROM ERP G-Island to ZWSC-RP2",AD-3002-Z-00005,,RECORD,,,,{},"{""SR. NO."":""18""}",,,GDOC-2c50043de968496a4b271ac6,SDOC-411867107929c955bcf8c03f,REV-687e7988bc979d9328b992f1,EVT-982409295fcf7e24233b13b1,1,1,1,1,DATA/TECH/2820-DOCUMENT REGISTER-NEW 30-04-2026.xlsx,2026-09-08T09:55:51Z,Documents - Pipeline & Cable,28,C28,INCLUDE,
T2820_PIPELINE,2820,TECH,PIPELINE & CABLE,DOCUMENT,ANALYSIS REPORT,Documents - Pipeline & Cable,,T001;T070,0.95,2820-NN-RP-019,"LOWER ZAKUM LTDP1 PACKAGE 4 - PIPELAY ANALYSIS REPORT FOR 20"" GE P/L (PL-326) FROM ERP G-Island to ZWSC-RP2",AD-3002-Z-00006,,RECORD,,,,{},"{""SR. NO."":""19""}",,,GDOC-9593f666eac1ef4963decfc4,SDOC-38379ae45c4222437c0e4bb4,REV-e56e718c0522edc8f1ee1d7f,EVT-dc08afe723729e2fbeea674e,1,1,1,1,DATA/TECH/2820-DOCUMENT REGISTER-NEW 30-04-2026.xlsx,2026-09-08T09:55:51Z,Documents - Pipeline & Cable,29,C29,INCLUDE,
T2820_PIPELINE,2820,TECH,PIPELINE & CABLE,DOCUMENT,ANALYSIS REPORT,Documents - Pipeline & Cable,,T001;T070,0.95,2820-NN-RP-020,"LOWER ZAKUM LTDP1 PACKAGE 4 - PIPELAY ANALYSIS REPORT FOR 30"" OE P/L (PL-329) FROM ERP G-Island to ZWSC-NRP",AD-3002-Z-00007,,RECORD,,,,{},"{""SR. NO."":""20""}",,,GDOC-c4fbab7df0b94737f1278b9b,SDOC-ee7804b9a9905a722c0b86a6,REV-c17bb47a32eaa70aac9394b1,EVT-69a95f2ac7b4774a07f77c94,1,1,1,1,DATA/TECH/2820-DOCUMENT REGISTER-NEW 30-04-2026.xlsx,2026-09-08T09:55:51Z,Documents - Pipeline & Cable,30,C30,INCLUDE,
T2820_PIPELINE,2820,TECH,PIPELINE & CABLE,DOCUMENT,ANALYSIS REPORT,Documents - Pipeline & Cable,,T001;T070,0.95,2820-NN-RP-021,"LOWER ZAKUM LTDP1 PACKAGE 4 - PIPELAY ANALYSIS REPORT FOR 18"" WF P/L (PL-330) FROM WHT-1 AGI ARES TO ERP AO-ISLAND",AD-811-Z-00002,1,SUBMISSION STATUS > PMT TO MWS,2026-07-14,2820-NMDC-E-PMT-MWS-T-00014,,"{""DATE"":""2026-07-14"",""REF"":""2820-NMDC-E-PMT-MWS-T-00014""}","{""CLASS"":""2"",""REMARKS"":""TITLE CHANGED ON 10.06 - 14\"" & ERP G-ISALAND"",""SR. NO."":""21""}",../Documents/Pipeline/02%20Pipelaying/01-PL_330/01-DLB_750,../Documents/Pipeline/02%20Pipelaying/01-PL_330/01-DLB_750,GDOC-1111a54dec242bd11a64ee05,SDOC-35a4783cfa26c68302272d12,REV-d96fe76678318c6f249f5715,EVT-396110a7661922cae99bc5fa,0,0,1,0,DATA/TECH/2820-DOCUMENT REGISTER-NEW 30-04-2026.xlsx,2026-09-08T09:55:51Z,Documents - Pipeline & Cable,31,C31,INCLUDE,
T2820_PIPELINE,2820,TECH,PIPELINE & CABLE,DOCUMENT,ANALYSIS REPORT,Documents - Pipeline & Cable,,T001;T070,0.95,2820-NN-RP-021,"LOWER ZAKUM LTDP1 PACKAGE 4 - PIPELAY ANALYSIS REPORT FOR 18"" WF P/L (PL-330) FROM WHT-1 AGI ARES TO ERP AO-ISLAND",AD-811-Z-00002,1,NMDC ENERGY > SUBMISSION STATUS > CSE TO PMT,2026-07-13,CSE-2820-PMT-T-002,,"{""DATE"":""2026-07-13"",""REF"":""CSE-2820-PMT-T-002""}","{""CLASS"":""2"",""REMARKS"":""TITLE CHANGED ON 10.06 - 14\"" & ERP G-ISALAND"",""SR. NO."":""21""}",../Documents/Pipeline/02%20Pipelaying/01-PL_330/01-DLB_750,../Documents/Pipeline/02%20Pipelaying/01-PL_330/01-DLB_750,GDOC-1111a54dec242bd11a64ee05,SDOC-35a4783cfa26c68302272d12,REV-d96fe76678318c6f249f5715,EVT-7e804a7c05f8b218a32bce87,1,1,1,0,DATA/TECH/2820-DOCUMENT REGISTER-NEW 30-04-2026.xlsx,2026-09-08T09:55:51Z,Documents - Pipeline & Cable,31,C31,INCLUDE,
T2820_PIPELINE,2820,TECH,PIPELINE & CABLE,DOCUMENT,ANALYSIS REPORT,Documents - Pipeline & Cable,,T001;T070,0.95,2820-NN-RP-021,"LOWER ZAKUM LTDP1 PACKAGE 4 - PIPELAY ANALYSIS REPORT FOR 18"" WF P/L (PL-330) FROM WHT-1 AGI ARES TO ERP AO-ISLAND",AD-811-Z-00002,1,ADNOC OFFSHORE > APPROVAL STATUS > FROM CLIENT,2026-08-13,LZ-LTDP-1-10222-PKG4-TN-06324,2,"{""CODE"":""2"",""DATE"":""2026-08-13"",""REF"":""LZ-LTDP-1-10222-PKG4-TN-06324""}","{""CLASS"":""2"",""REMARKS"":""TITLE CHANGED ON 10.06 - 14\"" & ERP G-ISALAND"",""SR. NO."":""21""}",../Documents/Pipeline/02%20Pipelaying/01-PL_330/01-DLB_750,../Documents/Pipeline/02%20Pipelaying/01-PL_330/01-DLB_750,GDOC-1111a54dec242bd11a64ee05,SDOC-35a4783cfa26c68302272d12,REV-d96fe76678318c6f249f5715,EVT-7fc39690127b9679c00fcef2,0,0,1,0,DATA/TECH/2820-DOCUMENT REGISTER-NEW 30-04-2026.xlsx,2026-09-08T09:55:51Z,Documents - Pipeline & Cable,31,C31,INCLUDE,
T2820_PIPELINE,2820,TECH,PIPELINE & CABLE,DOCUMENT,ANALYSIS REPORT,Documents - Pipeline & Cable,,T001;T070,0.95,2820-NN-RP-021,"LOWER ZAKUM LTDP1 PACKAGE 4 - PIPELAY ANALYSIS REPORT FOR 18"" WF P/L (PL-330) FROM WHT-1 AGI ARES TO ERP AO-ISLAND",AD-811-Z-00002,1,NMDC ENERGY > SUBMISSION STATUS > PMT TO ADNOC,2026-07-14,2820-NMDC-E-AO-PMT-T-00899,,"{""DATE"":""2026-07-14"",""REF"":""2820-NMDC-E-AO-PMT-T-00899""}","{""CLASS"":""2"",""REMARKS"":""TITLE CHANGED ON 10.06 - 14\"" & ERP G-ISALAND"",""SR. NO."":""21""}",../Documents/Pipeline/02%20Pipelaying/01-PL_330/01-DLB_750,../Documents/Pipeline/02%20Pipelaying/01-PL_330/01-DLB_750,GDOC-1111a54dec242bd11a64ee05,SDOC-35a4783cfa26c68302272d12,REV-d96fe76678318c6f249f5715,EVT-990b14a2d0b2b26208d24304,0,0,1,0,DATA/TECH/2820-DOCUMENT REGISTER-NEW 30-04-2026.xlsx,2026-09-08T09:55:51Z,Documents - Pipeline & Cable,31,C31,INCLUDE,
T2820_PIPELINE,2820,TECH,PIPELINE & CABLE,DOCUMENT,ANALYSIS REPORT,Documents - Pipeline & Cable,,T001;T070,0.95,2820-NN-RP-021,"LOWER ZAKUM LTDP1 PACKAGE 4 - PIPELAY ANALYSIS REPORT FOR 18"" WF P/L (PL-330) FROM WHT-1 AGI ARES TO ERP AO-ISLAND",AD-811-Z-00002,1,APPROVAL STATUS > STATUS FROM MWS,2026-07-15,SAF234-MCE-NMDC-T-0006,APPROVED,"{""CODE"":""APPROVED"",""DATE"":""2026-07-15"",""REF"":""SAF234-MCE-NMDC-T-0006""}","{""CLASS"":""2"",""REMARKS"":""TITLE CHANGED ON 10.06 - 14\"" & ERP G-ISALAND"",""SR. NO."":""21""}",../Documents/Pipeline/02%20Pipelaying/01-PL_330/01-DLB_750,../Documents/Pipeline/02%20Pipelaying/01-PL_330/01-DLB_750,GDOC-1111a54dec242bd11a64ee05,SDOC-35a4783cfa26c68302272d12,REV-d96fe76678318c6f249f5715,EVT-caabb726be7a2e13ecd305c1,0,0,1,1,DATA/TECH/2820-DOCUMENT REGISTER-NEW 30-04-2026.xlsx,2026-09-08T09:55:51Z,Documents - Pipeline & Cable,31,C31,INCLUDE,
T2820_PIPELINE,2820,TECH,PIPELINE & CABLE,DOCUMENT,ANALYSIS REPORT,Documents - Pipeline & Cable,,T001;T070,0.95,2820-NN-RP-022,"LOWER ZAKUM LTDP1 PACKAGE 4 - PIPELAY ANALYSIS REPORT FOR 6"" GL P/L (PL-331) FROM ERP G-Island to WHT-1 AGI Area",AD-3002-Z-00008,,RECORD,,,,{},"{""SR. NO."":""22""}",,,GDOC-fca4903b334806850bc686c1,SDOC-091c830258eff719e6b68ebd,REV-36691b36cbfd58e85c7e6726,EVT-db5f6e91eabd843daf9cc379,1,1,1,1,DATA/TECH/2820-DOCUMENT REGISTER-NEW 30-04-2026.xlsx,2026-09-08T09:55:51Z,Documents - Pipeline & Cable,32,C32,INCLUDE,
T2820_PIPELINE,2820,TECH,PIPELINE & CABLE,DOCUMENT,ANALYSIS REPORT,Documents - Pipeline & Cable,,T001;T070,0.95,2820-NN-RP-023,"LOWER ZAKUM LTDP1 PACKAGE 4 - PIPELAY ANALYSIS REPORT FOR 6"" GL P/L (PL-334) FROM WHT ZK-182 to ERP G-Island",AD-324-Z-00002,,RECORD,,,,{},"{""SR. NO."":""23""}",,,GDOC-ad9dd2ed65d7ced803fa687a,SDOC-289cc8137eda40e17f30540f,REV-ca940c0a594f6a7111712183,EVT-5f42db76a26952b29cfcae16,1,1,1,1,DATA/TECH/2820-DOCUMENT REGISTER-NEW 30-04-2026.xlsx,2026-09-08T09:55:51Z,Documents - Pipeline & Cable,33,C33,INCLUDE,
T2820_PIPELINE,2820,TECH,PIPELINE & CABLE,DOCUMENT,ANALYSIS REPORT,Documents - Pipeline & Cable,,T001;T070,0.95,2820-NN-RP-024,"LOWER ZAKUM LTDP1 PACKAGE 4 - PIPELAY ANALYSIS REPORT FOR 38"" WF P/L (PL-335) FROM ZCSC-CRP to ERP G-Island",AD-496-Z-00010,,RECORD,,,,{},"{""SR. NO."":""24""}",,,GDOC-5f68c7c3a5a0b36cb97f974c,SDOC-ba2130ab39e2ce89fdf6eda7,REV-9e31553bb41e83a24dc81b23,EVT-ab44dc55c0b27e16cb7ec53d,1,1,1,1,DATA/TECH/2820-DOCUMENT REGISTER-NEW 30-04-2026.xlsx,2026-09-08T09:55:51Z,Documents - Pipeline & Cable,34,C34,INCLUDE,
T2820_PIPELINE,2820,TECH,PIPELINE & CABLE,DOCUMENT,ANALYSIS REPORT,Documents - Pipeline & Cable,,T001;T070,0.95,2820-NN-RP-025,"LOWER ZAKUM LTDP1 PACKAGE 4 - PIPELAY ANALYSIS REPORT FOR 6"" GL P/L (PL-337) FROM WHT in AGI Area to EPS-2 WHT-2",AD-848-Z-00058,,RECORD,,,,{},"{""SR. NO."":""25""}",,,GDOC-d7070be792f50d67ae4253c3,SDOC-039c81177d6ca6a9e8e43dda,REV-be9bd2c515e7051ce999c9b7,EVT-cb5190f75e2710b378947314,1,1,1,1,DATA/TECH/2820-DOCUMENT REGISTER-NEW 30-04-2026.xlsx,2026-09-08T09:55:51Z,Documents - Pipeline & Cable,35,C35,INCLUDE,
T2820_PIPELINE,2820,TECH,PIPELINE & CABLE,DOCUMENT,ANALYSIS REPORT,Documents - Pipeline & Cable,,T001;T070,0.95,2820-NN-RP-026,"LOWER ZAKUM LTDP1 PACKAGE 4 - PIPELAY ANALYSIS REPORT FOR 6"" GL P/L (PL-338) FROM EPS-2 WHT-2 to EPS-2 WHT-3",AD-848-Z-00059,,RECORD,,,,{},"{""SR. NO."":""26""}",,,GDOC-7e2ec410f9e94e2b48234e0c,SDOC-cb5a76a911374ea10bb841b8,REV-0a11f052d07f258931578e9f,EVT-ba0c7bf93d8bc4c599659fcb,1,1,1,1,DATA/TECH/2820-DOCUMENT REGISTER-NEW 30-04-2026.xlsx,2026-09-08T09:55:51Z,Documents - Pipeline & Cable,36,C36,INCLUDE,
T2820_PIPELINE,2820,TECH,PIPELINE & CABLE,DOCUMENT,ANALYSIS REPORT,Documents - Pipeline & Cable,,T001;T070,0.95,2820-NN-RP-027,"LOWER ZAKUM LTDP1 PACKAGE 4 - DAVIT LIFT ANALYSIS REPORT FOR 20"" WF P/L (PL-301) WHT EA-1 to WHT EA-5",AD-817-Z-00003,,RECORD,,,,{},"{""SR. NO."":""27""}",,,GDOC-37c09eecbfb6ada695482b0a,SDOC-73b0a4c47e612c0462d79b31,REV-c21df4beb3af358aeb5706ab,EVT-1ad5938df4805a2ab496a79c,1,1,1,1,DATA/TECH/2820-DOCUMENT REGISTER-NEW 30-04-2026.xlsx,2026-09-08T09:55:51Z,Documents - Pipeline & Cable,37,C37,INCLUDE,
T2820_PIPELINE,2820,TECH,PIPELINE & CABLE,DOCUMENT,ANALYSIS REPORT,Documents - Pipeline & Cable,,T001;T070,0.95,2820-NN-RP-028,"LOWER ZAKUM LTDP1 PACKAGE 4 - DAVIT LIFT  ANALYSIS REPORT FOR 16"" WI P/L (PL-302) WHT EA-5 to WHT EA-1",AD-821-Z-00005,,RECORD,,,,{},"{""SR. NO."":""28""}",,,GDOC-ed1c68079fa26aed5a60c1fb,SDOC-16379c3e1c0877f1f13293f5,REV-8ccbcbc1368f92e00d153faa,EVT-2bb8b6a7ce2e87b598ffbd40,1,1,1,1,DATA/TECH/2820-DOCUMENT REGISTER-NEW 30-04-2026.xlsx,2026-09-08T09:55:51Z,Documents - Pipeline & Cable,38,C38,INCLUDE,
T2820_PIPELINE,2820,TECH,PIPELINE & CABLE,DOCUMENT,ANALYSIS REPORT,Documents - Pipeline & Cable,,T001;T070,0.95,2820-NN-RP-029,"LOWER ZAKUM LTDP1 PACKAGE 4 - DAVIT LIFT  ANALYSIS REPORT FOR 6"" GL P/L (PL-303) WHT EA-5 to WHT EA-1",AD-821-Z-00006,,RECORD,,,,{},"{""SR. NO."":""29""}",,,GDOC-944afbfac0db467e3f5a7af4,SDOC-6bd56dabb013322b09d98e1a,REV-a1cabad489ec71df6a94d7f9,EVT-5e7ce84ec3e0dd5968cb33a9,1,1,1,1,DATA/TECH/2820-DOCUMENT REGISTER-NEW 30-04-2026.xlsx,2026-09-08T09:55:51Z,Documents - Pipeline & Cable,39,C39,INCLUDE,
T2820_PIPELINE,2820,TECH,PIPELINE & CABLE,DOCUMENT,ANALYSIS REPORT,Documents - Pipeline & Cable,,T001;T070,0.95,2820-NN-RP-030,"LOWER ZAKUM LTDP1 PACKAGE 4 - DAVIT LIFT  ANALYSIS REPORT FOR 20"" WF P/L (PL-305) WHT EA-5 to WHT EA-2B",AD-821-Z-00007,,RECORD,,,,{},"{""SR. NO."":""30""}",,,GDOC-7cea9adf62aa49d8e99d2713,SDOC-febf819988c1c6aaa64efe74,REV-3a665ce9f86fef0b7a3de4a8,EVT-edf9b4271f15ee98157e2e3f,1,1,1,1,DATA/TECH/2820-DOCUMENT REGISTER-NEW 30-04-2026.xlsx,2026-09-08T09:55:51Z,Documents - Pipeline & Cable,40,C40,INCLUDE,
T2820_PIPELINE,2820,TECH,PIPELINE & CABLE,DOCUMENT,ANALYSIS REPORT,Documents - Pipeline & Cable,,T001;T070,0.95,2820-NN-RP-031,"LOWER ZAKUM LTDP1 PACKAGE 4 - DAVIT LIFT  ANALYSIS REPORT FOR 16"" WI P/L (PL-306) WHT EA-2B to WHT EA-5",AD-818-Z-00005,,RECORD,,,,{},"{""SR. NO."":""31""}",,,GDOC-55d46c555cce5edcf37f4f4f,SDOC-ed1c4d6519f2d78e2b1a6530,REV-bcb94ee663b5cc9a7e2676bf,EVT-12ecac7fc7edd5c58a0e34a5,1,1,1,1,DATA/TECH/2820-DOCUMENT REGISTER-NEW 30-04-2026.xlsx,2026-09-08T09:55:51Z,Documents - Pipeline & Cable,41,C41,INCLUDE,
T2820_PIPELINE,2820,TECH,PIPELINE & CABLE,DOCUMENT,ANALYSIS REPORT,Documents - Pipeline & Cable,,T001;T070,0.95,2820-NN-RP-032,"LOWER ZAKUM LTDP1 PACKAGE 4 - DAVIT LIFT  ANALYSIS REPORT FOR 6"" GL P/L (PL-307) WHT EA-2A to WHT EA-5",AD-818-Z-00006,,RECORD,,,,{},"{""SR. NO."":""32""}",,,GDOC-cc41859779ac1c2f387eebf1,SDOC-79643590d4f195e4d2e87048,REV-17dca1b2878556c8c3fb9ac7,EVT-4f47a7b36cada00812ad47f8,1,1,1,1,DATA/TECH/2820-DOCUMENT REGISTER-NEW 30-04-2026.xlsx,2026-09-08T09:55:51Z,Documents - Pipeline & Cable,42,C42,INCLUDE,
T2820_PIPELINE,2820,TECH,PIPELINE & CABLE,DOCUMENT,ANALYSIS REPORT,Documents - Pipeline & Cable,,T001;T070,0.95,2820-NN-RP-033,"LOWER ZAKUM LTDP1 PACKAGE 4 - DAVIT LIFT  ANALYSIS REPORT FOR 20"" WF P/L (PL-309) WHT EA-2A to ERP G-Island",AD-27-Z-80548,,RECORD,,,,{},"{""SR. NO."":""33""}",,,GDOC-16dbc429f1c27e82da770af6,SDOC-fbe8b76d60ebfaf91d726bc6,REV-093f87c8b930eb4c3278adc2,EVT-532f82dc6221fa10bcffe9a7,1,1,1,1,DATA/TECH/2820-DOCUMENT REGISTER-NEW 30-04-2026.xlsx,2026-09-08T09:55:51Z,Documents - Pipeline & Cable,43,C43,INCLUDE,
T2820_PIPELINE,2820,TECH,PIPELINE & CABLE,DOCUMENT,ANALYSIS REPORT,Documents - Pipeline & Cable,,T001;T070,0.95,2820-NN-RP-034,"LOWER ZAKUM LTDP1 PACKAGE 4 - DAVIT LIFT  ANALYSIS REPORT FOR 16"" WI P/L (PL-310) ERP G-Island to WHT EA-2A",AD-3002-Z-00009,,RECORD,,,,{},"{""SR. NO."":""34""}",,,GDOC-99acb1a25a76daea16bee6a0,SDOC-591f3a574768fef8c54e4e9f,REV-ac03fec8c71db3acd5efd56e,EVT-2452765626dc8b1f8f26252e,1,1,1,1,DATA/TECH/2820-DOCUMENT REGISTER-NEW 30-04-2026.xlsx,2026-09-08T09:55:51Z,Documents - Pipeline & Cable,44,C44,INCLUDE,
T2820_PIPELINE,2820,TECH,PIPELINE & CABLE,DOCUMENT,ANALYSIS REPORT,Documents - Pipeline & Cable,,T001;T070,0.95,2820-NN-RP-035,"LOWER ZAKUM LTDP1 PACKAGE 4 - DAVIT LIFT  ANALYSIS REPORT FOR 6"" GL P/L (PL-311) ERP G-Island to WHT EA-2A",AD-3002-Z-00010,,RECORD,,,,{},"{""SR. NO."":""35""}",,,GDOC-41839e781480c0245b52691d,SDOC-fd7f4f6907d41055807c96d9,REV-193dd6a9487975a650596a77,EVT-801449919d3c2a137a8ac3e3,1,1,1,1,DATA/TECH/2820-DOCUMENT REGISTER-NEW 30-04-2026.xlsx,2026-09-08T09:55:51Z,Documents - Pipeline & Cable,45,C45,INCLUDE,
T2820_PIPELINE,2820,TECH,PIPELINE & CABLE,DOCUMENT,ANALYSIS REPORT,Documents - Pipeline & Cable,,T001;T070,0.95,2820-NN-RP-036,"LOWER ZAKUM LTDP1 PACKAGE 4 - DAVIT LIFT  ANALYSIS REPORT FOR 22"" WF P/L (PL-317) WHT EA-6 to WHT EA-4",AD-822-Z-00003,,RECORD,,,,{},"{""SR. NO."":""36""}",,,GDOC-3da29365da3e83417fe93818,SDOC-4893fa032c85ba71308debe2,REV-f478ca974f8ddf8252612868,EVT-7c4a5cfc59719e0bc02364e5,1,1,1,1,DATA/TECH/2820-DOCUMENT REGISTER-NEW 30-04-2026.xlsx,2026-09-08T09:55:51Z,Documents - Pipeline & Cable,46,C46,INCLUDE,
T2820_PIPELINE,2820,TECH,PIPELINE & CABLE,DOCUMENT,ANALYSIS REPORT,Documents - Pipeline & Cable,,T001;T070,0.95,2820-NN-RP-037,"LOWER ZAKUM LTDP1 PACKAGE 4 - DAVIT LIFT  ANALYSIS REPORT FOR 18"" WI P/L (PL-318) WHT EA-4 to WHT EA-6",AD-820-Z-00005,,RECORD,,,,{},"{""SR. NO."":""37""}",,,GDOC-ce258cff5cf5ce1d8c15fb2c,SDOC-06eab6328d9ed8fecf5f0ea3,REV-887b89e4be7c5f14fbbb38c0,EVT-231cbc0cae990deaa05f055e,1,1,1,1,DATA/TECH/2820-DOCUMENT REGISTER-NEW 30-04-2026.xlsx,2026-09-08T09:55:51Z,Documents - Pipeline & Cable,47,C47,INCLUDE,
T2820_PIPELINE,2820,TECH,PIPELINE & CABLE,DOCUMENT,ANALYSIS REPORT,Documents - Pipeline & Cable,,T001;T070,0.95,2820-NN-RP-038,"LOWER ZAKUM LTDP1 PACKAGE 4 - DAVIT LIFT  ANALYSIS REPORT FOR 6"" GL P/L (PL-319) WHT EA-4 to WHT EA-6",AD-820-Z-00006,,RECORD,,,,{},"{""SR. NO."":""38""}",,,GDOC-c1d5e6371e75f25d7b3339b6,SDOC-c6af78005f240ef0eed57ed4,REV-0ddeda8e2553cf272c5ce1b5,EVT-caa9eead9b7d0f2216a1e35d,1,1,1,1,DATA/TECH/2820-DOCUMENT REGISTER-NEW 30-04-2026.xlsx,2026-09-08T09:55:51Z,Documents - Pipeline & Cable,48,C48,INCLUDE,
T2820_PIPELINE,2820,TECH,PIPELINE & CABLE,DOCUMENT,ANALYSIS REPORT,Documents - Pipeline & Cable,,T001;T070,0.95,2820-NN-RP-039,"LOWER ZAKUM LTDP1 PACKAGE 4 - DAVIT LIFT  ANALYSIS REPORT FOR 22"" WF P/L (PL-321)WHT EA-4 to ERP G-Island",AD-820-Z-00007,,RECORD,,,,{},"{""SR. NO."":""39""}",,,GDOC-f1c7d3b516db19f79ad666b5,SDOC-3c121cf69b5495e1633f48d3,REV-51d849759fd9f97f3e3dae5e,EVT-6453ce8395a649763ea1b3fe,1,1,1,1,DATA/TECH/2820-DOCUMENT REGISTER-NEW 30-04-2026.xlsx,2026-09-08T09:55:51Z,Documents - Pipeline & Cable,49,C49,INCLUDE,
T2820_PIPELINE,2820,TECH,PIPELINE & CABLE,DOCUMENT,ANALYSIS REPORT,Documents - Pipeline & Cable,,T001;T070,0.95,2820-NN-RP-040,"LOWER ZAKUM LTDP1 PACKAGE 4 - DAVIT LIFT  ANALYSIS REPORT FOR 18"" WI P/L (PL-322) ERP G-Island to  WHT EA-4",AD-3002-Z-00011,,RECORD,,,,{},"{""SR. NO."":""40""}",,,GDOC-715f5b55d5988b33a5db62c7,SDOC-8b6236cfbed2ebde6ce550a2,REV-bb960cc3b8928f69e84253d1,EVT-85924231f5ffb14bc8d00d49,1,1,1,1,DATA/TECH/2820-DOCUMENT REGISTER-NEW 30-04-2026.xlsx,2026-09-08T09:55:51Z,Documents - Pipeline & Cable,50,C50,INCLUDE,
T2820_PIPELINE,2820,TECH,PIPELINE & CABLE,DOCUMENT,ANALYSIS REPORT,Documents - Pipeline & Cable,,T001;T070,0.95,2820-NN-RP-041,"LOWER ZAKUM LTDP1 PACKAGE 4 - DAVIT LIFT  ANALYSIS REPORT FOR 6"" GL P/L (PL-323) ERP G-Island to  WHT EA-4",AD-3002-Z-00012,,RECORD,,,,{},"{""SR. NO."":""41""}",,,GDOC-62f9c314d349a7ef39c6d3f3,SDOC-f22d0354c32b503f2525e52b,REV-1607d30e1b5bd5b0fda8a56e,EVT-d0fb854d00ba73e8344c0cf8,1,1,1,1,DATA/TECH/2820-DOCUMENT REGISTER-NEW 30-04-2026.xlsx,2026-09-08T09:55:51Z,Documents - Pipeline & Cable,51,C51,INCLUDE,
T2820_PIPELINE,2820,TECH,PIPELINE & CABLE,DOCUMENT,ANALYSIS REPORT,Documents - Pipeline & Cable,,T001;T070,0.95,2820-NN-RP-042,"LOWER ZAKUM LTDP1 PACKAGE 4 - DAVIT LIFT  ANALYSIS REPORT FOR 30"" WG P/L (PL-325) ERP G-Island to ZWSC-RP2",AD-3002-Z-00013,,RECORD,,,,{},"{""SR. NO."":""42""}",,,GDOC-7bc3d2875fc87b83e49a33a1,SDOC-a90ef7dec48e39691a2b8ea7,REV-01928d0c3a23ce5393daa8de,EVT-dafc32986b610b2977003e1f,1,1,1,1,DATA/TECH/2820-DOCUMENT REGISTER-NEW 30-04-2026.xlsx,2026-09-08T09:55:51Z,Documents - Pipeline & Cable,52,C52,INCLUDE,
T2820_PIPELINE,2820,TECH,PIPELINE & CABLE,DOCUMENT,ANALYSIS REPORT,Documents - Pipeline & Cable,,T001;T070,0.95,2820-NN-RP-043,"LOWER ZAKUM LTDP1 PACKAGE 4 - DAVIT LIFT  ANALYSIS REPORT FOR 20"" GE P/L (PL-326) ERP G-Island to ZWSC-RP2",AD-3002-Z-00014,,RECORD,,,,{},"{""SR. NO."":""43""}",,,GDOC-66cb33cdbf865638501e3914,SDOC-fe011c5a08919318707115c1,REV-cdcf36b32b006b2b9dc165bd,EVT-83cfa076ca329727ac0d9716,1,1,1,1,DATA/TECH/2820-DOCUMENT REGISTER-NEW 30-04-2026.xlsx,2026-09-08T09:55:51Z,Documents - Pipeline & Cable,53,C53,INCLUDE,
T2820_PIPELINE,2820,TECH,PIPELINE & CABLE,DOCUMENT,ANALYSIS REPORT,Documents - Pipeline & Cable,,T001;T070,0.95,2820-NN-RP-044,"LOWER ZAKUM LTDP1 PACKAGE 4 - DAVIT LIFT  ANALYSIS REPORT FOR 30"" OE P/L (PL-329) ERP G-Island to ZWSC-NRP",AD-3002-Z-00015,,RECORD,,,,{},"{""SR. NO."":""44""}",,,GDOC-3fa902997ed18055f7aed14c,SDOC-273894864f412aed47535b89,REV-1a27478177382fa6fa935264,EVT-ea94f8097fd4091bb82d9973,1,1,1,1,DATA/TECH/2820-DOCUMENT REGISTER-NEW 30-04-2026.xlsx,2026-09-08T09:55:51Z,Documents - Pipeline & Cable,54,C54,INCLUDE,
T2820_PIPELINE,2820,TECH,PIPELINE & CABLE,DOCUMENT,ANALYSIS REPORT,Documents - Pipeline & Cable,,T001;T070,0.95,2820-NN-RP-045,"LOWER ZAKUM LTDP1 PACKAGE 4 - DAVIT LIFT  ANALYSIS REPORT FOR 14"" WF P/L (PL-330  WHT-1 AGI Area to ERP G-Island",AD-811-Z-00003,,RECORD,,,,{},"{""SR. NO."":""45""}",,,GDOC-6bdefbffe5d4467b4729e5cd,SDOC-f64ca20c622b32ddf8a09e8c,REV-703a4bdc92b80401842ae5b3,EVT-78f410f816c9bde9c2abefec,1,1,1,1,DATA/TECH/2820-DOCUMENT REGISTER-NEW 30-04-2026.xlsx,2026-09-08T09:55:51Z,Documents - Pipeline & Cable,55,C55,INCLUDE,
T2820_PIPELINE,2820,TECH,PIPELINE & CABLE,DOCUMENT,ANALYSIS REPORT,Documents - Pipeline & Cable,,T001;T070,0.95,2820-NN-RP-046,"LOWER ZAKUM LTDP1 PACKAGE 4 - DAVIT LIFT  ANALYSIS REPORT FOR 6"" GL P/L (PL-331)ERP G-Island to WHT-1 AGI Area",AD-3002-Z-00016,,RECORD,,,,{},"{""SR. NO."":""46""}",,,GDOC-154d7230e06ed5bb45a2ead1,SDOC-1a43f26246349f34ccf6128f,REV-dba1bff48639d550323cb639,EVT-10322dac71693ac01ba3912c,1,1,1,1,DATA/TECH/2820-DOCUMENT REGISTER-NEW 30-04-2026.xlsx,2026-09-08T09:55:51Z,Documents - Pipeline & Cable,56,C56,INCLUDE,
T2820_PIPELINE,2820,TECH,PIPELINE & CABLE,DOCUMENT,ANALYSIS REPORT,Documents - Pipeline & Cable,,T001;T070,0.95,2820-NN-RP-047,"LOWER ZAKUM LTDP1 PACKAGE 4 - DAVIT LIFT  ANALYSIS REPORT FOR 6"" GL P/L (PL-334) WHT ZK-182 to ERP G-Island",AD-324-Z-00003,,RECORD,,,,{},"{""SR. NO."":""47""}",,,GDOC-df630e855fd52f1f0e901c38,SDOC-27c9bd2e1569d22d6b483c23,REV-7f1243fdd60e5954a75841db,EVT-ea4952a8af678c1f29ab42b8,1,1,1,1,DATA/TECH/2820-DOCUMENT REGISTER-NEW 30-04-2026.xlsx,2026-09-08T09:55:51Z,Documents - Pipeline & Cable,57,C57,INCLUDE,
T2820_PIPELINE,2820,TECH,PIPELINE & CABLE,DOCUMENT,ANALYSIS REPORT,Documents - Pipeline & Cable,,T001;T070,0.95,2820-NN-RP-048,"LOWER ZAKUM LTDP1 PACKAGE 4 - DAVIT LIFT  ANALYSIS REPORT FOR 38"" WF P/L (PL-335) ZCSC-CRP to ERP G-Island",AD-496-Z-00011,,RECORD,,,,{},"{""SR. NO."":""48""}",,,GDOC-9291491804b6d43b55ce78cf,SDOC-2c04400d94cd37ebf872448c,REV-80d7789dd828bfeea4f7e601,EVT-352252432595d75bb2d35b80,1,1,1,1,DATA/TECH/2820-DOCUMENT REGISTER-NEW 30-04-2026.xlsx,2026-09-08T09:55:51Z,Documents - Pipeline & Cable,58,C58,INCLUDE,
T2820_PIPELINE,2820,TECH,PIPELINE & CABLE,DOCUMENT,ANALYSIS REPORT,Documents - Pipeline & Cable,,T001;T070,0.95,2820-NN-RP-049,"LOWER ZAKUM LTDP1 PACKAGE 4 - DAVIT LIFT  ANALYSIS REPORT FOR 6"" GL P/L (PL-337) WHT in AGI Area to EPS-2 WHT-2",AD-811-Z-00004,,RECORD,,,,{},"{""SR. NO."":""49""}",,,GDOC-d46d9f25d6187ddf314d1ca3,SDOC-a1ccd7cfd4256b251772e69a,REV-be42f2b61a77fcdfe8693575,EVT-79399152fd9b5602bf8e4c91,1,1,1,1,DATA/TECH/2820-DOCUMENT REGISTER-NEW 30-04-2026.xlsx,2026-09-08T09:55:51Z,Documents - Pipeline & Cable,59,C59,INCLUDE,
T2820_PIPELINE,2820,TECH,PIPELINE & CABLE,DOCUMENT,ANALYSIS REPORT,Documents - Pipeline & Cable,,T001;T070,0.95,2820-NN-RP-050,"LOWER ZAKUM LTDP1 PACKAGE 4 - DAVIT LIFT  ANALYSIS REPORT FOR 6"" GL P/L (PL-338) EPS-2 WHT-2 to EPS-2 WHT-3",AD-848-Z-00060,,RECORD,,,,{},"{""SR. NO."":""50""}",,,GDOC-e09eafc93775255e870bbd33,SDOC-93ecf4b5eb7ab9f95e741bd6,REV-0f474bc4f40d653c09eb3793,EVT-d7740b50fd198e089bdb6bf7,1,1,1,1,DATA/TECH/2820-DOCUMENT REGISTER-NEW 30-04-2026.xlsx,2026-09-08T09:55:51Z,Documents - Pipeline & Cable,60,C60,INCLUDE,
T2820_PIPELINE,2820,TECH,PIPELINE & CABLE,DOCUMENT,ANALYSIS REPORT,Documents - Pipeline & Cable,,T001;T070,0.95,2820-NN-RP-051,LOWER ZAKUM LTDP1 PACKAGE 4 - INSTALLATION ANALYSIS REPORT FOR 132KV CABLES,AD-27-Z-80549,,RECORD,,,,{},"{""SR. NO."":""51""}",,,GDOC-a351854489ebde2f368457e3,SDOC-e42dc8d00eb424dc5cabffa5,REV-5bb3b6383ea58ef7dd89c00c,EVT-366d8562ca46a27533e7a198,1,1,1,1,DATA/TECH/2820-DOCUMENT REGISTER-NEW 30-04-2026.xlsx,2026-09-08T09:55:51Z,Documents - Pipeline & Cable,61,C61,INCLUDE,
T2820_PIPELINE,2820,TECH,PIPELINE & CABLE,DOCUMENT,ANALYSIS REPORT,Documents - Pipeline & Cable,,T001;T070,0.95,2820-NN-RP-052,LOWER ZAKUM LTDP1 PACKAGE 4 - INSTALLATION ANALYSIS REPORT FOR 6.6KV CABLES,AD-27-Z-80550,,RECORD,,,,{},"{""SR. NO."":""52""}",,,GDOC-dd5155951f823cba3c3344c7,SDOC-e5b06d072072450837865d34,REV-8c5469f722ee08261bd36ed5,EVT-fd1fc8e21e7691a9b6a4f13c,1,1,1,1,DATA/TECH/2820-DOCUMENT REGISTER-NEW 30-04-2026.xlsx,2026-09-08T09:55:51Z,Documents - Pipeline & Cable,62,C62,INCLUDE,
T2820_PIPELINE,2820,TECH,PIPELINE & CABLE,DOCUMENT,REPORT,Documents - Pipeline & Cable,,T001;T071,0.95,2820-NN-RP-053,LOWER ZAKUM LTDP1 PACKAGE 4 - SEAFASTENING DESIGN REPORT FOR TRANSPORTATION OF CC PIPES ON CARGO BARGE 1,AD-27-Z-80551,,RECORD,,,,{},"{""SR. NO."":""53""}",,,GDOC-add871f67abeb2c6c847f5d1,SDOC-e9796947a4bdb78a5985c31b,REV-527d6d518c07f14e6ec88ab7,EVT-fe04b84abc99a06c564030ea,1,1,1,1,DATA/TECH/2820-DOCUMENT REGISTER-NEW 30-04-2026.xlsx,2026-09-08T09:55:51Z,Documents - Pipeline & Cable,63,C63,INCLUDE,
T2820_PIPELINE,2820,TECH,PIPELINE & CABLE,DOCUMENT,REPORT,Documents - Pipeline & Cable,,T001;T071,0.95,2820-NN-RP-054,LOWER ZAKUM LTDP1 PACKAGE 4 - SEAFASTENING DESIGN REPORT FOR TRANSPORTATION OF CC PIPES ON CARGO BARGE 2,AD-27-Z-80552,,RECORD,,,,{},"{""SR. NO."":""54""}",,,GDOC-17db556e335bbc9c707c2a8f,SDOC-2b78f0b1c1daeb1c7d137cc7,REV-dd6e40de2d08f3ba08c15679,EVT-57d9db475d6db9e06eb57a36,1,1,1,1,DATA/TECH/2820-DOCUMENT REGISTER-NEW 30-04-2026.xlsx,2026-09-08T09:55:51Z,Documents - Pipeline & Cable,64,C64,INCLUDE,
T2820_PIPELINE,2820,TECH,PIPELINE & CABLE,DOCUMENT,REPORT,Documents - Pipeline & Cable,,T001;T071,0.95,2820-NN-RP-055,LOWER ZAKUM LTDP1 PACKAGE 4 - SEAFASTENING DESIGN REPORT FOR TRANSPORTATION OF CC PIPES ON CARGO BARGE 3,AD-27-Z-80553,,RECORD,,,,{},"{""SR. NO."":""55""}",,,GDOC-81771b548edbbf65e3da3310,SDOC-e4f3948cb6a9932ddaa531b8,REV-2c0bce953c580944a0372821,EVT-18a3f0a6d49ba9793cbcca43,1,1,1,1,DATA/TECH/2820-DOCUMENT REGISTER-NEW 30-04-2026.xlsx,2026-09-08T09:55:51Z,Documents - Pipeline & Cable,65,C65,INCLUDE,
T2820_PIPELINE,2820,TECH,PIPELINE & CABLE,DOCUMENT,REPORT,Documents - Pipeline & Cable,,T001;T071,0.95,2820-NN-RP-056,LOWER ZAKUM LTDP1 PACKAGE 4 - SEAFASTENING DESIGN REPORT FOR TRANSPORTATION OF CC PIPES ON CARGO BARGE 4,AD-27-Z-80554,,RECORD,,,,{},"{""SR. NO."":""56""}",,,GDOC-b1dad30d321b658fe28c5a76,SDOC-80004e628c44bcbf37fed972,REV-cf479c8a8c8c04952b275586,EVT-ceba820e99903ccd96022a17,1,1,1,1,DATA/TECH/2820-DOCUMENT REGISTER-NEW 30-04-2026.xlsx,2026-09-08T09:55:51Z,Documents - Pipeline & Cable,66,C66,INCLUDE,
T2820_PIPELINE,2820,TECH,PIPELINE & CABLE,DOCUMENT,REPORT,Documents - Pipeline & Cable,,T001;T071,0.95,2820-NN-RP-057,LOWER ZAKUM LTDP1 PACKAGE 4 - SEAFASTENING DESIGN REPORT FOR TRANSPORTATION OF CC PIPES ON CARGO BARGE 5,AD-27-Z-80555,,RECORD,,,,{},"{""SR. NO."":""57""}",,,GDOC-2f0eb4bff33d3060c2dbbc72,SDOC-c3785026248c6bd555b62c55,REV-00e5eca64bbde74cb204e3af,EVT-aa082ea0ddd5c238b99531e0,1,1,1,1,DATA/TECH/2820-DOCUMENT REGISTER-NEW 30-04-2026.xlsx,2026-09-08T09:55:51Z,Documents - Pipeline & Cable,67,C67,INCLUDE,
T2820_PIPELINE,2820,TECH,PIPELINE & CABLE,DOCUMENT,REPORT,Documents - Pipeline & Cable,,T001;T071,0.95,2820-NN-RP-058,LOWER ZAKUM LTDP1 PACKAGE 4 - SEAFASTENING DESIGN REPORT FOR TRANSPORTATION OF CC PIPES ON CARGO BARGE 6,AD-27-Z-80556,,RECORD,,,,{},"{""SR. NO."":""58""}",,,GDOC-e1525d581fb1014692cf9fee,SDOC-6b44792cdc99f72daeb28420,REV-329aeb1b2cfc1ca8a80d715d,EVT-f5b18d9b2a2401ea53d522a1,1,1,1,1,DATA/TECH/2820-DOCUMENT REGISTER-NEW 30-04-2026.xlsx,2026-09-08T09:55:51Z,Documents - Pipeline & Cable,68,C68,INCLUDE,
T2820_PIPELINE,2820,TECH,PIPELINE & CABLE,DOCUMENT,REPORT,Documents - Pipeline & Cable,,T001;T071,0.95,2820-NN-RP-059,LOWER ZAKUM LTDP1 PACKAGE 4 - SEAFASTENING DESIGN REPORT FOR TRANSPORTATION OF CC PIPES ON CARGO BARGE 7,AD-27-Z-80557,,RECORD,,,,{},"{""SR. NO."":""59""}",,,GDOC-e54f1a0adb14d66807c00bf6,SDOC-9d75fb536a3c31e09d85759d,REV-770348577aa6e789f9ae70e5,EVT-9d13bf7dc8bb6c9a8e7230b4,1,1,1,1,DATA/TECH/2820-DOCUMENT REGISTER-NEW 30-04-2026.xlsx,2026-09-08T09:55:51Z,Documents - Pipeline & Cable,69,C69,INCLUDE,
T2820_PIPELINE,2820,TECH,PIPELINE & CABLE,DOCUMENT,REPORT,Documents - Pipeline & Cable,,T001;T071,0.95,2820-NN-RP-060,LOWER ZAKUM LTDP1 PACKAGE 4 - SEAFASTENING DESIGN REPORT FOR TRANSPORTATION OF CC PIPES ON CARGO BARGE 8,AD-27-Z-80558,,RECORD,,,,{},"{""SR. NO."":""60""}",,,GDOC-aa36b196489b0efbd3aefb0f,SDOC-926b1b7f77bcb8d541a2cf41,REV-31f7713b7c1a914144b2ceac,EVT-258b8f24c1c311458f506da7,1,1,1,1,DATA/TECH/2820-DOCUMENT REGISTER-NEW 30-04-2026.xlsx,2026-09-08T09:55:51Z,Documents - Pipeline & Cable,70,C70,INCLUDE,
T2820_PIPELINE,2820,TECH,PIPELINE & CABLE,DOCUMENT,REPORT,Documents - Pipeline & Cable,,T001;T071,0.95,2820-NN-RP-061,LOWER ZAKUM LTDP1 PACKAGE 4 - SEAFASTENING DESIGN REPORT FOR TRANSPORTATION OF CC PIPES ON CARGO BARGE 9,AD-27-Z-80559,,RECORD,,,,{},"{""SR. NO."":""61""}",,,GDOC-0e9d177cf069ec21a943649a,SDOC-fb90a82010eb1b4c65b1ef6b,REV-b82d67a0f0659784ba45550e,EVT-d119911f1bf92b6a8c953b03,1,1,1,1,DATA/TECH/2820-DOCUMENT REGISTER-NEW 30-04-2026.xlsx,2026-09-08T09:55:51Z,Documents - Pipeline & Cable,71,C71,INCLUDE,
T2820_PIPELINE,2820,TECH,PIPELINE & CABLE,DOCUMENT,REPORT,Documents - Pipeline & Cable,,T001;T071,0.95,2820-NN-RP-062,LOWER ZAKUM LTDP1 PACKAGE 4 - SEAFASTENING DESIGN REPORT FOR TRANSPORTATION OF CC PIPES ON CARGO BARGE 10,AD-27-Z-80560,,RECORD,,,,{},"{""SR. NO."":""62""}",,,GDOC-8a91c812dfd36b9c69cc6c23,SDOC-b2cbfce899398faca829bfe5,REV-a5e8619feb61a32b3b304d39,EVT-618aa71b032665fbe36b611c,1,1,1,1,DATA/TECH/2820-DOCUMENT REGISTER-NEW 30-04-2026.xlsx,2026-09-08T09:55:51Z,Documents - Pipeline & Cable,72,C72,INCLUDE,
T2820_PIPELINE,2820,TECH,PIPELINE & CABLE,DOCUMENT,REPORT,Documents - Pipeline & Cable,,T001;T071,0.95,2820-NN-RP-063,LOWER ZAKUM LTDP1 PACKAGE 4 - SEAFASTENING DESIGN REPORT FOR TRANSPORTATION OF CC PIPES ON CARGO BARGE 11,AD-27-Z-80561,,RECORD,,,,{},"{""SR. NO."":""63""}",,,GDOC-b56c4533ae3c674a46e07dd6,SDOC-1ae28d9dd4e5791ceda4816a,REV-2b929be20797f05f35f8a9ad,EVT-3cf54df9475f7720d66fac13,1,1,1,1,DATA/TECH/2820-DOCUMENT REGISTER-NEW 30-04-2026.xlsx,2026-09-08T09:55:51Z,Documents - Pipeline & Cable,73,C73,INCLUDE,
T2820_PIPELINE,2820,TECH,PIPELINE & CABLE,DOCUMENT,REPORT,Documents - Pipeline & Cable,,T001;T071,0.95,2820-NN-RP-064,LOWER ZAKUM LTDP1 PACKAGE 4 - SEAFASTENING DESIGN REPORT FOR TRANSPORTATION OF CC PIPES ON CARGO BARGE 12,AD-27-Z-80562,,RECORD,,,,{},"{""SR. NO."":""64""}",,,GDOC-6405ace3d2f236ffc5d373a3,SDOC-6ce0758232f080b5e5955afd,REV-c9c6faad56f9236d002a54ff,EVT-7ace534643b7967a7592fc82,1,1,1,1,DATA/TECH/2820-DOCUMENT REGISTER-NEW 30-04-2026.xlsx,2026-09-08T09:55:51Z,Documents - Pipeline & Cable,74,C74,INCLUDE,
T2820_PIPELINE,2820,TECH,PIPELINE & CABLE,DOCUMENT,REPORT,Documents - Pipeline & Cable,,T001;T071,0.95,2820-NN-RP-065,"LOWER ZAKUM LTDP1 PACKAGE 4 - SEAFASTENING DESIGN REPORT FOR TRANSPORTATION OF SUBSEA SPOOLS, JTUBES & RISERS (TRIP-1)",AD-27-Z-80563,,RECORD,,,,{},"{""SR. NO."":""65""}",,,GDOC-f0feeca1eaada1adcdf5fa3a,SDOC-b6774308ca27844deb42519b,REV-1324b8ad6dc8b135e43a62a4,EVT-a9930093a765e41d49a45b9c,1,1,1,1,DATA/TECH/2820-DOCUMENT REGISTER-NEW 30-04-2026.xlsx,2026-09-08T09:55:51Z,Documents - Pipeline & Cable,75,C75,INCLUDE,
T2820_PIPELINE,2820,TECH,PIPELINE & CABLE,DOCUMENT,REPORT,Documents - Pipeline & Cable,,T001;T071,0.95,2820-NN-RP-066,"LOWER ZAKUM LTDP1 PACKAGE 4 - SEAFASTENING DESIGN REPORT FOR TRANSPORTATION OF SUBSEA SPOOLS, JTUBES & RISERS (TRIP-2)",AD-27-Z-80564,,RECORD,,,,{},"{""SR. NO."":""66""}",,,GDOC-3ac2abf10a677a9954206580,SDOC-cd098fe4c3d3c72b10403df7,REV-c1e11a1dac775b95ff8272da,EVT-f40a2230f657e64f1a6c1dca,1,1,1,1,DATA/TECH/2820-DOCUMENT REGISTER-NEW 30-04-2026.xlsx,2026-09-08T09:55:51Z,Documents - Pipeline & Cable,76,C76,INCLUDE,
T2820_PIPELINE,2820,TECH,PIPELINE & CABLE,DOCUMENT,REPORT,Documents - Pipeline & Cable,,T001;T071,0.95,2820-NN-RP-067,"LOWER ZAKUM LTDP1 PACKAGE 4 - SEAFASTENING DESIGN REPORT FOR TRANSPORTATION OF SUBSEA SPOOLS, JTUBES & RISERS (TRIP-3)",AD-27-Z-80565,,RECORD,,,,{},"{""SR. NO."":""67""}",,,GDOC-e629e972eca2a049929c1986,SDOC-4129d1b2bfc28744068af334,REV-140bdcc9b060cb189aee9d90,EVT-8e90ba8d8dcdc8240e26b980,1,1,1,1,DATA/TECH/2820-DOCUMENT REGISTER-NEW 30-04-2026.xlsx,2026-09-08T09:55:51Z,Documents - Pipeline & Cable,77,C77,INCLUDE,
T2820_PIPELINE,2820,TECH,PIPELINE & CABLE,DOCUMENT,REPORT,Documents - Pipeline & Cable,,T001;T071,0.95,2820-NN-RP-068,"LOWER ZAKUM LTDP1 PACKAGE 4 - SEAFASTENING DESIGN REPORT FOR TRANSPORTATION OF SUBSEA SPOOLS, JTUBES & RISERS (TRIP-4)",AD-27-Z-80566,,RECORD,,,,{},"{""SR. NO."":""68""}",,,GDOC-95ff7b18b10c1d517f7834da,SDOC-54a7782fa402b6778e731649,REV-a7eeb6ff9adef8385c837fe6,EVT-9626ff639ac5d86a073196a3,1,1,1,1,DATA/TECH/2820-DOCUMENT REGISTER-NEW 30-04-2026.xlsx,2026-09-08T09:55:51Z,Documents - Pipeline & Cable,78,C78,INCLUDE,
T2820_PIPELINE,2820,TECH,PIPELINE & CABLE,DOCUMENT,REPORT,Documents - Pipeline & Cable,,T001;T071,0.95,2820-NN-RP-069,"LOWER ZAKUM LTDP1 PACKAGE 4 - SEAFASTENING DESIGN REPORT FOR TRANSPORTATION OF SUBSEA SPOOLS, JTUBES & RISERS (TRIP-5)",AD-27-Z-80567,,RECORD,,,,{},"{""SR. NO."":""69""}",,,GDOC-2db63483ec4063dd5d1a324a,SDOC-80b6ffc80c1602155e3cf123,REV-3567f8f6e9ba11dbb04751c6,EVT-ff970f49f3fff70af2c4394a,1,1,1,1,DATA/TECH/2820-DOCUMENT REGISTER-NEW 30-04-2026.xlsx,2026-09-08T09:55:51Z,Documents - Pipeline & Cable,79,C79,INCLUDE,
T2820_PIPELINE,2820,TECH,PIPELINE & CABLE,DOCUMENT,REPORT,Documents - Pipeline & Cable,,T001;T071,0.95,2820-NN-RP-070,"LOWER ZAKUM LTDP1 PACKAGE 4 - SEAFASTENING DESIGN REPORT FOR TRANSPORTATION OF SUBSEA SPOOLS, JTUBES & RISERS (TRIP-6)",AD-27-Z-80568,,RECORD,,,,{},"{""SR. NO."":""70""}",,,GDOC-99cc4a482a2113b69da17a0f,SDOC-fc26278b18f8f95a51be9212,REV-024e4bc2b1f4dd25b4425477,EVT-53435f8d812719494aeff033,1,1,1,1,DATA/TECH/2820-DOCUMENT REGISTER-NEW 30-04-2026.xlsx,2026-09-08T09:55:51Z,Documents - Pipeline & Cable,80,C80,INCLUDE,
T2820_PIPELINE,2820,TECH,PIPELINE & CABLE,DOCUMENT,REPORT,Documents - Pipeline & Cable,,T001;T071,0.95,2820-NN-RP-071,"LOWER ZAKUM LTDP1 PACKAGE 4 - SEAFASTENING DESIGN REPORT FOR TRANSPORTATION OF SUBSEA SPOOLS, JTUBES & RISERS (TRIP-7)",AD-27-Z-80569,,RECORD,,,,{},"{""SR. NO."":""71""}",,,GDOC-965b7411cfa1eccb2c16558a,SDOC-aaa5b508eef8ee5ad1907396,REV-136ada9af8c6b9e515c51956,EVT-77408a22b46243d936fcfd05,1,1,1,1,DATA/TECH/2820-DOCUMENT REGISTER-NEW 30-04-2026.xlsx,2026-09-08T09:55:51Z,Documents - Pipeline & Cable,81,C81,INCLUDE,
T2820_PIPELINE,2820,TECH,PIPELINE & CABLE,DOCUMENT,REPORT,Documents - Pipeline & Cable,,T001;T071,0.95,2820-NN-RP-072,"LOWER ZAKUM LTDP1 PACKAGE 4 - SEAFASTENING DESIGN REPORT FOR TRANSPORTATION OF SUBSEA SPOOLS, JTUBES & RISERS (TRIP-8)",AD-27-Z-80570,,RECORD,,,,{},"{""SR. NO."":""72""}",,,GDOC-f9487d563480b8a7f9e9023c,SDOC-2d771cf25a8ef10ef8f2f15a,REV-ddff25afbfe34aebabba8740,EVT-07db4f106e8624b296824ca4,1,1,1,1,DATA/TECH/2820-DOCUMENT REGISTER-NEW 30-04-2026.xlsx,2026-09-08T09:55:51Z,Documents - Pipeline & Cable,82,C82,INCLUDE,
T2820_PIPELINE,2820,TECH,PIPELINE & CABLE,DOCUMENT,REPORT,Documents - Pipeline & Cable,,T001;T071,0.95,2820-NN-RP-073,LOWER ZAKUM LTDP1 PACKAGE 4 - SEAFASTENING DESIGN REPORT FOR TRANSPORTATION OF CONCRETE MATTRESSES ON CB 1,AD-27-Z-80571,,RECORD,,,,{},"{""SR. NO."":""73""}",,,GDOC-c9e7f62f5d4cff41d24aeed9,SDOC-9141600a8c9440e386b1af18,REV-54426e64f99c9224a59b2f7e,EVT-cfd654155114326949f7ac69,1,1,1,1,DATA/TECH/2820-DOCUMENT REGISTER-NEW 30-04-2026.xlsx,2026-09-08T09:55:51Z,Documents - Pipeline & Cable,83,C83,INCLUDE,
T2820_PIPELINE,2820,TECH,PIPELINE & CABLE,DOCUMENT,REPORT,Documents - Pipeline & Cable,,T001;T071,0.95,2820-NN-RP-074,LOWER ZAKUM LTDP1 PACKAGE 4 - SEAFASTENING DESIGN REPORT FOR TRANSPORTATION OF CONCRETE MATTRESSES ON CB 2,AD-27-Z-80572,,RECORD,,,,{},"{""SR. NO."":""74""}",,,GDOC-de6311022e0ee6d98a524b9d,SDOC-88858aa00a80cbc528d19bff,REV-3b29959668185c43bb701ca7,EVT-8bcad2a49cac81ef3fd8ce19,1,1,1,1,DATA/TECH/2820-DOCUMENT REGISTER-NEW 30-04-2026.xlsx,2026-09-08T09:55:51Z,Documents - Pipeline & Cable,84,C84,INCLUDE,
T2820_PIPELINE,2820,TECH,PIPELINE & CABLE,DOCUMENT,REPORT,Documents - Pipeline & Cable,,T001;T071,0.95,2820-NN-RP-075,LOWER ZAKUM LTDP1 PACKAGE 4 - SEAFASTENING DESIGN REPORT FOR TRANSPORTATION OF CONCRETE SLEEPERS ON CARGO BARGE 1,AD-27-Z-80573,1,APPROVAL STATUS > STATUS FROM MWS,"10-07-2026
22-07-2026","SAF234-MCE-NMDC-T-0005
SAF234-MCE-NMDC-T-00057",APPROVED,"{""CODE"":""APPROVED"",""DATE"":""10-07-2026\n22-07-2026"",""REF"":""SAF234-MCE-NMDC-T-0005\nSAF234-MCE-NMDC-T-00057""}","{""CLASS"":""REMARKS"",""REMARKS"":""Safeen Subsea \n(Ahmed Ismail Mohamed's email dtd. 25-06-2026)"",""SR. NO."":""75""}",../Documents/Structural/SAFEEN%20SUBSEA,../Documents/Structural/SAFEEN%20SUBSEA,GDOC-b1ed7a7560fa9884dc51454b,SDOC-56ece28b2cce220cb813e9fe,REV-51ef3b20fd1c42728aa9a655,EVT-6b29ca81db71ae049c4e8cf3,0,0,1,1,DATA/TECH/2820-DOCUMENT REGISTER-NEW 30-04-2026.xlsx,2026-09-08T09:55:51Z,Documents - Pipeline & Cable,85,C85,INCLUDE,DATE_TEXT_PRESERVED
T2820_PIPELINE,2820,TECH,PIPELINE & CABLE,DOCUMENT,REPORT,Documents - Pipeline & Cable,,T001;T071,0.95,2820-NN-RP-075,LOWER ZAKUM LTDP1 PACKAGE 4 - SEAFASTENING DESIGN REPORT FOR TRANSPORTATION OF CONCRETE SLEEPERS ON CARGO BARGE 1,AD-27-Z-80573,1,NMDC ENERGY > SUBMISSION STATUS > PMT TO ADNOC,2026-06-29,2820-NMDC-E-AO-PMT-T-00854,,"{""DATE"":""2026-06-29"",""REF"":""2820-NMDC-E-AO-PMT-T-00854""}","{""CLASS"":""REMARKS"",""REMARKS"":""Safeen Subsea \n(Ahmed Ismail Mohamed's email dtd. 25-06-2026)"",""SR. NO."":""75""}",../Documents/Structural/SAFEEN%20SUBSEA,../Documents/Structural/SAFEEN%20SUBSEA,GDOC-b1ed7a7560fa9884dc51454b,SDOC-56ece28b2cce220cb813e9fe,REV-51ef3b20fd1c42728aa9a655,EVT-8d3d01bc5bdb773a949326a0,1,1,1,0,DATA/TECH/2820-DOCUMENT REGISTER-NEW 30-04-2026.xlsx,2026-09-08T09:55:51Z,Documents - Pipeline & Cable,85,C85,INCLUDE,
T2820_PIPELINE,2820,TECH,PIPELINE & CABLE,DOCUMENT,REPORT,Documents - Pipeline & Cable,,T001;T071,0.95,2820-NN-RP-075,LOWER ZAKUM LTDP1 PACKAGE 4 - SEAFASTENING DESIGN REPORT FOR TRANSPORTATION OF CONCRETE SLEEPERS ON CARGO BARGE 1,AD-27-Z-80573,1,SUBMISSION STATUS > PMT TO MWS,2026-07-08,"2820-NMDC-E-PMT-MWS-T-00013
2820-NMDC-E-PMT-MWS-T-00018",,"{""DATE"":""2026-07-08"",""REF"":""2820-NMDC-E-PMT-MWS-T-00013\n2820-NMDC-E-PMT-MWS-T-00018""}","{""CLASS"":""REMARKS"",""REMARKS"":""Safeen Subsea \n(Ahmed Ismail Mohamed's email dtd. 25-06-2026)"",""SR. NO."":""75""}",../Documents/Structural/SAFEEN%20SUBSEA,../Documents/Structural/SAFEEN%20SUBSEA,GDOC-b1ed7a7560fa9884dc51454b,SDOC-56ece28b2cce220cb813e9fe,REV-51ef3b20fd1c42728aa9a655,EVT-939a4b30a0bceaa70a724825,0,0,1,0,DATA/TECH/2820-DOCUMENT REGISTER-NEW 30-04-2026.xlsx,2026-09-08T09:55:51Z,Documents - Pipeline & Cable,85,C85,INCLUDE,
T2820_PIPELINE,2820,TECH,PIPELINE & CABLE,DOCUMENT,REPORT,Documents - Pipeline & Cable,,T001;T071,0.95,2820-NN-RP-076,LOWER ZAKUM LTDP1 PACKAGE 4 - SEAFASTENING DESIGN REPORT FOR TRANSPORTATION OF CONCRETE SLEEPERS ON CARGO BARGE 2,AD-27-Z-80574,,RECORD,,,,{},"{""CLASS"":""REMARKS"",""REMARKS"":""Safeen Subsea \n(Ahmed Ismail Mohamed's email dtd. 25-06-2026)"",""SR. NO."":""76""}",,,GDOC-7dea9f9d7089f74f6b0b6780,SDOC-167b7739eed9bbc1341f7e8e,REV-86e0aec2b53ba6b244259e60,EVT-241974323dc8f8e6b6d324b0,1,1,1,1,DATA/TECH/2820-DOCUMENT REGISTER-NEW 30-04-2026.xlsx,2026-09-08T09:55:51Z,Documents - Pipeline & Cable,86,C86,INCLUDE,
T2820_PIPELINE,2820,TECH,PIPELINE & CABLE,DOCUMENT,REPORT,Documents - Pipeline & Cable,,T001;T071,0.95,2820-NN-RP-077,LOWER ZAKUM LTDP1 PACKAGE 4 - SEAFASTENING DESIGN REPORT FOR TRANSPORTATION OF CONCRETE SLEEPERS ON CARGO BARGE 3,AD-27-Z-80575,,NMDC ENERGY > SUBMISSION STATUS > PMT TO ADNOC,2026-09-02,2820-NMDC-E-AO-PMT-T-01037,,"{""DATE"":""2026-09-02"",""REF"":""2820-NMDC-E-AO-PMT-T-01037""}","{""CLASS"":""REMARKS"",""REMARKS"":""Safeen Subsea \n(Ahmed Ismail Mohamed's email dtd. 25-06-2026)"",""SR. NO."":""77""}",,,GDOC-cba4bfc85307ba774d10bffa,SDOC-da2f596f6ae214c8a7da2098,REV-369ecafe139c154d5a9a644f,EVT-be975c9eacddf58f4eb96479,1,1,1,1,DATA/TECH/2820-DOCUMENT REGISTER-NEW 30-04-2026.xlsx,2026-09-08T09:55:51Z,Documents - Pipeline & Cable,87,C87,INCLUDE,
T2820_PIPELINE,2820,TECH,PIPELINE & CABLE,DOCUMENT,REPORT,Documents - Pipeline & Cable,,T001;T071,0.95,2820-NN-RP-078,LOWER ZAKUM LTDP1 PACKAGE 4 - SEAFASTENING DESIGN REPORT FOR TRANSPORTATION OF CONCRETE SLEEPERS ON CARGO BARGE 4,AD-27-Z-80576,,RECORD,,,,{},"{""CLASS"":""REMARKS"",""REMARKS"":""Safeen Subsea \n(Ahmed Ismail Mohamed's email dtd. 25-06-2026)"",""SR. NO."":""78""}",,,GDOC-86cec69a8e8a086923fc3388,SDOC-19ed25d31660742063170810,REV-090ba97729ba908bebc6b666,EVT-ed049f5f76daffcb6512d469,1,1,1,1,DATA/TECH/2820-DOCUMENT REGISTER-NEW 30-04-2026.xlsx,2026-09-08T09:55:51Z,Documents - Pipeline & Cable,88,C88,INCLUDE,
T2820_PIPELINE,2820,TECH,PIPELINE & CABLE,DOCUMENT,REPORT,Documents - Pipeline & Cable,,T001;T071,0.95,2820-NN-RP-079,LOWER ZAKUM LTDP1 PACKAGE 4 - SEAFASTENING DESIGN REPORT FOR TRANSPORTATION OF CONCRETE SLEEPERS ON CARGO BARGE 5,AD-27-Z-80577,,RECORD,,,,{},"{""CLASS"":""REMARKS"",""REMARKS"":""Safeen Subsea \n(Ahmed Ismail Mohamed's email dtd. 25-06-2026)"",""SR. NO."":""79""}",,,GDOC-26c8609f6264eb6c845ba3d5,SDOC-126c30caff932fe9aef1e1a7,REV-9f20d85b2ab0bfe1e081a25f,EVT-a806472315d7a2ba89e199ba,1,1,1,1,DATA/TECH/2820-DOCUMENT REGISTER-NEW 30-04-2026.xlsx,2026-09-08T09:55:51Z,Documents - Pipeline & Cable,89,C89,INCLUDE,
T2820_PIPELINE,2820,TECH,PIPELINE & CABLE,DOCUMENT,REPORT,Documents - Pipeline & Cable,,T001;T071,0.95,2820-NN-RP-080,LOWER ZAKUM LTDP1 PACKAGE 4 - SEAFASTENING DESIGN REPORT FOR TRANSPORTATION OF CONCRETE SLEEPERS ON CARGO BARGE 6,AD-27-Z-80578,,RECORD,,,,{},"{""CLASS"":""REMARKS"",""REMARKS"":""Safeen Subsea \n(Ahmed Ismail Mohamed's email dtd. 25-06-2026)"",""SR. NO."":""80""}",,,GDOC-857aef8d74f010f593cc4827,SDOC-3cb8c096b07233f48bd8e5d9,REV-41e4de0261d45ff832bc9c72,EVT-7791b8c15a42a2e89d6718cb,1,1,1,1,DATA/TECH/2820-DOCUMENT REGISTER-NEW 30-04-2026.xlsx,2026-09-08T09:55:51Z,Documents - Pipeline & Cable,90,C90,INCLUDE,
T2820_PIPELINE,2820,TECH,PIPELINE & CABLE,DOCUMENT,REPORT,Documents - Pipeline & Cable,,T001;T071,0.95,2820-NN-RP-081,LOWER ZAKUM LTDP1 PACKAGE 4 - SEAFASTENING DESIGN REPORT FOR TRANSPORTATION OF CONCRETE SLEEPERS ON CARGO BARGE 7,AD-27-Z-80579,,RECORD,,,,{},"{""CLASS"":""REMARKS"",""REMARKS"":""Safeen Subsea \n(Ahmed Ismail Mohamed's email dtd. 25-06-2026)"",""SR. NO."":""81""}",,,GDOC-0db517c6f4b3e80abbfbc28e,SDOC-6accc3f4bf252f16d70d50ee,REV-d30513eae5db65a07de94ff3,EVT-2929cc2c182f9edbc88bf72a,1,1,1,1,DATA/TECH/2820-DOCUMENT REGISTER-NEW 30-04-2026.xlsx,2026-09-08T09:55:51Z,Documents - Pipeline & Cable,91,C91,INCLUDE,
T2820_PIPELINE,2820,TECH,PIPELINE & CABLE,DOCUMENT,REPORT,Documents - Pipeline & Cable,,T001;T071,0.95,2820-NN-RP-082,LOWER ZAKUM LTDP1 PACKAGE 4 - SEAFASTENING DESIGN REPORT FOR TRANSPORTATION OF CONCRETE SLEEPERS ON CARGO BARGE 8,AD-27-Z-80580,,RECORD,,,,{},"{""CLASS"":""REMARKS"",""REMARKS"":""Safeen Subsea \n(Ahmed Ismail Mohamed's email dtd. 25-06-2026)"",""SR. NO."":""82""}",,,GDOC-9b3477599049b411a0951f80,SDOC-0fcb390f8fd6e6a7c3556b38,REV-fa04124152076266440a610c,EVT-02bc55608654b354f584eb5e,1,1,1,1,DATA/TECH/2820-DOCUMENT REGISTER-NEW 30-04-2026.xlsx,2026-09-08T09:55:51Z,Documents - Pipeline & Cable,92,C92,INCLUDE,
T2820_PIPELINE,2820,TECH,PIPELINE & CABLE,DOCUMENT,REPORT,Documents - Pipeline & Cable,,T001;T071,0.95,2820-NN-RP-083,LOWER ZAKUM LTDP1 PACKAGE 4 - SEAFASTENING DESIGN REPORT FOR TRANSPORTATION OF CONCRETE SLEEPERS ON CARGO BARGE 9,AD-27-Z-80581,,RECORD,,,,{},"{""CLASS"":""REMARKS"",""REMARKS"":""Safeen Subsea \n(Ahmed Ismail Mohamed's email dtd. 25-06-2026)"",""SR. NO."":""83""}",,,GDOC-de8d366597e78e80c470379d,SDOC-3fcff86364211b5eae61df22,REV-38bd55aa9b68da8cec50795b,EVT-95f6d5fdddc5e5547d07057e,1,1,1,1,DATA/TECH/2820-DOCUMENT REGISTER-NEW 30-04-2026.xlsx,2026-09-08T09:55:51Z,Documents - Pipeline & Cable,93,C93,INCLUDE,
T2820_PIPELINE,2820,TECH,PIPELINE & CABLE,DOCUMENT,REPORT,Documents - Pipeline & Cable,,T001;T071,0.95,2820-NN-RP-084,LOWER ZAKUM LTDP1 PACKAGE 4 - SEAFASTENING DESIGN REPORT FOR TRANSPORTATION OF CONCRETE SLEEPERS ON CARGO BARGE 10,AD-27-Z-80582,,RECORD,,,,{},"{""CLASS"":""REMARKS"",""REMARKS"":""Safeen Subsea \n(Ahmed Ismail Mohamed's email dtd. 25-06-2026)"",""SR. NO."":""84""}",,,GDOC-35acb3e0dd32666d33f2db0c,SDOC-288f9039d6fbdb066f7ac795,REV-66edac6eed449fd32a9d9205,EVT-6a26641e89da43dc955b4454,1,1,1,1,DATA/TECH/2820-DOCUMENT REGISTER-NEW 30-04-2026.xlsx,2026-09-08T09:55:51Z,Documents - Pipeline & Cable,94,C94,INCLUDE,
T2820_PIPELINE,2820,TECH,PIPELINE & CABLE,DOCUMENT,REPORT,Documents - Pipeline & Cable,,T001;T071,0.95,2820-NN-RP-085,LOWER ZAKUM LTDP1 PACKAGE 4 - SEAFASTENING DESIGN REPORT FOR TRANSPORTATION OF CONCRETE SLEEPERS ON CARGO BARGE 11,AD-27-Z-80583,,RECORD,,,,{},"{""CLASS"":""REMARKS"",""REMARKS"":""Safeen Subsea \n(Ahmed Ismail Mohamed's email dtd. 25-06-2026)"",""SR. NO."":""85""}",,,GDOC-4c4c7948038ebe740550db24,SDOC-14b1a7497641c32e2790c312,REV-880ef3b51dfd1cc5e636ef93,EVT-e1a1a06b1451f61cd0c3e279,1,1,1,1,DATA/TECH/2820-DOCUMENT REGISTER-NEW 30-04-2026.xlsx,2026-09-08T09:55:51Z,Documents - Pipeline & Cable,95,C95,INCLUDE,
T2820_PIPELINE,2820,TECH,PIPELINE & CABLE,DOCUMENT,REPORT,Documents - Pipeline & Cable,,T001;T071,0.95,2820-NN-RP-086,LOWER ZAKUM LTDP1 PACKAGE 4 - SEAFASTENING DESIGN REPORT FOR TRANSPORTATION OF CONCRETE SLEEPERS ON CARGO BARGE 12,AD-27-Z-80584,,RECORD,,,,{},"{""CLASS"":""REMARKS"",""REMARKS"":""Safeen Subsea \n(Ahmed Ismail Mohamed's email dtd. 25-06-2026)"",""SR. NO."":""86""}",,,GDOC-b0e3c86ebc41902a4a05e8e8,SDOC-2b3edd2b258f9c548c4e17c5,REV-04989b64efd42397e5144204,EVT-49c98cb209f2b1644ec85daa,1,1,1,1,DATA/TECH/2820-DOCUMENT REGISTER-NEW 30-04-2026.xlsx,2026-09-08T09:55:51Z,Documents - Pipeline & Cable,96,C96,INCLUDE,
