Project No.,Source Family,Discipline,Category,Subcategory,Document No.,Document Title,Company Document No.,Document Link,Source File,Source Sheet,Source Row,Parsing Status,Warnings,Source_Document_Key,Global_Document_Key
2035,METHODS,OFFSHORE INSTALLATION,PROCEDURE,INSTALLATION PROCEDURE,2035-PP-OF-0004,PRE-ENGINEERING JACKET FACE DIVING SURVEY PROCEDURE,AD-26-G-80074,,DATA/METHODS/2035 - UMM Shaif Delivarables.xlsx,Installation Procedures ,9,INCLUDE,,SDOC-62457768ce5f66d16f26816a,GDOC-b88f38e6977a4f769ce5212d
2035,METHODS,OFFSHORE INSTALLATION,PROCEDURE,INSTALLATION PROCEDURE,2035-PP-OF-0018,ANCHOR HANDLING PROCEDURE FOR GRAVITY ANCHORS BY HAMMER HEAD CRANE VESSEL,AD-26-G-80088,,DATA/METHODS/2035 - UMM Shaif Delivarables.xlsx,Installation Procedures ,12,INCLUDE,,SDOC-d29a7b5e678d6820d8bd241a,GDOC-542db14bfcf5b56065796193
2035,METHODS,OFFSHORE INSTALLATION,PROCEDURE,INSTALLATION PROCEDURE,2035-PP-OF-0019,ANCHOR HANDLING AND MOORING PROCEDURE FOR FLOATING BARGES,AD-26-G-80089,,DATA/METHODS/2035 - UMM Shaif Delivarables.xlsx,Installation Procedures ,14,INCLUDE,,SDOC-ff0fecfc8157b83bb4ece2d3,GDOC-89879f92583e72b40b45e6a9
2035,METHODS,OFFSHORE INSTALLATION,PROCEDURE,INSTALLATION PROCEDURE,2035-PP-OF-0020,ANCHOR HANDLING AND MOORING PROCEDURE FOR JACK UP BARGES,AD-26-G-80090,,DATA/METHODS/2035 - UMM Shaif Delivarables.xlsx,Installation Procedures ,25,INCLUDE,,SDOC-e7ff9a8c7ce1b8a6e0a6bd8f,GDOC-d2254407ec055e72b3133b80
2035,METHODS,OFFSHORE INSTALLATION,PROCEDURE,INSTALLATION PROCEDURE,2035-PP-OF-0021,GROUT BAGS INSTALLATION AND FREE SPANS CORRECTION PROCEDURE,AD-26-G-80091,,DATA/METHODS/2035 - UMM Shaif Delivarables.xlsx,Installation Procedures ,28,INCLUDE,,SDOC-1533909ba4fe73eff41d4eca,GDOC-3a471361f352321f8ff4ab5f
2035,METHODS,OFFSHORE INSTALLATION,PROCEDURE,INSTALLATION PROCEDURE,2035-PP-OF-0022,SLEEPERS AND FLEXIBLE MATTRESSES INSTALLATION PROCEDURE,AD-26-G-80092,,DATA/METHODS/2035 - UMM Shaif Delivarables.xlsx,Installation Procedures ,33,INCLUDE,,SDOC-1ac33881ac7234995eb9076f,GDOC-2f256f7ec2d635f2ff9930f7
2035,METHODS,OFFSHORE INSTALLATION,PROCEDURE,INSTALLATION PROCEDURE,2035-PP-OF-0025,PIPELINES INSTALLATION MANUAL,AD-26-G-80095,,DATA/METHODS/2035 - UMM Shaif Delivarables.xlsx,Installation Procedures ,42,INCLUDE,,SDOC-4be55a8e9644431e23057b4b,GDOC-3366b2ccd49c9b16b979727e
2035,METHODS,OFFSHORE INSTALLATION,PROCEDURE,INSTALLATION PROCEDURE,2035-PP-OF-0026,JACKETS INSTALLATION MANUAL,AD-26-G-80096,,DATA/METHODS/2035 - UMM Shaif Delivarables.xlsx,Installation Procedures ,53,INCLUDE,,SDOC-f387e65453a6f978585f9919,GDOC-8dfd17d6215af4ffabaa0c8f
2035,METHODS,OFFSHORE INSTALLATION,PROCEDURE,INSTALLATION PROCEDURE,2035-PP-OF-0027,RISER (STALK-IN) INSTALLATION PROCEDURE,AD-26-G-80097,,DATA/METHODS/2035 - UMM Shaif Delivarables.xlsx,Installation Procedures ,59,INCLUDE,,SDOC-5440ec1352b06c1c9637d9cf,GDOC-0a14004f78b3e6495c6124ad
2035,METHODS,OFFSHORE INSTALLATION,PROCEDURE,INSTALLATION PROCEDURE,2035-PP-OF-0028,J-TUBE AND ASSOCIATED CLAMPS INSTALLATION PROCEDURE,AD-26-G-80098,,DATA/METHODS/2035 - UMM Shaif Delivarables.xlsx,Installation Procedures ,63,INCLUDE,,SDOC-d75156ad147041064ffd594a,GDOC-7d9c4fa0193c5e9a91c46e42
2035,METHODS,OFFSHORE INSTALLATION,PROCEDURE,INSTALLATION PROCEDURE,2035-PP-OF-0029,NEW DECK INSTALLATION PROCEDURE,AD-26-G-80099,,DATA/METHODS/2035 - UMM Shaif Delivarables.xlsx,Installation Procedures ,69,INCLUDE,,SDOC-3c18bed8586aeb48ae36a17c,GDOC-11163e7b0ead9d0eb8921a2b
2035,METHODS,OFFSHORE INSTALLATION,PROCEDURE,INSTALLATION PROCEDURE,2035-PP-OF-0030,RP1 DECK FLOAT OVER INSTALLATION PROCEDURE,AD-26-G-80100,,DATA/METHODS/2035 - UMM Shaif Delivarables.xlsx,Installation Procedures ,76,INCLUDE,,SDOC-b9d7967c3e8d2e97009f0250,GDOC-0ca8c482a3221df381168745
2035,METHODS,OFFSHORE INSTALLATION,PROCEDURE,INSTALLATION PROCEDURE,2035-PP-OF-0031,"PIPELINES FLOODING, GAUGING, CLEANING AND HYDROTESTING PROCEDURE",AD-26-G-80101,,DATA/METHODS/2035 - UMM Shaif Delivarables.xlsx,Installation Procedures ,80,INCLUDE,,SDOC-07d544412573b80e1d0b0313,GDOC-8edaa93fe34c8be79cd3a17a
2035,METHODS,OFFSHORE INSTALLATION,PROCEDURE,INSTALLATION PROCEDURE,2035-PP-OF-0032,COMPOSITE CABLE INSTALLATION & PULL IN THROUGH J-TUBE PROCEDURE,AD-26-G-80102,,DATA/METHODS/2035 - UMM Shaif Delivarables.xlsx,Installation Procedures ,86,INCLUDE,,SDOC-c5ba85bbbab582d805935634,GDOC-05f0e77b1f158d71af2abd82
2035,METHODS,OFFSHORE INSTALLATION,PROCEDURE,INSTALLATION PROCEDURE,2035-PP-OF-0033,OFFSHORE HOOK-UP PROCEDURE,AD-26-G-80103,,DATA/METHODS/2035 - UMM Shaif Delivarables.xlsx,Installation Procedures ,90,INCLUDE,,SDOC-ba6ce19031460e620925fb10,GDOC-28fdb3426d7b850f5cd8cc68
2035,METHODS,OFFSHORE INSTALLATION,PROCEDURE,INSTALLATION PROCEDURE,2035-PP-OF-0034,PIPELINES CALIPER PIGGING PROCEDURE,AD-26-G-80104,,DATA/METHODS/2035 - UMM Shaif Delivarables.xlsx,Installation Procedures ,91,INCLUDE,,SDOC-cbe28fa0190925a3c7b084f7,GDOC-25c352fa6cb69a0db6d70674
2035,METHODS,OFFSHORE INSTALLATION,PROCEDURE,INSTALLATION PROCEDURE,2035-PP-OF-0035,PIPELINES INTELLIGANT PIGGING PROCEDURE,AD-26-G-80105,,DATA/METHODS/2035 - UMM Shaif Delivarables.xlsx,Installation Procedures ,92,INCLUDE,,SDOC-85915112c9df2a10ef0c099b,GDOC-a91d9d4424dc81bb76ccd929
2035,METHODS,OFFSHORE INSTALLATION,PROCEDURE,INSTALLATION PROCEDURE,2035-PP-OF-0038,SUBSEA SPOOL INSTALLATION MANUAL,AD-26-G-80108,,DATA/METHODS/2035 - UMM Shaif Delivarables.xlsx,Installation Procedures ,93,INCLUDE,,SDOC-05a62746079ec2f39a51e66b,GDOC-9b3fe04131be9401f44ada2f
2035,METHODS,OFFSHORE INSTALLATION,PROCEDURE,INSTALLATION PROCEDURE,2035-PP-OF-0042,SURVEY PROCEDURE FOR EXISTING J-TUBE AT PDP,AD-26-G-80112,,DATA/METHODS/2035 - UMM Shaif Delivarables.xlsx,Installation Procedures ,96,INCLUDE,,SDOC-314a81e4207bb60e9c34f46f,GDOC-98bac47e52b6ba0520be7581
2035,METHODS,OFFSHORE INSTALLATION,PROCEDURE,INSTALLATION PROCEDURE,2035-PP-OF-0044,FLANGE MANAGEMENT PROCEDURE FOR SUBSEA FLANGES,AD-26-G-80114,,DATA/METHODS/2035 - UMM Shaif Delivarables.xlsx,Installation Procedures ,102,INCLUDE,,SDOC-7f938bd2fd0cd9f05bcd887e,GDOC-ac4c99980c16989957a474d6
2035,METHODS,OFFSHORE INSTALLATION,PROCEDURE,INSTALLATION PROCEDURE,2035-PP-OF-0045,MOORING OF CARGO BARGE ALONGSIDE SAFEEN-3000 PROCEDURE,AD-26-G-80115,,DATA/METHODS/2035 - UMM Shaif Delivarables.xlsx,Installation Procedures ,105,INCLUDE,,SDOC-d8bc02486654edda09fa7599,GDOC-d0812ec206f90babec780b0e
2035,METHODS,OFFSHORE INSTALLATION,PROCEDURE,INSTALLATION PROCEDURE,2035-PP-OF-0053,NEW DECK INSTALLATION PROCEDURE (SAFEEN 3000 & DLS 4200),AD-26-G-80123,,DATA/METHODS/2035 - UMM Shaif Delivarables.xlsx,Installation Procedures ,109,INCLUDE,,SDOC-70fafe05c9d341bc24ee07d8,GDOC-f5fb1bf7d361867d13c304bc
2035,METHODS,OFFSHORE INSTALLATION,PROCEDURE,INSTALLATION PROCEDURE,2035-PP-OF-0054,MOORING OF CARGO BARGE ALONGSIDE TELFORD-31 PROCEDURE,AD-26-G-80124,,DATA/METHODS/2035 - UMM Shaif Delivarables.xlsx,Installation Procedures ,113,INCLUDE,,SDOC-d4ddd5ee1ea2f3a76284109d,GDOC-d9413b9374328e9339e1014b
2035,METHODS,OFFSHORE INSTALLATION,PROCEDURE,INSTALLATION PROCEDURE,2035-PP-OF-0062,METHOD OF STATEMENT FOR SEABED SURVEY FOR JACK-UP BARGE SETUP LOCATION,AD-26-G-80132,,DATA/METHODS/2035 - UMM Shaif Delivarables.xlsx,Installation Procedures ,117,INCLUDE,,SDOC-95147c7de7d211e172c1a54f,GDOC-f5e4e30d594ed520552bf7db
2035,METHODS,OFFSHORE INSTALLATION,PROCEDURE,INSTALLATION PROCEDURE,2035-PP-OF-0077,METHOD STATEMENT FOR PREPARATORY WORKS ON RP-1 JACKET PRIOR TOPSIDE FLOAT-OVER,AD-26-G-80807,,DATA/METHODS/2035 - UMM Shaif Delivarables.xlsx,Installation Procedures ,119,INCLUDE,,SDOC-44679b9597babc121148e32b,GDOC-e44877e10c9d4cfe71ee872a
2035,METHODS,OFFSHORE INSTALLATION,PROCEDURE,INSTALLATION PROCEDURE,2035-PP-OF-0095,"METHOD STATEMENT FOR RETRIEVAL, REPAIR AND REINSTATEMENT OF 2"" PIGGYBACK CORRIDOR SPOOL",AD-26-G-80825,,DATA/METHODS/2035 - UMM Shaif Delivarables.xlsx,Installation Procedures ,122,INCLUDE,,SDOC-702c1d8ecae444d69c472ce7,GDOC-19665acdb90eb18898bca5b7
2035,METHODS,OFFSHORE INSTALLATION,PROCEDURE,INSTALLATION PROCEDURE,2035-PP-OF-0096,BASELINE SURVEY PROCEDURE (CALIPER AND INTELLIGENT PIGGING FOR USLTDP-1 PIPELINES),SUBCONTARCT DOC,,DATA/METHODS/2035 - UMM Shaif Delivarables.xlsx,Installation Procedures ,123,INCLUDE,,SDOC-069ae8011e0cf1c67917b577,GDOC-1441edd87eab885283575c19
2035,METHODS,OFFSHORE INSTALLATION,SKETCH,ENGINEERING SKETCH,2035-A1-016,(SAFEEN 3000 Setup during PL-1 Laydown at US-12B),,,DATA/METHODS/2035 - UMM Shaif Delivarables.xlsx,Sketches,9,INCLUDE,,SDOC-3a89b0040b49b3271289a4ed,GDOC-f8e949305a3919d6fd420a5a
2035,METHODS,OFFSHORE INSTALLATION,SKETCH,ENGINEERING SKETCH,2035-A1-019,(SAFEEN 3000 Setup during PL-4 Start-up at US-19B),,,DATA/METHODS/2035 - UMM Shaif Delivarables.xlsx,Sketches,10,INCLUDE,,SDOC-cb3dd246098f94ed3d4497ed,GDOC-24670b14bb07c24d669fd9f8
2035,METHODS,OFFSHORE INSTALLATION,SKETCH,ENGINEERING SKETCH,2035-DP-0000,(Safeen Pearl Setup at US 142A),,,DATA/METHODS/2035 - UMM Shaif Delivarables.xlsx,Sketches,11,INCLUDE,,SDOC-b26597254df17dd61a140381,GDOC-05fa80c16f2f61a4b666f8e1
2035,METHODS,OFFSHORE INSTALLATION,SKETCH,ENGINEERING SKETCH,2035-AP-0002,( DLB-1000 AP during Riser installation at US-RP1)_OPTION-2,,,DATA/METHODS/2035 - UMM Shaif Delivarables.xlsx,Sketches,13,INCLUDE,,SDOC-0b8ff461e6bf87c2bca15834,GDOC-238eae18a200da7dbe5611bd
2035,METHODS,OFFSHORE INSTALLATION,SKETCH,ENGINEERING SKETCH,2035-AP-0248,(SAPURA-1200 AP during pipelaying of PL-7 from USSC RP-1 to HP-2),,,DATA/METHODS/2035 - UMM Shaif Delivarables.xlsx,Sketches,14,INCLUDE,,SDOC-1665b4da27a348fda8080f6d,GDOC-bffdcb7ce671c9bf4f5b53f9
2035,METHODS,OFFSHORE INSTALLATION,SKETCH,ENGINEERING SKETCH,2035-AP-0244,(SAPURA-1200 AP during pipelaying of PL-3 from USSC RP-1 to US-142A)_For Mooring,,,DATA/METHODS/2035 - UMM Shaif Delivarables.xlsx,Sketches,15,INCLUDE,,SDOC-5a6dad09584ca267408b245b,GDOC-b9e618d98d8f89e2812754b7
2035,METHODS,OFFSHORE INSTALLATION,SKETCH,ENGINEERING SKETCH,2035-AP-083,(DLS-4200 SET-UP AT US-HP-3 during DECK Installation),,,DATA/METHODS/2035 - UMM Shaif Delivarables.xlsx,Sketches,16,INCLUDE,,SDOC-ea11b6893bc2fe37d57bda23,GDOC-63682790c03ab8725b356ae4
2035,METHODS,OFFSHORE INSTALLATION,SKETCH,ENGINEERING SKETCH,2035-A3-133,(SAFEEN PEARL SETUP DURING CABLE (CC-7 & CC-8) Startup at US-142A),,,DATA/METHODS/2035 - UMM Shaif Delivarables.xlsx,Sketches,18,INCLUDE,,SDOC-867fa31e00c313fda185dbdd,GDOC-2fe394594220dd9ce79ab4c6
2035,METHODS,OFFSHORE INSTALLATION,SKETCH,ENGINEERING SKETCH,2035-A3-134,(SAFEEN PEARL set-up during cable laying of CC-6_START-UP @ US-HP1),,,DATA/METHODS/2035 - UMM Shaif Delivarables.xlsx,Sketches,21,INCLUDE,,SDOC-3037551e50ccfd00b15ca9cc,GDOC-3fce2d359cdb753485f10299
2035,METHODS,OFFSHORE INSTALLATION,SKETCH,ENGINEERING SKETCH,2035-A3-135,(SAFEEN PEARL set-up during cable laying of CC-5_START-UP @ US-19B),,,DATA/METHODS/2035 - UMM Shaif Delivarables.xlsx,Sketches,22,INCLUDE,,SDOC-64dd0be6f1da9d0bfb7b8c50,GDOC-cbfbf67785c4edbd4d419b81
2035,METHODS,OFFSHORE INSTALLATION,SKETCH,ENGINEERING SKETCH,2035-AP-0257,(DLB 1000 AP during PL-3 Riser & Spool installation at RP1),,,DATA/METHODS/2035 - UMM Shaif Delivarables.xlsx,Sketches,23,INCLUDE,,SDOC-6c02cede0983075b657384e6,GDOC-9e20935aa4cbf56e110239b7
2035,METHODS,OFFSHORE INSTALLATION,SKETCH,ENGINEERING SKETCH,2035-AP-0091,2035-AP-0091-1 to 5_R3( LB-II AP during RP-1 FLOATOVER),,,DATA/METHODS/2035 - UMM Shaif Delivarables.xlsx,Sketches,24,INCLUDE,,SDOC-368af5a36afad6efb708b3d7,GDOC-ad57ac19bbd1ff8e1436f7c8
2035,METHODS,OFFSHORE INSTALLATION,SKETCH,ENGINEERING SKETCH,2035-A1-048,2035-A1-048_R0(LB-II passage plan from outside FIELD to RP1)_OPTION-1,,,DATA/METHODS/2035 - UMM Shaif Delivarables.xlsx,Sketches,27,INCLUDE,,SDOC-8264f0785a1335b59f3aac2c,GDOC-64c66be2b8cecf12c8be5277
2035,METHODS,OFFSHORE INSTALLATION,SKETCH,ENGINEERING SKETCH,2035-A4-006,2035-A4-006_R0(Temporary supports AS BUILT positions w.r.t. SAPURA-1200 AP during PL-3 laydown @ US-142A),,,DATA/METHODS/2035 - UMM Shaif Delivarables.xlsx,Sketches,28,INCLUDE,,SDOC-6cbeea42f14761724e7ccf72,GDOC-bc48bf80350d8c13377cdfde
2035,METHODS,OFFSHORE INSTALLATION,SKETCH,ENGINEERING SKETCH,2035-AP-0251,2035-AP-0251-1 TO 3_R1(SAPURA-1200 AP during pipelaying of PL-10  from HP-3 to HP-2),,,DATA/METHODS/2035 - UMM Shaif Delivarables.xlsx,Sketches,31,INCLUDE,,SDOC-6fa1123631b2f891a1ca369e,GDOC-a8def116f36bca1f17c44b78
2035,METHODS,OFFSHORE INSTALLATION,SKETCH,ENGINEERING SKETCH,2035-A1-0049,2035-A1-0049_R0 (SAPURA-1200 Vs SAFEEN PEARL Vs SEP-750 Clash study at HP-1),,,DATA/METHODS/2035 - UMM Shaif Delivarables.xlsx,Sketches,32,INCLUDE,,SDOC-ec94ac6a254a7d71f24532d5,GDOC-49f18bee6fb0fb338f388706
2035,METHODS,OFFSHORE INSTALLATION,SKETCH,ENGINEERING SKETCH,2035-DP-0080,2035-DP-0080_R1( DLS-4200 DP Setup during US 153-A DECK Installation),,,DATA/METHODS/2035 - UMM Shaif Delivarables.xlsx,Sketches,33,INCLUDE,,SDOC-c9645c9bafff3941e9036c05,GDOC-7f63bebc9dc85dbbf7793f70
2035,METHODS,OFFSHORE INSTALLATION,SKETCH,ENGINEERING SKETCH,2035-DP-0085,2035-DP-0085-1 TO 2_R1(DLS-4200 SET-UP DURING B-27 BRIDGE INSTALLATION),,,DATA/METHODS/2035 - UMM Shaif Delivarables.xlsx,Sketches,34,INCLUDE,,SDOC-535255b2b147d7bd23d3f587,GDOC-9f3b058ab988b6d1f540791e
2035,METHODS,OFFSHORE INSTALLATION,SKETCH,ENGINEERING SKETCH,2035-DP-0083,2035-DP-0083_R2(DLS-4200 SET-UP AT US-12B During DECK Installation),,,DATA/METHODS/2035 - UMM Shaif Delivarables.xlsx,Sketches,36,INCLUDE,,SDOC-99adf7d99fe4b01fb59407da,GDOC-97826c322e777ba11cdd8c23
2035,METHODS,OFFSHORE INSTALLATION,SKETCH,ENGINEERING SKETCH,2035-AP-0246,2035-AP-0246-1 TO 5_R2(SAPURA-1200 AP during pipelaying of PL-5  from USSC RP-1 to US-153A),,,DATA/METHODS/2035 - UMM Shaif Delivarables.xlsx,Sketches,37,INCLUDE,,SDOC-47e4021ddbef8c18d192f120,GDOC-8cbb6c4d513d1676566e904b
2035,METHODS,OFFSHORE INSTALLATION,SKETCH,ENGINEERING SKETCH,2035-A1-052,2035-A1-052-1 & 2_R0(SAPURA-1200 SET-UP for (PL-3) during START-UP & LAY-DOWN),,,DATA/METHODS/2035 - UMM Shaif Delivarables.xlsx,Sketches,39,INCLUDE,,SDOC-e57111a3affb7f0d04548a07,GDOC-26072e3e5a2fc1266e9d0ed3
2035,METHODS,OFFSHORE INSTALLATION,SKETCH,ENGINEERING SKETCH,2035-A3-178,2035-A3-178-1 TO 3_R0(DLS-4200 AVIATION SKETCHES DURING B-27 BRIDGE INSTALLATION),,,DATA/METHODS/2035 - UMM Shaif Delivarables.xlsx,Sketches,40,INCLUDE,,SDOC-c8f1367f64341f81d38dfef7,GDOC-60ded387a2b03bbb83e2b061
2035,METHODS,OFFSHORE INSTALLATION,SKETCH,ENGINEERING SKETCH,2035-AP-0242,2035-AP-0242-1 OF 2_R2(SAPURA-1200 AP during pipelaying 16 inch WF PL-1  from US 159A to US 12B),,,DATA/METHODS/2035 - UMM Shaif Delivarables.xlsx,Sketches,45,INCLUDE,,SDOC-5ee0de7708fd5b5e03d552bf,GDOC-677290d2c0f9f32a87e7df60
2035,METHODS,OFFSHORE INSTALLATION,SKETCH,ENGINEERING SKETCH,2035-A3-182,2035-A3-182-(1 TO 3)_R0(SAPURA-1200 AP during pipelaying of PL-3 from USSC RP-1 to US-142A_Aviation Sketches),,,DATA/METHODS/2035 - UMM Shaif Delivarables.xlsx,Sketches,46,INCLUDE,,SDOC-5e4fcdf986f292dfa817063d,GDOC-a55ff2e823ada730e1e62b2a
2035,METHODS,OFFSHORE INSTALLATION,SKETCH,ENGINEERING SKETCH,2035-AP-0001,2035-AP-0001_R1(SAFEEN-3000 AP during PL-3 Riser & Spool installation at RP1),,,DATA/METHODS/2035 - UMM Shaif Delivarables.xlsx,Sketches,48,INCLUDE,,SDOC-4141a4027bc358dba13147e6,GDOC-a79ecf17a1d3bfbe3024bae4
2035,METHODS,OFFSHORE INSTALLATION,SKETCH,ENGINEERING SKETCH,2035-AP-0245,(SAPURA-1200 AP during pipelaying 16 inch WF PL-4  from US 19B to US 153A),,,DATA/METHODS/2035 - UMM Shaif Delivarables.xlsx,Sketches,50,INCLUDE,,SDOC-121349ff1d287ea00fbdd76c,GDOC-8d9382498f5ac02ac438b6ba
2035,METHODS,OFFSHORE INSTALLATION,SKETCH,ENGINEERING SKETCH,2035-DP-0046,2035-DP-0046-1 TO 5_R1( SAFEEN-3000 DP Setup during PL-8 Pipelay from USSC RP-1 TO HP-3),,,DATA/METHODS/2035 - UMM Shaif Delivarables.xlsx,Sketches,53,INCLUDE,,SDOC-b5bb211f587b1a9fecf0dcd3,GDOC-de58065205e7063987dd51eb
2035,METHODS,OFFSHORE INSTALLATION,SKETCH,ENGINEERING SKETCH,2035-AP-0000,2035-AP-0000_R1(SAFEEN-3000 AP during PL-3 Shifting at US-142A),,,DATA/METHODS/2035 - UMM Shaif Delivarables.xlsx,Sketches,54,INCLUDE,,SDOC-76b92b7946913d6d0178be14,GDOC-d7415d5ce7d450b79307d37a
2035,METHODS,OFFSHORE INSTALLATION,SKETCH,ENGINEERING SKETCH,2035-A1-023,2035-A1-023-2 OF 2_R6(SAFEEN 3000 SET-UP for (PL-8) PROP. 16 inch WF PL.FROM USSC-RP1 TO HP-3),,,DATA/METHODS/2035 - UMM Shaif Delivarables.xlsx,Sketches,55,INCLUDE,,SDOC-4f0d5c91df1d2a80900e9004,GDOC-d7c754e32c66e2edfc08efc8
2035,METHODS,OFFSHORE INSTALLATION,SKETCH,ENGINEERING SKETCH,2035-AP-0250,2035-AP-0250_R1(SAPURA-1200 AP during pipelaying 16 inch WF PL-4  from USSC RP1 to HP-3)_TOTAL,,,DATA/METHODS/2035 - UMM Shaif Delivarables.xlsx,Sketches,61,INCLUDE,,SDOC-7325735e416df7ee8d6a575b,GDOC-02d8176b25eaf5e8f8c20dc4
2035,METHODS,OFFSHORE INSTALLATION,SKETCH,ENGINEERING SKETCH,2035-A1-041,2035-A1-041_R0(INTERFACE Between SAPURA-1200 Vs SAFEEN-3000 Vs SEP-750 @ RP-1),,,DATA/METHODS/2035 - UMM Shaif Delivarables.xlsx,Sketches,62,INCLUDE,,SDOC-52d2d1349cd013c7b3a84224,GDOC-88f52cd96370fe079a5d3a0f
2035,METHODS,OFFSHORE INSTALLATION,SKETCH,ENGINEERING SKETCH,2035-DP-0041,2035-DP-0041-1 TO 4_R4( SAFEEN-3000 DP Setup during PL-1 Pipelay from US 159A TO US 12B),,,DATA/METHODS/2035 - UMM Shaif Delivarables.xlsx,Sketches,67,INCLUDE,,SDOC-8eaef858e0a8a823d396a6d2,GDOC-346bcbeb65d105c5f36b4714
2035,METHODS,OFFSHORE INSTALLATION,SKETCH,ENGINEERING SKETCH,2035-DP-0042,2035-DP-0042-1 TO 6_R3( SAFEEN-3000 DP Setup during PL-2 Pipelay from USSC RP-1 TO US 12B),,,DATA/METHODS/2035 - UMM Shaif Delivarables.xlsx,Sketches,68,INCLUDE,,SDOC-ff59529872ec66b0ed93b6b0,GDOC-a2b9f6b3902d430f7369817a
2035,METHODS,OFFSHORE INSTALLATION,SKETCH,ENGINEERING SKETCH,2035-DP-0050,2035-DP-0050-1 TO 4_R3( SAFEEN-3000 DP Setup during PL-6 Pipelay from HP1 TO HP2),,,DATA/METHODS/2035 - UMM Shaif Delivarables.xlsx,Sketches,69,INCLUDE,,SDOC-2e945a916fe3181de12c3dbf,GDOC-ad92f7b23f8460602bafa075
2035,METHODS,OFFSHORE INSTALLATION,SKETCH,ENGINEERING SKETCH,2035-A1-021,2035-A1-021-1 OF 2_R2(SAFEEN 3000 SET-UP for (PL-6) PROP. 18 inch WF PL.FROM HP1 TO HP-2),,,DATA/METHODS/2035 - UMM Shaif Delivarables.xlsx,Sketches,71,INCLUDE,,SDOC-b6ff9dcbdae68747744a254d,GDOC-39fd3ec6611133439e8fabfb
2035,METHODS,OFFSHORE INSTALLATION,SKETCH,ENGINEERING SKETCH,2035-AP-0003,2035-AP-0003_R1(SAFEEN-3000 AP during PL-7 Riser & Spool installation at RP1),,,DATA/METHODS/2035 - UMM Shaif Delivarables.xlsx,Sketches,73,INCLUDE,,SDOC-c23e03240b1337c8402da89d,GDOC-aef13b905918e74244e08a2a
2035,METHODS,OFFSHORE INSTALLATION,SKETCH,ENGINEERING SKETCH,2035-DP-0024,2035-DP-0024_R2 (CB(SAFEEN-3000) SETUP DURING PL LATERAL SHIFTING &  SPOOL INSTALLATION AT 142A),,,DATA/METHODS/2035 - UMM Shaif Delivarables.xlsx,Sketches,75,INCLUDE,,SDOC-3fb66fa73d8390e4c53e30c8,GDOC-019c6933e9d7f9a697f3d2f9
2035,METHODS,OFFSHORE INSTALLATION,SKETCH,ENGINEERING SKETCH,2035-DP-0087,2035-DP-0087_R1(SAFEEN-3000 DP SET-UP DURING SOUTH RISER FENDER AND WALK-WAY INSTALLATION @ RP-1),,,DATA/METHODS/2035 - UMM Shaif Delivarables.xlsx,Sketches,79,INCLUDE,,SDOC-9f58343195af31f4c98e3a69,GDOC-5c31df1ba6304f44d570a32c
2035,METHODS,OFFSHORE INSTALLATION,SKETCH,ENGINEERING SKETCH,2035-A3-199,"2035-A3-199 - TEMPORARY SUPPORT FOR A&R CABLE CROSSING LOCATION AT US-HP2 (18""WF P/L-7) FROM US-HP-2 TO USSC-RP1",,,DATA/METHODS/2035 - UMM Shaif Delivarables.xlsx,Sketches,83,INCLUDE,,SDOC-3abda33bba3a13521c4a4b64,GDOC-de8437fb235e9be3c36f123b
2035,METHODS,OFFSHORE INSTALLATION,SKETCH,ENGINEERING SKETCH,2035-A3-200,2035-A3-200_R0(TEMP. SUPPORT for A&R Cable crossing location at US-HP2 (16 inch WI PL (PL-10) FROM US-HP-3 TO US-HP2),,,DATA/METHODS/2035 - UMM Shaif Delivarables.xlsx,Sketches,84,INCLUDE,,SDOC-d674d47d4330a7525fb8baf4,GDOC-32bd05c680dd4b3100ff0012
2035,METHODS,OFFSHORE INSTALLATION,SKETCH,ENGINEERING SKETCH,2035-AP-0252,2035-AP-0252-1 TO 3_R1(SAPURA-1200 AP during pipelaying 16 inch WF PL-11 from HP-2 to HP-1),,,DATA/METHODS/2035 - UMM Shaif Delivarables.xlsx,Sketches,85,INCLUDE,,SDOC-bea24fffb32466c403a9b15a,GDOC-de82d97738fbde953f4be4fa
2035,METHODS,OFFSHORE INSTALLATION,SKETCH,ENGINEERING SKETCH,2035-A-065,QMS SUBHIYA ESCAPE ROUTE FROM US-159 TO ANCHORAGE,,,DATA/METHODS/2035 - UMM Shaif Delivarables.xlsx,Sketches,87,INCLUDE,,SDOC-9db88b634f23793c27caf689,GDOC-1516cbdf2c3400296c870db2
2035,METHODS,OFFSHORE INSTALLATION,SKETCH,ENGINEERING SKETCH,2035-AP-0274,2035-AP-0274_R1(DLB 1000 AP PL-7 & PL-10 Corridor spools installation at HP-2),,,DATA/METHODS/2035 - UMM Shaif Delivarables.xlsx,Sketches,88,INCLUDE,,SDOC-b937362f5a815addcc2ed01a,GDOC-cc872bc5d0f093cc2ace407f
2035,METHODS,OFFSHORE INSTALLATION,SKETCH,ENGINEERING SKETCH,2035-AP-0275,"2035-AP-0275_R1(DLB 1000 AP PL-8 & PL-9 lateral shifting, PL-8, PL-9 & PL-10 Corridor spools installation @ HP-3)",,,DATA/METHODS/2035 - UMM Shaif Delivarables.xlsx,Sketches,89,INCLUDE,,SDOC-aac6abace14c3e1e848a98a1,GDOC-4c4576df6666ff8a2c114ff5
2035,METHODS,OFFSHORE INSTALLATION,SKETCH,ENGINEERING SKETCH,2035-AP-0139,2035-AP-0139_R1(SAFEEN-3000 DP SET-UP during PL-8 & PL-2 Riser and spools installation at RP-1),,,DATA/METHODS/2035 - UMM Shaif Delivarables.xlsx,Sketches,91,INCLUDE,,SDOC-22f528835cef67b1899f768e,GDOC-b35ed7e68147a553f8c516a9
2035,METHODS,OFFSHORE INSTALLATION,SKETCH,ENGINEERING SKETCH,2035-AP-0280,2035-AP-0280_R1(SAFEEN 3000 AP SET-UP AT HP-1 for Corridor spools installation of PL-6),,,DATA/METHODS/2035 - UMM Shaif Delivarables.xlsx,Sketches,92,INCLUDE,,SDOC-d5b24bd501a5be4ada81f0ed,GDOC-b67518d3d0092fb312f5bee3
2035,METHODS,OFFSHORE INSTALLATION,SKETCH,ENGINEERING SKETCH,2035-AP-0276,2035-AP-0276_R1(DLB 1000 AP PL-1 Corridor spools installation at US-159A),,,DATA/METHODS/2035 - UMM Shaif Delivarables.xlsx,Sketches,93,INCLUDE,,SDOC-bb0f86e45b576441578c8537,GDOC-bd330d2b4f8eb21538b6b946
2035,METHODS,OFFSHORE INSTALLATION,SKETCH,ENGINEERING SKETCH,2035-AP-0277,2035-AP-0277-1 & 2_R1(DLB 1000 AP PL-2 Lateral shifting and corridor spools installation at US-12B),,,DATA/METHODS/2035 - UMM Shaif Delivarables.xlsx,Sketches,94,INCLUDE,,SDOC-fd61664dba90a400e313e514,GDOC-7398fa7d34e28e16eb0853fd
2035,METHODS,OFFSHORE INSTALLATION,SKETCH,ENGINEERING SKETCH,2035-AP-0278,2035-AP-0278_R1(DLB 1000 AP PL-4 Corridor spools installation at US-19B),,,DATA/METHODS/2035 - UMM Shaif Delivarables.xlsx,Sketches,95,INCLUDE,,SDOC-08a72cd4f8e071402adb2119,GDOC-f0005c184eb9f914dea0b254
2035,METHODS,OFFSHORE INSTALLATION,SKETCH,ENGINEERING SKETCH,2035-AP-0279,2035-AP-0279-1 & 2_R1(DLB 1000 AP PL-4 Lateral shifting and corridor spools installation at US-153A),,,DATA/METHODS/2035 - UMM Shaif Delivarables.xlsx,Sketches,96,INCLUDE,,SDOC-3e6d734761c66ee38e5d8627,GDOC-e21f51d25a4d724851a57359
2035,METHODS,OFFSHORE INSTALLATION,SKETCH,ENGINEERING SKETCH,2035-AP-0281,2035-AP-0281_R1(DLB 1000 AP during PL- 1 Corridor spools installation at US-12B),,,DATA/METHODS/2035 - UMM Shaif Delivarables.xlsx,Sketches,97,INCLUDE,,SDOC-d65ff810fc5b7c10d736e4ec,GDOC-187d100ecd1567645eb80713
2035,METHODS,OFFSHORE INSTALLATION,SKETCH,ENGINEERING SKETCH,2035-AP-0282,2035-AP-0282_R1(DLB 1000 AP during PL-5 Corridor spools installation at US-153A),,,DATA/METHODS/2035 - UMM Shaif Delivarables.xlsx,Sketches,98,INCLUDE,,SDOC-79df16367fe32ace59148b24,GDOC-aa371f3bdc1ddb27caf2e67a
2035,METHODS,OFFSHORE INSTALLATION,SKETCH,ENGINEERING SKETCH,2035-A4-007,2035-A4-007_R0(DLS-4200 DP Setup during PL-1 Pipelay_laydown@US-12B),,,DATA/METHODS/2035 - UMM Shaif Delivarables.xlsx,Sketches,99,INCLUDE,,SDOC-e3b49a73949221bf3c0c1292,GDOC-414b554ef548b4e970068984
2035,METHODS,OFFSHORE INSTALLATION,SKETCH,ENGINEERING SKETCH,2035-A4-008,2035-A4-008_R0(DLS-4200 DP Setup during PL-11 Pipelay_laydown@US-HP2),,,DATA/METHODS/2035 - UMM Shaif Delivarables.xlsx,Sketches,100,INCLUDE,,SDOC-d41d7d832dc6bf96e9f818b0,GDOC-63608a479e4c6958414f123c
2035,METHODS,OFFSHORE INSTALLATION,SKETCH,ENGINEERING SKETCH,2035-AP-0271,"2035-AP-0271_R1(DLB 1000 AP PL-2, PL-7, PL-8 & PL-9 Riser and spools installation at RP-1)",,,DATA/METHODS/2035 - UMM Shaif Delivarables.xlsx,Sketches,101,INCLUDE,,SDOC-eed8e0af58e01b8efde5b97a,GDOC-f6a39c444af759f52d4a819c
2035,METHODS,OFFSHORE INSTALLATION,SKETCH,ENGINEERING SKETCH,2035-AP-0272,2035-AP-0272_R1(DLB 1000 AP PL-6 & PL-11 Corridor spools installation at HP-1),,,DATA/METHODS/2035 - UMM Shaif Delivarables.xlsx,Sketches,102,INCLUDE,,SDOC-59f87a29b40929ad37c567ff,GDOC-0bb54b1f27d4d4c44d582c75
2035,METHODS,OFFSHORE INSTALLATION,SKETCH,ENGINEERING SKETCH,2035-AP-0273,2035-AP-0273_R1(DLB 1000 AP PL-6 & PL-11 Corridor spools installation at HP-2),,,DATA/METHODS/2035 - UMM Shaif Delivarables.xlsx,Sketches,103,INCLUDE,,SDOC-b88a8646973a29bb7142a2fd,GDOC-e63458464db03c76f2e8df7b
2035,METHODS,OFFSHORE INSTALLATION,SKETCH,ENGINEERING SKETCH,2035-DP-0048,2035-DP-0048-1 TO 6_R2( SAFEEN-3000 DP Setup during PL-10 Pipelay from HP2 TO HP3),,,DATA/METHODS/2035 - UMM Shaif Delivarables.xlsx,Sketches,112,INCLUDE,,SDOC-3a086f745152f0b8f04519fc,GDOC-b3b090c8fe57e660fea6ad07
2035,METHODS,OFFSHORE INSTALLATION,SKETCH,ENGINEERING SKETCH,2035-A1-025,2035-A1-025-1 TO 2_R2(SAFEEN 3000 DP SET-UP for pipelaying of PL-10) _START-UP & LAY-DOWN),,,DATA/METHODS/2035 - UMM Shaif Delivarables.xlsx,Sketches,113,INCLUDE,,SDOC-2a900326414f7d306f9f347b,GDOC-70d3a4e26cb8e9c7d80abe6a
2035,METHODS,OFFSHORE INSTALLATION,SKETCH,ENGINEERING SKETCH,2035-AP-0283,2035-AP-0283-1 TO 3_R1( SAFEEN-3000 AP Setup during PL-8 Pipelay from KP 4.152 TO HP-3),,,DATA/METHODS/2035 - UMM Shaif Delivarables.xlsx,Sketches,119,INCLUDE,,SDOC-fd135ddb1310e068e7ceff1d,GDOC-691a26d40607d9e8899924d2
2035,METHODS,OFFSHORE INSTALLATION,SKETCH,ENGINEERING SKETCH,2035-A1-067,2035-A1-067-1 & 2_R0(DLB 750 AP SET-UP during pipelaying of PL-1) _START-UP & LAY-DOWN),,,DATA/METHODS/2035 - UMM Shaif Delivarables.xlsx,Sketches,120,INCLUDE,,SDOC-6b6fb924c4ba0280ea96010a,GDOC-0d873158c727dd6b807dc662
2035,METHODS,OFFSHORE INSTALLATION,SKETCH,ENGINEERING SKETCH,2035-A1-068,2035-A1-068-1 & 2_R0(DLB 750 AP SET-UP during pipelaying of PL-4) _START-UP & LAY-DOWN),,,DATA/METHODS/2035 - UMM Shaif Delivarables.xlsx,Sketches,121,INCLUDE,,SDOC-0d9ce47de133df0f01e94a13,GDOC-54364c3074618f607985b65a
2035,METHODS,OFFSHORE INSTALLATION,SKETCH,ENGINEERING SKETCH,2035-AP-0141,2035-AP-0141-1 & 2_R1(DLB-750 AP during pipelaying 16 inch WF PL-1  from US 159A to US 12B),,,DATA/METHODS/2035 - UMM Shaif Delivarables.xlsx,Sketches,122,INCLUDE,,SDOC-628d28cd0d0fbd0bbadc80d1,GDOC-89619ce56e2ade1ac02454a9
2035,METHODS,OFFSHORE INSTALLATION,SKETCH,ENGINEERING SKETCH,2035-AP-0142,2035-AP-0142-1 & 2_R1(DLB-750 AP during pipelaying 16 inch WF PL-4  from US 19B to US 153A),,,DATA/METHODS/2035 - UMM Shaif Delivarables.xlsx,Sketches,123,INCLUDE,,SDOC-74dc4660adebb7a7b28f6862,GDOC-e505335ac1ca699fc1508668
2035,METHODS,OFFSHORE INSTALLATION,SKETCH,ENGINEERING SKETCH,2035-A3-0214,2035-A3-0214_R0(SAFEEN-3000 DP SET-UP for pipelaying 0f PL-11 @ HP-2)_LAY-DOWN STUDY,,,DATA/METHODS/2035 - UMM Shaif Delivarables.xlsx,Sketches,132,INCLUDE,,SDOC-809d1dcef6bc200c9ef0a1f5,GDOC-4bcee03e2253c8d4b31f9787
2035,METHODS,OFFSHORE INSTALLATION,SKETCH,ENGINEERING SKETCH,2035-DP-0049,2035-DP-0049-1 TO 4_R1( SAFEEN-3000 DP Set-up during PL-11 Pipelay from HP1 TO HP2),,,DATA/METHODS/2035 - UMM Shaif Delivarables.xlsx,Sketches,133,INCLUDE,,SDOC-3ad671b72d287f4e5c0417c6,GDOC-6b88df0f553e235c8367765f
2035,METHODS,OFFSHORE INSTALLATION,SKETCH,ENGINEERING SKETCH,2035-A3-0215,2035-A3-0215-1 TO 3_R0(DLB 1000 Aviation clearance during Stalk-on Riser and Spools Installation at RP-1),,,DATA/METHODS/2035 - UMM Shaif Delivarables.xlsx,Sketches,134,INCLUDE,,SDOC-a780eaace3608eabcf4706d8,GDOC-71b16123d85d09c51d87ed96
2035,METHODS,OFFSHORE INSTALLATION,SKETCH,ENGINEERING SKETCH,2035-A3-0217,2035-A3-0217-1 TO 3_Rev-B( QMS SUBHIYAN AVIATION CLEARANCE AT HP-3),,,DATA/METHODS/2035 - UMM Shaif Delivarables.xlsx,Sketches,136,INCLUDE,,SDOC-612e1af3c7cc8efeab447e36,GDOC-2c85eda88c756f27dbe3b582
2035,METHODS,OFFSHORE INSTALLATION,SKETCH,ENGINEERING SKETCH,2035-AP-0284,2035-AP-0284_R1( QMS SUBHIYAN SETUP AT HP-3),,,DATA/METHODS/2035 - UMM Shaif Delivarables.xlsx,Sketches,137,INCLUDE,,SDOC-1439f287ab97fa8a9094adaa,GDOC-dd084494dcc9466cb9c9d6ef
2035,METHODS,OFFSHORE INSTALLATION,SKETCH,ENGINEERING SKETCH,2035-AP-0285,2035-AP-0285_R1(SEP-650 SET-UP during HOOK-UP works at HP-1),,,DATA/METHODS/2035 - UMM Shaif Delivarables.xlsx,Sketches,138,INCLUDE,,SDOC-f02cc8296cc463d17cbcc8d6,GDOC-55728bd8954d2249075d893f
2035,METHODS,OFFSHORE INSTALLATION,SKETCH,ENGINEERING SKETCH,2035-AP-0140,2035-AP-0140_R2-SEP-650  ANCHOR PATTERN AT RP-1 WEST SIDE,,,DATA/METHODS/2035 - UMM Shaif Delivarables.xlsx,Sketches,139,INCLUDE,,SDOC-cf98f14ecd45ff5b63368fbc,GDOC-76fcd7c19297fdbb1a2c5dc0
2035,METHODS,OFFSHORE INSTALLATION,SKETCH,ENGINEERING SKETCH,2035-A3-0205,2035-A3-0205_Rev-B(SEP-650 AVIATION CLEARANCE AT RP-1),,,DATA/METHODS/2035 - UMM Shaif Delivarables.xlsx,Sketches,141,INCLUDE,,SDOC-78a5f99727f3e4bdb5727182,GDOC-f0586986fb430c5668cb3f79
2035,METHODS,OFFSHORE INSTALLATION,SKETCH,ENGINEERING SKETCH,2035-A1-069,2035-A1-069_R0(DLB-1000 SETUP SEQUENCE DURING CORRIDOR SPOOL INSTALLATION AT HP-1),,,DATA/METHODS/2035 - UMM Shaif Delivarables.xlsx,Sketches,142,INCLUDE,,SDOC-9d8af23e7dee4a38accf4dfd,GDOC-58f2cc07b1b7735e883e6bb6
2035,METHODS,OFFSHORE INSTALLATION,SKETCH,ENGINEERING SKETCH,2035-A1-070,2035-A1-070_R0(SAFEEN PEARL CLASH CHECK AT US-142),,,DATA/METHODS/2035 - UMM Shaif Delivarables.xlsx,Sketches,143,INCLUDE,,SDOC-3923c154f418acb7c5912f18,GDOC-92db807fbc043d3180415948
2035,METHODS,OFFSHORE INSTALLATION,SKETCH,ENGINEERING SKETCH,2035-A1-071,2035-A1-071-1 TO 6_R0(INTERFACE STUDY AT US-HP1),,,DATA/METHODS/2035 - UMM Shaif Delivarables.xlsx,Sketches,144,INCLUDE,,SDOC-d696026f5d6799ed9f011634,GDOC-cad9cd905c8b7dcdf8fb6917
2035,METHODS,OFFSHORE INSTALLATION,SKETCH,ENGINEERING SKETCH,2035-A1-072,2035-A1-072-1 TO 9_R0(INTERFACE STUDY AT US-HP2),,,DATA/METHODS/2035 - UMM Shaif Delivarables.xlsx,Sketches,145,INCLUDE,,SDOC-f2fa48cfe8c0f974f6800cb2,GDOC-7d55b32c6218d0452c3ab399
2035,METHODS,OFFSHORE INSTALLATION,SKETCH,ENGINEERING SKETCH,2035-A1-073,2035-A1-073-1 TO 9_R0(INTERFACE STUDY AT US-HP3),,,DATA/METHODS/2035 - UMM Shaif Delivarables.xlsx,Sketches,146,INCLUDE,,SDOC-b6923164aa1bd0da5d9d9608,GDOC-e24c73a15b7651bf43712406
2035,METHODS,OFFSHORE INSTALLATION,SKETCH,ENGINEERING SKETCH,2035-DP-0045,2035-DP-0045-1 TO 3_R3( SAFEEN-3000 DP Setup during PL-4 Pipelay from 19-B TO 153-A),,,DATA/METHODS/2035 - UMM Shaif Delivarables.xlsx,Sketches,151,INCLUDE,,SDOC-17904a72df5d6f3f101c25a9,GDOC-26a9e8f96c3164294d6e3501
2035,TECH,NAVAL & MARINE,DOCUMENT,ANALYSIS,2035-ZZ-CL-001,"MOORING ANALYSIS DURING PIPELAYING OF 16"" HP OIL SUBSEA PIPELINE FROM US-159A TO US-12B (PL-1)",,,DATA/TECH/2035 DOCUMENT REGISTER.xlsx,Documents - Naval Marine,9,INCLUDE,,SDOC-ddd9bd5cd34478d6b5c28ca5,GDOC-d0dddf6cde80482f741deb21
2035,TECH,NAVAL & MARINE,DOCUMENT,ANALYSIS,2035-ZZ-CL-002,"MOORING ANALYSIS DURING PIPELAYING OF 16"" HP OIL SUBSEA PIPELINE FROM US-12B TO USSC-RP1 (PL-2)",,,DATA/TECH/2035 DOCUMENT REGISTER.xlsx,Documents - Naval Marine,10,INCLUDE,,SDOC-fb7195f5bd9e0852c1ef4f70,GDOC-21916ca86a7a2350f2746585
2035,TECH,NAVAL & MARINE,DOCUMENT,ANALYSIS,2035-ZZ-CL-003,"MOORING ANALYSIS DURING PIPELAYING OF 16"" HP OIL SUBSEA PIPELINE FROM US-142A TO USSC-RP1 (PL-3)",,,DATA/TECH/2035 DOCUMENT REGISTER.xlsx,Documents - Naval Marine,11,INCLUDE,,SDOC-fe3d0ceb2d9c6ae0a3edcb97,GDOC-a1ab7f6e14fe58583ccc31b2
2035,TECH,NAVAL & MARINE,DOCUMENT,ANALYSIS,2035-ZZ-CL-004,"MOORING ANALYSIS DURING PIPELAYING OF 16"" HP OIL SUBSEA PIPELINE FROM US-19B TO US-153A (PL-4)",,,DATA/TECH/2035 DOCUMENT REGISTER.xlsx,Documents - Naval Marine,12,INCLUDE,,SDOC-58553681730da98230e1ba18,GDOC-2996ba1510f8b01533022d7f
2035,TECH,NAVAL & MARINE,DOCUMENT,ANALYSIS,2035-ZZ-CL-005,"MOORING ANALYSIS DURING PIPELAYING OF 16"" HP OIL SUBSEA PIPELINE FROM US-153A TO USSC-RP1 (PL-5)",,,DATA/TECH/2035 DOCUMENT REGISTER.xlsx,Documents - Naval Marine,13,INCLUDE,,SDOC-1f6b56515cc6cc85e35a265a,GDOC-130b2101635d4c42a120618c
2035,TECH,NAVAL & MARINE,DOCUMENT,ANALYSIS,2035-ZZ-CL-006,"MOORING ANALYSIS DURING PIPELAYING OF 18"" HP OIL SUBSEA PIPELINE FROM HP1 TO HP2 (PL-6)",,,DATA/TECH/2035 DOCUMENT REGISTER.xlsx,Documents - Naval Marine,14,INCLUDE,,SDOC-9585720954de98c1a7480160,GDOC-7d55a6bcfa5b5e826dd111b6
2035,TECH,NAVAL & MARINE,DOCUMENT,ANALYSIS,2035-ZZ-CL-007,"MOORING ANALYSIS DURING PIPELAYING OF 18"" HP OIL SUBSEA PIPELINE FROM HP2 TO USSC-RP1 (PL-7)",,,DATA/TECH/2035 DOCUMENT REGISTER.xlsx,Documents - Naval Marine,15,INCLUDE,,SDOC-c99740a0b5606f1ebbf6ccb4,GDOC-79d5aa3519ba64ec5a906efe
2035,TECH,NAVAL & MARINE,DOCUMENT,ANALYSIS,2035-ZZ-CL-008,"MOORING ANALYSIS DURING PIPELAYING OF 16"" HP OIL SUBSEA PIPELINE FROM HP3 TO USSC-RP1 (PL-8)",,,DATA/TECH/2035 DOCUMENT REGISTER.xlsx,Documents - Naval Marine,16,INCLUDE,,SDOC-da83ffeb57f8e74dd960d502,GDOC-cd68ae24f752e7a92c1abf48
2035,TECH,NAVAL & MARINE,DOCUMENT,ANALYSIS,2035-ZZ-CL-009,"MOORING ANALYSIS DURING PIPELAYING OF 16"" WATER INJECTION SUBSEA PIPELINE FROM USSC-RP1 TO HP3 (PL-9)",,,DATA/TECH/2035 DOCUMENT REGISTER.xlsx,Documents - Naval Marine,17,INCLUDE,,SDOC-69bde123ac03ad6de60bf3e3,GDOC-324105169930183b2bd01bdb
2035,TECH,NAVAL & MARINE,DOCUMENT,ANALYSIS,2035-ZZ-CL-010,"MOORING ANALYSIS DURING PIPELAYING OF 16"" WATER INJECTION SUBSEA PIPELINE FROM HP3 TO HP2 (PL-10)",,,DATA/TECH/2035 DOCUMENT REGISTER.xlsx,Documents - Naval Marine,18,INCLUDE,,SDOC-304b798f073bcb3a92e4d141,GDOC-932b2736b4f2b072ca49c62a
2035,TECH,NAVAL & MARINE,DOCUMENT,ANALYSIS,2035-ZZ-CL-011,"MOORING ANALYSIS DURING PIPELAYING OF 16"" WATER INJECTION SUBSEA PIPELINE FROM HP2 TO HP1 (PL-11)",,,DATA/TECH/2035 DOCUMENT REGISTER.xlsx,Documents - Naval Marine,19,INCLUDE,,SDOC-756a41a4cd7f109d41134f4b,GDOC-a9e92e2af859a0cb431e2323
2035,TECH,NAVAL & MARINE,DOCUMENT,ANALYSIS,2035-ZZ-CL-012,"MOORING ANALYSIS DURING RISER INSTALLATION OF 16"" HP OIL SUBSEA PIPELINE FROM US-159A TO US-12B (PL-1)",,,DATA/TECH/2035 DOCUMENT REGISTER.xlsx,Documents - Naval Marine,20,INCLUDE,,SDOC-408a837af2c1f38043318895,GDOC-f0c72b95af40000264db7d28
2035,TECH,NAVAL & MARINE,DOCUMENT,ANALYSIS,2035-ZZ-CL-013,"MOORING ANALYSIS DURING RISER INSTALLATION OF 16"" HP OIL SUBSEA PIPELINE FROM US-12B TO USSC-RP1 (PL-2)",,,DATA/TECH/2035 DOCUMENT REGISTER.xlsx,Documents - Naval Marine,21,INCLUDE,,SDOC-b56026543f2c248297c2d764,GDOC-7f89b2b988600354cba70e65
2035,TECH,NAVAL & MARINE,DOCUMENT,ANALYSIS,2035-ZZ-CL-014,"MOORING ANALYSIS DURING RISER INSTALLATION OF 16"" HP OIL SUBSEA PIPELINE FROM US-142A TO USSC-RP1 (PL-3)",,,DATA/TECH/2035 DOCUMENT REGISTER.xlsx,Documents - Naval Marine,22,INCLUDE,,SDOC-a8c07776e76ddbf369f3ca27,GDOC-fb16fd77451e79d45f402e15
2035,TECH,NAVAL & MARINE,DOCUMENT,ANALYSIS,2035-ZZ-CL-015,"MOORING ANALYSIS DURING RISER INSTALLATION OF 16"" HP OIL SUBSEA PIPELINE FROM US-19B TO US-153A (PL-4)",,,DATA/TECH/2035 DOCUMENT REGISTER.xlsx,Documents - Naval Marine,23,INCLUDE,,SDOC-ec903a4c1ee586ac1d3f0746,GDOC-d5848645310502a7f99073ff
2035,TECH,NAVAL & MARINE,DOCUMENT,ANALYSIS,2035-ZZ-CL-016,"MOORING ANALYSIS DURING RISER INSTALLATION OF 16"" HP OIL SUBSEA PIPELINE FROM US-153A TO USSC-RP1 (PL-5)",,,DATA/TECH/2035 DOCUMENT REGISTER.xlsx,Documents - Naval Marine,24,INCLUDE,,SDOC-5eba067c2240c2139ee42500,GDOC-960dcd8cc32db21ee5b1f7e7
2035,TECH,NAVAL & MARINE,DOCUMENT,ANALYSIS,2035-ZZ-CL-017,"MOORING ANALYSIS DURING RISER INSTALLATION OF 18"" HP OIL SUBSEA PIPELINE FROM HP1 TO HP2 (PL-6)",,,DATA/TECH/2035 DOCUMENT REGISTER.xlsx,Documents - Naval Marine,25,INCLUDE,,SDOC-7dffa0a7527808d4b0ae1ce8,GDOC-b6085dcbf5511cf4ce0d3653
2035,TECH,NAVAL & MARINE,DOCUMENT,ANALYSIS,2035-ZZ-CL-018,"MOORING ANALYSIS DURING RISER INSTALLATION OF 18"" HP OIL SUBSEA PIPELINE FROM HP2 TO USSC-RP1 (PL-7)",,,DATA/TECH/2035 DOCUMENT REGISTER.xlsx,Documents - Naval Marine,26,INCLUDE,,SDOC-3d0602e96ff304cd09d1563c,GDOC-11bbe83f1d97bbb7678802b7
2035,TECH,NAVAL & MARINE,DOCUMENT,ANALYSIS,2035-ZZ-CL-019,"MOORING ANALYSIS DURING RISER INSTALLATION OF 16"" HP OIL SUBSEA PIPELINE FROM HP3 TO USSC-RP1 (PL-8)",,,DATA/TECH/2035 DOCUMENT REGISTER.xlsx,Documents - Naval Marine,27,INCLUDE,,SDOC-1b68528096c080c95c341ccb,GDOC-97167668259cd2d3bcd46748
2035,TECH,NAVAL & MARINE,DOCUMENT,ANALYSIS,2035-ZZ-CL-020,"MOORING ANALYSIS DURING RISER INSTALLATION OF 16"" WATER INJECTION SUBSEA PIPELINE FROM USSC-RP1 TO HP3 (PL-9)",,,DATA/TECH/2035 DOCUMENT REGISTER.xlsx,Documents - Naval Marine,28,INCLUDE,,SDOC-0ad419436eb6a7e3ccd4636c,GDOC-26c107564227901b72577ab4
2035,TECH,NAVAL & MARINE,DOCUMENT,ANALYSIS,2035-ZZ-CL-021,"MOORING ANALYSIS DURING RISER INSTALLATION OF 16"" WATER INJECTION SUBSEA PIPELINE FROM HP3 TO HP2 (PL-10)",,,DATA/TECH/2035 DOCUMENT REGISTER.xlsx,Documents - Naval Marine,29,INCLUDE,,SDOC-4010e1205efb466468dddcb0,GDOC-b062c516b6dcab7ada320d86
2035,TECH,NAVAL & MARINE,DOCUMENT,ANALYSIS,2035-ZZ-CL-022,"MOORING ANALYSIS DURING RISER INSTALLATION OF 16"" WATER INJECTION SUBSEA PIPELINE FROM HP2 TO HP1 (PL-11)",,,DATA/TECH/2035 DOCUMENT REGISTER.xlsx,Documents - Naval Marine,30,INCLUDE,,SDOC-37bae60b1d7f0558f4b56196,GDOC-acc9a68e3a1821d965ce75b7
2035,TECH,NAVAL & MARINE,DOCUMENT,ANALYSIS,2035-ZZ-CL-023,MOORING ANALYSIS DURING CABLE LAYING FROM US-153A TO US-19B(CC-4) - CB-1,,,DATA/TECH/2035 DOCUMENT REGISTER.xlsx,Documents - Naval Marine,31,INCLUDE,,SDOC-65a9ff35290551338bb8d2ef,GDOC-30e3aac6f9eb397a8d5bad89
2035,TECH,NAVAL & MARINE,DOCUMENT,ANALYSIS,2035-ZZ-CL-024,MOORING ANALYSIS DURING CABLE LAYING FROM US-1216 TO US153A(CC-3) - CB-2,,,DATA/TECH/2035 DOCUMENT REGISTER.xlsx,Documents - Naval Marine,32,INCLUDE,,SDOC-b654bc683f431234a19704ba,GDOC-8e2342df1a688efe4cd40809
2035,TECH,NAVAL & MARINE,DOCUMENT,ANALYSIS,2035-ZZ-CL-025,MOORING ANALYSIS DURING CABLE LAYING FROM US-142A TO US218(CC-8) - CB-3,,,DATA/TECH/2035 DOCUMENT REGISTER.xlsx,Documents - Naval Marine,33,INCLUDE,,SDOC-43d8ef1100ff4dca414273eb,GDOC-4ae0a336a2a41a7e99438c50
2035,TECH,NAVAL & MARINE,DOCUMENT,ANALYSIS,2035-ZZ-CL-026,MOORING ANALYSIS DURING CABLE LAYING FROM US-159A TO US-12B(CC-11) - CB-7,,,DATA/TECH/2035 DOCUMENT REGISTER.xlsx,Documents - Naval Marine,34,INCLUDE,,SDOC-1dcb87be261559641e81acd8,GDOC-4088b8a82de4b39abd40c8f1
2035,TECH,NAVAL & MARINE,DOCUMENT,ANALYSIS,2035-ZZ-CL-027,MOORING ANALYSIS DURING CABLE LAYING FROM US-19B TO HP-1(CC-5) - CB-8,,,DATA/TECH/2035 DOCUMENT REGISTER.xlsx,Documents - Naval Marine,35,INCLUDE,,SDOC-d06310593749edd6b597f048,GDOC-7bf6e73e0736397448b12063
2035,TECH,NAVAL & MARINE,DOCUMENT,ANALYSIS,2035-ZZ-CL-028,MOORING ANALYSIS DURING CABLE LAYING FROM HP1 TO HP2(CC-6) - CB-9,,,DATA/TECH/2035 DOCUMENT REGISTER.xlsx,Documents - Naval Marine,36,INCLUDE,,SDOC-c402e133b45e853d95d12aae,GDOC-f374b1fae591124927fdcbc0
2035,TECH,NAVAL & MARINE,DOCUMENT,ANALYSIS,2035-ZZ-CL-029,MOORING ANALYSIS DURING CABLE LAYING FROM HP-2 TO US-142A(CC-7) - CB-10,,,DATA/TECH/2035 DOCUMENT REGISTER.xlsx,Documents - Naval Marine,37,INCLUDE,,SDOC-1ae890faaee8ad3112620235,GDOC-228f8b0a628d8c350e7a5da3
2035,TECH,NAVAL & MARINE,DOCUMENT,ANALYSIS,2035-ZZ-CL-030,MOORING ANALYSIS DURING CABLE LAYING FROM USSC-RP1 TO HP3(CC-2) - CB-11,,,DATA/TECH/2035 DOCUMENT REGISTER.xlsx,Documents - Naval Marine,38,INCLUDE,,SDOC-7bec2b99249b31f531be315d,GDOC-686380d2b8fa2b421fc93a07
2035,TECH,NAVAL & MARINE,DOCUMENT,ANALYSIS,2035-ZZ-CL-031,MOORING ANALYSIS DURING CABLE LAYING FROM USSC-RP1 TO HP3(CC-1) - CB-12,,,DATA/TECH/2035 DOCUMENT REGISTER.xlsx,Documents - Naval Marine,39,INCLUDE,,SDOC-e245ebd3e247b5dedce0bbcc,GDOC-e69538aa5271490fae556787
2035,TECH,NAVAL & MARINE,DOCUMENT,ANALYSIS,2035-ZZ-CL-032,MOORING ANALYSIS DURING CABLE LAYING FROM USSC-PDP TO WHT- GI-1(CC-13) TO US-128 - CB-13,,,DATA/TECH/2035 DOCUMENT REGISTER.xlsx,Documents - Naval Marine,40,INCLUDE,,SDOC-44ec70d036c7786c14fea941,GDOC-c4ebb36143ea4c6b1c7f0954
2035,TECH,NAVAL & MARINE,DOCUMENT,ANALYSIS,2035-ZZ-CL-033,MOORING ANALYSIS DURING CABLE LAYING FROM USSC-PDP TO WHT- GP-1(CC-14) TO US-159A - CB-14,,,DATA/TECH/2035 DOCUMENT REGISTER.xlsx,Documents - Naval Marine,41,INCLUDE,,SDOC-42fd498a64546d6a624eb011,GDOC-77009ac46b64681077cfa5f2
2035,TECH,NAVAL & MARINE,DOCUMENT,ANALYSIS REPORT,2035-ZZ-CL-034,STABILITY ANALYSIS REPORT DURING TRANSPORTATION OF CC PIPES TRIP-1,,,DATA/TECH/2035 DOCUMENT REGISTER.xlsx,Documents - Naval Marine,42,INCLUDE,,SDOC-44768652e70a8c9bb20fd211,GDOC-25de262d628bd73f42c1faa5
2035,TECH,NAVAL & MARINE,DOCUMENT,ANALYSIS REPORT,2035-ZZ-CL-035,STABILITY ANALYSIS REPORT DURING TRANSPORTATION OF CC PIPES TRIP-2,,,DATA/TECH/2035 DOCUMENT REGISTER.xlsx,Documents - Naval Marine,43,INCLUDE,,SDOC-d5f90ba94cce503a1421bbdd,GDOC-09c64dd8a02a4b308548a124
2035,TECH,NAVAL & MARINE,DOCUMENT,ANALYSIS REPORT,2035-ZZ-CL-036,STABILITY ANALYSIS REPORT DURING TRANSPORTATION OF CC PIPES TRIP-3,,,DATA/TECH/2035 DOCUMENT REGISTER.xlsx,Documents - Naval Marine,44,INCLUDE,,SDOC-f7f41aebf5c58448518b85a8,GDOC-af2ad6792c7221a0819f716d
2035,TECH,NAVAL & MARINE,DOCUMENT,ANALYSIS REPORT,2035-ZZ-CL-037,STABILITY ANALYSIS REPORT DURING TRANSPORTATION OF CC PIPES TRIP-4,,,DATA/TECH/2035 DOCUMENT REGISTER.xlsx,Documents - Naval Marine,45,INCLUDE,,SDOC-97425918b06a76c8ddf5a0d3,GDOC-a1f85884b93884128fb3a878
2035,TECH,NAVAL & MARINE,DOCUMENT,ANALYSIS REPORT,2035-ZZ-CL-038,STABILITY ANALYSIS REPORT DURING TRANSPORTATION OF CC PIPES TRIP-5,,,DATA/TECH/2035 DOCUMENT REGISTER.xlsx,Documents - Naval Marine,46,INCLUDE,,SDOC-a5a9994b92ef904a7de3d170,GDOC-5b9c4308df33c9b634463d24
2035,TECH,NAVAL & MARINE,DOCUMENT,ANALYSIS REPORT,2035-ZZ-CL-039,STABILITY ANALYSIS REPORT DURING TRANSPORTATION OF CC PIPES TRIP-6,,,DATA/TECH/2035 DOCUMENT REGISTER.xlsx,Documents - Naval Marine,47,INCLUDE,,SDOC-7c5e006fda43e994df5b8014,GDOC-61664d5410551b0f3bae56b5
2035,TECH,NAVAL & MARINE,DOCUMENT,ANALYSIS REPORT,2035-ZZ-CL-040,"STABILITY ANALYSIS REPORT DURING TRANSPORTATION OF RISERS, SPOOLS & RISER PROTECTOR TRIP-1",,,DATA/TECH/2035 DOCUMENT REGISTER.xlsx,Documents - Naval Marine,48,INCLUDE,,SDOC-335b5f7ab3d83812cb988d54,GDOC-4364977c5b5ec0b31fbd6d5c
2035,TECH,NAVAL & MARINE,DOCUMENT,ANALYSIS REPORT,2035-ZZ-CL-041,"STABILITY ANALYSIS REPORT DURING TRANSPORTATION OF RISERS, SPOOLS & RISER PROTECTOR TRIP-2",,,DATA/TECH/2035 DOCUMENT REGISTER.xlsx,Documents - Naval Marine,49,INCLUDE,,SDOC-db72b56ae85868c633a59eea,GDOC-782666e990453f1af2eceed7
2035,TECH,NAVAL & MARINE,DOCUMENT,ANALYSIS REPORT,2035-ZZ-CL-042,"STABILITY ANALYSIS REPORT DURING TRANSPORTATION OF RISERS, SPOOLS & RISER PROTECTOR TRIP-3",,,DATA/TECH/2035 DOCUMENT REGISTER.xlsx,Documents - Naval Marine,50,INCLUDE,,SDOC-0cf3c78de9a64535edbbd589,GDOC-90f4c5c2ab8126bd2fe7fd6f
2035,TECH,NAVAL & MARINE,DOCUMENT,ANALYSIS REPORT,2035-ZZ-CL-043,"STABILITY ANALYSIS REPORT DURING TRANSPORTATION OF SLEEPERS, MATTRESSES , GROUT BAG AND MISCELLANEOUS TRIP-1",,,DATA/TECH/2035 DOCUMENT REGISTER.xlsx,Documents - Naval Marine,51,INCLUDE,,SDOC-0ebb00e491728567b74a467b,GDOC-243e6fec6eafbc4dda28518f
2035,TECH,NAVAL & MARINE,DOCUMENT,ANALYSIS REPORT,2035-ZZ-CL-044,"STABILITY ANALYSIS REPORT DURING TRANSPORTATION OF SLEEPERS, MATTRESSES , GROUT BAG AND MISCELLANEOUS TRIP-2",,,DATA/TECH/2035 DOCUMENT REGISTER.xlsx,Documents - Naval Marine,52,INCLUDE,,SDOC-7c90a263c3efe3fde1f549da,GDOC-e1c60a82a7ac03c93209b805
2035,TECH,NAVAL & MARINE,DOCUMENT,ANALYSIS REPORT,2035-ZZ-CL-045,"STABILITY ANALYSIS REPORT DURING TRANSPORTATION OF SLEEPERS, MATTRESSES , GROUT BAG AND MISCELLANEOUS TRIP-3",,,DATA/TECH/2035 DOCUMENT REGISTER.xlsx,Documents - Naval Marine,53,INCLUDE,,SDOC-c5ddc8edaafb55673fc9a8c5,GDOC-ec8b1b515fbb05bd343d02c5
2035,TECH,NAVAL & MARINE,DOCUMENT,GENERAL TECHNICAL DOCUMENT,2035-ZZ-CL-046,SPARE,,,DATA/TECH/2035 DOCUMENT REGISTER.xlsx,Documents - Naval Marine,54,INCLUDE,,SDOC-8f76d9fd195afe2ca3032bb8,GDOC-4631e45dbf2980879cd769f3
2035,TECH,NAVAL & MARINE,DOCUMENT,GENERAL TECHNICAL DOCUMENT,2035-ZZ-CL-047,SPARE,,,DATA/TECH/2035 DOCUMENT REGISTER.xlsx,Documents - Naval Marine,55,INCLUDE,,SDOC-7c15457c109c44444ea401d1,GDOC-1508b61e97d7fde9805ecffc
2035,TECH,NAVAL & MARINE,DOCUMENT,GENERAL TECHNICAL DOCUMENT,2035-ZZ-CL-048,SPARE,,,DATA/TECH/2035 DOCUMENT REGISTER.xlsx,Documents - Naval Marine,56,INCLUDE,,SDOC-27503429a8755f657d10f8ab,GDOC-9410ee2cb17806a962dd6ebf
2035,TECH,NAVAL & MARINE,DOCUMENT,GENERAL TECHNICAL DOCUMENT,2035-ZZ-CL-049,SPARE,,,DATA/TECH/2035 DOCUMENT REGISTER.xlsx,Documents - Naval Marine,57,INCLUDE,,SDOC-e580d081f4975c446cc2fa19,GDOC-a7bd9229ba70d229bedf6185
2035,TECH,NAVAL & MARINE,DOCUMENT,GENERAL TECHNICAL DOCUMENT,2035-ZZ-CL-050,SPARE,,,DATA/TECH/2035 DOCUMENT REGISTER.xlsx,Documents - Naval Marine,58,INCLUDE,,SDOC-86ffd3442b9964bc2fa6dc42,GDOC-99825f854278bbc007660a9d
2035,TECH,NAVAL & MARINE,DOCUMENT,GENERAL TECHNICAL DOCUMENT,2035-ZZ-CL-051,SPARE,,,DATA/TECH/2035 DOCUMENT REGISTER.xlsx,Documents - Naval Marine,59,INCLUDE,,SDOC-b6139b8f4b4bb1f534c006de,GDOC-0241a184686eda13b9171dcd
2035,TECH,NAVAL & MARINE,DOCUMENT,GENERAL TECHNICAL DOCUMENT,2035-ZZ-CL-052,SPARE,,,DATA/TECH/2035 DOCUMENT REGISTER.xlsx,Documents - Naval Marine,60,INCLUDE,,SDOC-a261284db495fbc54891812b,GDOC-fea8074a9bf23ace390309b3
2035,TECH,NAVAL & MARINE,DOCUMENT,GENERAL TECHNICAL DOCUMENT,2035-ZZ-CL-053,SPARE,,,DATA/TECH/2035 DOCUMENT REGISTER.xlsx,Documents - Naval Marine,61,INCLUDE,,SDOC-92980ac20eacf8402e79ffa6,GDOC-30f87694270c1d0ca2407d41
2035,TECH,NAVAL & MARINE,DOCUMENT,GENERAL TECHNICAL DOCUMENT,2035-ZZ-CL-054,SPARE,,,DATA/TECH/2035 DOCUMENT REGISTER.xlsx,Documents - Naval Marine,62,INCLUDE,,SDOC-4522eb7b67eaaee800575d98,GDOC-426cefa92c69646ba64c20ab
2035,TECH,PIPELINE & CABLE,DOCUMENT,ANALYSIS REPORT,2035-NN-RP-001,PIPE STACKING ANALYSIS REPORT,,,DATA/TECH/2035 DOCUMENT REGISTER.xlsx,Documents - Pipeline & Cable,9,INCLUDE,,SDOC-5e9b56612a36020c0e5bfca5,GDOC-4708379cf27a316d058ae771
2035,TECH,PIPELINE & CABLE,DOCUMENT,REPORT,2035-NN-RP-002,"PIPELAY INSTALLATION REPORT FOR 16"" HP OIL SUBSEA PIPELINE FROM US-159A TO US-12B (PL-1)",,,DATA/TECH/2035 DOCUMENT REGISTER.xlsx,Documents - Pipeline & Cable,10,INCLUDE,,SDOC-f52799bb32cb20ac5027b3c3,GDOC-7a5904a95864dbecb902d857
2035,TECH,PIPELINE & CABLE,DOCUMENT,REPORT,2035-NN-RP-003,"PIPELAY INSTALLATION REPORT FOR 16"" HP OIL SUBSEA PIPELINE FROM US-12B TO USSC-RP1 (PL-2)",,,DATA/TECH/2035 DOCUMENT REGISTER.xlsx,Documents - Pipeline & Cable,11,INCLUDE,,SDOC-700a3b9df8ddf8afebb7ee3b,GDOC-abcbd5d79590fe68ad814695
2035,TECH,PIPELINE & CABLE,DOCUMENT,REPORT,2035-NN-RP-004,"PIPELAY INSTALLATION REPORT FOR 16"" HP OIL SUBSEA PIPELINE FROM US-142A TO USSC-RP1 (PL-3)",,,DATA/TECH/2035 DOCUMENT REGISTER.xlsx,Documents - Pipeline & Cable,12,INCLUDE,,SDOC-caea5b5e257122542aa637a9,GDOC-59bac6acfc6afd4c47bd885d
2035,TECH,PIPELINE & CABLE,DOCUMENT,REPORT,2035-NN-RP-005,"PIPELAY INSTALLATION REPORT FOR 16"" HP OIL SUBSEA PIPELINE FROM US-19B TO US-153A (PL-4)",,,DATA/TECH/2035 DOCUMENT REGISTER.xlsx,Documents - Pipeline & Cable,13,INCLUDE,,SDOC-22dd34ed9afeb84b3661864d,GDOC-b549e022cd1d3c881fd17b39
2035,TECH,PIPELINE & CABLE,DOCUMENT,REPORT,2035-NN-RP-006,"PIPELAY INSTALLATION REPORT FOR 16"" HP OIL SUBSEA PIPELINE FROM US-153A TO USSC-RP1 (PL-5)",,,DATA/TECH/2035 DOCUMENT REGISTER.xlsx,Documents - Pipeline & Cable,14,INCLUDE,,SDOC-71875032aa9e41e809ab726c,GDOC-28ff8dbdb3bcd5bbd989a8f8
2035,TECH,PIPELINE & CABLE,DOCUMENT,REPORT,2035-NN-RP-007,"PIPELAY INSTALLATION REPORT FOR 18"" HP OIL SUBSEA PIPELINE FROM HP1 TO HP2 (PL-6)",,,DATA/TECH/2035 DOCUMENT REGISTER.xlsx,Documents - Pipeline & Cable,15,INCLUDE,,SDOC-b76df141ee44e0cd543f7822,GDOC-0e249c481e7e7b40eb018a89
2035,TECH,PIPELINE & CABLE,DOCUMENT,REPORT,2035-NN-RP-008,"PIPELAY INSTALLATION REPORT FOR 18"" HP OIL SUBSEA PIPELINE FROM HP2 TO USSC-RP1 (PL-7)",,,DATA/TECH/2035 DOCUMENT REGISTER.xlsx,Documents - Pipeline & Cable,16,INCLUDE,,SDOC-316f9feaeadc302d20315df5,GDOC-141d368a8f8420ddadd4a930
2035,TECH,PIPELINE & CABLE,DOCUMENT,REPORT,2035-NN-RP-009,"PIPELAY INSTALLATION REPORT FOR 16"" HP OIL SUBSEA PIPELINE FROM HP3 TO USSC-RP1 (PL-8)",,,DATA/TECH/2035 DOCUMENT REGISTER.xlsx,Documents - Pipeline & Cable,17,INCLUDE,,SDOC-7b910c1a37093830f4fcd567,GDOC-7b7a69dbcaa8f8852b9a92c5
2035,TECH,PIPELINE & CABLE,DOCUMENT,REPORT,2035-NN-RP-010,"PIPELAY INSTALLATION REPORT FOR 16"" WATER INJECTION SUBSEA PIPELINE FROM USSC-RP1 TO HP3 (PL-9)",,,DATA/TECH/2035 DOCUMENT REGISTER.xlsx,Documents - Pipeline & Cable,18,INCLUDE,,SDOC-0296f443a7a6e5f69fe2011a,GDOC-c4ea9a2115dfe7ac3ea33f36
2035,TECH,PIPELINE & CABLE,DOCUMENT,REPORT,2035-NN-RP-011,"PIPELAY INSTALLATION REPORT FOR 16"" WATER INJECTION SUBSEA PIPELINE FROM HP3 TO HP2 (PL-10)",,,DATA/TECH/2035 DOCUMENT REGISTER.xlsx,Documents - Pipeline & Cable,19,INCLUDE,,SDOC-8bfa8a113cc77ac0d2e7d91d,GDOC-08ce8b970f812defbdc6d3c1
2035,TECH,PIPELINE & CABLE,DOCUMENT,REPORT,2035-NN-RP-012,"PIPELAY INSTALLATION REPORT FOR 16"" WATER INJECTION SUBSEA PIPELINE FROM HP2 TO HP1 (PL-11)",,,DATA/TECH/2035 DOCUMENT REGISTER.xlsx,Documents - Pipeline & Cable,20,INCLUDE,,SDOC-220da497c663c25ce4b60733,GDOC-ea0f2e011f6e5a24ec1faeab
2035,TECH,PIPELINE & CABLE,DOCUMENT,ANALYSIS REPORT,2035-NN-RP-013,SUBSEA CABLE  LAYING ANALYSIS REPORT FROM US-153A TO US-19B(CC-4) - CB-1,,,DATA/TECH/2035 DOCUMENT REGISTER.xlsx,Documents - Pipeline & Cable,21,INCLUDE,,SDOC-bef20c00ca715831e1de8149,GDOC-661f8781929e89f89919d3ff
2035,TECH,PIPELINE & CABLE,DOCUMENT,ANALYSIS REPORT,2035-NN-RP-014,SUBSEA CABLE  LAYING ANALYSIS REPORT FROM US-1216 TO US153A(CC-3) - CB-2,,,DATA/TECH/2035 DOCUMENT REGISTER.xlsx,Documents - Pipeline & Cable,22,INCLUDE,,SDOC-26215c198ffbfd908f49a183,GDOC-6d3e144ac6e635c4473cde6e
2035,TECH,PIPELINE & CABLE,DOCUMENT,ANALYSIS REPORT,2035-NN-RP-015,SUBSEA CABLE  LAYING ANALYSIS REPORT FROM US-142A TO US218(CC-8) - CB-3,,,DATA/TECH/2035 DOCUMENT REGISTER.xlsx,Documents - Pipeline & Cable,23,INCLUDE,,SDOC-29b1b13f941b46662a0358ab,GDOC-93648f8261e2cd5be5eefcd9
2035,TECH,PIPELINE & CABLE,DOCUMENT,ANALYSIS REPORT,2035-NN-RP-016,SUBSEA CABLE  LAYING ANALYSIS REPORT FROM US-159A TO US-12B(CC-11) - CB-7,,,DATA/TECH/2035 DOCUMENT REGISTER.xlsx,Documents - Pipeline & Cable,24,INCLUDE,,SDOC-c68bcd2d1667182a13461122,GDOC-413c427006d27249543b3b29
2035,TECH,PIPELINE & CABLE,DOCUMENT,ANALYSIS REPORT,2035-NN-RP-017,SUBSEA CABLE  LAYING ANALYSIS REPORT FROM US-19B TO HP-1(CC-5) - CB-8,,,DATA/TECH/2035 DOCUMENT REGISTER.xlsx,Documents - Pipeline & Cable,25,INCLUDE,,SDOC-e6d97ca634c36c8411517278,GDOC-4c35b59f9d8402c2eb655347
2035,TECH,PIPELINE & CABLE,DOCUMENT,ANALYSIS REPORT,2035-NN-RP-018,SUBSEA CABLE  LAYING ANALYSIS REPORT FROM HP1 TO HP2(CC-6) - CB-9,,,DATA/TECH/2035 DOCUMENT REGISTER.xlsx,Documents - Pipeline & Cable,26,INCLUDE,,SDOC-3063e71751b3759ad35cbe05,GDOC-592ab909f7e98f84c949999a
2035,TECH,PIPELINE & CABLE,DOCUMENT,ANALYSIS REPORT,2035-NN-RP-019,SUBSEA CABLE  LAYING ANALYSIS REPORT FROM HP-2 TO US-142A(CC-7) - CB-10,,,DATA/TECH/2035 DOCUMENT REGISTER.xlsx,Documents - Pipeline & Cable,27,INCLUDE,,SDOC-40671d43cad3d5b35932f1c8,GDOC-05e5ef6794c25a9f44ba8cd2
2035,TECH,PIPELINE & CABLE,DOCUMENT,ANALYSIS REPORT,2035-NN-RP-020,SUBSEA CABLE  LAYING ANALYSIS REPORT FROM USSC-RP1 TO HP3(CC-2) - CB-11,,,DATA/TECH/2035 DOCUMENT REGISTER.xlsx,Documents - Pipeline & Cable,28,INCLUDE,,SDOC-369c55c69997296d790c0db5,GDOC-f0e172e7b490353aaf79a964
2035,TECH,PIPELINE & CABLE,DOCUMENT,ANALYSIS REPORT,2035-NN-RP-021,SUBSEA CABLE  LAYING ANALYSIS REPORT FROM USSC-RP1 TO HP3(CC-1) - CB-12,,,DATA/TECH/2035 DOCUMENT REGISTER.xlsx,Documents - Pipeline & Cable,29,INCLUDE,,SDOC-fabcaed6c298e8b21b723f97,GDOC-4e0370b9b72c4ddfedd03e34
2035,TECH,PIPELINE & CABLE,DOCUMENT,ANALYSIS REPORT,2035-NN-RP-022,SUBSEA CABLE  LAYING ANALYSIS REPORT FROM USSC-PDP TO WHT- GI-1(CC-13) TO US-128 - CB-13,,,DATA/TECH/2035 DOCUMENT REGISTER.xlsx,Documents - Pipeline & Cable,30,INCLUDE,,SDOC-64b8341376494b023e11a9e5,GDOC-522af95275867fab9176c375
2035,TECH,PIPELINE & CABLE,DOCUMENT,ANALYSIS REPORT,2035-NN-RP-023,SUBSEA CABLE  LAYING ANALYSIS REPORT FROM USSC-PDP TO WHT- GP-1(CC-14) TO US-159A - CB-14,,,DATA/TECH/2035 DOCUMENT REGISTER.xlsx,Documents - Pipeline & Cable,31,INCLUDE,,SDOC-aacbd17eaf63c3ad368aab9f,GDOC-1a074e68b93c2d0608cf3628
2035,TECH,PIPELINE & CABLE,DOCUMENT,ANALYSIS REPORT,2035-NN-RP-024,DAVIT LIFT ANALYSIS REPORT @ USSC-RP1,,,DATA/TECH/2035 DOCUMENT REGISTER.xlsx,Documents - Pipeline & Cable,32,INCLUDE,,SDOC-de72d2f1cb34155bc55fd14c,GDOC-6930e87a304d6a3893338375
2035,TECH,PIPELINE & CABLE,DOCUMENT,ANALYSIS REPORT,2035-NN-RP-025,"SPOOL & RISER LIFT ANALYSIS REPORT FOR 16"" HP OIL SUBSEA PIPELINE FROM US-159A TO US-12B (PL-1)",,,DATA/TECH/2035 DOCUMENT REGISTER.xlsx,Documents - Pipeline & Cable,33,INCLUDE,,SDOC-e2205665603158bcd3f2a582,GDOC-54e448b9f33a7f6d29bbb961
2035,TECH,PIPELINE & CABLE,DOCUMENT,ANALYSIS REPORT,2035-NN-RP-026,"SPOOL & RISER LIFT ANALYSIS REPORT FOR 16"" HP OIL SUBSEA PIPELINE FROM US-12B TO USSC-RP1 (PL-2)",,,DATA/TECH/2035 DOCUMENT REGISTER.xlsx,Documents - Pipeline & Cable,34,INCLUDE,,SDOC-6d09cb2e0cbd975144f3772c,GDOC-92ea2d19e484a8399c280f5c
2035,TECH,PIPELINE & CABLE,DOCUMENT,ANALYSIS REPORT,2035-NN-RP-027,"SPOOL & RISER LIFT ANALYSIS REPORT FOR 16"" HP OIL SUBSEA PIPELINE FROM US-142A TO USSC-RP1 (PL-3)",,,DATA/TECH/2035 DOCUMENT REGISTER.xlsx,Documents - Pipeline & Cable,35,INCLUDE,,SDOC-a62069fbc73e5f87a8ca177b,GDOC-632c963133839ff0f1cf1d59
2035,TECH,PIPELINE & CABLE,DOCUMENT,ANALYSIS REPORT,2035-NN-RP-028,"SPOOL & RISER LIFT ANALYSIS REPORT FOR 16"" HP OIL SUBSEA PIPELINE FROM US-19B TO US-153A (PL-4)",,,DATA/TECH/2035 DOCUMENT REGISTER.xlsx,Documents - Pipeline & Cable,36,INCLUDE,,SDOC-73833ba93daab48688517ba2,GDOC-1871eaf767857deb5094f686
2035,TECH,PIPELINE & CABLE,DOCUMENT,ANALYSIS REPORT,2035-NN-RP-029,"SPOOL & RISER LIFT ANALYSIS REPORT FOR 16"" HP OIL SUBSEA PIPELINE FROM US-153A TO USSC-RP1 (PL-5)",,,DATA/TECH/2035 DOCUMENT REGISTER.xlsx,Documents - Pipeline & Cable,37,INCLUDE,,SDOC-64ab884127ebed955cf808c9,GDOC-93c263abb3934ea740ba0ce3
2035,TECH,PIPELINE & CABLE,DOCUMENT,ANALYSIS REPORT,2035-NN-RP-030,"SPOOL & RISER LIFT ANALYSIS REPORT FOR 18"" HP OIL SUBSEA PIPELINE FROM HP1 TO HP2 (PL-6)",,,DATA/TECH/2035 DOCUMENT REGISTER.xlsx,Documents - Pipeline & Cable,38,INCLUDE,,SDOC-e3a832c2633a0ba4353d8107,GDOC-87a3b9467524f5c82135d7ff
2035,TECH,PIPELINE & CABLE,DOCUMENT,ANALYSIS REPORT,2035-NN-RP-031,"SPOOL & RISER LIFT ANALYSIS REPORT FOR 18"" HP OIL SUBSEA PIPELINE FROM HP2 TO USSC-RP1 (PL-7)",,,DATA/TECH/2035 DOCUMENT REGISTER.xlsx,Documents - Pipeline & Cable,39,INCLUDE,,SDOC-027452107cffd171c747bbe5,GDOC-9acb57fb4471a9a993a35a4f
2035,TECH,PIPELINE & CABLE,DOCUMENT,ANALYSIS REPORT,2035-NN-RP-032,"SPOOL & RISER LIFT ANALYSIS REPORT FOR 16"" HP OIL SUBSEA PIPELINE FROM HP3 TO USSC-RP1 (PL-8)",,,DATA/TECH/2035 DOCUMENT REGISTER.xlsx,Documents - Pipeline & Cable,40,INCLUDE,,SDOC-8c6355d47223cd737a5bc48e,GDOC-8be4b7a5771a9ae0a2b57b19
2035,TECH,PIPELINE & CABLE,DOCUMENT,ANALYSIS REPORT,2035-NN-RP-033,"SPOOL & RISER LIFT ANALYSIS REPORT FOR 16"" WATER INJECTION SUBSEA PIPELINE FROM USSC-RP1 TO HP3 (PL-9)",,,DATA/TECH/2035 DOCUMENT REGISTER.xlsx,Documents - Pipeline & Cable,41,INCLUDE,,SDOC-218e67e96933e1366372c177,GDOC-7d38524ba2eb92a6f977a79f
2035,TECH,PIPELINE & CABLE,DOCUMENT,ANALYSIS REPORT,2035-NN-RP-034,"SPOOL & RISER LIFT ANALYSIS REPORT FOR 16"" WATER INJECTION SUBSEA PIPELINE FROM HP3 TO HP2 (PL-10)",,,DATA/TECH/2035 DOCUMENT REGISTER.xlsx,Documents - Pipeline & Cable,42,INCLUDE,,SDOC-2c7f013ffa62389b81919f63,GDOC-947d747bf2db2790892619b4
2035,TECH,PIPELINE & CABLE,DOCUMENT,ANALYSIS REPORT,2035-NN-RP-035,"SPOOL & RISER LIFT ANALYSIS REPORT FOR 16"" WATER INJECTION SUBSEA PIPELINE FROM HP2 TO HP1 (PL-11)",,,DATA/TECH/2035 DOCUMENT REGISTER.xlsx,Documents - Pipeline & Cable,43,INCLUDE,,SDOC-f470be5f8c6781ad93b314c9,GDOC-aa22e368a730e0f5d95ecf78
2035,TECH,PIPELINE & CABLE,DOCUMENT,REPORT,2035-NN-RP-036,SEAFASTENING DESIGN REPORT FOR TRANSPORTATION OF CC PIPES (TRIP-1),,,DATA/TECH/2035 DOCUMENT REGISTER.xlsx,Documents - Pipeline & Cable,44,INCLUDE,,SDOC-4c12714aea548194b79708ea,GDOC-6dea9ea0f9b2a35279ef8c3f
2035,TECH,PIPELINE & CABLE,DOCUMENT,REPORT,2035-NN-RP-037,SEAFASTENING DESIGN REPORT FOR TRANSPORTATION OF CC PIPES (TRIP-2),,,DATA/TECH/2035 DOCUMENT REGISTER.xlsx,Documents - Pipeline & Cable,45,INCLUDE,,SDOC-771965d2cb24484319c8a18e,GDOC-e3ccd904497adb02db15917a
2035,TECH,PIPELINE & CABLE,DOCUMENT,REPORT,2035-NN-RP-038,SEAFASTENING DESIGN REPORT FOR TRANSPORTATION OF CC PIPES (TRIP-3),,,DATA/TECH/2035 DOCUMENT REGISTER.xlsx,Documents - Pipeline & Cable,46,INCLUDE,,SDOC-57c858893c8d768421066b8d,GDOC-20b800b3ac7f930080ad7515
2035,TECH,PIPELINE & CABLE,DOCUMENT,REPORT,2035-NN-RP-039,SEAFASTENING DESIGN REPORT FOR TRANSPORTATION OF CC PIPES (TRIP-4),,,DATA/TECH/2035 DOCUMENT REGISTER.xlsx,Documents - Pipeline & Cable,47,INCLUDE,,SDOC-455eabb02f42917a534a0a22,GDOC-7b79ce9e4e2093335077c416
2035,TECH,PIPELINE & CABLE,DOCUMENT,REPORT,2035-NN-RP-040,SEAFASTENING DESIGN REPORT FOR TRANSPORTATION OF CC PIPES (TRIP-5),,,DATA/TECH/2035 DOCUMENT REGISTER.xlsx,Documents - Pipeline & Cable,48,INCLUDE,,SDOC-30945b9e36958e93c54a84f1,GDOC-6999dc826eae048d54bd9f49
2035,TECH,PIPELINE & CABLE,DOCUMENT,REPORT,2035-NN-RP-041,SEAFASTENING DESIGN REPORT FOR TRANSPORTATION OF CC PIPES (TRIP-6),,,DATA/TECH/2035 DOCUMENT REGISTER.xlsx,Documents - Pipeline & Cable,49,INCLUDE,,SDOC-e8eb4f34f864d1d89ff2b975,GDOC-ec14bd3db02b75e9076bbda4
2035,TECH,PIPELINE & CABLE,DOCUMENT,REPORT,2035-NN-RP-042,"SEAFASTENING DESIGN REPORT FOR TRANSPORTATION OF RISERS, SPOOLS & RISER PROTECTOR (TRIP-1)",,,DATA/TECH/2035 DOCUMENT REGISTER.xlsx,Documents - Pipeline & Cable,50,INCLUDE,,SDOC-116c572141d937715465d7c1,GDOC-a15ef39fcac89346e325dad7
2035,TECH,PIPELINE & CABLE,DOCUMENT,REPORT,2035-NN-RP-043,"SEAFASTENING DESIGN REPORT FOR TRANSPORTATION OF RISERS, SPOOLS & RISER PROTECTOR (TRIP-2)",,,DATA/TECH/2035 DOCUMENT REGISTER.xlsx,Documents - Pipeline & Cable,51,INCLUDE,,SDOC-2df35afa4380e25c0621c464,GDOC-c73b94f1609887c1c32ba7cd
2035,TECH,PIPELINE & CABLE,DOCUMENT,REPORT,2035-NN-RP-044,"SEAFASTENING DESIGN REPORT FOR TRANSPORTATION OF RISERS, SPOOLS & RISER PROTECTOR (TRIP-3)",,,DATA/TECH/2035 DOCUMENT REGISTER.xlsx,Documents - Pipeline & Cable,52,INCLUDE,,SDOC-8c649cce86aac405ba13f414,GDOC-4fe9121e2dbf87ddfa5d61aa
2035,TECH,PIPELINE & CABLE,DOCUMENT,REPORT,2035-NN-RP-045,"SEAFASTENING DESIGN REPORT FOR TRANSPORTATION OF SLEEPERS, MATTRESSES , GROUT BAG AND MISCELLANEOUS - (TRIP-1)",,,DATA/TECH/2035 DOCUMENT REGISTER.xlsx,Documents - Pipeline & Cable,53,INCLUDE,,SDOC-00dd20b231a6930723f2741e,GDOC-29164d99b75212f767e65b64
2035,TECH,PIPELINE & CABLE,DOCUMENT,REPORT,2035-NN-RP-046,"SEAFASTENING DESIGN REPORT FOR TRANSPORTATION OF SLEEPERS, MATTRESSES , GROUT BAG AND MISCELLANEOUS - (TRIP-2)",,,DATA/TECH/2035 DOCUMENT REGISTER.xlsx,Documents - Pipeline & Cable,54,INCLUDE,,SDOC-11303285e2d5295c6dc6ab1e,GDOC-d58e98fff7a401b8440ab873
2035,TECH,PIPELINE & CABLE,DOCUMENT,REPORT,2035-NN-RP-047,"SEAFASTENING DESIGN REPORT FOR TRANSPORTATION OF SLEEPERS, MATTRESSES , GROUT BAG AND MISCELLANEOUS - (TRIP-3)",,,DATA/TECH/2035 DOCUMENT REGISTER.xlsx,Documents - Pipeline & Cable,55,INCLUDE,,SDOC-bb85882111031ffc88f6c8e7,GDOC-ecace9d5b7b4c2d7b3e071e4
2035,TECH,PIPELINE & CABLE,DOCUMENT,GENERAL TECHNICAL DOCUMENT,2035-NN-RP-048,SPARE,,,DATA/TECH/2035 DOCUMENT REGISTER.xlsx,Documents - Pipeline & Cable,56,INCLUDE,,SDOC-5840dcbecc5721ea9a2f472f,GDOC-d2d3fc9f7018b29f4103eba2
2035,TECH,PIPELINE & CABLE,DOCUMENT,GENERAL TECHNICAL DOCUMENT,2035-NN-RP-049,SPARE,,,DATA/TECH/2035 DOCUMENT REGISTER.xlsx,Documents - Pipeline & Cable,57,INCLUDE,,SDOC-b88b3a21b57536faa0309da2,GDOC-b3548ce05789a023a560fac6
2035,TECH,PIPELINE & CABLE,DOCUMENT,GENERAL TECHNICAL DOCUMENT,2035-NN-RP-050,SPARE,,,DATA/TECH/2035 DOCUMENT REGISTER.xlsx,Documents - Pipeline & Cable,58,INCLUDE,,SDOC-1999232153f6efc859b152ce,GDOC-f6e1a2afe3fe5a1c6d626021
2035,TECH,PIPELINE & CABLE,DOCUMENT,GENERAL TECHNICAL DOCUMENT,2035-NN-RP-051,SPARE,,,DATA/TECH/2035 DOCUMENT REGISTER.xlsx,Documents - Pipeline & Cable,59,INCLUDE,,SDOC-322cfc4a51a8c94f4f2895f3,GDOC-ba6abb0634043237fb2b6cfe
2035,TECH,PIPELINE & CABLE,DOCUMENT,GENERAL TECHNICAL DOCUMENT,2035-NN-RP-052,SPARE,,,DATA/TECH/2035 DOCUMENT REGISTER.xlsx,Documents - Pipeline & Cable,60,INCLUDE,,SDOC-9c6d4f8a740b0353dedbc52e,GDOC-e694c28be725129acd5a89be
2035,TECH,PIPELINE & CABLE,DOCUMENT,GENERAL TECHNICAL DOCUMENT,2035-NN-RP-053,SPARE,,,DATA/TECH/2035 DOCUMENT REGISTER.xlsx,Documents - Pipeline & Cable,61,INCLUDE,,SDOC-a3bcd07dd754ac5c3ea434da,GDOC-a669d72908f7367b9feac7c0
2035,TECH,PIPELINE & CABLE,DOCUMENT,GENERAL TECHNICAL DOCUMENT,2035-NN-RP-054,SPARE,,,DATA/TECH/2035 DOCUMENT REGISTER.xlsx,Documents - Pipeline & Cable,62,INCLUDE,,SDOC-7fe35b4ef7e6e240560059e6,GDOC-f3c34cdc9b261f7d012adb33
2035,TECH,PIPELINE & CABLE,DOCUMENT,GENERAL TECHNICAL DOCUMENT,2035-NN-RP-055,SPARE,,,DATA/TECH/2035 DOCUMENT REGISTER.xlsx,Documents - Pipeline & Cable,63,INCLUDE,,SDOC-151fdd324b569ba07f53edea,GDOC-b39bf3ad4592acd02ae453fe
2035,TECH,PIPELINE & CABLE,DOCUMENT,GENERAL TECHNICAL DOCUMENT,2035-NN-RP-056,SPARE,,,DATA/TECH/2035 DOCUMENT REGISTER.xlsx,Documents - Pipeline & Cable,64,INCLUDE,,SDOC-6aeeec76dc5ab5590722670e,GDOC-bb0fb1303daf0199188f5055
2035,TECH,PIPELINE & CABLE,DOCUMENT,GENERAL TECHNICAL DOCUMENT,2035-NN-RP-057,SPARE,,,DATA/TECH/2035 DOCUMENT REGISTER.xlsx,Documents - Pipeline & Cable,65,INCLUDE,,SDOC-bbd1ac5b54a84ca394ae3384,GDOC-80714eeab00871051f4426c9
2035,TECH,PIPELINE & CABLE,DOCUMENT,GENERAL TECHNICAL DOCUMENT,2035-NN-RP-058,SPARE,,,DATA/TECH/2035 DOCUMENT REGISTER.xlsx,Documents - Pipeline & Cable,66,INCLUDE,,SDOC-3d17975b6d75ea9a72cfffac,GDOC-d8265c7693dedfed8a9f3a18
2035,TECH,PIPELINE & CABLE,DOCUMENT,GENERAL TECHNICAL DOCUMENT,2035-NN-RP-059,SPARE,,,DATA/TECH/2035 DOCUMENT REGISTER.xlsx,Documents - Pipeline & Cable,67,INCLUDE,,SDOC-0e4e9a4b33d0f807e91fba0f,GDOC-007897f28449e573c3be0832
2035,TECH,PIPELINE & CABLE,DOCUMENT,GENERAL TECHNICAL DOCUMENT,2035-NN-RP-060,SPARE,,,DATA/TECH/2035 DOCUMENT REGISTER.xlsx,Documents - Pipeline & Cable,68,INCLUDE,,SDOC-01a59175488af9419c435504,GDOC-6758444fcb2857113749d75b
2035,TECH,PIPELINE & CABLE,DOCUMENT,GENERAL TECHNICAL DOCUMENT,2035-NN-RP-061,SPARE,,,DATA/TECH/2035 DOCUMENT REGISTER.xlsx,Documents - Pipeline & Cable,69,INCLUDE,,SDOC-fc81e1ce161a7bd3fe1e4f76,GDOC-c94b5fa2a0255c26f7be036c
2035,TECH,GENERAL / MULTIDISCIPLINE,DRAWING,ENGINEERING DRAWING,2035-NN-0001,START UP HEAD DETAILS FOR 16” PL,,,DATA/TECH/2035 DOCUMENT REGISTER.xlsx,Drawings,9,INCLUDE,,SDOC-86eb911f1b175cc7d144fb4c,GDOC-b4cf19c2c3a24e23656b528b
2035,TECH,GENERAL / MULTIDISCIPLINE,DRAWING,ENGINEERING DRAWING,2035-NN-0002,START UP HEAD DETAILS FOR 18” PL,,,DATA/TECH/2035 DOCUMENT REGISTER.xlsx,Drawings,10,INCLUDE,,SDOC-32662d47e9926a0d286cd8a2,GDOC-55af2c8f7d59ec55cd464391
2035,TECH,GENERAL / MULTIDISCIPLINE,DRAWING,ENGINEERING DRAWING,2035-NN-0003,"LAYDOWN HEAD DETAILS FOR 16"" PL",,,DATA/TECH/2035 DOCUMENT REGISTER.xlsx,Drawings,11,INCLUDE,,SDOC-78040d16b1670fb04d97e9e2,GDOC-baea7002bce9057c757d81c0
2035,TECH,GENERAL / MULTIDISCIPLINE,DRAWING,ENGINEERING DRAWING,2035-NN-0004,"LAYDOWN HEAD DETAILS FOR 18"" PL",,,DATA/TECH/2035 DOCUMENT REGISTER.xlsx,Drawings,12,INCLUDE,,SDOC-cf43ce89fa659f491250eb5b,GDOC-7710e59f8c81c96af36b6fcc
2035,TECH,GENERAL / MULTIDISCIPLINE,DRAWING,ENGINEERING DRAWING,2035-NN-0005,"EMERGENCY LAYDOWN HEAD DETAILS FOR 16"" PL",,,DATA/TECH/2035 DOCUMENT REGISTER.xlsx,Drawings,13,INCLUDE,,SDOC-fe9cd817c4c5284cb9799c5e,GDOC-f04a7a320bebf359f71fc710
2035,TECH,GENERAL / MULTIDISCIPLINE,DRAWING,ENGINEERING DRAWING,2035-NN-0006,"EMERGENCY LAYDOWN HEAD DETAILS FOR 18"" PL",,,DATA/TECH/2035 DOCUMENT REGISTER.xlsx,Drawings,14,INCLUDE,,SDOC-8132770accca27969d54885d,GDOC-7627d0cba08fb0dece674714
2035,TECH,GENERAL / MULTIDISCIPLINE,DRAWING,ENGINEERING DRAWING,2035-NN-0007,"BUCKLE DETECTOR DETAILS FOR 16"" PL",,,DATA/TECH/2035 DOCUMENT REGISTER.xlsx,Drawings,15,INCLUDE,,SDOC-576dd996b606aabe321be620,GDOC-d48495376c2869d58ddbf2aa
2035,TECH,GENERAL / MULTIDISCIPLINE,DRAWING,ENGINEERING DRAWING,2035-NN-0008,"BUCKLE DETECTOR DETAILS FOR 18"" PL",,,DATA/TECH/2035 DOCUMENT REGISTER.xlsx,Drawings,16,INCLUDE,,SDOC-592b9f647189620a478f5c77,GDOC-ba29d43d58911a67b9b6d53d
2035,TECH,GENERAL / MULTIDISCIPLINE,DRAWING,ENGINEERING DRAWING,2035-NN-0009,"RISER/SPOOL LIFTING AND INSTALLATION FOR 16"" HP OIL SUBSEA PIPELINE FROM US-159A TO US-12B (PL-1) @ US-159A",,,DATA/TECH/2035 DOCUMENT REGISTER.xlsx,Drawings,17,INCLUDE,,SDOC-506a16c90dc58202e95e6b48,GDOC-17d0b1d0e074cf953758e6da
2035,TECH,GENERAL / MULTIDISCIPLINE,DRAWING,ENGINEERING DRAWING,2035-NN-0010,"RISER/SPOOL LIFTING AND INSTALLATION FOR 16"" HP OIL SUBSEA PIPELINE FROM US-159A TO US-12B (PL-1) @  US-12B",,,DATA/TECH/2035 DOCUMENT REGISTER.xlsx,Drawings,18,INCLUDE,,SDOC-5f2a23ab3887e882e0438584,GDOC-110c93e6bbf8590f90088ffe
2035,TECH,GENERAL / MULTIDISCIPLINE,DRAWING,ENGINEERING DRAWING,2035-NN-0011,"RISER/SPOOL LIFTING AND INSTALLATION FOR 16"" HP OIL SUBSEA PIPELINE FROM US-12B TO USSC-RP1 (PL-2) @ US-12B",,,DATA/TECH/2035 DOCUMENT REGISTER.xlsx,Drawings,19,INCLUDE,,SDOC-76a48368dd5ab749885028af,GDOC-fe73de45045ac17637b10c91
2035,TECH,GENERAL / MULTIDISCIPLINE,DRAWING,ENGINEERING DRAWING,2035-NN-0012,"RISER/SPOOL LIFTING AND INSTALLATION FOR 16"" HP OIL SUBSEA PIPELINE FROM US-12B TO USSC-RP1 (PL-2) @ USSC-RP1",,,DATA/TECH/2035 DOCUMENT REGISTER.xlsx,Drawings,20,INCLUDE,,SDOC-c11f3008175c3f10cdc94e73,GDOC-882ef5754bc45fd379bdee6e
2035,TECH,GENERAL / MULTIDISCIPLINE,DRAWING,ENGINEERING DRAWING,2035-NN-0013,"RISER/SPOOL LIFTING AND INSTALLATION FOR 16"" HP OIL SUBSEA PIPELINE FROM US-142A TO USSC-RP1 (PL-3) @ US-142A",,,DATA/TECH/2035 DOCUMENT REGISTER.xlsx,Drawings,21,INCLUDE,,SDOC-a8ace318a6a1a4bcb5b21d5f,GDOC-17e724aaae83c7b43e9fea88
2035,TECH,GENERAL / MULTIDISCIPLINE,DRAWING,ENGINEERING DRAWING,2035-NN-0014,"RISER/SPOOL LIFTING AND INSTALLATION FOR 16"" HP OIL SUBSEA PIPELINE FROM US-142A TO USSC-RP1 (PL-3) @ USSC-RP1",,,DATA/TECH/2035 DOCUMENT REGISTER.xlsx,Drawings,22,INCLUDE,,SDOC-d607c90a54bf2153afdc5339,GDOC-f85349510328edf180f3d314
2035,TECH,GENERAL / MULTIDISCIPLINE,DRAWING,ENGINEERING DRAWING,2035-NN-0015,"RISER/SPOOL LIFTING AND INSTALLATION FOR 16"" HP OIL SUBSEA PIPELINE FROM US-19B TO US-153A (PL-4) @ US-19B",,,DATA/TECH/2035 DOCUMENT REGISTER.xlsx,Drawings,23,INCLUDE,,SDOC-3f15993ad934d9becc85f37f,GDOC-be0e634bb7728892343a14e4
2035,TECH,GENERAL / MULTIDISCIPLINE,DRAWING,ENGINEERING DRAWING,2035-NN-0016,"RISER/SPOOL LIFTING AND INSTALLATION FOR 16"" HP OIL SUBSEA PIPELINE FROM US-19B TO US-153A (PL-4) @  US-153A",,,DATA/TECH/2035 DOCUMENT REGISTER.xlsx,Drawings,24,INCLUDE,,SDOC-53ea150baec18dbc5bd26e08,GDOC-b8edfa9d0f67d03ddb2994bd
2035,TECH,GENERAL / MULTIDISCIPLINE,DRAWING,ENGINEERING DRAWING,2035-NN-0017,"RISER/SPOOL LIFTING AND INSTALLATION FOR 16"" HP OIL SUBSEA PIPELINE FROM US-153A TO USSC-RP1 (PL-5) @ US-153A",,,DATA/TECH/2035 DOCUMENT REGISTER.xlsx,Drawings,25,INCLUDE,,SDOC-c2a6473029a22665eaaaacee,GDOC-f9fa5c4cddc244320b71dbf4
2035,TECH,GENERAL / MULTIDISCIPLINE,DRAWING,ENGINEERING DRAWING,2035-NN-0018,"RISER/SPOOL LIFTING AND INSTALLATION FOR 16"" HP OIL SUBSEA PIPELINE FROM US-153A TO USSC-RP1 (PL-5) @ USSC-RP1",,,DATA/TECH/2035 DOCUMENT REGISTER.xlsx,Drawings,26,INCLUDE,,SDOC-bf5489b1ace90f3a7ad184c9,GDOC-5215f91765e55beff2db4852
2035,TECH,GENERAL / MULTIDISCIPLINE,DRAWING,ENGINEERING DRAWING,2035-NN-0019,"RISER/SPOOL LIFTING AND INSTALLATION FOR 18"" HP OIL SUBSEA PIPELINE FROM HP1 TO HP2 (PL-6) @ HP1",,,DATA/TECH/2035 DOCUMENT REGISTER.xlsx,Drawings,27,INCLUDE,,SDOC-d0b7cf1f5a0305ae741963d0,GDOC-fda0ac16f94268c24b80b88e
2035,TECH,GENERAL / MULTIDISCIPLINE,DRAWING,ENGINEERING DRAWING,2035-NN-0020,"RISER/SPOOL LIFTING AND INSTALLATION FOR 18"" HP OIL SUBSEA PIPELINE FROM HP1 TO HP2 (PL-6) @ HP2",,,DATA/TECH/2035 DOCUMENT REGISTER.xlsx,Drawings,28,INCLUDE,,SDOC-59a86c9e10b5ad1464c323e2,GDOC-95d5a2b3f7d74573fa16ff56
2035,TECH,GENERAL / MULTIDISCIPLINE,DRAWING,ENGINEERING DRAWING,2035-NN-0021,"RISER/SPOOL LIFTING AND INSTALLATION FOR 18"" HP OIL SUBSEA PIPELINE FROM HP2 TO USSC-RP1 (PL-7) @ HP2",,,DATA/TECH/2035 DOCUMENT REGISTER.xlsx,Drawings,29,INCLUDE,,SDOC-adcda9c47b7377d12d1683f2,GDOC-f99ee161567f80912412213e
2035,TECH,GENERAL / MULTIDISCIPLINE,DRAWING,ENGINEERING DRAWING,2035-NN-0022,"RISER/SPOOL LIFTING AND INSTALLATION FOR 18"" HP OIL SUBSEA PIPELINE FROM HP2 TO USSC-RP1 (PL-7) @ USSC-RP1",,,DATA/TECH/2035 DOCUMENT REGISTER.xlsx,Drawings,30,INCLUDE,,SDOC-db0c1b9e316d66f7d1366ca7,GDOC-fc26f17b342de168b2229e2a
2035,TECH,GENERAL / MULTIDISCIPLINE,DRAWING,ENGINEERING DRAWING,2035-NN-0023,"RISER/SPOOL LIFTING AND INSTALLATION FOR 16"" HP OIL SUBSEA PIPELINE FROM HP3 TO USSC-RP1 (PL-8) @ HP3",,,DATA/TECH/2035 DOCUMENT REGISTER.xlsx,Drawings,31,INCLUDE,,SDOC-76b621941ee236bb6e8bd281,GDOC-cca671da0a01ce0b44e2f01c
2035,TECH,GENERAL / MULTIDISCIPLINE,DRAWING,ENGINEERING DRAWING,2035-NN-0024,"RISER/SPOOL LIFTING AND INSTALLATION FOR 16"" HP OIL SUBSEA PIPELINE FROM HP3 TO USSC-RP1 (PL-8) @ USSC-RP1",,,DATA/TECH/2035 DOCUMENT REGISTER.xlsx,Drawings,32,INCLUDE,,SDOC-17571423181020ce504f8cd7,GDOC-09f651ecc3e9d03e2447cfd1
2035,TECH,GENERAL / MULTIDISCIPLINE,DRAWING,ENGINEERING DRAWING,2035-NN-0025,"RISER/SPOOL LIFTING AND INSTALLATION FOR 16"" WATER INJECTION SUBSEA PIPELINE FROM USSC-RP1 TO HP3 (PL-9) @ USSC-RP1",,,DATA/TECH/2035 DOCUMENT REGISTER.xlsx,Drawings,33,INCLUDE,,SDOC-57396e5902c03a7c34956da4,GDOC-c052a62cbb5e524098da2858
2035,TECH,GENERAL / MULTIDISCIPLINE,DRAWING,ENGINEERING DRAWING,2035-NN-0026,"RISER/SPOOL LIFTING AND INSTALLATION FOR 16"" WATER INJECTION SUBSEA PIPELINE FROM USSC-RP1 TO HP3 (PL-9) @ HP3",,,DATA/TECH/2035 DOCUMENT REGISTER.xlsx,Drawings,34,INCLUDE,,SDOC-4b526eef2aa9bf8710de5b97,GDOC-400b475cdd3c947ceb500381
2035,TECH,GENERAL / MULTIDISCIPLINE,DRAWING,ENGINEERING DRAWING,2035-NN-0027,"RISER/SPOOL LIFTING AND INSTALLATION FOR 16"" WATER INJECTION SUBSEA PIPELINE FROM HP3 TO HP2 (PL-10) @ HP3",,,DATA/TECH/2035 DOCUMENT REGISTER.xlsx,Drawings,35,INCLUDE,,SDOC-fa37a4d133ebce7cdb8905bb,GDOC-71383cd7bbe16f347de04a73
2035,TECH,GENERAL / MULTIDISCIPLINE,DRAWING,ENGINEERING DRAWING,2035-NN-0028,"RISER/SPOOL LIFTING AND INSTALLATION FOR 16"" WATER INJECTION SUBSEA PIPELINE FROM HP3 TO HP2 (PL-10) @ HP2",,,DATA/TECH/2035 DOCUMENT REGISTER.xlsx,Drawings,36,INCLUDE,,SDOC-411d2b3dd6c96bae9e648b26,GDOC-25ff72b3f49aa1f302e5c5dd
2035,TECH,GENERAL / MULTIDISCIPLINE,DRAWING,ENGINEERING DRAWING,2035-NN-0029,"RISER/SPOOL LIFTING AND INSTALLATION FOR 16"" WATER INJECTION SUBSEA PIPELINE FROM HP2 TO HP1 (PL-11) @ HP2",,,DATA/TECH/2035 DOCUMENT REGISTER.xlsx,Drawings,37,INCLUDE,,SDOC-c61d0245309fad7f47a2243a,GDOC-d155114062d80f84efa0e492
2035,TECH,GENERAL / MULTIDISCIPLINE,DRAWING,ENGINEERING DRAWING,2035-NN-0030,"RISER/SPOOL LIFTING AND INSTALLATION FOR 16"" WATER INJECTION SUBSEA PIPELINE FROM HP2 TO HP1 (PL-11) @ HP1",,,DATA/TECH/2035 DOCUMENT REGISTER.xlsx,Drawings,38,INCLUDE,,SDOC-ab03664a4b714d64ef5b1c66,GDOC-502eb21f5a9b51d0fb7acdde
2035,TECH,GENERAL / MULTIDISCIPLINE,DRAWING,ENGINEERING DRAWING,2035-NN-0031,LOADING ARRANGEMENT & SEAFASTENING  OF C.C PIPES TRIP-1 WITH BALAST PLAN,,,DATA/TECH/2035 DOCUMENT REGISTER.xlsx,Drawings,39,INCLUDE,,SDOC-32077e917e9de1bc79d5cbcc,GDOC-275ff01a777c761863363303
2035,TECH,GENERAL / MULTIDISCIPLINE,DRAWING,ENGINEERING DRAWING,2035-NN-0032,LOADING ARRANGEMENT & SEAFASTENING  OF C.C PIPES TRIP-2 WITH BALAST PLAN,,,DATA/TECH/2035 DOCUMENT REGISTER.xlsx,Drawings,40,INCLUDE,,SDOC-7946af1a7c44a1c77f14d125,GDOC-dd057f074e59fc05fbed83c3
2035,TECH,GENERAL / MULTIDISCIPLINE,DRAWING,ENGINEERING DRAWING,2035-NN-0033,LOADING ARRANGEMENT & SEAFASTENING  OF C.C PIPES TRIP-3 WITH BALAST PLAN,,,DATA/TECH/2035 DOCUMENT REGISTER.xlsx,Drawings,41,INCLUDE,,SDOC-72d5686d5d9b0b354a552407,GDOC-dad01adbc564235c559c12b5
2035,TECH,GENERAL / MULTIDISCIPLINE,DRAWING,ENGINEERING DRAWING,2035-NN-0034,LOADING ARRANGEMENT & SEAFASTENING  OF C.C PIPES TRIP-4 WITH BALAST PLAN,,,DATA/TECH/2035 DOCUMENT REGISTER.xlsx,Drawings,42,INCLUDE,,SDOC-924a30172bf75485bdadd785,GDOC-5febf2e49cf4bfa514d6dd47
2035,TECH,GENERAL / MULTIDISCIPLINE,DRAWING,ENGINEERING DRAWING,2035-NN-0035,LOADING ARRANGEMENT & SEAFASTENING  OF C.C PIPES TRIP-5 WITH BALAST PLAN,,,DATA/TECH/2035 DOCUMENT REGISTER.xlsx,Drawings,43,INCLUDE,,SDOC-8c8971d454bbc73223d2bc93,GDOC-714cc4209661ac6ea8b86d02
2035,TECH,GENERAL / MULTIDISCIPLINE,DRAWING,ENGINEERING DRAWING,2035-NN-0036,LOADING ARRANGEMENT & SEAFASTENING  OF C.C PIPES TRIP-6 WITH BALAST PLAN,,,DATA/TECH/2035 DOCUMENT REGISTER.xlsx,Drawings,44,INCLUDE,,SDOC-08d7947fee40ea511c8a2830,GDOC-c3c54e3019cffff4358349bc
2035,TECH,GENERAL / MULTIDISCIPLINE,DRAWING,ENGINEERING DRAWING,2035-NN-0037,"LOADING ARRGT & SEAFASTENING DETAILS OF OF RISERS, SPOOLS & RISER PROTECTOR TRIP-1 WITH BALAST PLAN",,,DATA/TECH/2035 DOCUMENT REGISTER.xlsx,Drawings,45,INCLUDE,,SDOC-72826957a7bb7041fe51b0c1,GDOC-56e0d41c7518ebb7651b6bf3
2035,TECH,GENERAL / MULTIDISCIPLINE,DRAWING,ENGINEERING DRAWING,2035-NN-0038,"LOADING ARRGT & SEAFASTENING DETAILS OF OF RISERS, SPOOLS & RISER PROTECTOR TRIP-2 WITH BALAST PLAN",,,DATA/TECH/2035 DOCUMENT REGISTER.xlsx,Drawings,46,INCLUDE,,SDOC-57feeb995f7f2463483e5fc6,GDOC-9885e2fb22a3b5217febf2d2
2035,TECH,GENERAL / MULTIDISCIPLINE,DRAWING,ENGINEERING DRAWING,2035-NN-0039,"LOADING ARRGT & SEAFASTENING DETAILS OF OF RISERS, SPOOLS & RISER PROTECTOR TRIP-3 WITH BALAST PLAN",,,DATA/TECH/2035 DOCUMENT REGISTER.xlsx,Drawings,47,INCLUDE,,SDOC-9061c3a481eceae1c99843a3,GDOC-24bb86174876fce45bdeac87
2035,TECH,GENERAL / MULTIDISCIPLINE,DRAWING,ENGINEERING DRAWING,2035-NN-0040,"LOADING ARRANGEMENT AND SEAFASTENING OF SLEEPERS, MATTRESSES , GROUT BAG AND MISCELLANEOUS TRIP-1 WITH BALAST PLAN",,,DATA/TECH/2035 DOCUMENT REGISTER.xlsx,Drawings,48,INCLUDE,,SDOC-d6e7135a49af4fd5a302925c,GDOC-1e1e968fd941cc3d96c8a85a
2035,TECH,GENERAL / MULTIDISCIPLINE,DRAWING,ENGINEERING DRAWING,2035-NN-0041,"LOADING ARRANGEMENT AND SEAFASTENING OF SLEEPERS, MATTRESSES , GROUT BAG AND MISCELLANEOUS TRIP-2 WITH BALAST PLAN",,,DATA/TECH/2035 DOCUMENT REGISTER.xlsx,Drawings,49,INCLUDE,,SDOC-00f35ed7a3b044aec590ecf6,GDOC-6acce12ddea2aed873bf41c6
2035,TECH,GENERAL / MULTIDISCIPLINE,DRAWING,ENGINEERING DRAWING,2035-NN-0042,"LOADING ARRANGEMENT AND SEAFASTENING OF SLEEPERS, MATTRESSES , GROUT BAG AND MISCELLANEOUS TRIP-3 WITH BALAST PLAN",,,DATA/TECH/2035 DOCUMENT REGISTER.xlsx,Drawings,50,INCLUDE,,SDOC-9afb73ee8b80637c0584b7d2,GDOC-b2e447d00f1228fdbc31d8f2
2035,TECH,GENERAL / MULTIDISCIPLINE,DRAWING,ENGINEERING DRAWING,2035-NN-0043,TYPICAL LIFTING AND INSTALLATION DRAWING FOR SLEEPERS,,,DATA/TECH/2035 DOCUMENT REGISTER.xlsx,Drawings,51,INCLUDE,,SDOC-547c968df5b0a0e428fdf916,GDOC-558ffcd84fec3c2e984f8903
2035,TECH,GENERAL / MULTIDISCIPLINE,DRAWING,ENGINEERING DRAWING,2035-NN-0044,TYPICAL LIFTING AND INSTALLATION DRAWING FOR MATTRESSES,,,DATA/TECH/2035 DOCUMENT REGISTER.xlsx,Drawings,52,INCLUDE,,SDOC-c7dfd73d8ad9e2f94e4fc093,GDOC-6bb42d1b1c6605b71822f612
2035,TECH,GENERAL / MULTIDISCIPLINE,DRAWING,ENGINEERING DRAWING,2035-NN-0045,TYPICAL LIFTING AND INSTALLATION DRAWING FOR GROUTBAG,,,DATA/TECH/2035 DOCUMENT REGISTER.xlsx,Drawings,53,INCLUDE,,SDOC-acfcb1358ea3474f3cbac242,GDOC-836f77107a37fd84dfacd33d
2035,TECH,GENERAL / MULTIDISCIPLINE,DRAWING,ENGINEERING DRAWING,2035-NN-0046,TYPICAL LIFTING AND INSTALLATION DRAWING FOR TEMPORARY SUPPORT,,,DATA/TECH/2035 DOCUMENT REGISTER.xlsx,Drawings,54,INCLUDE,,SDOC-94a538a589d4a24aa90c2387,GDOC-5a9e15a45f81029dbf1c5f67
2035,TECH,GENERAL / MULTIDISCIPLINE,DRAWING,ENGINEERING DRAWING,2035-NN-0047,SPARE,,,DATA/TECH/2035 DOCUMENT REGISTER.xlsx,Drawings,55,INCLUDE,,SDOC-bdae656b47cff48d6545d801,GDOC-ef7ddbb4e441c70f42f782dd
2035,TECH,GENERAL / MULTIDISCIPLINE,DRAWING,ENGINEERING DRAWING,2035-NN-0048,SPARE,,,DATA/TECH/2035 DOCUMENT REGISTER.xlsx,Drawings,56,INCLUDE,,SDOC-2198237c0e1139e8fc6646a1,GDOC-8819d59cab1210b407bd0b3a
2035,TECH,GENERAL / MULTIDISCIPLINE,DRAWING,ENGINEERING DRAWING,2035-NN-0049,SPARE,,,DATA/TECH/2035 DOCUMENT REGISTER.xlsx,Drawings,57,INCLUDE,,SDOC-19f13453b84b3a198d770ed1,GDOC-f4446d5cfa4dde55571b28d9
2035,TECH,GENERAL / MULTIDISCIPLINE,DRAWING,ENGINEERING DRAWING,2035-NN-0050,SPARE,,,DATA/TECH/2035 DOCUMENT REGISTER.xlsx,Drawings,58,INCLUDE,,SDOC-1062bfc5deeae2601d3d648e,GDOC-0876b63fe370a07345f00f41
2035,TECH,GENERAL / MULTIDISCIPLINE,DRAWING,ENGINEERING DRAWING,2035-NN-0051,SPARE,,,DATA/TECH/2035 DOCUMENT REGISTER.xlsx,Drawings,59,INCLUDE,,SDOC-45a2521d05e6db561b06dae3,GDOC-8610029761e64a98f2dcd19f
2035,TECH,GENERAL / MULTIDISCIPLINE,DRAWING,ENGINEERING DRAWING,2035-NN-0052,SPARE,,,DATA/TECH/2035 DOCUMENT REGISTER.xlsx,Drawings,60,INCLUDE,,SDOC-84c5dc370fc678c1089ba0df,GDOC-79bdb0d768bf5ca5cd9a5b1e
2035,TECH,GENERAL / MULTIDISCIPLINE,DRAWING,ENGINEERING DRAWING,2035-NN-0053,SPARE,,,DATA/TECH/2035 DOCUMENT REGISTER.xlsx,Drawings,61,INCLUDE,,SDOC-7aed8c4ce894ccc52ce351c0,GDOC-5603b9db383b02c89221a02f
2035,TECH,GENERAL / MULTIDISCIPLINE,DRAWING,ENGINEERING DRAWING,2035-NN-0054,SPARE,,,DATA/TECH/2035 DOCUMENT REGISTER.xlsx,Drawings,62,INCLUDE,,SDOC-009452f70590e9703739b2ca,GDOC-8c354d6714ecf99721796d45
2035,TECH,GENERAL / MULTIDISCIPLINE,DRAWING,ENGINEERING DRAWING,2035-NN-0055,SPARE,,,DATA/TECH/2035 DOCUMENT REGISTER.xlsx,Drawings,63,INCLUDE,,SDOC-005a849409197ed802367eb7,GDOC-40d8090e5dee2fd64e33b9d6
2035,TECH,GENERAL / MULTIDISCIPLINE,DRAWING,ENGINEERING DRAWING,2035-NN-0056,SPARE,,,DATA/TECH/2035 DOCUMENT REGISTER.xlsx,Drawings,64,INCLUDE,,SDOC-44fbfc937a86fcadcaa3f506,GDOC-37dc6e43d81d45912f8010f9
2035,TECH,GENERAL / MULTIDISCIPLINE,DRAWING,ENGINEERING DRAWING,2035-NN-0057,SPARE,,,DATA/TECH/2035 DOCUMENT REGISTER.xlsx,Drawings,65,INCLUDE,,SDOC-284919c0a39ee444d28b0255,GDOC-dc9bbf8f3b16f69e3cf60f85
2035,TECH,GENERAL / MULTIDISCIPLINE,DRAWING,ENGINEERING DRAWING,2035-NN-0058,SPARE,,,DATA/TECH/2035 DOCUMENT REGISTER.xlsx,Drawings,66,INCLUDE,,SDOC-3c50c0f1ee7235797dd16490,GDOC-de1007d93009c58c625cceb3
2035,TECH,GENERAL / MULTIDISCIPLINE,DRAWING,ENGINEERING DRAWING,2035-NN-0059,SPARE,,,DATA/TECH/2035 DOCUMENT REGISTER.xlsx,Drawings,67,INCLUDE,,SDOC-785a8760d13276c6a59f8b51,GDOC-e76e78b653d63c0877b23d6c
2035,TECH,GENERAL / MULTIDISCIPLINE,DRAWING,ENGINEERING DRAWING,2035-NN-0060,SPARE,,,DATA/TECH/2035 DOCUMENT REGISTER.xlsx,Drawings,68,INCLUDE,,SDOC-334125ab4fe9a9dfcacad018,GDOC-cf6fb92cdaab489aefe9d12d
2035,TECH,GENERAL / MULTIDISCIPLINE,DRAWING,ENGINEERING DRAWING,2035-NN-0061,SPARE,,,DATA/TECH/2035 DOCUMENT REGISTER.xlsx,Drawings,69,INCLUDE,,SDOC-f7a00a84a4eacf3df8789af3,GDOC-f55a5c6cefda187e495e8780
2035,TECH,GENERAL / MULTIDISCIPLINE,DRAWING,ENGINEERING DRAWING,2035-NN-0062,SPARE,,,DATA/TECH/2035 DOCUMENT REGISTER.xlsx,Drawings,70,INCLUDE,,SDOC-54c036897deffc04eba7eea6,GDOC-43dec97bdd1a092556365a6f
2035,TECH,GENERAL / MULTIDISCIPLINE,DRAWING,ENGINEERING DRAWING,2035-NN-0063,SPARE,,,DATA/TECH/2035 DOCUMENT REGISTER.xlsx,Drawings,71,INCLUDE,,SDOC-b228823a02ad49eb0fd79c10,GDOC-d46e4922c8527e64f745d09f
2035,TECH,GENERAL / MULTIDISCIPLINE,DRAWING,ENGINEERING DRAWING,2035-NN-0064,SPARE,,,DATA/TECH/2035 DOCUMENT REGISTER.xlsx,Drawings,72,INCLUDE,,SDOC-7ba13ed8d8c0ebcb22d2bd4b,GDOC-b372919f527789a1b03fdaad
2035,TECH,GENERAL / MULTIDISCIPLINE,DRAWING,ENGINEERING DRAWING,2035-NN-0065,SPARE,,,DATA/TECH/2035 DOCUMENT REGISTER.xlsx,Drawings,73,INCLUDE,,SDOC-4d0da98b6d5a16cc5b6e2bc3,GDOC-afa9d57146b34957afb683d3
2035,TECH,GENERAL / MULTIDISCIPLINE,DRAWING,ENGINEERING DRAWING,2035-NN-0066,SPARE,,,DATA/TECH/2035 DOCUMENT REGISTER.xlsx,Drawings,74,INCLUDE,,SDOC-98a179e53c483d8e9b42b04d,GDOC-6a9cd4c5d6a6955d712fe774
2035,TECH,GENERAL / MULTIDISCIPLINE,DRAWING,ENGINEERING DRAWING,2035-NN-0067,SPARE,,,DATA/TECH/2035 DOCUMENT REGISTER.xlsx,Drawings,75,INCLUDE,,SDOC-6c2ebfe7a6cd7f967025177e,GDOC-0a4d5f69e4b8bbd790e4da2c
2035,TECH,GENERAL / MULTIDISCIPLINE,DRAWING,ENGINEERING DRAWING,2035-NN-0068,SPARE,,,DATA/TECH/2035 DOCUMENT REGISTER.xlsx,Drawings,76,INCLUDE,,SDOC-b03eef8773fbc57bb321b8e7,GDOC-27d9269f756b9f34b9f2996a
2035,TECH,GENERAL / MULTIDISCIPLINE,DRAWING,ENGINEERING DRAWING,2035-NN-0069,SPARE,,,DATA/TECH/2035 DOCUMENT REGISTER.xlsx,Drawings,77,INCLUDE,,SDOC-91d91cdda3ca55323a98d96a,GDOC-a4564fec247b7b790a7f907a
2035,TECH,GENERAL / MULTIDISCIPLINE,DRAWING,ENGINEERING DRAWING,2035-NN-0070,SPARE,,,DATA/TECH/2035 DOCUMENT REGISTER.xlsx,Drawings,78,INCLUDE,,SDOC-97995c7c52e2f4a3dd1ea32c,GDOC-da0c711efe6063c67a84ba49
2035,TECH,GENERAL / MULTIDISCIPLINE,DRAWING,ENGINEERING DRAWING,2035-NN-0071,SPARE,,,DATA/TECH/2035 DOCUMENT REGISTER.xlsx,Drawings,79,INCLUDE,,SDOC-6dbf735fe91f89ac8bb45245,GDOC-cffb0768c80946ad6ffd3101
2035,TECH,PIPELINE & CABLE,DOCUMENT,SPECIFICATION,2136-N-SP-0314,SPECIFICATION FOR OFFSHORE PIPELINE AND RISER INSTALLATION – REV-A1,E1279-TS-PLW-L-0019,,DATA/TECH/2035 DOCUMENT REGISTER.xlsx,Specification,9,INCLUDE,,SDOC-b2eab64ec632f0e006b7474c,GDOC-a8f2b314ecdb15de043501b3
2035,TECH,GENERAL / MULTIDISCIPLINE,DRAWING,CUT LIST,2035-NN-0001,START UP HEAD DETAILS FOR 16” PIPE LINE (WELD TYPE),,..\Drawings\Cut-list%20drawings\2035-NN-0001,DATA/TECH/2035 Offshore Construction Engineering Register (Pipeline & Cables).xlsx,Cut-list,5,INCLUDE,,SDOC-a88099d7a298dd8a40de1757,GDOC-b4cf19c2c3a24e23656b528b
2035,TECH,GENERAL / MULTIDISCIPLINE,DRAWING,CUT LIST,2035-NN-0002-CTL,"START UP HEAD DETAILS FOR 18"" PIPLE LINE (FLANGE TYPE) WITH CUTLIST 1 + 11",,..\Drawings\Cut-list%20drawings\2035-NN-0002-CTL,DATA/TECH/2035 Offshore Construction Engineering Register (Pipeline & Cables).xlsx,Cut-list,6,INCLUDE,,SDOC-2f4b226f65ca68acc6344bed,GDOC-4dae8ca0a32be7b85d3cf242
2035,TECH,GENERAL / MULTIDISCIPLINE,DRAWING,CUT LIST,2035-NN-0004-CTL,"START UP HEAD DETAILS FOR 18"" PIPLE LINE (WELD TYPE) WITH CUTLIST 1 + 10",,..\Drawings\Cut-list%20drawings\2035-NN-0004-CTL,DATA/TECH/2035 Offshore Construction Engineering Register (Pipeline & Cables).xlsx,Cut-list,9,INCLUDE,,SDOC-5cefd375158959b9f8bcabf0,GDOC-cae21dbfc6c5dd2731793081
2035,TECH,GENERAL / MULTIDISCIPLINE,DRAWING,CUT LIST,2035-NN-0005-CTL,"TYPICAL EMERGENCY HEAD FOR 16"" PIPE LINE (WITH CUTLIST 1 + 14",,..\Drawings\Cut-list%20drawings\2035-NN-0005-CTL,DATA/TECH/2035 Offshore Construction Engineering Register (Pipeline & Cables).xlsx,Cut-list,12,INCLUDE,,SDOC-88c0d5d8cdc2cad61cedabe1,GDOC-9f3a55adfb42b665350e48e9
2035,TECH,GENERAL / MULTIDISCIPLINE,DRAWING,CUT LIST,2035-NN-0006-CTL,"TYPICAL EMERGENCY HEAD FOR 18"" PIPE LINE (WITH CUTLIST 1 + 10 REV-1)",,..\Drawings\Cut-list%20drawings\2035-NN-0006-CTL,DATA/TECH/2035 Offshore Construction Engineering Register (Pipeline & Cables).xlsx,Cut-list,15,INCLUDE,,SDOC-47f047e7dc16db43d14e1a8f,GDOC-c72b6c8439e88767a8ff5764
2035,TECH,GENERAL / MULTIDISCIPLINE,DRAWING,CUT LIST,2035-NN-0047-CTL,"TEMPORARY 18"" PIG LAUNCHER & RECEIVER (WITH CUTLIST 1 + 11 REV-1)",,..\Drawings\Cut-list%20drawings\2035-NN-0047-CTL,DATA/TECH/2035 Offshore Construction Engineering Register (Pipeline & Cables).xlsx,Cut-list,17,INCLUDE,,SDOC-d4f1b4dda91b0e7398e47635,GDOC-e5469b95e844538fcefdd4e6
2035,TECH,GENERAL / MULTIDISCIPLINE,DRAWING,CUT LIST,2035-NN-0048-CTL,"TEMPORARY 16"" PIG LAUNCHER & RECEIVER  (WITH CUTLIST 1 + 11 REV-1)",,..\Drawings\Cut-list%20drawings\2035-NN-0048-CTL,DATA/TECH/2035 Offshore Construction Engineering Register (Pipeline & Cables).xlsx,Cut-list,18,INCLUDE,,SDOC-58ec444b41ef2e708d26097c,GDOC-fd66291e57fd1003abc4fe67
2035,TECH,GENERAL / MULTIDISCIPLINE,DRAWING,CUT LIST,2035-NN-0049-CTL,"START UP HEAD DETAILS FOR 16"" PIPE LINE (FLANGE TYPE)",,..\Drawings\Cut-list%20drawings\2035-NN-0049,DATA/TECH/2035 Offshore Construction Engineering Register (Pipeline & Cables).xlsx,Cut-list,19,INCLUDE,,SDOC-fa8af73c44f8e59ca577836c,GDOC-9df8564f2a3697f8c5c52e48
2035,TECH,GENERAL / MULTIDISCIPLINE,DRAWING,CUT LIST,2035-NN-0050-CTL,"LAYDOWN HEAD DETAILS FOR 16"" PIPE LINE (FLANGE TYPE)",,..\Drawings\Cut-list%20drawings\2035-NN-0050-CTL,DATA/TECH/2035 Offshore Construction Engineering Register (Pipeline & Cables).xlsx,Cut-list,20,INCLUDE,,SDOC-8512c536b5ebaaeb25368271,GDOC-6bbe3d0595d9ed3542ebfbc4
2035,TECH,GENERAL / MULTIDISCIPLINE,DRAWING,CUT LIST,2035-NN-0051-CTL,"LAYDOWN HEAD DETAILS FOR 18"" PIPE LINE (FLANGE TYPE)",,..\Drawings\2035-NN-0051,DATA/TECH/2035 Offshore Construction Engineering Register (Pipeline & Cables).xlsx,Cut-list,23,INCLUDE,,SDOC-c944880b97b84689ca7e24a6,GDOC-1b9b68fb9f010741174544cb
2035,TECH,GENERAL / MULTIDISCIPLINE,DRAWING,CUT LIST,2035-NN-0056-CTL,"START UP HEAD, LAYDOWN, EMERGENCY HEAD & BLIND  FLANGE DETAILS FOR 2"" PIGGYBACK PIPELINE",,..\Drawings\Cut-list%20drawings\2035-NN-0056-CTL,DATA/TECH/2035 Offshore Construction Engineering Register (Pipeline & Cables).xlsx,Cut-list,26,INCLUDE,,SDOC-76976afe6775a486b20b867c,GDOC-23663f341a96a9df1a3e4847
2035,TECH,GENERAL / MULTIDISCIPLINE,DRAWING,CUT LIST,2035-NN-0058-CTL,"FLANGE PROTECTOR DETAILS FOR 16"" PIPELINE
WITH 50mm THK. CONCRETE COATING - (WITH CUTLIST)",,..\Drawings\Cut-list%20drawings\2035-NN-0058-CTL,DATA/TECH/2035 Offshore Construction Engineering Register (Pipeline & Cables).xlsx,Cut-list,28,INCLUDE,,SDOC-2f64e77703997ae525734344,GDOC-013954ead87db0d73b43055d
2035,TECH,GENERAL / MULTIDISCIPLINE,DRAWING,CUT LIST,2035-NN-0059-CTL,"FLANGE PROTECTOR DETAILS FOR 16"" PIPELINE
WITH 80mm THK. CONCRETE COATING - (WITH CUTLIST)",,..\Drawings\Cut-list%20drawings\2035-NN-0059-CTL,DATA/TECH/2035 Offshore Construction Engineering Register (Pipeline & Cables).xlsx,Cut-list,29,INCLUDE,,SDOC-ad6d753cba701fdbc58b069d,GDOC-1ddb187ba664a8079d4d7561
2035,TECH,GENERAL / MULTIDISCIPLINE,DRAWING,CUT LIST,2035-NN-0060-CTL,"FLANGE PROTECTOR DETAILS FOR 16"" PIPELINE
WITH 95mm THK. CONCRETE COATING - (WITH CUTLIST)",,..\Drawings\Cut-list%20drawings\2035-NN-0060-CTL,DATA/TECH/2035 Offshore Construction Engineering Register (Pipeline & Cables).xlsx,Cut-list,30,INCLUDE,,SDOC-ae3f0e4eb52562b7580c1b66,GDOC-a8ad41e2facc028d6383aba0
2035,TECH,GENERAL / MULTIDISCIPLINE,DRAWING,CUT LIST,2035-NN-0061-CTL,"FLANGE PROTECTOR DETAILS FOR 16"" PIPELINE
WITH 70mm THK. CONCRETE COATING - (WITH CUTLIST)",,..\Drawings\Cut-list%20drawings\2035-NN-0061-CTL,DATA/TECH/2035 Offshore Construction Engineering Register (Pipeline & Cables).xlsx,Cut-list,31,INCLUDE,,SDOC-3eab3d30b0304c0b0aed63a1,GDOC-dc9ddfe40670db81423a7713
2035,TECH,GENERAL / MULTIDISCIPLINE,DRAWING,CUT LIST,2035-NN-0062-CTL,"FLANGE PROTECTOR DETAILS FOR 16"" PIPELINE
WITH 175mm THK. CONCRETE COATING - (WITH CUTLIST)",,..\Drawings\Cut-list%20drawings\2035-NN-0062-CTL,DATA/TECH/2035 Offshore Construction Engineering Register (Pipeline & Cables).xlsx,Cut-list,32,INCLUDE,,SDOC-3ff40d3d7f8c62783e0e84f0,GDOC-a05b9f2f2686ee86f791d807
2035,TECH,GENERAL / MULTIDISCIPLINE,DRAWING,CUT LIST,2035-NN-0063-CTL,"FLANGE PROTECTOR DETAILS FOR 16"" PIPELINE
WITH 85mm THK. CONCRETE COATING - (WITH CUTLIST)",,..\Drawings\Cut-list%20drawings\2035-NN-0063-CTL,DATA/TECH/2035 Offshore Construction Engineering Register (Pipeline & Cables).xlsx,Cut-list,33,INCLUDE,,SDOC-3b48a07bea800d84d2c822a3,GDOC-ce5ae8e03062a9d9801d78d7
2035,TECH,GENERAL / MULTIDISCIPLINE,DRAWING,CUT LIST,2035-NN-0064-CTL,"FLANGE PROTECTOR DETAILS FOR 16"" PIPELINE
WITH 150mm THK. CONCRETE COATING - (WITH CUTLIST)",,..\Drawings\Cut-list%20drawings\2035-NN-0064-CTL,DATA/TECH/2035 Offshore Construction Engineering Register (Pipeline & Cables).xlsx,Cut-list,34,INCLUDE,,SDOC-e506bc164acb7c5bf7cf3730,GDOC-6c44e1d87d477f6ea2892bea
2035,TECH,GENERAL / MULTIDISCIPLINE,DRAWING,CUT LIST,2035-NN-0065-CTL,"FLANGE PROTECTOR DETAILS FOR 16"" PIPELINE
WITH 120mm THK. CONCRETE COATING - (WITH CUTLIST)",,..\Drawings\Cut-list%20drawings\2035-NN-0065-CTL,DATA/TECH/2035 Offshore Construction Engineering Register (Pipeline & Cables).xlsx,Cut-list,35,INCLUDE,,SDOC-50e3d985bc818cf5bf4ee46a,GDOC-89f997b0a3622c2eab8e46e4
2035,TECH,GENERAL / MULTIDISCIPLINE,DRAWING,CUT LIST,2035-NN-0066-CTL,"FLANGE PROTECTOR DETAILS FOR 16"" PIPELINE
WITH 60mm THK. CONCRETE COATING - (WITH CUTLIST)",,..\Drawings\Cut-list%20drawings\2035-NN-0066-CTL,DATA/TECH/2035 Offshore Construction Engineering Register (Pipeline & Cables).xlsx,Cut-list,36,INCLUDE,,SDOC-8e5fb87ed9e01901534052ae,GDOC-75d437a24a0174b9ef1cc862
2035,TECH,GENERAL / MULTIDISCIPLINE,DRAWING,CUT LIST,2035-NN-0067-CTL,"FLANGE PROTECTOR DETAILS FOR 16"" PIPELINE
WITH 100mm THK. CONCRETE COATING - (WITH CUTLIST)",,..\Drawings\Cut-list%20drawings\2035-NN-0067-CTL,DATA/TECH/2035 Offshore Construction Engineering Register (Pipeline & Cables).xlsx,Cut-list,37,INCLUDE,,SDOC-e7a6c332a8b16866554b9af8,GDOC-cd855bcc1a2281cb916d5f6d
2035,TECH,GENERAL / MULTIDISCIPLINE,DRAWING,CUT LIST,2035-NN-0068-CTL,"FLANGE PROTECTOR DETAILS FOR 18"" PIPELINE
WITH 150mm THK. CONCRETE COATING - (WITH CUTLIST)",,..\Drawings\Cut-list%20drawings\2035-NN-0068-CTL,DATA/TECH/2035 Offshore Construction Engineering Register (Pipeline & Cables).xlsx,Cut-list,38,INCLUDE,,SDOC-dd75c3d65b596ef8a6efd457,GDOC-e05939a9216d7ebcd95668f2
2035,TECH,GENERAL / MULTIDISCIPLINE,DRAWING,CUT LIST,2035-NN-0069-CTL,"FLANGE PROTECTOR DETAILS FOR 18"" PIPELINE
WITH 40mm THK. CONCRETE COATING - (WITH CUTLIST)",,..\Drawings\Cut-list%20drawings\2035-NN-0069-CTL,DATA/TECH/2035 Offshore Construction Engineering Register (Pipeline & Cables).xlsx,Cut-list,39,INCLUDE,,SDOC-be1ead01c0cfc3834cc90ab0,GDOC-e4a5bb963c6331dd88b049f9
2035,TECH,GENERAL / MULTIDISCIPLINE,DRAWING,CUT LIST,2035-NN-0071-CTL,"FLANGE PROTECTOR DETAILS FOR 18"" PIPELINE
WITH 80mm THK. CONCRETE COATING - (WITH CUTLIST)",,..\Drawings\Cut-list%20drawings\2035-NN-0071-CTL,DATA/TECH/2035 Offshore Construction Engineering Register (Pipeline & Cables).xlsx,Cut-list,40,INCLUDE,,SDOC-461ff5e60fb8842075975cc9,GDOC-467d6d11654bbafe62adf130
2035,TECH,GENERAL / MULTIDISCIPLINE,DRAWING,CUT LIST,OFO-P2035-SK-113,SEAFASTENING GRILLAGE LAYOUT & DETAILS (WITH CUTLIST 2 + 41 – REV-0),,..\Drawings\Cut-list%20drawings\2035-NN-0113-CTL,DATA/TECH/2035 Offshore Construction Engineering Register (Pipeline & Cables).xlsx,Cut-list,41,INCLUDE,,SDOC-f718e66ea30e7876fa6f7c51,GDOC-55ab016167ae70d99eec8557
2035,TECH,GENERAL / MULTIDISCIPLINE,DRAWING,CUT LIST,OFO-P2035-SK-114,CABLE TOWER DETAILS  (WITH CUTLIST 4 + 222 - REV-0),,..\Sketches\OFO-P2035-SK-114\REV-0,DATA/TECH/2035 Offshore Construction Engineering Register (Pipeline & Cables).xlsx,Cut-list,42,INCLUDE,,SDOC-476407b2ad8eba8bfb4466f4,GDOC-e292ee31f332b3e9690d8c1c
2035,TECH,GENERAL / MULTIDISCIPLINE,DRAWING,CUT LIST,2035-NN-0120-CTL,"TEMPORARY KNEE BRACE DETAILS FOR 16"" WELL FLUID PIPELINE (WITH SINGLE 2"" PIGGYBACK) FORM US-142A TO USSC-RP1 (PL-3) AT USSC-RP1",,..\Drawings\Cut-list%20drawings\2035-NN-0120-CTL,DATA/TECH/2035 Offshore Construction Engineering Register (Pipeline & Cables).xlsx,Cut-list,43,INCLUDE,,SDOC-d6b6d6608b8b4424a5916f4f,GDOC-25002ccdbb1f7643b155e1bd
2035,TECH,GENERAL / MULTIDISCIPLINE,DRAWING,CUT LIST,2035-NN-0122-CTL,"TEMPORARY KNEE BRACE DETAILS FOR 16"" WELL FLUID PIPELINE (WITH SINGLE 2"" PIGGYBACK)  FROM US-153A TO USSC-RP1 (PL-5) AT USSC-RP1",,..\Drawings\Cut-list%20drawings\2035-NN-0122-CTL,DATA/TECH/2035 Offshore Construction Engineering Register (Pipeline & Cables).xlsx,Cut-list,44,INCLUDE,,SDOC-e3d8dd755c873fc90857fe3d,GDOC-1bc42e7c38c931fee50d9fbd
2035,TECH,GENERAL / MULTIDISCIPLINE,DRAWING,CUT LIST,2035-NN-0124-CTL,"TEMPORARY KNEE BRACE DETAILS FOR 16"" WELL FLUID PIPELINE FROM US-12B TO USSC-RP1 (PL-2) @ USSC-RP-1",,..\Drawings\Cut-list%20drawings\2035-NN-0124-CTL,DATA/TECH/2035 Offshore Construction Engineering Register (Pipeline & Cables).xlsx,Cut-list,45,INCLUDE,,SDOC-f95dd82370d12082e1670c80,GDOC-e95955975eef629034ea2d21
2035,TECH,GENERAL / MULTIDISCIPLINE,DRAWING,CUT LIST,2035-NN-0126-CTL,"TEMPORARY KNEE BRACE DETAILS FOR 18"" WELL FLUID PIPELINE FROM HP2 TO USSC-RP1 (PL-7) @ USSC-RP1",,..\Drawings\Cut-list%20drawings\2035-NN-0126-CTL,DATA/TECH/2035 Offshore Construction Engineering Register (Pipeline & Cables).xlsx,Cut-list,46,INCLUDE,,SDOC-5bed79100e087fea3e5e501d,GDOC-b5ac1299b20fd0f675bc2b17
2035,TECH,GENERAL / MULTIDISCIPLINE,DRAWING,CUT LIST,2035-NN-0128-CTL,"TEMPORARY KNEE BRACE DETAILS FOR 16"" WELL FLUID PIPELINE FROM HP3 TO USSC-RP1 (PL-8) AT USSC-RP1",,..\Drawings\Cut-list%20drawings\2035-NN-0128-CTL,DATA/TECH/2035 Offshore Construction Engineering Register (Pipeline & Cables).xlsx,Cut-list,47,INCLUDE,,SDOC-9a6e0724d8b260492818c725,GDOC-4c5dba2dff992f49fe4e43e4
2035,TECH,GENERAL / MULTIDISCIPLINE,DRAWING,CUT LIST,OFO-P2035-SK-116,"STORAGE QUADRANT-1.2M RADIUS FOR 16"" J-TUBE",,..\Sketches\OFO-P2035-SK-116,DATA/TECH/2035 Offshore Construction Engineering Register (Pipeline & Cables).xlsx,Cut-list,48,INCLUDE,,SDOC-a6c436d09d66039c226e8a78,GDOC-df45d2936304a1d7636e1808
2035,TECH,GENERAL / MULTIDISCIPLINE,DRAWING,CUT LIST,2035-NN-0159-CTL,"TEMPORARY KNEE BRACE DETAILS FOR 16"" WELL FLUID SPOOL (WITH SINGLE 2"" PIGGYBACK) FROM US-19B TO US-153A (PL-4) AT US-19B",,..\Drawings\Cut-list%20drawings\2035-NN-0159-CTL,DATA/TECH/2035 Offshore Construction Engineering Register (Pipeline & Cables).xlsx,Cut-list,49,INCLUDE,,SDOC-adc5d8024e7585b54f7fadbd,GDOC-f8fd9f38f0e3f4355e5585ca
2035,TECH,GENERAL / MULTIDISCIPLINE,DRAWING,CUT LIST,2035-NN-0014-CTL,CLAMP DETAILS FOR 16” RISER TOP PART AT PL-3 (USSC-RP-1) (WITH CUTLIST 1 + 3– REV-0),,..\Drawings\Cut-list%20drawings\2035-NN-0014-CTL,DATA/TECH/2035 Offshore Construction Engineering Register (Pipeline & Cables).xlsx,Cut-list,50,INCLUDE,,SDOC-e89e7950ba4a93bad89fd8b6,GDOC-2fb06c9e7adafacab82b888d
2035,TECH,GENERAL / MULTIDISCIPLINE,DRAWING,CUT LIST,OFO-P2035-SK-284-CTL,RISER TOP PLATE & PADEYE FOR 16” RISER (WITH CUTLIST 1 + 4– REV-1),,..\Drawings\Cut-list%20drawings\OFO-P2035-SK-284-CTL,DATA/TECH/2035 Offshore Construction Engineering Register (Pipeline & Cables).xlsx,Cut-list,51,INCLUDE,,SDOC-f9faef973f8fafd177052e81,GDOC-99198bc55155abf57fc9f55c
2035,TECH,GENERAL / MULTIDISCIPLINE,DRAWING,CUT LIST,OFO-P2035-SK-285-CTL,RISER TOP PLATE & PADEYE FOR 18” RISER  (WITH CUTLIST 1 + 4– REV-1,,..\Drawings\Cut-list%20drawings\OFO-P2035-SK-285-CTL,DATA/TECH/2035 Offshore Construction Engineering Register (Pipeline & Cables).xlsx,Cut-list,52,INCLUDE,,SDOC-15314559b7a32c91a0750a20,GDOC-e6a60cc1ca9ee126cf666106
2035,TECH,GENERAL / MULTIDISCIPLINE,DRAWING,CUT LIST,2035-NN-0160-CTL,LOADING ARRANGEMENT & SEAFASTENING DETAILS OF RISERS AND SPOOLS @ ES - 282,,..\Drawings\Cut-list%20drawings\2035-NN-0160-CTL,DATA/TECH/2035 Offshore Construction Engineering Register (Pipeline & Cables).xlsx,Cut-list,53,INCLUDE,,SDOC-6a3986be12b9df1c8f9594ff,GDOC-974775dc878a48ef6efc0ff1
2035,TECH,NAVAL & MARINE,DOCUMENT,ANALYSIS,2035-ZZ-CL-001,"MOORING ANALYSIS DURING PIPELAYING OF 16"" HP OIL SUBSEA PIPELINE FROM US-159A TO US-12B (PL-1)",AD-768/767-G-64003,,DATA/TECH/2035 Offshore Construction Engineering Register (Pipeline & Cables).xlsx,Documents - Naval Marine,9,INCLUDE,,SDOC-abcaeb7260f25b1b36144b0e,GDOC-d0dddf6cde80482f741deb21
2035,TECH,NAVAL & MARINE,DOCUMENT,ANALYSIS,2035-ZZ-CL-002,"MOORING ANALYSIS DURING PIPELAYING OF 16"" HP OIL SUBSEA PIPELINE FROM US-12B TO USSC-RP1 (PL-2)",AD-767/552-G-64002,,DATA/TECH/2035 Offshore Construction Engineering Register (Pipeline & Cables).xlsx,Documents - Naval Marine,10,INCLUDE,,SDOC-5b0cd487343d853e57813986,GDOC-21916ca86a7a2350f2746585
2035,TECH,NAVAL & MARINE,DOCUMENT,ANALYSIS,2035-ZZ-CL-003,"SAPURA 1200 MOORING ANALYSIS DURING PIPELAYING OF 16"" HP PL FROM USSC-RP-1 TO US-142A (PL-3)",AD-769/552-G-64003,..\Documents\NAVAL\MOORING\Sapura-1200%20mooring%20analysis%20during%20laying%20PL-3\Report,DATA/TECH/2035 Offshore Construction Engineering Register (Pipeline & Cables).xlsx,Documents - Naval Marine,11,INCLUDE,,SDOC-3f9fa0d0885d0a4bf625d683,GDOC-a1ab7f6e14fe58583ccc31b2
2035,TECH,NAVAL & MARINE,DOCUMENT,ANALYSIS,2035-ZZ-CL-004,"MOORING ANALYSIS DURING PIPELAYING OF 16"" HP OIL SUBSEA PIPELINE FROM US-19B TO US-153A (PL-4)",AD-774/770-G-64002,,DATA/TECH/2035 Offshore Construction Engineering Register (Pipeline & Cables).xlsx,Documents - Naval Marine,13,INCLUDE,,SDOC-1b6cc947bfe2730d12c10c71,GDOC-2996ba1510f8b01533022d7f
2035,TECH,NAVAL & MARINE,DOCUMENT,ANALYSIS,2035-ZZ-CL-005,"SAPURA 1200 MOORING ANALYSIS DURING PIPELAYING OF 16"" HP PL FROM USSC-RP-1 TO US-153A (PL-5)",AD-770/552-G-64002,..\Documents\NAVAL\MOORING\SAPURA-1200\Sapura-1200%20mooring%20analysis%20during%20laying%20PL-5\Report,DATA/TECH/2035 Offshore Construction Engineering Register (Pipeline & Cables).xlsx,Documents - Naval Marine,14,INCLUDE,,SDOC-dbb94333c86b38b9ab6d07df,GDOC-130b2101635d4c42a120618c
2035,TECH,NAVAL & MARINE,DOCUMENT,ANALYSIS,2035-ZZ-CL-006,"MOORING ANALYSIS DURING PIPELAYING OF 18"" HP OIL SUBSEA PIPELINE FROM HP1 TO HP2 (PL-6)",AD-771/772-G-64003,,DATA/TECH/2035 Offshore Construction Engineering Register (Pipeline & Cables).xlsx,Documents - Naval Marine,15,INCLUDE,,SDOC-369e9b5282268695e91cffd0,GDOC-7d55a6bcfa5b5e826dd111b6
2035,TECH,NAVAL & MARINE,DOCUMENT,ANALYSIS,2035-ZZ-CL-007,"SUPURA 1200 MOORING ANALYSIS DURING PIPELAYING OF 18"" HP FROM USSC-RP1 TO HP2 (PL-7)",AD-772/552-G-64002,..\Documents\NAVAL\MOORING\Sapura-1200%20mooring%20analysis%20during%20laying%20of%20PL-7\Report,DATA/TECH/2035 Offshore Construction Engineering Register (Pipeline & Cables).xlsx,Documents - Naval Marine,16,INCLUDE,,SDOC-5629206f765fe499eadaa9fc,GDOC-79d5aa3519ba64ec5a906efe
2035,TECH,NAVAL & MARINE,DOCUMENT,ANALYSIS,2035-ZZ-CL-008,"SAFEEN3000 MOORING ANALYSIS DURING PIPELAYING OF 16"" HP OIL SUBSEA PIPELINE FROM HP3 TO USSC-RP1 (PL-8)",AD-773/552-G-64002,../../../../../../../../Data/OFFSHORE/Support/ConstructionEngg/ConstructionEnggProjects/PROJECTS/2035-UMM%20SHAIF/Documents/NAVAL/MOORING/SAFEEN-3000/Safeen3000%20Mooring%20Analysis%20PL8/FINAL%20REPORT,DATA/TECH/2035 Offshore Construction Engineering Register (Pipeline & Cables).xlsx,Documents - Naval Marine,17,INCLUDE,,SDOC-d9f8558d56d72cae839ad158,GDOC-cd68ae24f752e7a92c1abf48
2035,TECH,NAVAL & MARINE,DOCUMENT,ANALYSIS,2035-ZZ-CL-009,"SAPURA 1200 MOORING ANALYSIS DURING PIPELAYING OF 16"" WATER INJECTION SUBSEA PIPELINE FROM USSC-RP1 TO HP3 (PL-9)",AD-552/773-G-64004,..\Documents\NAVAL\MOORING\SAPURA-1200\Sapura-1200%20PL-9\ArianePL9,DATA/TECH/2035 Offshore Construction Engineering Register (Pipeline & Cables).xlsx,Documents - Naval Marine,18,INCLUDE,,SDOC-9159cbfda9faa2fd40408308,GDOC-324105169930183b2bd01bdb
2035,TECH,NAVAL & MARINE,DOCUMENT,ANALYSIS,2035-ZZ-CL-010,"SAPURA-1200 MOORING ANALYSIS DURING PIPELAYING OF 16"" WATER INJECTION SUBSEA PIPELINE FROM HP3 TO HP2 (PL-10)",AD-773/772-G-64002,..\Documents\NAVAL\MOORING\SAPURA-1200\Sapura-1200%20mooring%20analysis%20during%20laying%20PL-10\Report,DATA/TECH/2035 Offshore Construction Engineering Register (Pipeline & Cables).xlsx,Documents - Naval Marine,19,INCLUDE,,SDOC-7e79259e81c82e2ab21e8d91,GDOC-932b2736b4f2b072ca49c62a
2035,TECH,NAVAL & MARINE,DOCUMENT,ANALYSIS,2035-ZZ-CL-011,"MOORING ANALYSIS DURING PIPELAYING OF 16"" WATER INJECTION SUBSEA PIPELINE FROM HP2 TO HP1 (PL-11)",AD-772/771-G-64002,,DATA/TECH/2035 Offshore Construction Engineering Register (Pipeline & Cables).xlsx,Documents - Naval Marine,20,INCLUDE,,SDOC-874ffea05abe58eca22a8565,GDOC-a9e92e2af859a0cb431e2323
2035,TECH,NAVAL & MARINE,DOCUMENT,ANALYSIS,2035-ZZ-CL-012,"MOORING ANALYSIS DURING RISER INSTALLATION OF 16"" HP OIL SUBSEA PIPELINE FROM US-159A TO US-12B (PL-1)",AD-768/767-G-64004,,DATA/TECH/2035 Offshore Construction Engineering Register (Pipeline & Cables).xlsx,Documents - Naval Marine,21,INCLUDE,,SDOC-9857409f870e580693afb19d,GDOC-f0c72b95af40000264db7d28
2035,TECH,NAVAL & MARINE,DOCUMENT,ANALYSIS,2035-ZZ-CL-013,"MOORING ANALYSIS DURING RISER INSTALLATION OF 16"" HP OIL SUBSEA PIPELINE FROM US-12B TO USSC-RP1 (PL-2)",AD-767/552-G-64003,,DATA/TECH/2035 Offshore Construction Engineering Register (Pipeline & Cables).xlsx,Documents - Naval Marine,22,INCLUDE,,SDOC-ab2005405953e87a9f812754,GDOC-7f89b2b988600354cba70e65
2035,TECH,NAVAL & MARINE,DOCUMENT,ANALYSIS,2035-ZZ-CL-014,"MOORING ANALYSIS DURING RISER INSTALLATION OF 16"" HP OIL SUBSEA PIPELINE FROM US-142A TO USSC-RP1 (PL-3)",AD-769/552-G-64004,,DATA/TECH/2035 Offshore Construction Engineering Register (Pipeline & Cables).xlsx,Documents - Naval Marine,23,INCLUDE,,SDOC-9a66be40136212b374fe92fc,GDOC-fb16fd77451e79d45f402e15
2035,TECH,NAVAL & MARINE,DOCUMENT,ANALYSIS,2035-ZZ-CL-015,"MOORING ANALYSIS DURING RISER INSTALLATION OF 16"" HP OIL SUBSEA PIPELINE FROM US-19B TO US-153A (PL-4)",AD-774/770-G-64003,,DATA/TECH/2035 Offshore Construction Engineering Register (Pipeline & Cables).xlsx,Documents - Naval Marine,24,INCLUDE,,SDOC-b2298e3a32e731f91b72e8f8,GDOC-d5848645310502a7f99073ff
2035,TECH,NAVAL & MARINE,DOCUMENT,ANALYSIS,2035-ZZ-CL-016,SAFEEN-3000 MOORING ANALYSIS DURING PL-5 RISER & SPOOL INSTALLATION RP1,AD-770/552-G-64003,,DATA/TECH/2035 Offshore Construction Engineering Register (Pipeline & Cables).xlsx,Documents - Naval Marine,25,INCLUDE,,SDOC-fb637cdc044614847cd0d19b,GDOC-960dcd8cc32db21ee5b1f7e7
2035,TECH,NAVAL & MARINE,DOCUMENT,ANALYSIS,2035-ZZ-CL-017,"MOORING ANALYSIS DURING RISER INSTALLATION OF 18"" HP OIL SUBSEA PIPELINE FROM HP1 TO HP2 (PL-6)",AD-771/772-G-64004,,DATA/TECH/2035 Offshore Construction Engineering Register (Pipeline & Cables).xlsx,Documents - Naval Marine,26,INCLUDE,,SDOC-f3f2245d975b8b07e88da8f9,GDOC-b6085dcbf5511cf4ce0d3653
2035,TECH,NAVAL & MARINE,DOCUMENT,ANALYSIS,2035-ZZ-CL-018,SAFEEN-3000 MOORING ANALYSIS DURING PL-7 RISER & SPOOL INSTALLATION AT RP-1,AD-772/552-G-64003,..\Documents\NAVAL\MOORING\SAFEEN-3000\PL-7%20Riser,DATA/TECH/2035 Offshore Construction Engineering Register (Pipeline & Cables).xlsx,Documents - Naval Marine,27,INCLUDE,,SDOC-98134a0ad26aee05fcd3a250,GDOC-11bbe83f1d97bbb7678802b7
2035,TECH,NAVAL & MARINE,DOCUMENT,ANALYSIS,2035-ZZ-CL-019,"MOORING ANALYSIS DURING RISER INSTALLATION OF 16"" HP OIL SUBSEA PIPELINE FROM HP3 TO USSC-RP1 (PL-8)",AD-773/552-G-64003,,DATA/TECH/2035 Offshore Construction Engineering Register (Pipeline & Cables).xlsx,Documents - Naval Marine,28,INCLUDE,,SDOC-7c4d555517e252fd7f24549a,GDOC-97167668259cd2d3bcd46748
2035,TECH,NAVAL & MARINE,DOCUMENT,ANALYSIS,2035-ZZ-CL-020,"MOORING ANALYSIS DURING RISER INSTALLATION OF 16"" WATER INJECTION SUBSEA PIPELINE FROM USSC-RP1 TO HP3 (PL-9)",AD-552/773-G-64005,,DATA/TECH/2035 Offshore Construction Engineering Register (Pipeline & Cables).xlsx,Documents - Naval Marine,29,INCLUDE,,SDOC-9d3bc52ef239526f86107207,GDOC-26c107564227901b72577ab4
2035,TECH,NAVAL & MARINE,DOCUMENT,ANALYSIS,2035-ZZ-CL-021,"MOORING ANALYSIS DURING RISER INSTALLATION OF 16"" WATER INJECTION SUBSEA PIPELINE FROM HP3 TO HP2 (PL-10)",AD-773/772-G-64003,,DATA/TECH/2035 Offshore Construction Engineering Register (Pipeline & Cables).xlsx,Documents - Naval Marine,30,INCLUDE,,SDOC-a60bc19f6f1737d5c8b0c4cc,GDOC-b062c516b6dcab7ada320d86
2035,TECH,NAVAL & MARINE,DOCUMENT,ANALYSIS,2035-ZZ-CL-022,"MOORING ANALYSIS DURING RISER INSTALLATION OF 16"" WATER INJECTION SUBSEA PIPELINE FROM HP2 TO HP1 (PL-11)",AD-772/771-G-64003,,DATA/TECH/2035 Offshore Construction Engineering Register (Pipeline & Cables).xlsx,Documents - Naval Marine,31,INCLUDE,,SDOC-7179aedaaded0b2d3e1b13a9,GDOC-acc9a68e3a1821d965ce75b7
2035,TECH,NAVAL & MARINE,DOCUMENT,ANALYSIS,2035-ZZ-CL-023,MOORING ANALYSIS DURING CABLE LAYING FROM US-153A TO US-19B(CC-4) - CB-1,AD-770/774-G-64001,,DATA/TECH/2035 Offshore Construction Engineering Register (Pipeline & Cables).xlsx,Documents - Naval Marine,32,INCLUDE,,SDOC-693cc8e681cee16e655417d4,GDOC-30e3aac6f9eb397a8d5bad89
2035,TECH,NAVAL & MARINE,DOCUMENT,ANALYSIS,2035-ZZ-CL-024,MOORING ANALYSIS DURING CABLE LAYING FROM US-1216 TO US153A(CC-3) - CB-2,AD-424/770-G-64001,,DATA/TECH/2035 Offshore Construction Engineering Register (Pipeline & Cables).xlsx,Documents - Naval Marine,33,INCLUDE,,SDOC-988c3bc6715ba1a97b0e3f5e,GDOC-8e2342df1a688efe4cd40809
2035,TECH,NAVAL & MARINE,DOCUMENT,ANALYSIS,2035-ZZ-CL-025,MOORING ANALYSIS DURING CABLE LAYING FROM US-142A TO US218(CC-8) - CB-3,AD-769/426-G-64001,,DATA/TECH/2035 Offshore Construction Engineering Register (Pipeline & Cables).xlsx,Documents - Naval Marine,34,INCLUDE,,SDOC-243e008b5a1455c9ebc3d32c,GDOC-4ae0a336a2a41a7e99438c50
2035,TECH,NAVAL & MARINE,DOCUMENT,ANALYSIS,2035-ZZ-CL-026,MOORING ANALYSIS DURING CABLE LAYING FROM US-159A TO US-12B(CC-11) - CB-7,AD-768/767-G-64005,,DATA/TECH/2035 Offshore Construction Engineering Register (Pipeline & Cables).xlsx,Documents - Naval Marine,35,INCLUDE,,SDOC-ca600e603e6720eb8c426db5,GDOC-4088b8a82de4b39abd40c8f1
2035,TECH,NAVAL & MARINE,DOCUMENT,ANALYSIS,2035-ZZ-CL-027,MOORING ANALYSIS DURING CABLE LAYING FROM US-19B TO HP-1(CC-5) - CB-8,AD-774/771-G-64001,,DATA/TECH/2035 Offshore Construction Engineering Register (Pipeline & Cables).xlsx,Documents - Naval Marine,36,INCLUDE,,SDOC-aa00871186fabd51a485889d,GDOC-7bf6e73e0736397448b12063
2035,TECH,NAVAL & MARINE,DOCUMENT,ANALYSIS,2035-ZZ-CL-028,MOORING ANALYSIS DURING CABLE LAYING FROM HP1 TO HP2(CC-6) - CB-9,AD-771/772-G-64005,,DATA/TECH/2035 Offshore Construction Engineering Register (Pipeline & Cables).xlsx,Documents - Naval Marine,37,INCLUDE,,SDOC-1da086562801e468ca7ac663,GDOC-f374b1fae591124927fdcbc0
2035,TECH,NAVAL & MARINE,DOCUMENT,ANALYSIS,2035-ZZ-CL-029,MOORING ANALYSIS DURING CABLE LAYING FROM HP-2 TO US-142A(CC-7) - CB-10,AD-772/769-G-64001,,DATA/TECH/2035 Offshore Construction Engineering Register (Pipeline & Cables).xlsx,Documents - Naval Marine,38,INCLUDE,,SDOC-9983ac6a229d7334d20b8dcf,GDOC-228f8b0a628d8c350e7a5da3
2035,TECH,NAVAL & MARINE,DOCUMENT,ANALYSIS,2035-ZZ-CL-030,MOORING ANALYSIS DURING CABLE LAYING FROM USSC-RP1 TO HP3(CC-2) - CB-11,AD-552/773-G-64006,,DATA/TECH/2035 Offshore Construction Engineering Register (Pipeline & Cables).xlsx,Documents - Naval Marine,39,INCLUDE,,SDOC-d84349a33f2189a13da1e474,GDOC-686380d2b8fa2b421fc93a07
2035,TECH,NAVAL & MARINE,DOCUMENT,ANALYSIS,2035-ZZ-CL-031,MOORING ANALYSIS DURING CABLE LAYING FROM USSC-RP1 TO HP3(CC-1) - CB-12,AD-552/773-G-64007,,DATA/TECH/2035 Offshore Construction Engineering Register (Pipeline & Cables).xlsx,Documents - Naval Marine,40,INCLUDE,,SDOC-04d79d1f2ffc646f1d3ff268,GDOC-e69538aa5271490fae556787
2035,TECH,NAVAL & MARINE,DOCUMENT,ANALYSIS,2035-ZZ-CL-032,MOORING ANALYSIS DURING CABLE LAYING FROM USSC-PDP TO WHT- GI-1(CC-13) TO US-128 - CB-13,AD-775/274-G-64001,,DATA/TECH/2035 Offshore Construction Engineering Register (Pipeline & Cables).xlsx,Documents - Naval Marine,41,INCLUDE,,SDOC-7e4502564550b006cb265a1b,GDOC-c4ebb36143ea4c6b1c7f0954
2035,TECH,NAVAL & MARINE,DOCUMENT,ANALYSIS,2035-ZZ-CL-033,MOORING ANALYSIS DURING CABLE LAYING FROM USSC-PDP TO WHT- GP-1(CC-14) TO US-159A - CB-14,AD-776/768-G-64001,,DATA/TECH/2035 Offshore Construction Engineering Register (Pipeline & Cables).xlsx,Documents - Naval Marine,42,INCLUDE,,SDOC-65a6dc1e54f838a1a63941cd,GDOC-77009ac46b64681077cfa5f2
2035,TECH,NAVAL & MARINE,DOCUMENT,ANALYSIS REPORT,2035-ZZ-CL-034,STABILITY ANALYSIS REPORT DURING TRANSPORTATION OF CC PIPES ON SAFEEN B-282 (PL-3) TRIP-1,AD-26-G-64013,..\Documents\NAVAL\STABILITY\2035-CC%20PIPES%20TRIP%20NO.1%20ONBOARD%20ASTRO-3302,DATA/TECH/2035 Offshore Construction Engineering Register (Pipeline & Cables).xlsx,Documents - Naval Marine,43,INCLUDE,,SDOC-80802dc0509e9b9174aa3ce1,GDOC-25de262d628bd73f42c1faa5
2035,TECH,NAVAL & MARINE,DOCUMENT,ANALYSIS REPORT,2035-ZZ-CL-035,STABILITY ANALYSIS REPORT DURING TRANSPORTATION OF CC PIPES ON SAFEEN B281 (PL-3 & PL-5) TRIP-2,AD-26-G-64014,..\Documents\NAVAL\STABILITY\Pipes\Trip-2-onboard%20Safeen%20B281\Rev.1\Report,DATA/TECH/2035 Offshore Construction Engineering Register (Pipeline & Cables).xlsx,Documents - Naval Marine,45,INCLUDE,,SDOC-4b7887a998abd7751f828452,GDOC-09c64dd8a02a4b308548a124
2035,TECH,NAVAL & MARINE,DOCUMENT,ANALYSIS REPORT,2035-ZZ-CL-036,STABILITY ANALYSIS REPORT DURING TRANSPORTATION OF CC PIPES ON CREST-2802 (PL-5)-TRIP NO.3,AD-26-G-64015,..\Documents\NAVAL\STABILITY\Pipes\Trip-3%20PL5%20onboard%20Safeen%20283\Report,DATA/TECH/2035 Offshore Construction Engineering Register (Pipeline & Cables).xlsx,Documents - Naval Marine,46,INCLUDE,,SDOC-e5833247b8455739e6b62432,GDOC-af2ad6792c7221a0819f716d
2035,TECH,NAVAL & MARINE,DOCUMENT,ANALYSIS REPORT,2035-ZZ-CL-037,STABILITY ANALYSIS REPORT DURING TRANSPORTATION OF CC PIPES ON SAFEEN-B-284 (PL-5 & PL-7) - TRIP-4,AD-26-G-64016,..\Documents\NAVAL\STABILITY\Pipes\TRIP-4%20PL5-PL7%20ONBOARD%20SAFEEN%20284%20REV.1%20EDITION2\Report,DATA/TECH/2035 Offshore Construction Engineering Register (Pipeline & Cables).xlsx,Documents - Naval Marine,48,INCLUDE,,SDOC-1d0470102760463a5ce5f28a,GDOC-a1f85884b93884128fb3a878
2035,TECH,NAVAL & MARINE,DOCUMENT,ANALYSIS REPORT,2035-ZZ-CL-038,STABILITY ANALYSIS REPORT DURING TRANSPORTATION OF CC PIPES ON CREST-2802 (PL-7) TRIP-6,AD-26-G-64017,..\Documents\NAVAL\STABILITY\Pipes\Trip-6%20PL7-CRESET-2802-TRIP6-REV.1\FINAL%20REPORT,DATA/TECH/2035 Offshore Construction Engineering Register (Pipeline & Cables).xlsx,Documents - Naval Marine,49,INCLUDE,,SDOC-28d5dfe6200a7dd6b75bbaf0,GDOC-5b9c4308df33c9b634463d24
2035,TECH,NAVAL & MARINE,DOCUMENT,ANALYSIS REPORT,2035-ZZ-CL-039,STABILITY ANALYSIS REPORT DURING TRANSPORTATION OF CC PIPES ON ASTRO-252 (PL-6 & PL-8) TRIP-2 (SAFEEN 3000 SOW),AD-26-G-64018,..\Documents\NAVAL\STABILITY\Pipes\Safeen3000%20SOW\Trip-2-onboard%20Astro-251\Final%20Report,DATA/TECH/2035 Offshore Construction Engineering Register (Pipeline & Cables).xlsx,Documents - Naval Marine,50,INCLUDE,,SDOC-d2a0af77e4292974d0c9661e,GDOC-61664d5410551b0f3bae56b5
2035,TECH,NAVAL & MARINE,DOCUMENT,ANALYSIS REPORT,2035-ZZ-CL-040,STABILITY ANALYSIS REPORT DURING TRANSPORTATION OF RISERS & SPOOLS ONBOARD ES-282,AD-26-G-64019,..\Documents\NAVAL\STABILITY\risers%20and%20spools\risers%20and%20spools\Report,DATA/TECH/2035 Offshore Construction Engineering Register (Pipeline & Cables).xlsx,Documents - Naval Marine,51,INCLUDE,,SDOC-d7f7c1cd0cc056b87ca602d8,GDOC-4364977c5b5ec0b31fbd6d5c
2035,TECH,NAVAL & MARINE,DOCUMENT,ANALYSIS REPORT,2035-ZZ-CL-041,STABILITY ANALYSIS REPORT DURING TRANSPORTATION OF CC PIPES ON PFC-02 (PL-2 & PL-8) - TRIP-3 (SAFEEN-3000 SOW),AD-26-G-64020,../../../../../../../../Data/OFFSHORE/Support/ConstructionEngg/ConstructionEnggProjects/PROJECTS/2035-UMM%20SHAIF/Documents/NAVAL/STABILITY/Pipes/Safeen3000%20SOW/Trip-3%20onboard%20PFC02/rEPORT,DATA/TECH/2035 Offshore Construction Engineering Register (Pipeline & Cables).xlsx,Documents - Naval Marine,52,INCLUDE,,SDOC-86aad4e3de130f83a55d307f,GDOC-782666e990453f1af2eceed7
2035,TECH,NAVAL & MARINE,DOCUMENT,ANALYSIS REPORT,2035-ZZ-CL-042,STABILITY ANALYSIS REPORT DURING TRANSPORTATION OF SPOOLS ON AESEN-2812,AD-26-G-64021,../../../../../../../../Data/OFFSHORE/Support/ConstructionEngg/ConstructionEnggProjects/PROJECTS/2035-UMM%20SHAIF/Documents/NAVAL/STABILITY/risers%20and%20spools/Spools%20at%20AESEN-2812/FINAL%20REPORT,DATA/TECH/2035 Offshore Construction Engineering Register (Pipeline & Cables).xlsx,Documents - Naval Marine,53,INCLUDE,,SDOC-3bfae2ec873d12995169522d,GDOC-90f4c5c2ab8126bd2fe7fd6f
2035,TECH,NAVAL & MARINE,DOCUMENT,ANALYSIS REPORT,2035-ZZ-CL-043,STABILITY ANALYSIS REPORT DURING TRANSPORTATION OF SLEEPERS ON CB-7 - TRIP-1,AD-26-G-64022,..\Documents\NAVAL\STABILITY\TRIP-1-%20SLEEPERS%20ON%20CB-7,DATA/TECH/2035 Offshore Construction Engineering Register (Pipeline & Cables).xlsx,Documents - Naval Marine,54,INCLUDE,,SDOC-04fedaabfe3205b17d798cbb,GDOC-243e6fec6eafbc4dda28518f
2035,TECH,NAVAL & MARINE,DOCUMENT,ANALYSIS REPORT,2035-ZZ-CL-044,STABILITY ANALYSIS REPORT DURING TRANSPORTATION OF CC PIPES ON SAFEEN B-282 (PL-9) TRIP-10,AD-26-G-64023,../../../../../../../../Data/OFFSHORE/Support/ConstructionEngg/ConstructionEnggProjects/PROJECTS/2035-UMM%20SHAIF/Documents/NAVAL/STABILITY/Pipes/Sapura1200%20SOW/Trip-10onboard%20Safeen%20B282/FINAL%20REPORT/2035-ZZ-CL-044-R1-SAFEEN%20B282%20-CC%20PIPES.pdf,DATA/TECH/2035 Offshore Construction Engineering Register (Pipeline & Cables).xlsx,Documents - Naval Marine,55,INCLUDE,,SDOC-4c70d44bffcd85c6c85fce2c,GDOC-e1c60a82a7ac03c93209b805
2035,TECH,NAVAL & MARINE,DOCUMENT,ANALYSIS REPORT,2035-ZZ-CL-045,STABILITY ANALYSIS REPORT DURING TRANSPORTATION OF SPOOLS ON AESEN-2811,AD-26-G-64024,../../../../../../../../Data/OFFSHORE/Support/ConstructionEngg/ConstructionEnggProjects/PROJECTS/2035-UMM%20SHAIF/Documents/NAVAL/STABILITY/risers%20and%20spools/Spools%20at%20Aesen-2811,DATA/TECH/2035 Offshore Construction Engineering Register (Pipeline & Cables).xlsx,Documents - Naval Marine,56,INCLUDE,,SDOC-cb5925002d2161b282ee1b90,GDOC-ec8b1b515fbb05bd343d02c5
2035,TECH,NAVAL & MARINE,DOCUMENT,ANALYSIS REPORT,2035-ZZ-CL-046,STABILITY ANALYSIS REPORT DURING TRANSPORTATION OF SLEEPERS ON ES-282 - TRIP-3,AD-26-G-64025,..\Documents\NAVAL\STABILITY\TRIP-3-SLEEPERS%20ON%20ES-282\REPORT,DATA/TECH/2035 Offshore Construction Engineering Register (Pipeline & Cables).xlsx,Documents - Naval Marine,57,INCLUDE,,SDOC-00d5dfc69f2ebf1c1f43bffc,GDOC-4631e45dbf2980879cd769f3
2035,TECH,NAVAL & MARINE,DOCUMENT,ANALYSIS REPORT,2035-ZZ-CL-047,STABILITY ANALYSIS REPORT DURING TRANSPORTATION OF SLEEPERS ON ASTRO-250 FOR PL-3,AD-26-G-64026,..\Documents\NAVAL\STABILITY\PL-3%20SLEEPERS%20ON%20ASTRO-250\REPORT,DATA/TECH/2035 Offshore Construction Engineering Register (Pipeline & Cables).xlsx,Documents - Naval Marine,58,INCLUDE,,SDOC-317ab0162e69bc19b8f84762,GDOC-1508b61e97d7fde9805ecffc
2035,TECH,NAVAL & MARINE,DOCUMENT,ANALYSIS REPORT,2035-ZZ-CL-048,STABILITY ANALYSIS REPORT DURING TRANSPORTATION OF CONCRETE SLEEPERS (PL-3) @ ASTRO-304,AD-26-G-64027,..\Documents\NAVAL\STABILITY\PL-3%20SLEEPERS%20ON%20%20onboard%20ASTRO304\REPORT,DATA/TECH/2035 Offshore Construction Engineering Register (Pipeline & Cables).xlsx,Documents - Naval Marine,59,INCLUDE,,SDOC-db40a31ef3180b093e0c0200,GDOC-9410ee2cb17806a962dd6ebf
2035,TECH,NAVAL & MARINE,DOCUMENT,ANALYSIS REPORT,2035-ZZ-CL-049,"STABILITY ANALYSIS REPORT DURING TRANSPORTATION OF SLEEPERS (PL-3, PL-2 & PL-1) ON ES-282",AD-26-G-64028,..\Documents\NAVAL\STABILITY\SLEEPERS%20ON%20ES-282-%20PL-3%20PL-2%20PL-1,DATA/TECH/2035 Offshore Construction Engineering Register (Pipeline & Cables).xlsx,Documents - Naval Marine,61,INCLUDE,,SDOC-85e3b462ea1f89a18c27b393,GDOC-a7bd9229ba70d229bedf6185
2035,TECH,NAVAL & MARINE,DOCUMENT,ANALYSIS,2035-ZZ-CL-050,SEP-750 MOORING ANALYSIS AT CSP-01,AD-26-G-64029,..\Documents\NAVAL\MOORING\SEP-750\CSP-01%20HOOKUP\02-FINAL%20REPORT,DATA/TECH/2035 Offshore Construction Engineering Register (Pipeline & Cables).xlsx,Documents - Naval Marine,62,INCLUDE,,SDOC-45f57d66e2f42bc9b45899b2,GDOC-99825f854278bbc007660a9d
2035,TECH,NAVAL & MARINE,DOCUMENT,ANALYSIS,2035-ZZ-CL-051,DLB-1000 MOORING ANALYSIS AT BST-S13 DECK AND B-26,AD-26-G-64030,..\Documents\NAVAL\MOORING\DLB-1000%20MOORING%20ANALYSIS%20BST,DATA/TECH/2035 Offshore Construction Engineering Register (Pipeline & Cables).xlsx,Documents - Naval Marine,64,INCLUDE,,SDOC-507d3f8c6c2eeefb64dbd7f6,GDOC-0241a184686eda13b9171dcd
2035,TECH,NAVAL & MARINE,DOCUMENT,ANALYSIS,2035-ZZ-CL-052,DLB-1000 MOORING ANALYSIS AT US 159-A & US 142-A,AD-26-G-64031,..\Documents\NAVAL\MOORING\DLB-1000%20-US%20159-A%20-%20US%20142-A%20decks%20installation\REV.1-Issued%202\Report,DATA/TECH/2035 Offshore Construction Engineering Register (Pipeline & Cables).xlsx,Documents - Naval Marine,66,INCLUDE,,SDOC-ba5b567881a359b53a37c4f8,GDOC-fea8074a9bf23ace390309b3
2035,TECH,NAVAL & MARINE,DOCUMENT,ANALYSIS REPORT,2035-ZZ-CL-053,STABILITY ANALYSIS REPORT DURING TRANSPORTATION OF SLEEPERS ON GAC-68- TRIP-11,AD-26-G-64032,..\Documents\NAVAL\STABILITY\T-11%20SLEEPERS%20ONBOARD%20GAC-68,DATA/TECH/2035 Offshore Construction Engineering Register (Pipeline & Cables).xlsx,Documents - Naval Marine,67,INCLUDE,,SDOC-5fdfda10b8c5f7a2b042c4a8,GDOC-30f87694270c1d0ca2407d41
2035,TECH,NAVAL & MARINE,DOCUMENT,ANALYSIS REPORT,2035-ZZ-CL-054,STABILITY ANALYSIS REPORT DURING TRANSPORTATION OF SLEEPERS ON ASTRO-251,AD-26-G-64033,..\Documents\NAVAL\STABILITY\T-13%20SLEEPERS%20ON%20ASTRO%20251\REV%201\01-CALC\04-REPORT,DATA/TECH/2035 Offshore Construction Engineering Register (Pipeline & Cables).xlsx,Documents - Naval Marine,68,INCLUDE,,SDOC-8557d41be1ed456daa2735b7,GDOC-426cefa92c69646ba64c20ab
2035,TECH,NAVAL & MARINE,DOCUMENT,ANALYSIS,2035-ZZ-CL-055,DLB-1000 MOORING ANALYSIS DURING US-153A DECK INSTALLATION,AD-26-G-64034,..\Documents\NAVAL\MOORING\DLB-1000%20MOORING%20DURING%20US%20153-A%20DECK%20Installation\report,DATA/TECH/2035 Offshore Construction Engineering Register (Pipeline & Cables).xlsx,Documents - Naval Marine,69,INCLUDE,,SDOC-6f9574c7a2e0ce6408406280,GDOC-2aecc5e94163a949c4e19253
2035,TECH,NAVAL & MARINE,DOCUMENT,ANALYSIS,2035-ZZ-CL-056,SEP-750 MOORING ANALYSIS AT WIP-2,AD-26-G-64035,..\Documents\NAVAL\MOORING\SEP-750%20%20%20%20WIP-2%20HOOKUP\REPORT,DATA/TECH/2035 Offshore Construction Engineering Register (Pipeline & Cables).xlsx,Documents - Naval Marine,70,INCLUDE,,SDOC-09288ef5e3bef200e017b2d6,GDOC-01e2edbf743a0470de09bbe6
2035,TECH,NAVAL & MARINE,DOCUMENT,ANALYSIS,2035-ZZ-CL-057,DLS-4200 MOORING ANALYSIS AT US-HP-3 DURING DECK INSTALLATION,AD-26-G-64036,..\Documents\NAVAL\MOORING\DLS-4200\US-HP-3%20Deck%20Installation,DATA/TECH/2035 Offshore Construction Engineering Register (Pipeline & Cables).xlsx,Documents - Naval Marine,71,INCLUDE,,SDOC-fcf9e88cc57a4029eb5da012,GDOC-eb807571d91172f77f9d5114
2035,TECH,NAVAL & MARINE,DOCUMENT,ANALYSIS,2035-ZZ-CL-058,DLB 1000 MOORING ANALYSIS DURING PL-3 RISER & SPOOL INSTALLATION AT RP1,AD-26-G-64037,..\Documents\NAVAL\MOORING\DLB-1000\PL-3%20Riser\Rev%201\02-FINAL%20REPORT,DATA/TECH/2035 Offshore Construction Engineering Register (Pipeline & Cables).xlsx,Documents - Naval Marine,73,INCLUDE,,SDOC-8d47b6433f018713fc068fa5,GDOC-bf3a040bc131044d379452ea
2035,TECH,NAVAL & MARINE,DOCUMENT,GENERAL TECHNICAL DOCUMENT,2035-ZZ-CL-059,SAFEEN 3000 DURING PL-3 RISER & INSTALLATION AT RP-1,AD-26-G-64038,..\Documents\NAVAL\MOORING\SAFEEN-3000\PL-3%20Riser\00%20Rev%2001\comments,DATA/TECH/2035 Offshore Construction Engineering Register (Pipeline & Cables).xlsx,Documents - Naval Marine,74,INCLUDE,,SDOC-1cf5698e786e4ede9c035322,GDOC-b87a1604b4377f15d4b597c5
2035,TECH,NAVAL & MARINE,DOCUMENT,ANALYSIS,2035-ZZ-CL-060,SAFEEN-3000 MOORING ANALYSIS DURING PL-3 SHIFTING AT US-142A,AD-769-G-64039,..\Documents\NAVAL\MOORING\SAFEEN-3000\PL-3%20shifting,DATA/TECH/2035 Offshore Construction Engineering Register (Pipeline & Cables).xlsx,Documents - Naval Marine,75,INCLUDE,,SDOC-0d5fb2c6069dfad269a26f78,GDOC-96d9af7228a8cdb178abecc2
2035,TECH,NAVAL & MARINE,DOCUMENT,ANALYSIS,2035-ZZ-CL-061,SAFEEN-3000 MOORING ANALYSIS DURINGCORRIDOR SPOOLS INSTALLATION PL-6 AT HP-1,AD-771-G-64040,../../../../../../../../Data/OFFSHORE/Support/ConstructionEngg/ConstructionEnggProjects/PROJECTS/2035-UMM%20SHAIF/Documents/NAVAL/MOORING/SAFEEN-3000/HP-1%20corridor%20spools%20installation%20PL-6/02-Report,DATA/TECH/2035 Offshore Construction Engineering Register (Pipeline & Cables).xlsx,Documents - Naval Marine,77,INCLUDE,,SDOC-fa2c6cb56fa136dc15a78a9c,GDOC-8968f7297ff5de1c693d8ef2
2035,TECH,NAVAL & MARINE,DOCUMENT,ANALYSIS,2035-ZZ-CL-062,DLB-1000 MOORING ANALYSIS DURING PL-6 AND PL-11 CORRIDOR SPOOLS INSTALLATION AT HP-1,AD-771-G-64041,../../../../../../../../Data/OFFSHORE/Support/ConstructionEngg/ConstructionEnggProjects/PROJECTS/2035-UMM%20SHAIF/Documents/NAVAL/MOORING/DLB-1000/2035-ZZ-CL-062%20DLB-1000%20MOORING%20ANALYSIS%20DURING%20PL-6%20and%20PL-11%20corridor%20spools%20installation%20at%20HP-1,DATA/TECH/2035 Offshore Construction Engineering Register (Pipeline & Cables).xlsx,Documents - Naval Marine,78,INCLUDE,,SDOC-0ba65189bca4dca5a897c115,GDOC-3e8e76d85df025edcb168db1
2035,TECH,NAVAL & MARINE,DOCUMENT,ANALYSIS,2035-ZZ-CL-063,DLB-1000 MOORING ANALYSIS DURING PL-6 and PL-11 corridor spools installation at HP-2,AD-772-G-64042,../../../../../../../../Data/OFFSHORE/Support/ConstructionEngg/ConstructionEnggProjects/PROJECTS/2035-UMM%20SHAIF/Documents/NAVAL/MOORING/DLB-1000/2035-ZZ-CL-063%20DLB-1000%20MOORING%20ANALYSIS%20DURING%20PL-6%20and%20PL-11%20corridor%20spools%20installation%20at%20HP-2,DATA/TECH/2035 Offshore Construction Engineering Register (Pipeline & Cables).xlsx,Documents - Naval Marine,79,INCLUDE,,SDOC-ff654a19511a4a91e5cc5e62,GDOC-93af5cf30da9d9b0693fe4c0
2035,TECH,NAVAL & MARINE,DOCUMENT,ANALYSIS,2035-ZZ-CL-064,DLB-1000 MOORING ANALYSIS DURING PL-7 and PL-10 corridor spools installation at HP-2,AD-772-G-64043,../../../../../../../../Data/OFFSHORE/Support/ConstructionEngg/ConstructionEnggProjects/PROJECTS/2035-UMM%20SHAIF/Documents/NAVAL/MOORING/DLB-1000/2035-ZZ-CL-064%20DLB-1000,DATA/TECH/2035 Offshore Construction Engineering Register (Pipeline & Cables).xlsx,Documents - Naval Marine,80,INCLUDE,,SDOC-bb8ab06c96b32d2edf8a66c5,GDOC-f6b1345bf904e5a319ec74c6
2035,TECH,NAVAL & MARINE,DOCUMENT,ANALYSIS,2035-ZZ-CL-065,"DLB-1000 MOORING ANALYSIS DURING PL-8,PL-9 and PL-10 corridor spools installation at HP-3 and Lateral shifting PL-8 and PL-9",AD-773-G-64044,../../../../../../../../Data/OFFSHORE/Support/ConstructionEngg/ConstructionEnggProjects/PROJECTS/2035-UMM%20SHAIF/Documents/NAVAL/MOORING/DLB-1000/2035-ZZ-CL-065%20DLB-1000,DATA/TECH/2035 Offshore Construction Engineering Register (Pipeline & Cables).xlsx,Documents - Naval Marine,81,INCLUDE,,SDOC-6a02ca7e8e46adee75605a5f,GDOC-4f52fb94723daef34507269a
2035,TECH,NAVAL & MARINE,DOCUMENT,ANALYSIS,2035-ZZ-CL-066,"DLB-1000 MOORING ANALYSIS DURING PL-2, PL-7, PL-8 STALK-ON RISER AND PL-9 SPOOLS INSTALLATION AT RP-1",AD-552-G-64045,../../../../../../../../Data/OFFSHORE/Support/ConstructionEngg/ConstructionEnggProjects/PROJECTS/2035-UMM%20SHAIF/Documents/NAVAL/MOORING/DLB-1000/2035-ZZ-CL-066%20DLB-1000,DATA/TECH/2035 Offshore Construction Engineering Register (Pipeline & Cables).xlsx,Documents - Naval Marine,82,INCLUDE,,SDOC-6b203bfd3fb6f832fd148f0b,GDOC-d6a1bde849d69bbe12c80698
2035,TECH,NAVAL & MARINE,DOCUMENT,ANALYSIS,2035-ZZ-CL-067,DLB-1000 Mooring Analysis During  PL-1 Corridor spools installation at US-159A,AD-768-G-64046,../../../../../../../../Data/OFFSHORE/Support/ConstructionEngg/ConstructionEnggProjects/PROJECTS/2035-UMM%20SHAIF/Documents/NAVAL/MOORING/DLB-1000/2035-ZZ-CL-067-DLB-1000,DATA/TECH/2035 Offshore Construction Engineering Register (Pipeline & Cables).xlsx,Documents - Naval Marine,85,INCLUDE,,SDOC-ccd3d78f9e0158ae152fc451,GDOC-5ef47e9f0e205cfdd6bb3c82
2035,TECH,NAVAL & MARINE,DOCUMENT,ANALYSIS,2035-ZZ-CL-068,DLB-1000 Mooring Analysis During  PL-2 Lateral shifting and corridor spools installation at US-12B,AD-767-G-64047,../../../../../../../../Data/OFFSHORE/Support/ConstructionEngg/ConstructionEnggProjects/PROJECTS/2035-UMM%20SHAIF/Documents/NAVAL/MOORING/DLB-1000/2035-ZZ-CL-068-DLB-1000,DATA/TECH/2035 Offshore Construction Engineering Register (Pipeline & Cables).xlsx,Documents - Naval Marine,86,INCLUDE,,SDOC-46534049b087c80cb40fc008,GDOC-5c5abba3758eb4c21b633b21
2035,TECH,NAVAL & MARINE,DOCUMENT,ANALYSIS,2035-ZZ-CL-069,DLB-1000 Mooring Analysis During  PL-4 Corridor spools installation at US-19B,AD-774-G-64048,../../../../../../../../Data/OFFSHORE/Support/ConstructionEngg/ConstructionEnggProjects/PROJECTS/2035-UMM%20SHAIF/Documents/NAVAL/MOORING/DLB-1000/2035-ZZ-CL-069-DLB-1000,DATA/TECH/2035 Offshore Construction Engineering Register (Pipeline & Cables).xlsx,Documents - Naval Marine,87,INCLUDE,,SDOC-5ea5721de5d3ef23bc8496bc,GDOC-4b050056da5eeb00cb5fb128
2035,TECH,NAVAL & MARINE,DOCUMENT,ANALYSIS,2035-ZZ-CL-070,DLB-1000 Mooring Analysis During  PL-4 Lateral shifting and corridor spools installation at US-153A,AD-770-G-64049,../../../../../../../../Data/OFFSHORE/Support/ConstructionEngg/ConstructionEnggProjects/PROJECTS/2035-UMM%20SHAIF/Documents/NAVAL/MOORING/DLB-1000/2035-ZZ-CL-070-DLB-1000,DATA/TECH/2035 Offshore Construction Engineering Register (Pipeline & Cables).xlsx,Documents - Naval Marine,88,INCLUDE,DATE_TEXT_PRESERVED,SDOC-2eeb7d2b17fe500fe1bcec21,GDOC-27dc419855e3392729ee4352
2035,TECH,NAVAL & MARINE,DOCUMENT,ANALYSIS,2035-ZZ-CL-071,DLB-1000 Mooring Analysis During  PL- 1 Corridor spools installation at US-12B,AD-767-G-64050,../../../../../../../../Data/OFFSHORE/Support/ConstructionEngg/ConstructionEnggProjects/PROJECTS/2035-UMM%20SHAIF/Documents/NAVAL/MOORING/DLB-1000/2035-ZZ-CL-071-DLB-1000,DATA/TECH/2035 Offshore Construction Engineering Register (Pipeline & Cables).xlsx,Documents - Naval Marine,89,INCLUDE,,SDOC-1de1fde4785744a5e6879b96,GDOC-8c2ab2459dfbe6608d8e3f5b
2035,TECH,NAVAL & MARINE,DOCUMENT,ANALYSIS,2035-ZZ-CL-072,DLB-1000 Mooring Analysis During  PL-5 Corridor spools installation at US-153A,AD-770-G-64051,../../../../../../../../Data/OFFSHORE/Support/ConstructionEngg/ConstructionEnggProjects/PROJECTS/2035-UMM%20SHAIF/Documents/NAVAL/MOORING/DLB-1000/2035-ZZ-CL-072-DLB-1000,DATA/TECH/2035 Offshore Construction Engineering Register (Pipeline & Cables).xlsx,Documents - Naval Marine,90,INCLUDE,,SDOC-d0a0fb865a9cf3c65b1bd70d,GDOC-12f5638b615e504bf3f69f8f
2035,TECH,NAVAL & MARINE,DOCUMENT,ANALYSIS,2035-ZZ-CL-073,SEP-650 MOORING ANALYSIS AT RP-1 WEST SIDE,AD-552-G-64052,../../../../../../../../Data/OFFSHORE/Support/ConstructionEngg/ConstructionEnggProjects/PROJECTS/2035-UMM%20SHAIF/Documents/NAVAL/MOORING/SEP-650/AT%20RP-1%20WEST%20SIDE,DATA/TECH/2035 Offshore Construction Engineering Register (Pipeline & Cables).xlsx,Documents - Naval Marine,91,INCLUDE,,SDOC-716015d3922ce0150ca69f4b,GDOC-e5114139df95dbe429b71b12
2035,TECH,NAVAL & MARINE,DOCUMENT,ANALYSIS,2035-ZZ-CL-074,SPOOLS DYNAMIC LIFTING ANALYSIS DAF BY DLB-1000,AD-26-G-64053,../../../../../../../../Data/OFFSHORE/Support/ConstructionEngg/ConstructionEnggProjects/PROJECTS/2035-UMM%20SHAIF/Documents/NAVAL/DAF/Spools%20DAF%20analysis%20report,DATA/TECH/2035 Offshore Construction Engineering Register (Pipeline & Cables).xlsx,Documents - Naval Marine,92,INCLUDE,,SDOC-d334da7fdd6ebc74962f1bbe,GDOC-cd0d9add8d40eacefc2929a3
2035,TECH,NAVAL & MARINE,DOCUMENT,ANALYSIS,2035-ZZ-CL-075,"DLB-750 Mooring Analysis during laying of 16"" well fluid pipeline from US-159A to US-12B (PL-1)",AD-768/767-G-64054,../../../../../../../../Data/OFFSHORE/Support/ConstructionEngg/ConstructionEnggProjects/PROJECTS/2035-UMM%20SHAIF/Documents/NAVAL/MOORING/DLB-750/2035-ZZ-CL-075,DATA/TECH/2035 Offshore Construction Engineering Register (Pipeline & Cables).xlsx,Documents - Naval Marine,93,INCLUDE,,SDOC-0e2dc712a6f6b9c3078d4882,GDOC-0a40d2d35efe4039753b0240
2035,TECH,NAVAL & MARINE,DOCUMENT,ANALYSIS,2035-ZZ-CL-076,"DLB-750 Mooring Analysis during laying of 16"" well fluid pipeline from US-19B to US-153A (PL-4)",AD-774/770-G-64055,../../../../../../../../Data/OFFSHORE/Support/ConstructionEngg/ConstructionEnggProjects/PROJECTS/2035-UMM%20SHAIF/Documents/NAVAL/MOORING/DLB-750/2035-ZZCL-076/FINAL%20REPORT,DATA/TECH/2035 Offshore Construction Engineering Register (Pipeline & Cables).xlsx,Documents - Naval Marine,94,INCLUDE,,SDOC-5d1c565d6d4e35391d9b3354,GDOC-d267e26df347018d550ff8d7
2035,TECH,PIPELINE & CABLE,DOCUMENT,ANALYSIS REPORT,2035-NN-RP-001,PIPE STACKING ANALYSIS REPORT,AD-26-G-64000,..\Documents\Pipeline\Stacking\2035-NN-RP-0001,DATA/TECH/2035 Offshore Construction Engineering Register (Pipeline & Cables).xlsx,Documents - Pipeline & Cable,9,INCLUDE,,SDOC-cf2ba8950865ecf60d30da04,GDOC-4708379cf27a316d058ae771
2035,TECH,PIPELINE & CABLE,DOCUMENT,REPORT,2035-NN-RP-002,"PIPELAY INSTALLATION REPORT FOR 16"" WF PIPELINE FROM US-159A TO US-12B (PL-1)",AD-768/767-G-64000,..\Documents\Pipeline\Pipeline\PL-1\Report,DATA/TECH/2035 Offshore Construction Engineering Register (Pipeline & Cables).xlsx,Documents - Pipeline & Cable,12,INCLUDE,,SDOC-4d2316f2f393c50b013cc862,GDOC-7a5904a95864dbecb902d857
2035,TECH,PIPELINE & CABLE,DOCUMENT,REPORT,2035-NN-RP-003,"PIPELAY INSTALLATION REPORT FOR 16"" HP OIL SUBSEA PIPELINE FROM US-12B TO USSC-RP1 (PL-2)",AD-767/552-G-64000,..\Documents\Pipeline\Pipeline\PL-2\REV%202\Report,DATA/TECH/2035 Offshore Construction Engineering Register (Pipeline & Cables).xlsx,Documents - Pipeline & Cable,17,INCLUDE,,SDOC-bb325f2ade91a87c4595c864,GDOC-abcbd5d79590fe68ad814695
2035,TECH,PIPELINE & CABLE,DOCUMENT,REPORT,2035-NN-RP-004,"PIPELAY INSTALLATION REPORT FOR 16"" WF PIPELINE FROM US-142A TO USSC-RP1 (PL-3)",AD-769/552-G-64000,..\Documents\Pipeline\Pipeline\PL-3\REV%201,DATA/TECH/2035 Offshore Construction Engineering Register (Pipeline & Cables).xlsx,Documents - Pipeline & Cable,21,INCLUDE,,SDOC-0672b3ab459f00dc3e284c7e,GDOC-59bac6acfc6afd4c47bd885d
2035,TECH,PIPELINE & CABLE,DOCUMENT,REPORT,2035-NN-RP-005,"PIPELAY INSTALLATION REPORT FOR 16"" WF SUBSEA PIPELINE FROM US-19B TO US-153A (PL-4)",AD-774/770-G-64000,..\Documents\Pipeline\Pipeline\PL-4\Rev%201,DATA/TECH/2035 Offshore Construction Engineering Register (Pipeline & Cables).xlsx,Documents - Pipeline & Cable,23,INCLUDE,,SDOC-cfb6969d16c3e0909761afd9,GDOC-b549e022cd1d3c881fd17b39
2035,TECH,PIPELINE & CABLE,DOCUMENT,REPORT,2035-NN-RP-006,"PIPELAY INSTALLATION REPORT FOR 16"" HP OIL SUBSEA PIPELINE FROM US-153A TO USSC-RP1 (PL-5)",AD-770/552-G-64000,..\Documents\Pipeline\Pipeline\PL-5,DATA/TECH/2035 Offshore Construction Engineering Register (Pipeline & Cables).xlsx,Documents - Pipeline & Cable,27,INCLUDE,,SDOC-54d22fd4ba5df1aa158d0399,GDOC-28ff8dbdb3bcd5bbd989a8f8
2035,TECH,PIPELINE & CABLE,DOCUMENT,REPORT,2035-NN-RP-007,"PIPELAY INSTALLATION REPORT FOR 18"" HP OIL SUBSEA PIPELINE FROM HP1 TO HP2 (PL-6)",AD-771/772-G-64000,..\Documents\Pipeline\Pipeline\PL-6\03.%20Report,DATA/TECH/2035 Offshore Construction Engineering Register (Pipeline & Cables).xlsx,Documents - Pipeline & Cable,32,INCLUDE,,SDOC-a0aed027e8ece5eea3c37f9d,GDOC-0e249c481e7e7b40eb018a89
2035,TECH,PIPELINE & CABLE,DOCUMENT,REPORT,2035-NN-RP-008,"PIPELAY INSTALLATION REPORT FOR 18"" WF PIPELINE FROM HP2 TO USSC-RP1 (PL-7)",AD-772/552-G-64000,..\Documents\Pipeline\Pipeline\PL-7\Rev%201,DATA/TECH/2035 Offshore Construction Engineering Register (Pipeline & Cables).xlsx,Documents - Pipeline & Cable,33,INCLUDE,,SDOC-2803275d6ff89463f933d02d,GDOC-141d368a8f8420ddadd4a930
2035,TECH,PIPELINE & CABLE,DOCUMENT,REPORT,2035-NN-RP-009,"PIPELAY INSTALLATION REPORT FOR 16"" HP OIL SUBSEA PIPELINE FROM HP3 TO USSC-RP1 (PL-8)",AD-773/552-G-64000,..\Documents\Pipeline\Pipeline\PL-8,DATA/TECH/2035 Offshore Construction Engineering Register (Pipeline & Cables).xlsx,Documents - Pipeline & Cable,35,INCLUDE,DATE_TEXT_PRESERVED,SDOC-509d2a064933fc98485bf720,GDOC-7b7a69dbcaa8f8852b9a92c5
2035,TECH,PIPELINE & CABLE,DOCUMENT,REPORT,2035-NN-RP-010,"PIPELAY INSTALLATION REPORT FOR 16"" WATER INJECTION SUBSEA PIPELINE FROM USSC-RP1 TO HP3 (PL-9)",AD-552/773-G-64000,..\Documents\Pipeline\Pipeline\PL-9\Rev.%201\3.%20Report,DATA/TECH/2035 Offshore Construction Engineering Register (Pipeline & Cables).xlsx,Documents - Pipeline & Cable,36,INCLUDE,,SDOC-058ca53d6d338a639dbfe9e1,GDOC-c4ea9a2115dfe7ac3ea33f36
2035,TECH,PIPELINE & CABLE,DOCUMENT,REPORT,2035-NN-RP-011,"PIPELAY INSTALLATION REPORT FOR 16"" WATER INJECTION SUBSEA PIPELINE FROM HP3 TO HP2 (PL-10)",AD-773/772-G-64000,..\Documents\Pipeline\Pipeline\PL-10\01%20-%20Rev.%2001\03-Report,DATA/TECH/2035 Offshore Construction Engineering Register (Pipeline & Cables).xlsx,Documents - Pipeline & Cable,37,INCLUDE,,SDOC-5bacc440222c9ba3dca378e9,GDOC-08ce8b970f812defbdc6d3c1
2035,TECH,PIPELINE & CABLE,DOCUMENT,REPORT,2035-NN-RP-012,"PIPELAY INSTALLATION REPORT FOR 16"" WATER INJECTION SUBSEA PIPELINE FROM HP2 TO HP1 (PL-11)",AD-772/771-G-64000,..\Documents\Pipeline\Pipeline\PL-11\Rev.%201\3.%20Report,DATA/TECH/2035 Offshore Construction Engineering Register (Pipeline & Cables).xlsx,Documents - Pipeline & Cable,39,INCLUDE,,SDOC-1c9013325f9294dc9c977642,GDOC-ea0f2e011f6e5a24ec1faeab
2035,TECH,PIPELINE & CABLE,DOCUMENT,ANALYSIS REPORT,2035-NN-RP-013,SUBSEA CABLE LAYING ANALYSIS REPORT BY SAFEEN PEARL,AD-770/774-G-64000,..\Documents\Pipeline\2035-NN-RP-013_Cable%20Lay\01%20Rev%2001\01%20Report,DATA/TECH/2035 Offshore Construction Engineering Register (Pipeline & Cables).xlsx,Documents - Pipeline & Cable,41,INCLUDE,,SDOC-0dc47429c0703c70ea6fca03,GDOC-661f8781929e89f89919d3ff
2035,TECH,PIPELINE & CABLE,DOCUMENT,ANALYSIS REPORT,2035-NN-RP-014,SUBSEA CABLE  LAYING ANALYSIS REPORT FROM US-1216 TO US153A(CC-3) - CB-2,AD-424/770-G-64000,,DATA/TECH/2035 Offshore Construction Engineering Register (Pipeline & Cables).xlsx,Documents - Pipeline & Cable,42,INCLUDE,,SDOC-f164968e395e4edc09edb002,GDOC-6d3e144ac6e635c4473cde6e
2035,TECH,PIPELINE & CABLE,DOCUMENT,ANALYSIS REPORT,2035-NN-RP-015,SUBSEA CABLE  LAYING ANALYSIS REPORT FROM US-142A TO US218(CC-8) - CB-3,AD-769/426-G-64000,,DATA/TECH/2035 Offshore Construction Engineering Register (Pipeline & Cables).xlsx,Documents - Pipeline & Cable,43,INCLUDE,,SDOC-dbc5d7eff0d4973bb07d72f8,GDOC-93648f8261e2cd5be5eefcd9
2035,TECH,PIPELINE & CABLE,DOCUMENT,ANALYSIS REPORT,2035-NN-RP-016,SUBSEA CABLE  LAYING ANALYSIS REPORT FROM US-159A TO US-12B(CC-11) - CB-7,AD-768/767-G-64001,,DATA/TECH/2035 Offshore Construction Engineering Register (Pipeline & Cables).xlsx,Documents - Pipeline & Cable,44,INCLUDE,,SDOC-e5d7a852559783da0ae60cd1,GDOC-413c427006d27249543b3b29
2035,TECH,PIPELINE & CABLE,DOCUMENT,ANALYSIS REPORT,2035-NN-RP-017,SUBSEA CABLE  LAYING ANALYSIS REPORT FROM US-19B TO HP-1(CC-5) - CB-8,AD-774/771-G-64000,,DATA/TECH/2035 Offshore Construction Engineering Register (Pipeline & Cables).xlsx,Documents - Pipeline & Cable,45,INCLUDE,,SDOC-a50038a3f8457a95129b9ab6,GDOC-4c35b59f9d8402c2eb655347
2035,TECH,PIPELINE & CABLE,DOCUMENT,ANALYSIS REPORT,2035-NN-RP-018,SUBSEA CABLE  LAYING ANALYSIS REPORT FROM HP1 TO HP2(CC-6) - CB-9,AD-771/772-G-64001,,DATA/TECH/2035 Offshore Construction Engineering Register (Pipeline & Cables).xlsx,Documents - Pipeline & Cable,46,INCLUDE,DATE_TEXT_PRESERVED,SDOC-b99622ce8d49269d03378a3d,GDOC-592ab909f7e98f84c949999a
2035,TECH,PIPELINE & CABLE,DOCUMENT,ANALYSIS REPORT,2035-NN-RP-019,SUBSEA CABLE  LAYING ANALYSIS REPORT FROM HP-2 TO US-142A(CC-7) - CB-10,AD-772/769-G-64000,,DATA/TECH/2035 Offshore Construction Engineering Register (Pipeline & Cables).xlsx,Documents - Pipeline & Cable,47,INCLUDE,,SDOC-1994aa12dd81da6ecfd74485,GDOC-05e5ef6794c25a9f44ba8cd2
2035,TECH,PIPELINE & CABLE,DOCUMENT,ANALYSIS REPORT,2035-NN-RP-020,SUBSEA CABLE  LAYING ANALYSIS REPORT FROM USSC-RP1 TO HP3(CC-2) - CB-11,AD-552/773-G-64001,,DATA/TECH/2035 Offshore Construction Engineering Register (Pipeline & Cables).xlsx,Documents - Pipeline & Cable,48,INCLUDE,,SDOC-701e138c8872ca770e99bdf6,GDOC-f0e172e7b490353aaf79a964
2035,TECH,PIPELINE & CABLE,DOCUMENT,ANALYSIS REPORT,2035-NN-RP-021,SUBSEA CABLE  LAYING ANALYSIS REPORT FROM USSC-RP1 TO HP3(CC-1) - CB-12,AD-552/773-G-64002,,DATA/TECH/2035 Offshore Construction Engineering Register (Pipeline & Cables).xlsx,Documents - Pipeline & Cable,49,INCLUDE,,SDOC-0fabf95de5ddaad89b89ccfd,GDOC-4e0370b9b72c4ddfedd03e34
2035,TECH,PIPELINE & CABLE,DOCUMENT,ANALYSIS REPORT,2035-NN-RP-022,SUBSEA CABLE  LAYING ANALYSIS REPORT FROM USSC-PDP TO WHT- GI-1(CC-13) TO US-128 - CB-13,AD-775/274-G-64000,,DATA/TECH/2035 Offshore Construction Engineering Register (Pipeline & Cables).xlsx,Documents - Pipeline & Cable,50,INCLUDE,,SDOC-19938b0a2375945fe258824f,GDOC-522af95275867fab9176c375
2035,TECH,PIPELINE & CABLE,DOCUMENT,ANALYSIS REPORT,2035-NN-RP-023,SUBSEA CABLE  LAYING ANALYSIS REPORT FROM USSC-PDP TO WHT- GP-1(CC-14) TO US-159A - CB-14,AD-776/768-G-64000,,DATA/TECH/2035 Offshore Construction Engineering Register (Pipeline & Cables).xlsx,Documents - Pipeline & Cable,51,INCLUDE,,SDOC-6e3fb937927b1962d49c9442,GDOC-1a074e68b93c2d0608cf3628
2035,TECH,PIPELINE & CABLE,DOCUMENT,REPORT,2035-NN-RP-024,"Pipelay Installation Report for 16"" HP Oil Subsea Pipeline from HP3 to USSC-RP1 (PL-8) by DLB 1000",AD-552-G-64000,,DATA/TECH/2035 Offshore Construction Engineering Register (Pipeline & Cables).xlsx,Documents - Pipeline & Cable,52,INCLUDE,,SDOC-08d195b56f3e6270be723367,GDOC-6930e87a304d6a3893338375
2035,TECH,PIPELINE & CABLE,DOCUMENT,ANALYSIS REPORT,2035-NN-RP-025,SPOOL LIFT ANALYSIS REPORT FOR 16”  WELL FLUID PIPELINE FROM US-159A TO US-12B (PL-1),AD-768/767-G-64002,../../../../../../../../Data/OFFSHORE/Support/ConstructionEngg/ConstructionEnggProjects/PROJECTS/2035-UMM%20SHAIF/Documents/Structural/Lifting/PL-1%20Flanged%20Spool%20Lifting%20at%20US159A%20&%20US12B,DATA/TECH/2035 Offshore Construction Engineering Register (Pipeline & Cables).xlsx,Documents - Pipeline & Cable,53,INCLUDE,,SDOC-9ee7b8e750d619e73dcc76be,GDOC-54e448b9f33a7f6d29bbb961
2035,TECH,PIPELINE & CABLE,DOCUMENT,ANALYSIS REPORT,2035-NN-RP-026,"SPOOL LIFT ANALYSIS REPORT FOR 16"" WELL FLUID PIPELINE FROM US-12B TO USSC-RP1 (PL-2)",AD-767/552-G-64001,../../../../../../../../Data/OFFSHORE/Support/ConstructionEngg/ConstructionEnggProjects/PROJECTS/2035-UMM%20SHAIF/Documents/Structural/Lifting/PL-2%20Flanged%20Spool%20Lifting%20at%20US12B,DATA/TECH/2035 Offshore Construction Engineering Register (Pipeline & Cables).xlsx,Documents - Pipeline & Cable,54,INCLUDE,,SDOC-e4b4b906b5d6212fdd9076a5,GDOC-92ea2d19e484a8399c280f5c
2035,TECH,PIPELINE & CABLE,DOCUMENT,ANALYSIS REPORT,2035-NN-RP-027,"SPOOL & RISER LIFT ANALYSIS REPORT FOR 16"" HP OIL SUBSEA PIPELINE FROM US-142A TO USSC-RP1 (PL-3)",AD-769/552-G-64001,..\Documents\Structural\Lifting\Stalk%20on%20Riser&Spool%20Lift%20@USSC-RP1\Report\PL-3,DATA/TECH/2035 Offshore Construction Engineering Register (Pipeline & Cables).xlsx,Documents - Pipeline & Cable,56,INCLUDE,,SDOC-65430e8a11ee26573dd6413a,GDOC-632c963133839ff0f1cf1d59
2035,TECH,PIPELINE & CABLE,DOCUMENT,ANALYSIS REPORT,2035-NN-RP-028,SPOOL LIFT ANALYSIS REPORT FOR 16”  WELL FLUID PIPELINE FROM US-19B TO US-153A (PL-4),AD-774/770-G-64001,file:///\\Nmdc.local\fs\Data\OFFSHORE\Support\ConstructionEngg\ConstructionEnggProjects\PROJECTS\2035-UMM%20SHAIF\Documents\Structural\Lifting\PL-4%20Flange%20Spool%20Lifting%20at%20US153A%20&%2019B,DATA/TECH/2035 Offshore Construction Engineering Register (Pipeline & Cables).xlsx,Documents - Pipeline & Cable,58,INCLUDE,,SDOC-5f57f68e072486cc3acdc05b,GDOC-1871eaf767857deb5094f686
2035,TECH,PIPELINE & CABLE,DOCUMENT,ANALYSIS REPORT,2035-NN-RP-029,"SPOOL & RISER LIFT ANALYSIS REPORT FOR 16"" HP OIL SUBSEA PIPELINE FROM US-153A TO USSC-RP1 (PL-5)",AD-770/552-G-64001,..\Documents\Structural\Lifting\Stalk%20on%20Riser&Spool%20Lift%20@USSC-RP1\Report\PL-5,DATA/TECH/2035 Offshore Construction Engineering Register (Pipeline & Cables).xlsx,Documents - Pipeline & Cable,60,INCLUDE,,SDOC-c06f5e49785cc3cf607d5cb5,GDOC-93c263abb3934ea740ba0ce3
2035,TECH,PIPELINE & CABLE,DOCUMENT,ANALYSIS REPORT,2035-NN-RP-030,"SPOOL & RISER LIFT ANALYSIS REPORT FOR 18"" HP OIL SUBSEA PIPELINE FROM HP1 TO HP2 (PL-6)",AD-771/772-G-64002,,DATA/TECH/2035 Offshore Construction Engineering Register (Pipeline & Cables).xlsx,Documents - Pipeline & Cable,62,INCLUDE,,SDOC-b1b496f54b55040264623d72,GDOC-87a3b9467524f5c82135d7ff
2035,TECH,PIPELINE & CABLE,DOCUMENT,ANALYSIS REPORT,2035-NN-RP-031,"SPOOL & RISER LIFT ANALYSIS REPORT FOR 18"" HP OIL SUBSEA PIPELINE FROM HP2 TO USSC-RP1 (PL-7)",AD-772/552-G-64001,..\Documents\Structural\Lifting\Stalk%20on%20Riser&Spool%20Lift%20@USSC-RP1\Report\PL-7,DATA/TECH/2035 Offshore Construction Engineering Register (Pipeline & Cables).xlsx,Documents - Pipeline & Cable,63,INCLUDE,,SDOC-adfcc8758df635a70c482742,GDOC-9acb57fb4471a9a993a35a4f
2035,TECH,PIPELINE & CABLE,DOCUMENT,ANALYSIS REPORT,2035-NN-RP-032,"SPOOL & RISER LIFT ANALYSIS REPORT FOR 16"" HP OIL SUBSEA PIPELINE FROM HP3 TO USSC-RP1 (PL-8)",AD-773/552-G-64001,file:///\\Nmdc.local\fs\Data\OFFSHORE\Support\ConstructionEngg\ConstructionEnggProjects\PROJECTS\2035-UMM%20SHAIF\Documents\Structural\Lifting\PL-8%20Stalk%20on%20Riser%20Report\Report,DATA/TECH/2035 Offshore Construction Engineering Register (Pipeline & Cables).xlsx,Documents - Pipeline & Cable,67,INCLUDE,,SDOC-0e899db809d7e43d89d8f317,GDOC-8be4b7a5771a9ae0a2b57b19
2035,TECH,PIPELINE & CABLE,DOCUMENT,ANALYSIS REPORT,2035-NN-RP-033,SPOOL LIFT ANALYSIS REPORT FOR 16” WATER INJECTION SUBSEA PIPELINE FROM USSC-RP1 TO HP3 (PL-9),AD-552/773-G-64003,../../../../../../../../Data/OFFSHORE/Support/ConstructionEngg/ConstructionEnggProjects/PROJECTS/2035-UMM%20SHAIF/Documents/Structural/Lifting/PL-9%20Flanged%20Spool%20Lifting%20at%20RP1%20&%20HP3,DATA/TECH/2035 Offshore Construction Engineering Register (Pipeline & Cables).xlsx,Documents - Pipeline & Cable,69,INCLUDE,,SDOC-d5600ed489ecd81c029e2df5,GDOC-7d38524ba2eb92a6f977a79f
2035,TECH,PIPELINE & CABLE,DOCUMENT,ANALYSIS REPORT,2035-NN-RP-034,"SPOOL LIFT ANALYSIS REPORT FOR 16"" WATER INJECTION SUBSEA PIPELINE FROM HP3 TO HP2 (PL-10)",AD-773/772-G-64001,../../../../../../../../Data/OFFSHORE/Support/ConstructionEngg/ConstructionEnggProjects/PROJECTS/2035-UMM%20SHAIF/Documents/Structural/Lifting/PL-10%20Flanged%20Spool%20Lifting%20at%20HP2,DATA/TECH/2035 Offshore Construction Engineering Register (Pipeline & Cables).xlsx,Documents - Pipeline & Cable,70,INCLUDE,,SDOC-9aa482a62c29553972d54c1c,GDOC-947d747bf2db2790892619b4
2035,TECH,PIPELINE & CABLE,DOCUMENT,ANALYSIS REPORT,2035-NN-RP-035,SPOOL LIFT ANALYSIS REPORT FOR 16”  WATER INJECTION SUBSEA PIPELINE FROM HP2 TO HP1 (PL-11),AD-772/771-G-64001,file:///\\Nmdc.local\fs\Data\OFFSHORE\Support\ConstructionEngg\ConstructionEnggProjects\PROJECTS\2035-UMM%20SHAIF\Documents\Structural\Lifting\PL-11%20Flanged%20Spool%20Lifting%20at%20HP1%20&%20HP2,DATA/TECH/2035 Offshore Construction Engineering Register (Pipeline & Cables).xlsx,Documents - Pipeline & Cable,72,INCLUDE,,SDOC-2eb45e1ec9d4ba1ad069c378,GDOC-aa22e368a730e0f5d95ecf78
2035,TECH,PIPELINE & CABLE,DOCUMENT,REPORT,2035-NN-RP-036,SEAFASTENING DESIGN REPORT FOR TRANSPORTATION OF CC PIPES & REELS ON CARGO BARGE (ASTRO-3302) (TRIP-1),AD-26-G-64001,..\Documents\Structural\Seafastening\Astro-3302\1-CCpipes+Reels,DATA/TECH/2035 Offshore Construction Engineering Register (Pipeline & Cables).xlsx,Documents - Pipeline & Cable,73,INCLUDE,,SDOC-e2fcb2d7c04aa2d1bc91ddcf,GDOC-6dea9ea0f9b2a35279ef8c3f
2035,TECH,PIPELINE & CABLE,DOCUMENT,REPORT,2035-NN-RP-037,SEAFASTENING DESIGN REPORT FOR TRANSPORTATION OF CC PIPES ON CARGO BARGE (SAFEEN B - 281) (TRIP-2),AD-26-G-64002,..\Documents\Structural\Seafastening\SafeenB-281-Tr-2-CCP,DATA/TECH/2035 Offshore Construction Engineering Register (Pipeline & Cables).xlsx,Documents - Pipeline & Cable,74,INCLUDE,,SDOC-edc21cc78779b444a8407eac,GDOC-e3ccd904497adb02db15917a
2035,TECH,PIPELINE & CABLE,DOCUMENT,REPORT,2035-NN-RP-038,SEAFASTENING DESIGN REPORT FOR TRANSPORTATION OF CC PIPES & REELS ON CARGO BARGE SAFEEN B-283 (TRIP-3),AD-26-G-64003,..\Documents\Structural\Seafastening\Safeen-B-283\1-CCP+Reels-Tr-3,DATA/TECH/2035 Offshore Construction Engineering Register (Pipeline & Cables).xlsx,Documents - Pipeline & Cable,75,INCLUDE,,SDOC-7921ce20e73f0e4dc884de36,GDOC-20b800b3ac7f930080ad7515
2035,TECH,PIPELINE & CABLE,DOCUMENT,REPORT,2035-NN-RP-039,SEAFASTENING DESIGN REPORT FOR TRANSPORTATION OF CC PIPES ON PFC-02 - TRIP-3,AD-26-G-64004,../../../../../../../../Data/OFFSHORE/Support/ConstructionEngg/ConstructionEnggProjects/PROJECTS/2035-UMM%20SHAIF/Documents/Structural/Seafastening/CC%20pipes%20on%20PFC02/2.%20Report,DATA/TECH/2035 Offshore Construction Engineering Register (Pipeline & Cables).xlsx,Documents - Pipeline & Cable,76,INCLUDE,,SDOC-032bb7c1ac76fcd144bf0577,GDOC-7b79ce9e4e2093335077c416
2035,TECH,PIPELINE & CABLE,DOCUMENT,REPORT,2035-NN-RP-040,SEAFASTENING DESIGN REPORT FOR TRANSPORTATION OF CC PIPES (TRIP-5),AD-26-G-64005,,DATA/TECH/2035 Offshore Construction Engineering Register (Pipeline & Cables).xlsx,Documents - Pipeline & Cable,77,INCLUDE,,SDOC-74aad548c117cd4a838edcd2,GDOC-6999dc826eae048d54bd9f49
2035,TECH,PIPELINE & CABLE,DOCUMENT,REPORT,2035-NN-RP-041,SEAFASTENING DESIGN REPORT FOR TRANSPORTATION OF CC PIPES (TRIP-6),AD-26-G-64006,,DATA/TECH/2035 Offshore Construction Engineering Register (Pipeline & Cables).xlsx,Documents - Pipeline & Cable,78,INCLUDE,,SDOC-da1122b96d24490ac7b4ff32,GDOC-ec14bd3db02b75e9076bbda4
2035,TECH,PIPELINE & CABLE,DOCUMENT,REPORT,2035-NN-RP-042,SEAFASTENING DESIGN REPORT FOR TRANSPORTATION OF SPOOLS AND RISERS ON CARGO BARGE ES-282,AD-26-G-64007,..\Documents\Structural\Seafastening\Riser%20and%20Spool%20Transportation%20ES-282,DATA/TECH/2035 Offshore Construction Engineering Register (Pipeline & Cables).xlsx,Documents - Pipeline & Cable,79,INCLUDE,,SDOC-bb826b8c29a2f03f68c5a8eb,GDOC-a15ef39fcac89346e325dad7
2035,TECH,PIPELINE & CABLE,DOCUMENT,REPORT,2035-NN-RP-043,SEAFASTENING DESIGN REPORT FOR TRANSPORTATION OF SPOOLS ON CARGO BARGE (AESEN-2812),AD-26-G-64008,../../../../../../../../Data/OFFSHORE/Support/ConstructionEngg/ConstructionEnggProjects/PROJECTS/2035-UMM%20SHAIF/Documents/Structural/Seafastening/Spool%20Transportation%20AESEN-2812,DATA/TECH/2035 Offshore Construction Engineering Register (Pipeline & Cables).xlsx,Documents - Pipeline & Cable,80,INCLUDE,,SDOC-9cdcb889e5c775824dc2971c,GDOC-c73b94f1609887c1c32ba7cd
2035,TECH,PIPELINE & CABLE,DOCUMENT,REPORT,2035-NN-RP-044,"SEAFASTENING DESIGN REPORT FOR TRANSPORTATION OF RISERS, SPOOLS & RISER PROTECTOR ON CARGO BAGE (AESEN-2811)",AD-26-G-64009,"../../../../../../../../Data/OFFSHORE/Support/ConstructionEngg/ConstructionEnggProjects/PROJECTS/2035-UMM%20SHAIF/Documents/Structural/Seafastening/RIser,%20Spool%20&%20Riser%20Guard%20Transportation%20AESEN-2811",DATA/TECH/2035 Offshore Construction Engineering Register (Pipeline & Cables).xlsx,Documents - Pipeline & Cable,81,INCLUDE,,SDOC-19c4a13e8d4d8ebce8a05718,GDOC-4fe9121e2dbf87ddfa5d61aa
2035,TECH,PIPELINE & CABLE,DOCUMENT,REPORT,2035-NN-RP-045,SEAFASTENING DESIGN REPORT FOR TRANSPORTATION OF CONCRETE SLEEPERS ON CARGO BARGE (CB-7),AD-26-G-64010,..\Documents\Seafastening\SLRPS-CB-7,DATA/TECH/2035 Offshore Construction Engineering Register (Pipeline & Cables).xlsx,Documents - Pipeline & Cable,82,INCLUDE,,SDOC-86a2d775f00afe0d9f6a08c4,GDOC-29164d99b75212f767e65b64
2035,TECH,PIPELINE & CABLE,DOCUMENT,REPORT,2035-NN-RP-046,SEAFASTENING DESIGN REPORT FOR TRANSPORTATION OF CONCRETE SLEEPERS ON CARGO BARGE (CB-8),AD-26-G-64011,,DATA/TECH/2035 Offshore Construction Engineering Register (Pipeline & Cables).xlsx,Documents - Pipeline & Cable,83,INCLUDE,,SDOC-1cc951f87b0308fafb341e05,GDOC-d58e98fff7a401b8440ab873
2035,TECH,PIPELINE & CABLE,DOCUMENT,REPORT,2035-NN-RP-047,"SEAFASTENING DESIGN REPORT FOR TRANSPORTATION OF SLEEPERS, MATTRESSES , GROUT BAG AND MISCELLANEOUS - (TRIP-3)",AD-26-G-64012,,DATA/TECH/2035 Offshore Construction Engineering Register (Pipeline & Cables).xlsx,Documents - Pipeline & Cable,84,INCLUDE,,SDOC-035a98bdd8390633c9ec2a8c,GDOC-ecace9d5b7b4c2d7b3e071e4
2035,TECH,PIPELINE & CABLE,DOCUMENT,REPORT,2035-NN-RP-048,SEAFASTENING DESIGN REPORT FOR TRANSPORTATION OF CONCRETE SLEEPERS ON CARGO BARGE (ES-282),AD-26-G-64113,..\Documents\Seafastening\SLRPS-ES-282,DATA/TECH/2035 Offshore Construction Engineering Register (Pipeline & Cables).xlsx,Documents - Pipeline & Cable,85,INCLUDE,,SDOC-f05b3f72db54900e2e64d550,GDOC-d2d3fc9f7018b29f4103eba2
2035,TECH,PIPELINE & CABLE,DOCUMENT,ANALYSIS REPORT,2035-NN-RP-049,J-TUBE LIFTING ANALYSIS REPORT AT US-216 AND US-218,AD-26-G-64114,..\Documents\Lifting\Jtube%20US216&US218\2035-NN-RP-049,DATA/TECH/2035 Offshore Construction Engineering Register (Pipeline & Cables).xlsx,Documents - Pipeline & Cable,87,INCLUDE,,SDOC-110c035b41d1e8256de5ac0a,GDOC-b3548ce05789a023a560fac6
2035,TECH,PIPELINE & CABLE,DOCUMENT,REPORT,2035-NN-RP-050,SEAFASTENING DESIGN REPORT FOR TRANSPORTATION OF CONCRETE SLEEPERS ON CARGO BARGE (ASTRO-250),AD-26-G-64115,..\Documents\Structural\Seafastening\Astro-250,DATA/TECH/2035 Offshore Construction Engineering Register (Pipeline & Cables).xlsx,Documents - Pipeline & Cable,89,INCLUDE,,SDOC-02a8f700b000c60b959cdc99,GDOC-f6e1a2afe3fe5a1c6d626021
2035,TECH,PIPELINE & CABLE,DOCUMENT,ANALYSIS REPORT,2035-NN-RP-051,WELD REPAIR ANALYSIS REPORT,,,DATA/TECH/2035 Offshore Construction Engineering Register (Pipeline & Cables).xlsx,Documents - Pipeline & Cable,90,INCLUDE,,SDOC-4c3917b556b658527418d897,GDOC-ba6abb0634043237fb2b6cfe
2035,TECH,PIPELINE & CABLE,DOCUMENT,REPORT,2035-NN-RP-052,SEAFASTENING DESIGN REPORT FOR TRANSPORTATION OF CONCRETE SLEEPERS ON CARGO BARGE (ASTRO-304),AD-26-G-64117,..\Documents\Structural\Seafastening\Astro-304\Sleepers,DATA/TECH/2035 Offshore Construction Engineering Register (Pipeline & Cables).xlsx,Documents - Pipeline & Cable,91,INCLUDE,,SDOC-311a46b24a91ba21c560450d,GDOC-e694c28be725129acd5a89be
2035,TECH,PIPELINE & CABLE,DOCUMENT,REPORT,2035-NN-RP-053,SEAFASTENING DESIGN REPORT FOR TRANSPORTATION OF CONCRETE SLEEPERS ON CARGO BARGE (GAC-68),AD-26-G-64118,..\Documents\Structural\Seafastening\GAC-68-TR11-SLRPS,DATA/TECH/2035 Offshore Construction Engineering Register (Pipeline & Cables).xlsx,Documents - Pipeline & Cable,92,INCLUDE,,SDOC-674d73a7698f61ca9d1b8901,GDOC-a669d72908f7367b9feac7c0
2035,TECH,PIPELINE & CABLE,DOCUMENT,REPORT,2035-NN-RP-054,SEAFASTENING DESIGN REPORT FOR TRANSPORTATION OF CONCRETE SLEEPERS ON CARGO BARGE ASTRO-251,AD-26-G-64119,..\Documents\Structural\Seafastening\ASTRO251%20Sleepers\Report,DATA/TECH/2035 Offshore Construction Engineering Register (Pipeline & Cables).xlsx,Documents - Pipeline & Cable,93,INCLUDE,,SDOC-021c48ad4bef3c391e1f0c92,GDOC-f3c34cdc9b261f7d012adb33
2035,TECH,PIPELINE & CABLE,DOCUMENT,REPORT,2035-NN-RP-055,SEAFASTENING DESIGN REPORT FOR TRANSPORTATION OF CC PIPES & REELS ON CARGO BARGE (SAFEEN-B-282),AD-26-G-64120,..\Documents\Structural\Seafastening\Safeen%20B-282,DATA/TECH/2035 Offshore Construction Engineering Register (Pipeline & Cables).xlsx,Documents - Pipeline & Cable,94,INCLUDE,,SDOC-a98eadc0fba45407cd95b02d,GDOC-b39bf3ad4592acd02ae453fe
2035,TECH,PIPELINE & CABLE,DOCUMENT,REPORT,2035-NN-RP-056,SEAFASTENING DESIGN REPORT FOR TRANSPORTATION OF  MATTRESS ON CARGO BARGE (ASTRO-251),AD-26-G-64121,..\Documents\Structural\Seafastening\Astro-251-Mattresses,DATA/TECH/2035 Offshore Construction Engineering Register (Pipeline & Cables).xlsx,Documents - Pipeline & Cable,95,INCLUDE,,SDOC-7cc46d60b6bec334ea888934,GDOC-bb0fb1303daf0199188f5055
2035,TECH,PIPELINE & CABLE,DOCUMENT,REPORT,2035-NN-RP-057,"PIPELAY INSTALLATION REPORT FOR 16"" WATER INJECTION SUBSEA PIPELINE FROM HP3 TO HP2 (PL-10) BY SAPURA 1200",AD-26-G-64122,..\Documents\Pipeline\Pipeline\PL-10\02%20-%20SAP1200\01%20-%20Rev.%2001\03%20-%20Report,DATA/TECH/2035 Offshore Construction Engineering Register (Pipeline & Cables).xlsx,Documents - Pipeline & Cable,96,INCLUDE,,SDOC-14954476ca7243199cc93dba,GDOC-80714eeab00871051f4426c9
2035,TECH,PIPELINE & CABLE,DOCUMENT,REPORT,2035-NN-RP-058,"Pipelay Installation Report for 16"" Well Fluid Subsea Pipeline from US-153A to USSC-RP1 (PL-5) by Sapura 1200",AD-26-G-64123,..\Documents\Pipeline\Pipeline\PL-5\02-SAP1200\01.%20Rev.%201\03%20-%20Report,DATA/TECH/2035 Offshore Construction Engineering Register (Pipeline & Cables).xlsx,Documents - Pipeline & Cable,99,INCLUDE,,SDOC-c92e78906278d4ca1b189f2a,GDOC-d8265c7693dedfed8a9f3a18
2035,TECH,PIPELINE & CABLE,DOCUMENT,REPORT,2035-NN-RP-059,"PIPELAY INSTALLATION REPORT FOR 16"" WF PIPELINE FROM US-142A TO USSC-RP1 (PL-3) BY SAPURA 1200.",AD-26-G-64124,..\Documents\Pipeline\Pipeline\PL-3\02-SAP_1200\01-Rev1\03-Reports,DATA/TECH/2035 Offshore Construction Engineering Register (Pipeline & Cables).xlsx,Documents - Pipeline & Cable,101,INCLUDE,,SDOC-df80c7d8416de6ede9892a73,GDOC-007897f28449e573c3be0832
2035,TECH,PIPELINE & CABLE,DOCUMENT,REPORT,2035-NN-RP-060,"PIPELAY INSTALLATION REPORT FOR 18"" WF PIPELINE FROM HP2 TO USSC-RP1 (PL-7) BY SAPURA 1200.",AD-26-G-64125,..\Documents\Pipeline\Pipeline\PL-7\02-SAP_1200\01-Rev1,DATA/TECH/2035 Offshore Construction Engineering Register (Pipeline & Cables).xlsx,Documents - Pipeline & Cable,102,INCLUDE,,SDOC-b1a77db833f0155742d2c79e,GDOC-6758444fcb2857113749d75b
2035,TECH,PIPELINE & CABLE,DOCUMENT,REPORT,2035-NN-RP-061,"Pipelay Installation Report for 16"" Well Fluid Subsea Pipeline from US-19B to US-153A (PL-4) by Sapura 1200",AD-26-G-64126,..\Documents\Pipeline\Pipeline\PL-4\02-SAP1200\1.%20Rev.%201\3.%20Report,DATA/TECH/2035 Offshore Construction Engineering Register (Pipeline & Cables).xlsx,Documents - Pipeline & Cable,103,INCLUDE,,SDOC-c5a29afac6a29ccc2e471098,GDOC-c94b5fa2a0255c26f7be036c
2035,TECH,PIPELINE & CABLE,DOCUMENT,REPORT,2035-NN-RP-062,"Pipelay Installation Report for 16"" HP Oil Subsea Pipeline from US-12B to USSC-RP1 (PL-2) by Sapura 1200",AD-26-G-64127,..\Documents\Pipeline\Pipeline\PL-2\02-SAP1200\01.%20Rev.%201,DATA/TECH/2035 Offshore Construction Engineering Register (Pipeline & Cables).xlsx,Documents - Pipeline & Cable,105,INCLUDE,,SDOC-af7a276e32ab29c27d46dfe5,GDOC-98a8d07c654527f3c1f7adb7
2035,TECH,PIPELINE & CABLE,DOCUMENT,REPORT,2035-NN-RP-063,SEAFASTENING DESIGN REPORT FOR TRANSPORTATION OF CC PIPES & REELS ON CARGO BARGE SAFEEN B-284 (TRIP-3),AD-26-G-64128,..\Documents\Structural\Seafastening\SafeenB-284-Tr3,DATA/TECH/2035 Offshore Construction Engineering Register (Pipeline & Cables).xlsx,Documents - Pipeline & Cable,106,INCLUDE,,SDOC-8481a864dc92ff616fe1a4bb,GDOC-d54bcdb57b860ac8ddbbf911
2035,TECH,PIPELINE & CABLE,DOCUMENT,REPORT,2035-NN-RP-064,PIPELAY INSTALLATION REPORT FOR 16” WF PIPELINE FROM US-159A TO US-12B (PL-1) BY SAPURA 1200,AD-26-G-64129,..\Documents\Pipeline\Pipeline\PL-1\02-SAP_1200\Rev1\03-Report,DATA/TECH/2035 Offshore Construction Engineering Register (Pipeline & Cables).xlsx,Documents - Pipeline & Cable,107,INCLUDE,,SDOC-4628fa6014e85a41c97d936f,GDOC-8eb442586330d8561ad4a4fa
2035,TECH,PIPELINE & CABLE,DOCUMENT,REPORT,2035-NN-RP-065,SEAFASTENING DESIGN REPORT FOR TRANSPORTATION OF CC PIPES & REELS ON CARGO BARGE (CREST-2802),AD-26-G-64130,..\Documents\Structural\Seafastening\Crest-2802-Tr-3,DATA/TECH/2035 Offshore Construction Engineering Register (Pipeline & Cables).xlsx,Documents - Pipeline & Cable,108,INCLUDE,,SDOC-a6905c4f3aef72b55167c19e,GDOC-2aaeb1cee9f1b266f5bb4c1c
2035,TECH,PIPELINE & CABLE,DOCUMENT,ANALYSIS REPORT,2035-NN-RP-066,DAVIT LIFT ANALYSIS REPORT FOR 16” WF PIPELINE FROM US-142A TO USSC RP-1 (PL-3),AD-26-G-64131,..\Documents\Pipeline\Davit%20Lift\PL-3\02-SAF_3000\03-Report,DATA/TECH/2035 Offshore Construction Engineering Register (Pipeline & Cables).xlsx,Documents - Pipeline & Cable,109,INCLUDE,,SDOC-19ee2b4f9b1c407a57163889,GDOC-b6dfe54c596610221cccb06d
2035,TECH,PIPELINE & CABLE,DOCUMENT,ANALYSIS REPORT,2035-NN-RP-067,DAVIT LIFT ANALYSIS REPORT FOR 16” WF PIPELINE FROM US-153A TO USSC RP-1 (PL-5),AD-26-G-64132,..\Documents\Pipeline\Davit%20Lift\PL-5\02-SAF_3000\03-Report,DATA/TECH/2035 Offshore Construction Engineering Register (Pipeline & Cables).xlsx,Documents - Pipeline & Cable,112,INCLUDE,,SDOC-db0be66c38117f8301b76591,GDOC-dab5c44814e9d1703ce35089
2035,TECH,PIPELINE & CABLE,DOCUMENT,REPORT,2035-NN-RP-068,"Pipelay Installation Report for 18"" HP Oil Subsea Pipeline from HP1 to HP2 (PL-6) by SAFEEN 3000",AD-26-G-64133,..\Documents\Pipeline\Pipeline\PL-6\01.%20SAF3000\Rev.%201,DATA/TECH/2035 Offshore Construction Engineering Register (Pipeline & Cables).xlsx,Documents - Pipeline & Cable,114,INCLUDE,,SDOC-e39f6653212a77004d608586,GDOC-cbc2e0e6ed0ed19cc0a08f78
2035,TECH,PIPELINE & CABLE,DOCUMENT,REPORT,2035-NN-RP-069,"Pipelay Installation Report for 16"" HP Oil Subsea Pipeline from HP3 to USSC-RP1 (PL-8) by SAFEEN 3000",AD-26-G-64134,..\Documents\Pipeline\Pipeline\PL-8\02.%20SAF3000,DATA/TECH/2035 Offshore Construction Engineering Register (Pipeline & Cables).xlsx,Documents - Pipeline & Cable,116,INCLUDE,,SDOC-7ad717d9575241bf1e3d197c,GDOC-4272a10520b49f73631bf377
2035,TECH,PIPELINE & CABLE,DOCUMENT,ANALYSIS REPORT,2035-NN-RP-070,DAVIT LIFT ANALYSIS REPORT FOR 18” WF PIPELINE FROM HP2 TO USSC RP-1 (PL-7),AD-26-G-64135,..\Documents\Pipeline\Davit%20Lift\PL-7\02-SAF_3000\01-Rev01,DATA/TECH/2035 Offshore Construction Engineering Register (Pipeline & Cables).xlsx,Documents - Pipeline & Cable,118,INCLUDE,,SDOC-1a8f022f035b6c5280c3c707,GDOC-6510354331816b6a8ea421d2
2035,TECH,PIPELINE & CABLE,DOCUMENT,ANALYSIS REPORT,2035-NN-RP-071,DAVIT LIFT ANALYSIS REPORT FOR 16” WF PIPELINE FROM HP3 TO USSC RP-1 (PL-8),AD-26-G-64136,..\Documents\Pipeline\Davit%20Lift\PL-8\02-SAF_3000,DATA/TECH/2035 Offshore Construction Engineering Register (Pipeline & Cables).xlsx,Documents - Pipeline & Cable,119,INCLUDE,,SDOC-cbe8d448d582844a12a7bfb2,GDOC-e189c1f54fff54de8b59c169
2035,TECH,PIPELINE & CABLE,DOCUMENT,ANALYSIS REPORT,2035-NN-RP-072,DAVIT LIFT ANALYSIS REPORT FOR 16” WF PIPELINE FROM US-12B TO USSC RP-1 (PL-2),AD-26-G-64137,..\Documents\Pipeline\Davit%20Lift\PL-2\02-SAF_3000\01-Rev01\03-Report,DATA/TECH/2035 Offshore Construction Engineering Register (Pipeline & Cables).xlsx,Documents - Pipeline & Cable,121,INCLUDE,,SDOC-e9c2b9d3cd5466f72db0cd78,GDOC-05429048c5f7f6257794256d
2035,TECH,PIPELINE & CABLE,DOCUMENT,ANALYSIS REPORT,2035-NN-RP-073,"SPOOL LIFT ANALYSIS REPORT FOR 16"" HP OIL SUBSEA PIPELINE AT US 142A (PL-3) AND US 153A (PL-5)",AD-26-G-64138,..\Documents\Structural\Lifting\PL-3%20and%20PL-5%20Flanged%20Spool%20Lifting%20at%20US142A%20and%20US153A\Report,DATA/TECH/2035 Offshore Construction Engineering Register (Pipeline & Cables).xlsx,Documents - Pipeline & Cable,122,INCLUDE,,SDOC-730e8a74935ffa4e03d41162,GDOC-4e5854002259c1a0eb1367a6
2035,TECH,PIPELINE & CABLE,DOCUMENT,REPORT,2035-NN-RP-074,SEAFASTENING DESIGN REPORT FOR TRANSPORTATION OF CC PIPES & REELS ON CARGO BARGE SAFEEN B-281 (TRIP-7),AD-26-G-64139,..\Documents\Structural\Seafastening\CC%20&%20Reel%20LO%20-%20Safeen%20B-281%20-%20Trip%207\2.%20Report,DATA/TECH/2035 Offshore Construction Engineering Register (Pipeline & Cables).xlsx,Documents - Pipeline & Cable,123,INCLUDE,,SDOC-8692a35d2d657fa357528ff4,GDOC-affdb07955e61c32eb5f172b
2035,TECH,PIPELINE & CABLE,DOCUMENT,REPORT,2035-NN-RP-075,"Pipelay Installation Report for 16"" Water Injection Subsea Pipeline from USSC-RP1 to HP3 (PL-9) by SAFEEN 3000",AD-26-G-64140,..\Documents\Pipeline\Pipeline\PL-9\2.%20SAF3000\3.%20Report,DATA/TECH/2035 Offshore Construction Engineering Register (Pipeline & Cables).xlsx,Documents - Pipeline & Cable,124,INCLUDE,,SDOC-be3337ae4bfba2c8cee4effe,GDOC-a09d5081842bea9a71ad4954
2035,TECH,PIPELINE & CABLE,DOCUMENT,REPORT,2035-NN-RP-076,SEAFASTENING DESIGN REPORT FOR TRANSPORTATION OF CC PIPES (PL-6 & PL-8) ON ASTRO-251,AD-26-G-64141,..\Documents\Structural\Seafastening\PL6%20&%20PL8%20CC%20Pipis%20on%20ASTRO-251\2.%20Report,DATA/TECH/2035 Offshore Construction Engineering Register (Pipeline & Cables).xlsx,Documents - Pipeline & Cable,126,INCLUDE,,SDOC-4d7dcba156755072ac08c748,GDOC-3459109f41962df5fa263af6
2035,TECH,PIPELINE & CABLE,DOCUMENT,ANALYSIS REPORT,2035-NN-RP-077,DAVIT LIFT ANALYSIS REPORT FOR PL-8 AND PL-9 PIPELINE AT HP3 PLATFORM WITH DLB-1000,AD-26-G-64142,..\Documents\Pipeline\Davit%20Lift\PL-9\01-DLB_1000\01-Rev01\01-HP3,DATA/TECH/2035 Offshore Construction Engineering Register (Pipeline & Cables).xlsx,Documents - Pipeline & Cable,127,INCLUDE,,SDOC-6a2e8f5bfe3c26885fe9055b,GDOC-ad8aa62fd5bad36e70950f8d
2035,TECH,PIPELINE & CABLE,DOCUMENT,ANALYSIS REPORT,2035-NN-RP-078,DAVIT LIFT ANALYSIS REPORT FOR 16” WF PIPELINE FROM HP3 TO USSC RP-1 (PL-8) AT USSC RP-1 BY DLB 1000,AD-552-G-64143,../../../../../../../../Data/OFFSHORE/Support/ConstructionEngg/ConstructionEnggProjects/PROJECTS/2035-UMM%20SHAIF/Documents/Pipeline/Davit%20Lift/PL-8/01-DLB_1000/02-At_RP1/01-Rev01,DATA/TECH/2035 Offshore Construction Engineering Register (Pipeline & Cables).xlsx,Documents - Pipeline & Cable,130,INCLUDE,,SDOC-0abafb3a7a85e26b78e18c56,GDOC-a83dd5a7432f42f414ebf39b
2035,TECH,PIPELINE & CABLE,DOCUMENT,ANALYSIS REPORT,2035-NN-RP-079,DAVIT LIFT ANALYSIS REPORT FOR PL-2 PIPELINE AT US-12B PLATFORM WITH DLB-1000,AD-767-G-64144,../../../../../../../../Data/OFFSHORE/Support/ConstructionEngg/ConstructionEnggProjects/PROJECTS/2035-UMM%20SHAIF/Documents/Pipeline/Davit%20Lift/PL-2/01-DLB_1000/01-At_US12B/01-Rev01/03-Report,DATA/TECH/2035 Offshore Construction Engineering Register (Pipeline & Cables).xlsx,Documents - Pipeline & Cable,132,INCLUDE,,SDOC-41b0134cf8e39088febd3dd1,GDOC-2f5664911d217a68f6cce04c
2035,TECH,PIPELINE & CABLE,DOCUMENT,REPORT,2035-NN-RP-080,"PIPELAY INSTALLATION REPORT FOR 16"" WATER INJECTION SUBSEA PIPELINE HP2 TO HP1 (PL-11) BY SAFEEN-3000",AD-772/771-G-64145,../../../../../../../../Data/OFFSHORE/Support/ConstructionEngg/ConstructionEnggProjects/PROJECTS/2035-UMM%20SHAIF/Documents/Pipeline/Pipeline/PL-11/2.%20SAF3000/1.%20Rev.%201/3.%20Report,DATA/TECH/2035 Offshore Construction Engineering Register (Pipeline & Cables).xlsx,Documents - Pipeline & Cable,134,INCLUDE,,SDOC-d28791a0aa38de61c525b00c,GDOC-b9d8cac4d414409616dd5e2a
2035,TECH,PIPELINE & CABLE,DOCUMENT,REPORT,2035-NN-RP-081,SEAFASTENING DESIGN REPORT FOR TRANSPORTATION OF CC PIPES & REELS ON ASTRO-251,AD-26-G-64146,../../../../../../../../Data/OFFSHORE/Support/ConstructionEngg/ConstructionEnggProjects/PROJECTS/2035-UMM%20SHAIF/Documents/Structural/Seafastening/CC%20&%20Reel%20LO%20-%20Astro%20251%20-%20Trip%204/2.%20Report,DATA/TECH/2035 Offshore Construction Engineering Register (Pipeline & Cables).xlsx,Documents - Pipeline & Cable,136,INCLUDE,,SDOC-1694707cf660d1e7bf84cc96,GDOC-fb885037422c0d5d356621e1
2035,TECH,PIPELINE & CABLE,DOCUMENT,REPORT,2035-NN-RP-082,"Pipelay Installation Report for 16"" Well Fluid Pipeline from US-159A to US-12B (PL-1) by DLS 4200",AD-768/767-G-64147,,DATA/TECH/2035 Offshore Construction Engineering Register (Pipeline & Cables).xlsx,Documents - Pipeline & Cable,137,INCLUDE,,SDOC-6ed989c5cd50679e36a70464,GDOC-f886a2ab5c6553ab62ec34a5
2035,TECH,PIPELINE & CABLE,DOCUMENT,REPORT,2035-NN-RP-083,"Pipelay Installation Report for 16"" Well Fluid Subsea Pipeline from US-19B to US-153A (PL-4) by DLS 4200",AD-774/770-G-64148,,DATA/TECH/2035 Offshore Construction Engineering Register (Pipeline & Cables).xlsx,Documents - Pipeline & Cable,138,INCLUDE,,SDOC-a1df7cf577fc697fbf8c78a9,GDOC-722e658bba4583ede2845df4
2035,TECH,PIPELINE & CABLE,DOCUMENT,REPORT,2035-NN-RP-084,Pipelay Installation Report for 16” Water Injection Subsea Pipeline from HP2 to HP1 (PL-11) by DLS 4200,AD-772/771-G-64149,,DATA/TECH/2035 Offshore Construction Engineering Register (Pipeline & Cables).xlsx,Documents - Pipeline & Cable,139,INCLUDE,,SDOC-c48f53f7e28e5abf02e6b237,GDOC-5987aee6d698880bb3b34557
2035,TECH,PIPELINE & CABLE,DOCUMENT,ANALYSIS REPORT,2035-NN-RP-085,DAVIT LIFT ANALYSIS REPORT FOR PL-2 PIPELINE AT USSC RP-1 PLATFORM WITH DLB-1000,AD-552-G-64150,file:///\\Nmdc.local\fs\Data\OFFSHORE\Support\ConstructionEngg\ConstructionEnggProjects\PROJECTS\2035-UMM%20SHAIF\Documents\Pipeline\Davit%20Lift\PL-2\01-DLB_1000\02-At_RP1,DATA/TECH/2035 Offshore Construction Engineering Register (Pipeline & Cables).xlsx,Documents - Pipeline & Cable,140,INCLUDE,,SDOC-da957a51e32b6604bc68c67c,GDOC-935bfda1ad0ea74a54690572
2035,TECH,PIPELINE & CABLE,DOCUMENT,ANALYSIS REPORT,2035-NN-RP-086,SPOOL LIFT ANALYSIS REPORT FOR 18” HP OIL SUBSEA PIPELINE FROM HP1 TO HP2 (PL-6),AD-771/772-G-64151,../../../../../../../../Data/OFFSHORE/Support/ConstructionEngg/ConstructionEnggProjects/PROJECTS/2035-UMM%20SHAIF/Documents/Structural/Lifting/PL-6%20Flanged%20Spool%20Lifting%20at%20HP1%20and%20HP2/Rev%201/Report/Comment,DATA/TECH/2035 Offshore Construction Engineering Register (Pipeline & Cables).xlsx,Documents - Pipeline & Cable,141,INCLUDE,,SDOC-7a84fdde1709f70815ec0ccd,GDOC-23d5d120f79a5e806e297b8d
2035,TECH,PIPELINE & CABLE,DOCUMENT,ANALYSIS REPORT,2035-NN-RP-087,DAVIT LIFT ANALYSIS REPORT FOR PL-7 PIPELINE AT USSC RP-1 PLATFORM WITH DLB-1000,AD-552-G-64152,..\Documents\Pipeline\Davit%20Lift\PL-7\01-DLB_1000,DATA/TECH/2035 Offshore Construction Engineering Register (Pipeline & Cables).xlsx,Documents - Pipeline & Cable,144,INCLUDE,,SDOC-36229e222236041008c3d447,GDOC-39851a63cdf2ea8b6c6c6a0b
2035,TECH,PIPELINE & CABLE,DOCUMENT,ANALYSIS REPORT,2035-NN-RP-088,SPOOL LIFT ANALYSIS REPORT FOR 18” WELL FLUID PIPELINE FROM HP2 TO USSC-RP1 (PL-7),AD-772/552-G-64153,../../../../../../../../Data/OFFSHORE/Support/ConstructionEngg/ConstructionEnggProjects/PROJECTS/2035-UMM%20SHAIF/Documents/Structural/Lifting/PL-7%20Flanged%20Spool%20Lifting%20at%20HP2/Report,DATA/TECH/2035 Offshore Construction Engineering Register (Pipeline & Cables).xlsx,Documents - Pipeline & Cable,145,INCLUDE,,SDOC-acbfa8972c85bb5997bda1cd,GDOC-bced8f32be98f67a485942da
2035,TECH,PIPELINE & CABLE,DOCUMENT,ANALYSIS REPORT,2035-NN-RP-089,SPOOL LIFT ANALYSIS REPORT FOR 16” WELL FLUID PIPELINE FROM HP3 TO USSC-RP1 (PL-8),AD-773/552-G-64154,../../../../../../../../Data/OFFSHORE/Support/ConstructionEngg/ConstructionEnggProjects/PROJECTS/2035-UMM%20SHAIF/Documents/Structural/Lifting/PL-8%20Flanged%20Spool%20Lifting%20at%20HP3/Report,DATA/TECH/2035 Offshore Construction Engineering Register (Pipeline & Cables).xlsx,Documents - Pipeline & Cable,146,INCLUDE,,SDOC-44f29bb5a1343d91c8995128,GDOC-98d7402963728ac8293b32c7
2035,TECH,PIPELINE & CABLE,DOCUMENT,REPORT,2035-NN-RP-090,"PIPELAY INSTALLATION REPORT FOR 16"" WELL FLUID PIPELINE FROM US-159A TO US-12B (PL-1) BY DLB 750",AD-768/767-G-64155,file:///\\Nmdc.local\fs\Data\OFFSHORE\Support\ConstructionEngg\ConstructionEnggProjects\PROJECTS\2035-UMM%20SHAIF\Documents\Pipeline\Pipeline\PL-1\03-DLB-750\2.%20Report,DATA/TECH/2035 Offshore Construction Engineering Register (Pipeline & Cables).xlsx,Documents - Pipeline & Cable,149,INCLUDE,,SDOC-f8e0fd21a0d3cd9e65c48768,GDOC-0eb85ba984bbd424ed692141
2035,TECH,PIPELINE & CABLE,DOCUMENT,REPORT,2035-NN-RP-091,"Pipelay Installation Report for 16"" Well Fluid Subsea Pipeline from US-19B to US-153A (PL-4) by DLB 750",AD-26-774/770-64156,../../../../../../../../Data/OFFSHORE/Support/ConstructionEngg/ConstructionEnggProjects/PROJECTS/2035-UMM%20SHAIF/Documents/Pipeline/Pipeline/PL-4/03-DLB-750,DATA/TECH/2035 Offshore Construction Engineering Register (Pipeline & Cables).xlsx,Documents - Pipeline & Cable,150,INCLUDE,,SDOC-0ff5cc7887f27ef260c2c9d4,GDOC-b86e6758a1f1874352062d48
2035,TECH,PIPELINE & CABLE,DOCUMENT,ANALYSIS REPORT,2035-NN-RP-092,Air Bag Lift Analysis Report for 16” WF Pipeline from US-HP3 to USSC-RP1 (PL-8),AD-773/552-G-64157,file:///\\Nmdc.local\fs\Data\OFFSHORE\Support\ConstructionEngg\ConstructionEnggProjects\PROJECTS\2035-UMM%20SHAIF\Documents\Pipeline\Pipelifting,DATA/TECH/2035 Offshore Construction Engineering Register (Pipeline & Cables).xlsx,Documents - Pipeline & Cable,151,INCLUDE,,SDOC-9626a756364cec865904ff0e,GDOC-efb3e300d5db684c3c7991e5
2035,TECH,PIPELINE & CABLE,DOCUMENT,ANALYSIS REPORT,2035-NN-RP-093,"SPOOL & RISER LIFT ANALYSIS REPORT FOR 16"" WELL FLUID PIPELINE FROM US-12B TO USSC-RP1 (PL-2) @ USSC-RP1",AD-767-552-G-64158,file:///\\Nmdc.local\fs\Data\OFFSHORE\Support\ConstructionEngg\ConstructionEnggProjects\PROJECTS\2035-UMM%20SHAIF\Documents\Structural\Lifting\Stalk%20on%20Riser&Spool%20Lift%20@USSC-RP1\Report\PL-2,DATA/TECH/2035 Offshore Construction Engineering Register (Pipeline & Cables).xlsx,Documents - Pipeline & Cable,152,INCLUDE,,SDOC-e7a8a10e5b369ab302942ff4,GDOC-c0e95106c4c48bcafe3dc96c
2035,TECH,PIPELINE & CABLE,DOCUMENT,ANALYSIS,OFO-GEN-X-RP-017-R-0,ANALYSIS OF 9M SIMPLY SUPPORTED GANGWAY,,..\Documents\General,DATA/TECH/2035 Offshore Construction Engineering Register (Pipeline & Cables).xlsx,Documents - Pipeline & Cable,160,INCLUDE,,SDOC-e8f629713d5442a8bbea65a5,GDOC-8efc4a05b7d2151c728c341f
2035,TECH,PIPELINE & CABLE,DOCUMENT,SPECIFICATION,2035-NN-SP-001,"Specification for Pipeline, Riser and Cable Installation",,,DATA/TECH/2035 Offshore Construction Engineering Register (Pipeline & Cables).xlsx,Documents - Pipeline & Cable,161,INCLUDE,,SDOC-bb6b0b24f5bbb85b3e937203,GDOC-21f3f4e542f963aba8b87aa7
2035,TECH,GENERAL / MULTIDISCIPLINE,DRAWING,ENGINEERING DRAWING,2035-NN-0001,START UP HEAD DETAILS FOR 16” PIPE LINE (WELD TYPE),AD-26-PL-640000,..\Drawings\2035-NN-0001,DATA/TECH/2035 Offshore Construction Engineering Register (Pipeline & Cables).xlsx,Drawings,9,INCLUDE,,SDOC-3eec78aef4e23a5335a6f551,GDOC-b4cf19c2c3a24e23656b528b
2035,TECH,GENERAL / MULTIDISCIPLINE,DRAWING,ENGINEERING DRAWING,2035-NN-0002,START UP HEAD DETAILS FOR 18” PIPE LINE (FLANGE TYPE),AD-26-PL-640001,..\Drawings\2035-NN-0002,DATA/TECH/2035 Offshore Construction Engineering Register (Pipeline & Cables).xlsx,Drawings,10,INCLUDE,,SDOC-c5682f35e65849fcba6ba8f3,GDOC-55af2c8f7d59ec55cd464391
2035,TECH,GENERAL / MULTIDISCIPLINE,DRAWING,ENGINEERING DRAWING,2035-NN-0003,"LAYDOWN HEAD DETAILS FOR 16"" PIPE LINE (WELD TYPE)",AD-26-PL-640002,,DATA/TECH/2035 Offshore Construction Engineering Register (Pipeline & Cables).xlsx,Drawings,12,INCLUDE,DATE_TEXT_PRESERVED,SDOC-e8835ba9e37ad28dee961498,GDOC-baea7002bce9057c757d81c0
2035,TECH,GENERAL / MULTIDISCIPLINE,DRAWING,ENGINEERING DRAWING,2035-NN-0004,START UP HEAD DETAILS FOR 18” PIPE LINE (WELD TYPE),AD-26-PL-640003,..\Drawings\2035-NN-0004,DATA/TECH/2035 Offshore Construction Engineering Register (Pipeline & Cables).xlsx,Drawings,13,INCLUDE,,SDOC-48eead39921a534a429ffefb,GDOC-7710e59f8c81c96af36b6fcc
2035,TECH,GENERAL / MULTIDISCIPLINE,DRAWING,ENGINEERING DRAWING,2035-NN-0005,"TYPICAL EMERGENCY HEAD FOR 16"" PIPELINE",AD-26-PL-640004,..\Drawings\2035-NN-0005,DATA/TECH/2035 Offshore Construction Engineering Register (Pipeline & Cables).xlsx,Drawings,15,INCLUDE,,SDOC-b5d2561d07a5cd79d255d4fb,GDOC-f04a7a320bebf359f71fc710
2035,TECH,GENERAL / MULTIDISCIPLINE,DRAWING,ENGINEERING DRAWING,2035-NN-0006,"TYPICAL EMERGENCY HEAD FOR 18"" PIPE LINE",AD-26-PL-640005,..\Drawings\2035-NN-0006,DATA/TECH/2035 Offshore Construction Engineering Register (Pipeline & Cables).xlsx,Drawings,17,INCLUDE,,SDOC-bed3219e444cc02860456fa4,GDOC-7627d0cba08fb0dece674714
2035,TECH,GENERAL / MULTIDISCIPLINE,DRAWING,ENGINEERING DRAWING,2035-NN-0007,"BUCKLE DETECTOR DETAILS FOR 16""x 26.19 W.T",AD-26-PL-640006,..\Drawings\2035-NN-0007,DATA/TECH/2035 Offshore Construction Engineering Register (Pipeline & Cables).xlsx,Drawings,20,INCLUDE,,SDOC-8280f694f4d4c3dc6f37e87a,GDOC-d48495376c2869d58ddbf2aa
2035,TECH,GENERAL / MULTIDISCIPLINE,DRAWING,ENGINEERING DRAWING,2035-NN-0008,"BUCKLE DETECTOR DETAILS FOR 18""x 28.58 W.T",AD-26-PL-640007,..\Drawings\2035-NN-0008,DATA/TECH/2035 Offshore Construction Engineering Register (Pipeline & Cables).xlsx,Drawings,22,INCLUDE,,SDOC-25fb7c7244b6034a4dfd6c21,GDOC-ba29d43d58911a67b9b6d53d
2035,TECH,GENERAL / MULTIDISCIPLINE,DRAWING,ENGINEERING DRAWING,2035-NN-0009,"SPOOL LIFTING AND INSTALLATION FOR 16"" WELL FLUID PIPELINE FROM US-159A TO US-12B (PL-1) @ US-159A",AD-768/767-PL-640000,../../../../../../../../Data/OFFSHORE/Support/ConstructionEngg/ConstructionEnggProjects/PROJECTS/2035-UMM%20SHAIF/Drawings/2035-NN-0009,DATA/TECH/2035 Offshore Construction Engineering Register (Pipeline & Cables).xlsx,Drawings,24,INCLUDE,,SDOC-c9fe0e135ff6ad0e766a7ef7,GDOC-17d0b1d0e074cf953758e6da
2035,TECH,GENERAL / MULTIDISCIPLINE,DRAWING,ENGINEERING DRAWING,2035-NN-0010,"SPOOL LIFTING AND INSTALLATION FOR 16"" HP OIL SUBSEA PIPELINE FROM US-159A TO US-12B (PL-1) @ US-12B",AD-768/767-PL-640001,../../../../../../../../Data/OFFSHORE/Support/ConstructionEngg/ConstructionEnggProjects/PROJECTS/2035-UMM%20SHAIF/Drawings/2035-NN-0010,DATA/TECH/2035 Offshore Construction Engineering Register (Pipeline & Cables).xlsx,Drawings,26,INCLUDE,,SDOC-dc843d121ab1d99a2b7a82f8,GDOC-110c93e6bbf8590f90088ffe
2035,TECH,GENERAL / MULTIDISCIPLINE,DRAWING,ENGINEERING DRAWING,2035-NN-0011,"SPOOL LIFTING AND INSTALLATION FOR 16"" HP OIL SUBSEA PIPELINE FROM US-12B TO USSC-RP1 (PL-2) @ US-12B",AD-767/552-PL-640000,../../../../../../../../Data/OFFSHORE/Support/ConstructionEngg/ConstructionEnggProjects/PROJECTS/2035-UMM%20SHAIF/Drawings/2035-NN-0011,DATA/TECH/2035 Offshore Construction Engineering Register (Pipeline & Cables).xlsx,Drawings,27,INCLUDE,,SDOC-4ec531807ba3c8b016cc4334,GDOC-fe73de45045ac17637b10c91
2035,TECH,GENERAL / MULTIDISCIPLINE,DRAWING,ENGINEERING DRAWING,2035-NN-0012,"RISER/SPOOL LIFTING AND INSTALLATION FOR 16"" WELL FLUID PIPELINE FROM US-12B TO USSC-RP1 (PL-2) @ USSC-RP1",AD-767/552-PL-640001,..\Drawings\2035-NN-0012,DATA/TECH/2035 Offshore Construction Engineering Register (Pipeline & Cables).xlsx,Drawings,29,INCLUDE,,SDOC-d66ba49925a53cb8e6e79486,GDOC-882ef5754bc45fd379bdee6e
2035,TECH,GENERAL / MULTIDISCIPLINE,DRAWING,ENGINEERING DRAWING,2035-NN-0013,"RISER/SPOOL LIFTING AND INSTALLATION FOR 16"" HP OIL SUBSEA PIPELINE FROM US-142A TO USSC-RP1 (PL-3) @ US-142A",AD-769/552-PL-640000,..\Drawings\2035-NN-0013,DATA/TECH/2035 Offshore Construction Engineering Register (Pipeline & Cables).xlsx,Drawings,32,INCLUDE,,SDOC-99e175a6c91d2e25d30b9b75,GDOC-17e724aaae83c7b43e9fea88
2035,TECH,GENERAL / MULTIDISCIPLINE,DRAWING,ENGINEERING DRAWING,2035-NN-0014,"RISER/SPOOL LIFTING AND INSTALLATION FOR 16"" WELL FLUID PIPELINE FROM US-142A TO USSC-RP1 (PL-3) @ USSC-RP1",AD-769/552-PL-640001,..\Drawings\2035-NN-0014,DATA/TECH/2035 Offshore Construction Engineering Register (Pipeline & Cables).xlsx,Drawings,37,INCLUDE,,SDOC-fb2a4d1e3427ba1babd445f1,GDOC-f85349510328edf180f3d314
2035,TECH,GENERAL / MULTIDISCIPLINE,DRAWING,ENGINEERING DRAWING,2035-NN-0015,"SPOOL LIFTING AND INSTALLATION FOR 16"" WELL FLUID PIPELINE FROM US-19B TO US-153A (PL-4) @ US-19B",AD-774/770-PL-640000,file:///\\Nmdc.local\fs\Data\OFFSHORE\Support\ConstructionEngg\ConstructionEnggProjects\PROJECTS\2035-UMM%20SHAIF\Drawings\2035-NN-0015,DATA/TECH/2035 Offshore Construction Engineering Register (Pipeline & Cables).xlsx,Drawings,40,INCLUDE,,SDOC-1ce34c86d6499c43e2f266e6,GDOC-be0e634bb7728892343a14e4
2035,TECH,GENERAL / MULTIDISCIPLINE,DRAWING,ENGINEERING DRAWING,2035-NN-0016,"SPOOL LIFTING AND INSTALLATION FOR 16"" WELL FLUID PIPELINE FROM US-19B TO US-153A (PL-4) @ US-153A",AD-774/770-PL-640001,file:///\\Nmdc.local\fs\Data\OFFSHORE\Support\ConstructionEngg\ConstructionEnggProjects\PROJECTS\2035-UMM%20SHAIF\Drawings\2035-NN-0016,DATA/TECH/2035 Offshore Construction Engineering Register (Pipeline & Cables).xlsx,Drawings,42,INCLUDE,,SDOC-c49d6991ae16e108de8ce585,GDOC-b8edfa9d0f67d03ddb2994bd
2035,TECH,GENERAL / MULTIDISCIPLINE,DRAWING,ENGINEERING DRAWING,2035-NN-0017,"RISER/SPOOL LIFTING AND INSTALLATION FOR 16"" HP OIL SUBSEA PIPELINE FROM US-153A TO USSC-RP1 (PL-5) @ US-153A",AD-770/552-PL-640000,..\Drawings\2035-NN-0017,DATA/TECH/2035 Offshore Construction Engineering Register (Pipeline & Cables).xlsx,Drawings,44,INCLUDE,,SDOC-5db10a12692e3e8c7866e92e,GDOC-f9fa5c4cddc244320b71dbf4
2035,TECH,GENERAL / MULTIDISCIPLINE,DRAWING,ENGINEERING DRAWING,2035-NN-0018,"RISER/SPOOL LIFTING AND INSTALLATION FOR 16"" WELL FLUID PIPELINE FROM US-153A TO USSC-RP1 (PL-5) @ USSC-RP1",AD-770/552-PL-640001,..\Drawings\2035-NN-0018,DATA/TECH/2035 Offshore Construction Engineering Register (Pipeline & Cables).xlsx,Drawings,46,INCLUDE,,SDOC-f13c4f6cdad165b463c48d06,GDOC-5215f91765e55beff2db4852
2035,TECH,GENERAL / MULTIDISCIPLINE,DRAWING,ENGINEERING DRAWING,2035-NN-0019,"RISER/SPOOL LIFTING AND INSTALLATION FOR 18"" HP OIL SUBSEA PIPELINE FROM HP1 TO HP2 (PL-6) @ HP1",AD-771/772-PL-640000,../../../../../../../../Data/OFFSHORE/Support/ConstructionEngg/ConstructionEnggProjects/PROJECTS/2035-UMM%20SHAIF/Drawings/2035-NN-0019,DATA/TECH/2035 Offshore Construction Engineering Register (Pipeline & Cables).xlsx,Drawings,48,INCLUDE,,SDOC-fb0da05eaec31bab4de94506,GDOC-fda0ac16f94268c24b80b88e
2035,TECH,GENERAL / MULTIDISCIPLINE,DRAWING,ENGINEERING DRAWING,2035-NN-0020,"RISER/SPOOL LIFTING AND INSTALLATION FOR 18"" HP OIL SUBSEA PIPELINE FROM HP1 TO HP2 (PL-6) @ HP2",AD-771/772-PL-640001,..\Drawings\2035-NN-0020,DATA/TECH/2035 Offshore Construction Engineering Register (Pipeline & Cables).xlsx,Drawings,52,INCLUDE,,SDOC-19b2b3c3f61f788c41233dea,GDOC-95d5a2b3f7d74573fa16ff56
2035,TECH,GENERAL / MULTIDISCIPLINE,DRAWING,ENGINEERING DRAWING,2035-NN-0021,"SPOOL LIFTING AND INSTALLATION FOR 18"" WELL FLUID PIPELINE FROM HP2 TO USSC-RP1 (PL-7) @ HP2",AD-772/552-PL-640000,../../../../../../../../Data/OFFSHORE/Support/ConstructionEngg/ConstructionEnggProjects/PROJECTS/2035-UMM%20SHAIF/Drawings/2035-NN-0021,DATA/TECH/2035 Offshore Construction Engineering Register (Pipeline & Cables).xlsx,Drawings,54,INCLUDE,,SDOC-96db9821b80e08dbbff20afc,GDOC-f99ee161567f80912412213e
2035,TECH,GENERAL / MULTIDISCIPLINE,DRAWING,ENGINEERING DRAWING,2035-NN-0022,"RISER/SPOOL LIFTING AND INSTALLATION FOR 18"" WELL FLUID PIPELINE FROM HP2 TO USSC-RP1 (PL-7) @ USSC-RP1",AD-772/552-PL-640001,..\Drawings\2035-NN-0022,DATA/TECH/2035 Offshore Construction Engineering Register (Pipeline & Cables).xlsx,Drawings,55,INCLUDE,,SDOC-ea84d0c72205f2a7e11a24f8,GDOC-fc26f17b342de168b2229e2a
2035,TECH,GENERAL / MULTIDISCIPLINE,DRAWING,ENGINEERING DRAWING,2035-NN-0023,"SPOOL LIFTING AND INSTALLATION FOR 16"" WELL FLUID PIPELINE FROM HP3 TO USSC-RP1 (PL-8) @ HP3",AD-773/552-PL-640000,../../../../../../../../Data/OFFSHORE/Support/ConstructionEngg/ConstructionEnggProjects/PROJECTS/2035-UMM%20SHAIF/Drawings/2035-NN-0023,DATA/TECH/2035 Offshore Construction Engineering Register (Pipeline & Cables).xlsx,Drawings,61,INCLUDE,,SDOC-51a4df07b26e56beb8d17bee,GDOC-cca671da0a01ce0b44e2f01c
2035,TECH,GENERAL / MULTIDISCIPLINE,DRAWING,ENGINEERING DRAWING,2035-NN-0024,"RISER/SPOOL LIFTING AND INSTALLATION FOR 16"" WELL FLUID PIPELINE FROM HP3 TO USSC-RP1 (PL-8) @ USSC-RP1",AD-773/552-PL-640001,..\Drawings\2035-NN-0024,DATA/TECH/2035 Offshore Construction Engineering Register (Pipeline & Cables).xlsx,Drawings,63,INCLUDE,,SDOC-a4e713fce4b8bf049f007014,GDOC-09f651ecc3e9d03e2447cfd1
2035,TECH,GENERAL / MULTIDISCIPLINE,DRAWING,ENGINEERING DRAWING,2035-NN-0025,"SPOOL LIFTING AND INSTALLATION FOR 16"" WATER INJECTION SUBSEA PIPELINE FROM USSC-RP1 TO HP3 (PL-9) @ USSC-RP1",AD-552/773-PL-640000,../../../../../../../../Data/OFFSHORE/Support/ConstructionEngg/ConstructionEnggProjects/PROJECTS/2035-UMM%20SHAIF/Drawings/2035-NN-0025,DATA/TECH/2035 Offshore Construction Engineering Register (Pipeline & Cables).xlsx,Drawings,68,INCLUDE,,SDOC-afd1de238f70bb41364a4db1,GDOC-c052a62cbb5e524098da2858
2035,TECH,GENERAL / MULTIDISCIPLINE,DRAWING,ENGINEERING DRAWING,2035-NN-0026,"SPOOL LIFTING AND INSTALLATION FOR 16"" WATER INJECTION SUBSEA PIPELINE FROM USSC-RP1 TO HP3 (PL-9)",AD-552/773-PL-640001,../../../../../../../../Data/OFFSHORE/Support/ConstructionEngg/ConstructionEnggProjects/PROJECTS/2035-UMM%20SHAIF/Drawings/2035-NN-0026,DATA/TECH/2035 Offshore Construction Engineering Register (Pipeline & Cables).xlsx,Drawings,69,INCLUDE,,SDOC-b7d1e878f2e58fc7093355f6,GDOC-400b475cdd3c947ceb500381
2035,TECH,GENERAL / MULTIDISCIPLINE,DRAWING,ENGINEERING DRAWING,2035-NN-0027,"SPOOL LIFTING AND INSTALLATION FOR 16"" WATER INJECTION SUBSEA PIPELINE FROM HP3 TO HP2 (PL-10) @ HP3",AD-773/772-PL-640000,../../../../../../../../Data/OFFSHORE/Support/ConstructionEngg/ConstructionEnggProjects/PROJECTS/2035-UMM%20SHAIF/Drawings/2035-NN-0027,DATA/TECH/2035 Offshore Construction Engineering Register (Pipeline & Cables).xlsx,Drawings,70,INCLUDE,,SDOC-a71c2398f4ac649268694949,GDOC-71383cd7bbe16f347de04a73
2035,TECH,GENERAL / MULTIDISCIPLINE,DRAWING,ENGINEERING DRAWING,2035-NN-0028,"SPOOL LIFTING AND INSTALLATION FOR 16"" WATER INJECTION SUBSEA PIPELINE FROM HP3 TO HP2 (PL-10) @ HP2",AD-773/772-PL-640001,../../../../../../../../Data/OFFSHORE/Support/ConstructionEngg/ConstructionEnggProjects/PROJECTS/2035-UMM%20SHAIF/Drawings/2035-NN-0028,DATA/TECH/2035 Offshore Construction Engineering Register (Pipeline & Cables).xlsx,Drawings,73,INCLUDE,,SDOC-966ca38da4b917f69a3d5ee6,GDOC-25ff72b3f49aa1f302e5c5dd
2035,TECH,GENERAL / MULTIDISCIPLINE,DRAWING,ENGINEERING DRAWING,2035-NN-0029,"SPOOL LIFTING AND INSTALLATION FOR 16"" WATER INJECTION SUBSEA PIPELINE FROM HP2 TO HP1 (PL-11) @ HP2",AD-772/771-PL-640000,file:///\\Nmdc.local\fs\Data\OFFSHORE\Support\ConstructionEngg\ConstructionEnggProjects\PROJECTS\2035-UMM%20SHAIF\Drawings\2035-NN-0029,DATA/TECH/2035 Offshore Construction Engineering Register (Pipeline & Cables).xlsx,Drawings,77,INCLUDE,,SDOC-c7c9c728d79bea6a1ef38eaf,GDOC-d155114062d80f84efa0e492
2035,TECH,GENERAL / MULTIDISCIPLINE,DRAWING,ENGINEERING DRAWING,2035-NN-0030,"SPOOL LIFTING AND INSTALLATION FOR 16"" WATER INJECTION SUBSEA PIPELINE FROM HP2 TO HP1 (PL-11) @ HP1",AD-772/771-PL-640001,file:///\\Nmdc.local\fs\Data\OFFSHORE\Support\ConstructionEngg\ConstructionEnggProjects\PROJECTS\2035-UMM%20SHAIF\Drawings\2035-NN-0030,DATA/TECH/2035 Offshore Construction Engineering Register (Pipeline & Cables).xlsx,Drawings,78,INCLUDE,,SDOC-a90c807413be8897ea7bb522,GDOC-502eb21f5a9b51d0fb7acdde
2035,TECH,GENERAL / MULTIDISCIPLINE,DRAWING,ENGINEERING DRAWING,2035-NN-0031,LOADING ARRANGEMENT & SEAFASTENING DETAILS OF CC PIPES  (PL-3) AT SAFEEN B-282 (TRIP-1),AD-26-PL-640008,..\Drawings\2035-NN-0031,DATA/TECH/2035 Offshore Construction Engineering Register (Pipeline & Cables).xlsx,Drawings,79,INCLUDE,,SDOC-5b3abfff00708f9214a7d5f3,GDOC-275ff01a777c761863363303
2035,TECH,GENERAL / MULTIDISCIPLINE,DRAWING,ENGINEERING DRAWING,2035-NN-0032,LOADING ARRANGEMENT & SEAFASTENING DETAILS OF CC PIPES (PL-3 & PL-5) AT SAFEEN B-281 (TRIP-2),AD-26-PL-640009,..\Drawings\2035-NN-0032,DATA/TECH/2035 Offshore Construction Engineering Register (Pipeline & Cables).xlsx,Drawings,84,INCLUDE,,SDOC-4d37de53fbe23dd375d9a861,GDOC-dd057f074e59fc05fbed83c3
2035,TECH,GENERAL / MULTIDISCIPLINE,DRAWING,ENGINEERING DRAWING,2035-NN-0033,LOADING ARRANGEMENT & SEAFASTENING DETAILS OF CC PIPES (PL-5) @ CREST-2802 (TRIP-3),AD-26-PL-640010,..\Drawings\2035-NN-0033,DATA/TECH/2035 Offshore Construction Engineering Register (Pipeline & Cables).xlsx,Drawings,85,INCLUDE,,SDOC-e17a28a2bda191ad4a58ba2d,GDOC-dad01adbc564235c559c12b5
2035,TECH,GENERAL / MULTIDISCIPLINE,DRAWING,ENGINEERING DRAWING,2035-NN-0034,LOADING ARRANGEMENT AND SEAFASTENING DETAILS OF CC PIPES (PL-5 & PL-7) AT SAFEEN-B-284 (TRIP-4),AD-26-PL-640011,..\Drawings\2035-NN-0034,DATA/TECH/2035 Offshore Construction Engineering Register (Pipeline & Cables).xlsx,Drawings,87,INCLUDE,,SDOC-868e879a7c0e827d4623db2c,GDOC-5febf2e49cf4bfa514d6dd47
2035,TECH,GENERAL / MULTIDISCIPLINE,DRAWING,ENGINEERING DRAWING,2035-NN-0035,LOADING ARRANGEMENT AND SEAFASTENING DETAILS OF CC PIPES (PL-5 & PL-7) ON SAFEEN B-282 (TRIP-5),AD-26-PL-640012,..\Drawings\2035-NN-0035,DATA/TECH/2035 Offshore Construction Engineering Register (Pipeline & Cables).xlsx,Drawings,89,INCLUDE,,SDOC-139f0a5749976a462c97c3f9,GDOC-714cc4209661ac6ea8b86d02
2035,TECH,GENERAL / MULTIDISCIPLINE,DRAWING,ENGINEERING DRAWING,2035-NN-0036,LOADING ARRANGEMENT AND SEAFASTENING DETAILS OF 16” CC PIPES (PL-11) ON SAFEEN B-281 (TRIP-12),AD-26-PL-640013,file:///\\Nmdc.local\fs\Data\OFFSHORE\Support\ConstructionEngg\ConstructionEnggProjects\PROJECTS\2035-UMM%20SHAIF\Drawings\2035-NN-0036,DATA/TECH/2035 Offshore Construction Engineering Register (Pipeline & Cables).xlsx,Drawings,90,INCLUDE,,SDOC-31748fa777c10cef35f26d41,GDOC-c3c54e3019cffff4358349bc
2035,TECH,GENERAL / MULTIDISCIPLINE,DRAWING,ENGINEERING DRAWING,2035-NN-0037,LOADING ARRANGEMENT & SEAFASTENING DETAILS OF OF SPOOLS @ AESEN-2812,AD-26-PL-640014,..\Drawings\2035-NN-0037,DATA/TECH/2035 Offshore Construction Engineering Register (Pipeline & Cables).xlsx,Drawings,91,INCLUDE,,SDOC-978f577d24cd8f2eb8f9e6d4,GDOC-56e0d41c7518ebb7651b6bf3
2035,TECH,GENERAL / MULTIDISCIPLINE,DRAWING,ENGINEERING DRAWING,2035-NN-0038,"LOADING ARRGT & SEAFASTENING DETAILS OF OF RISERS, SPOOLS & RISER PROTECTOR TRIP-2 WITH BALAST PLAN",AD-26-PL-640015,,DATA/TECH/2035 Offshore Construction Engineering Register (Pipeline & Cables).xlsx,Drawings,93,INCLUDE,,SDOC-33229f8406fbdd1ce06e21cf,GDOC-9885e2fb22a3b5217febf2d2
2035,TECH,GENERAL / MULTIDISCIPLINE,DRAWING,ENGINEERING DRAWING,2035-NN-0039,"LOADING ARRGT & SEAFASTENING DETAILS OF OF RISERS, SPOOLS & RISER PROTECTOR TRIP-3 WITH BALAST PLAN",AD-26-PL-640016,,DATA/TECH/2035 Offshore Construction Engineering Register (Pipeline & Cables).xlsx,Drawings,94,INCLUDE,,SDOC-eec292744eaf8cf6fe1709d1,GDOC-24bb86174876fce45bdeac87
2035,TECH,GENERAL / MULTIDISCIPLINE,DRAWING,ENGINEERING DRAWING,2035-NN-0040,LOADING ARRANGEMENT AND SEAFASTENING OF CONCRETE SLEEPERS (PL-3) @ ASTRO-250,AD-26-PL-640017,..\Drawings\2035-NN-0040,DATA/TECH/2035 Offshore Construction Engineering Register (Pipeline & Cables).xlsx,Drawings,95,INCLUDE,,SDOC-290a53b9ad978a68bf6c2dd9,GDOC-1e1e968fd941cc3d96c8a85a
2035,TECH,GENERAL / MULTIDISCIPLINE,DRAWING,ENGINEERING DRAWING,2035-NN-0041,"LOADING ARRANGEMENT AND SEAFASTENING OF SLEEPERS, MATTRESSES , GROUT BAG AND MISCELLANEOUS TRIP-2 WITH BALAST PLAN",AD-26-PL-640018,,DATA/TECH/2035 Offshore Construction Engineering Register (Pipeline & Cables).xlsx,Drawings,97,INCLUDE,,SDOC-e40839602eee90da2680fc1d,GDOC-6acce12ddea2aed873bf41c6
2035,TECH,GENERAL / MULTIDISCIPLINE,DRAWING,ENGINEERING DRAWING,2035-NN-0042,"LOADING ARRANGEMENT AND SEAFASTENING OF SLEEPERS, MATTRESSES , GROUT BAG AND MISCELLANEOUS TRIP-3 WITH BALAST PLAN",AD-26-PL-640019,,DATA/TECH/2035 Offshore Construction Engineering Register (Pipeline & Cables).xlsx,Drawings,98,INCLUDE,,SDOC-44b62f163ec34998efed5614,GDOC-b2e447d00f1228fdbc31d8f2
2035,TECH,GENERAL / MULTIDISCIPLINE,DRAWING,ENGINEERING DRAWING,2035-NN-0043,TYPICAL LIFTING AND INSTALLATION OF CONCRETE SLEEPERS FOR PL-1,AD-26-PL-640020,..\Drawings\2035-NN-0043,DATA/TECH/2035 Offshore Construction Engineering Register (Pipeline & Cables).xlsx,Drawings,99,INCLUDE,,SDOC-3707e6165c312f72b5db9ed9,GDOC-558ffcd84fec3c2e984f8903
2035,TECH,GENERAL / MULTIDISCIPLINE,DRAWING,ENGINEERING DRAWING,2035-NN-0044,TYPICAL LIFTING AND INSTALLATION OF MATTRESS BY HEA OCEANIC,AD-26-PL-640021,..\Drawings\2035-NN-0044,DATA/TECH/2035 Offshore Construction Engineering Register (Pipeline & Cables).xlsx,Drawings,101,INCLUDE,,SDOC-59b28f01363f5da59b54f58b,GDOC-6bb42d1b1c6605b71822f612
2035,TECH,GENERAL / MULTIDISCIPLINE,DRAWING,ENGINEERING DRAWING,2035-NN-0045,TYPICAL LIFTING AND INSTALLATION DRAWING FOR GROUTBAG,AD-26-PL-640022,,DATA/TECH/2035 Offshore Construction Engineering Register (Pipeline & Cables).xlsx,Drawings,104,INCLUDE,,SDOC-34759fca18fc5b73f8e54864,GDOC-836f77107a37fd84dfacd33d
2035,TECH,GENERAL / MULTIDISCIPLINE,DRAWING,ENGINEERING DRAWING,2035-NN-0046,TYPICAL LIFTING AND INSTALLATION DRAWING FOR TEMPORARY SUPPORT,AD-26-PL-640023,,DATA/TECH/2035 Offshore Construction Engineering Register (Pipeline & Cables).xlsx,Drawings,105,INCLUDE,,SDOC-225c27a712e53ca0ac4da2fb,GDOC-5a9e15a45f81029dbf1c5f67
2035,TECH,GENERAL / MULTIDISCIPLINE,DRAWING,ENGINEERING DRAWING,2035-NN-0047,"TEMPORARY 18"" PIG LAUNCHER & RECEIVER",AD-26-PL-640024,..\Drawings\2035-NN-0047,DATA/TECH/2035 Offshore Construction Engineering Register (Pipeline & Cables).xlsx,Drawings,106,INCLUDE,,SDOC-8acf54fbbcd0a8dfd7ef0746,GDOC-ef7ddbb4e441c70f42f782dd
2035,TECH,GENERAL / MULTIDISCIPLINE,DRAWING,ENGINEERING DRAWING,2035-NN-0048,"TEMPORARY 16"" PIG LAUNCHER & RECEIVER",AD-26-PL-640025,..\Drawings\2035-NN-0048,DATA/TECH/2035 Offshore Construction Engineering Register (Pipeline & Cables).xlsx,Drawings,108,INCLUDE,,SDOC-1fb07927d5dc7355ad9ef9ea,GDOC-8819d59cab1210b407bd0b3a
2035,TECH,GENERAL / MULTIDISCIPLINE,DRAWING,ENGINEERING DRAWING,2035-NN-0049,"START UP HEAD DETAILS FOR 16"" PIPE LINE (FLANGE TYPE)",AD-26-PL-640026,..\Drawings\2035-NN-0049,DATA/TECH/2035 Offshore Construction Engineering Register (Pipeline & Cables).xlsx,Drawings,110,INCLUDE,,SDOC-b49c15d2d84a4e1957ee4bd7,GDOC-f4446d5cfa4dde55571b28d9
2035,TECH,GENERAL / MULTIDISCIPLINE,DRAWING,ENGINEERING DRAWING,2035-NN-0050,"LAYDOWN HEAD DETAIL FOR 16"" PIPE LINE (FLANGE TYPE)",AD-26-PL-640027,..\Drawings\2035-NN-0050,DATA/TECH/2035 Offshore Construction Engineering Register (Pipeline & Cables).xlsx,Drawings,111,INCLUDE,,SDOC-3279ae3d5ff4de76633a8c13,GDOC-0876b63fe370a07345f00f41
2035,TECH,GENERAL / MULTIDISCIPLINE,DRAWING,ENGINEERING DRAWING,2035-NN-0051,"LAYDOWN HEAD DETAILS FOR 18"" PIPE LINE (FLANGE TYPE)",AD-26-PL-640028,..\Drawings\2035-NN-0051,DATA/TECH/2035 Offshore Construction Engineering Register (Pipeline & Cables).xlsx,Drawings,114,INCLUDE,,SDOC-4b434146c10ef16c57937c79,GDOC-8610029761e64a98f2dcd19f
2035,TECH,GENERAL / MULTIDISCIPLINE,DRAWING,ENGINEERING DRAWING,2035-NN-0052,"BUCKLE DETECTOR DETAILS FOR 16""x 28.58 W.T",AD-26-PL-640029,..\Drawings\2035-NN-0052,DATA/TECH/2035 Offshore Construction Engineering Register (Pipeline & Cables).xlsx,Drawings,116,INCLUDE,,SDOC-e73bf39f227b1542c785fe3f,GDOC-79bdb0d768bf5ca5cd9a5b1e
2035,TECH,GENERAL / MULTIDISCIPLINE,DRAWING,ENGINEERING DRAWING,2035-NN-0053,"BUCKLE DETECTOR DETAILS FOR 16""x 22.23 W.T",AD-26-PL-640030,..\Drawings\2035-NN-0053,DATA/TECH/2035 Offshore Construction Engineering Register (Pipeline & Cables).xlsx,Drawings,118,INCLUDE,,SDOC-baf1262dd5b1a73c33db0235,GDOC-5603b9db383b02c89221a02f
2035,TECH,GENERAL / MULTIDISCIPLINE,DRAWING,ENGINEERING DRAWING,2035-NN-0054,"BUCKLE DETECTOR DETAILS FOR 16""x 21.44 W.T",AD-26-PL-640031,..\Drawings\2035-NN-0054,DATA/TECH/2035 Offshore Construction Engineering Register (Pipeline & Cables).xlsx,Drawings,120,INCLUDE,,SDOC-d59b5ee7d3960cdbbd22a73e,GDOC-8c354d6714ecf99721796d45
2035,TECH,GENERAL / MULTIDISCIPLINE,DRAWING,ENGINEERING DRAWING,2035-NN-0055,"BUCKLE DETECTOR DETAILS FOR 18"" X 26.97 W.T",AD-26-PL-640032,..\Drawings\2035-NN-0055,DATA/TECH/2035 Offshore Construction Engineering Register (Pipeline & Cables).xlsx,Drawings,122,INCLUDE,,SDOC-73155473fdedb200437ab6a6,GDOC-40d8090e5dee2fd64e33b9d6
2035,TECH,GENERAL / MULTIDISCIPLINE,DRAWING,ENGINEERING DRAWING,2035-NN-0056,"START UP HEAD, LAYDOWN, EMERGENCY HEAD & BLIND FLANGE DETAILS FOR 2"" PIGGYBACK PIPELINE",AD-26-PL-640033,,DATA/TECH/2035 Offshore Construction Engineering Register (Pipeline & Cables).xlsx,Drawings,124,INCLUDE,,SDOC-7a3101e423cd43ab6f015b4a,GDOC-37dc6e43d81d45912f8010f9
2035,TECH,GENERAL / MULTIDISCIPLINE,DRAWING,ENGINEERING DRAWING,2035-NN-0057,"BUCKLE DETECTOR DETAILS FOR 18"" X 30.18 W.T",AD-26-PL-640034,..\Drawings\2035-NN-0057,DATA/TECH/2035 Offshore Construction Engineering Register (Pipeline & Cables).xlsx,Drawings,127,INCLUDE,,SDOC-b10047861cd6cf76c064a1eb,GDOC-dc9bbf8f3b16f69e3cf60f85
2035,TECH,GENERAL / MULTIDISCIPLINE,DRAWING,ENGINEERING DRAWING,2035-NN-0058,"FLANGE PROTECTOR DETAILS FOR 16"" PIPELINE
WITH 50mm THK. CONCRETE COATING",AD-26-PL-640035,..\Drawings\2035-NN-0058,DATA/TECH/2035 Offshore Construction Engineering Register (Pipeline & Cables).xlsx,Drawings,129,INCLUDE,,SDOC-53cceeab659581bde34ee692,GDOC-de1007d93009c58c625cceb3
2035,TECH,GENERAL / MULTIDISCIPLINE,DRAWING,ENGINEERING DRAWING,2035-NN-0059,"FLANGE PROTECTOR DETAILS FOR 16"" PIPELINE
WITH 80mm THK. CONCRETE COATING",AD-26-PL-640036,..\Drawings\2035-NN-0059,DATA/TECH/2035 Offshore Construction Engineering Register (Pipeline & Cables).xlsx,Drawings,130,INCLUDE,,SDOC-9ad0215c969a58a1323a1326,GDOC-e76e78b653d63c0877b23d6c
2035,TECH,GENERAL / MULTIDISCIPLINE,DRAWING,ENGINEERING DRAWING,2035-NN-0060,"FLANGE PROTECTOR DETAILS FOR 16"" PIPELINE
WITH 95mm THK. CONCRETE COATING",AD-26-PL-640037,..\Drawings\2035-NN-0060,DATA/TECH/2035 Offshore Construction Engineering Register (Pipeline & Cables).xlsx,Drawings,131,INCLUDE,,SDOC-2ac12fc9e020f2f161c6725a,GDOC-cf6fb92cdaab489aefe9d12d
2035,TECH,GENERAL / MULTIDISCIPLINE,DRAWING,ENGINEERING DRAWING,2035-NN-0061,"FLANGE PROTECTOR DETAILS FOR 16"" PIPELINE
WITH 70mm THK. CONCRETE COATING",AD-26-PL-640038,..\Drawings\2035-NN-0061,DATA/TECH/2035 Offshore Construction Engineering Register (Pipeline & Cables).xlsx,Drawings,132,INCLUDE,,SDOC-2439c1080ac16fb1645318ff,GDOC-f55a5c6cefda187e495e8780
2035,TECH,GENERAL / MULTIDISCIPLINE,DRAWING,ENGINEERING DRAWING,2035-NN-0062,"FLANGE PROTECTOR DETAILS FOR 16"" PIPELINE
WITH 175mm THK. CONCRETE COATING",AD-26-PL-640039,..\Drawings\2035-NN-0062,DATA/TECH/2035 Offshore Construction Engineering Register (Pipeline & Cables).xlsx,Drawings,133,INCLUDE,,SDOC-d5a355d5e4387af8553d75b5,GDOC-43dec97bdd1a092556365a6f
2035,TECH,GENERAL / MULTIDISCIPLINE,DRAWING,ENGINEERING DRAWING,2035-NN-0063,"FLANGE PROTECTOR DETAILS FOR 16"" PIPELINE
WITH 85mm THK. CONCRETE COATING",AD-26-PL-640040,..\Drawings\2035-NN-0063,DATA/TECH/2035 Offshore Construction Engineering Register (Pipeline & Cables).xlsx,Drawings,134,INCLUDE,,SDOC-f620863785fd2c1e36868961,GDOC-d46e4922c8527e64f745d09f
2035,TECH,GENERAL / MULTIDISCIPLINE,DRAWING,ENGINEERING DRAWING,2035-NN-0064,"FLANGE PROTECTOR DETAILS FOR 16"" PIPELINE
WITH 150mm THK. CONCRETE COATING",AD-26-PL-640041,..\Drawings\2035-NN-0064,DATA/TECH/2035 Offshore Construction Engineering Register (Pipeline & Cables).xlsx,Drawings,135,INCLUDE,,SDOC-2d710058ff7c2d4ea4406864,GDOC-b372919f527789a1b03fdaad
2035,TECH,GENERAL / MULTIDISCIPLINE,DRAWING,ENGINEERING DRAWING,2035-NN-0065,"FLANGE PROTECTOR DETAILS FOR 16"" PIPELINE
WITH 120mm THK. CONCRETE COATING",AD-26-PL-640042,..\Drawings\2035-NN-0065,DATA/TECH/2035 Offshore Construction Engineering Register (Pipeline & Cables).xlsx,Drawings,136,INCLUDE,,SDOC-f6c7bf3f3c94217c0f100344,GDOC-afa9d57146b34957afb683d3
2035,TECH,GENERAL / MULTIDISCIPLINE,DRAWING,ENGINEERING DRAWING,2035-NN-0066,"FLANGE PROTECTOR DETAILS FOR 16"" PIPELINE
WITH 60mm THK. CONCRETE COATING",AD-26-PL-640043,..\Drawings\2035-NN-0066,DATA/TECH/2035 Offshore Construction Engineering Register (Pipeline & Cables).xlsx,Drawings,137,INCLUDE,,SDOC-4e829f9f331be945536bfeba,GDOC-6a9cd4c5d6a6955d712fe774
2035,TECH,GENERAL / MULTIDISCIPLINE,DRAWING,ENGINEERING DRAWING,2035-NN-0067,"FLANGE PROTECTOR DETAILS FOR 16"" PIPELINE
WITH 100mm THK. CONCRETE COATING",AD-26-PL-640044,..\Drawings\2035-NN-0067,DATA/TECH/2035 Offshore Construction Engineering Register (Pipeline & Cables).xlsx,Drawings,138,INCLUDE,,SDOC-15261bb654a658eb0405590e,GDOC-0a4d5f69e4b8bbd790e4da2c
2035,TECH,GENERAL / MULTIDISCIPLINE,DRAWING,ENGINEERING DRAWING,2035-NN-0068,"FLANGE PROTECTOR DETAILS FOR 18"" PIPELINE
WITH 150mm THK. CONCRETE COATING",AD-26-PL-640045,..\Drawings\2035-NN-0068,DATA/TECH/2035 Offshore Construction Engineering Register (Pipeline & Cables).xlsx,Drawings,139,INCLUDE,,SDOC-8d3a2bdd37a55c0bf9beddea,GDOC-27d9269f756b9f34b9f2996a
2035,TECH,GENERAL / MULTIDISCIPLINE,DRAWING,ENGINEERING DRAWING,2035-NN-0069,"FLANGE PROTECTOR DETAILS FOR 18"" PIPELINE
WITH 40mm THK. CONCRETE COATING",AD-26-PL-640046,..\Drawings\2035-NN-0069,DATA/TECH/2035 Offshore Construction Engineering Register (Pipeline & Cables).xlsx,Drawings,140,INCLUDE,,SDOC-2742c3f75f0a1e6ab8b5660f,GDOC-a4564fec247b7b790a7f907a
2035,TECH,GENERAL / MULTIDISCIPLINE,DRAWING,ENGINEERING DRAWING,2035-NN-0070,"TYPICAL TEMP. SUPPORT LIFTING AND INSTALLATION FOR 16"" & 18"" PIPELINE",AD-26-PL-640047,..\Drawings\2035-NN-0070,DATA/TECH/2035 Offshore Construction Engineering Register (Pipeline & Cables).xlsx,Drawings,141,INCLUDE,,SDOC-0fee9bd3058943c18f2814d2,GDOC-da0c711efe6063c67a84ba49
2035,TECH,GENERAL / MULTIDISCIPLINE,DRAWING,ENGINEERING DRAWING,2035-NN-0071,"FLANGE PROTECTOR DETAILS FOR 18"" PIPELINE
WITH 800mm THK. CONCRETE COATING",AD-26-PL-640048,..\Drawings\2035-NN-0071,DATA/TECH/2035 Offshore Construction Engineering Register (Pipeline & Cables).xlsx,Drawings,144,INCLUDE,,SDOC-af4ff90c9c4fcb81044cf807,GDOC-cffb0768c80946ad6ffd3101
2035,TECH,GENERAL / MULTIDISCIPLINE,DRAWING,ENGINEERING DRAWING,2035-NN-0072,LIFTING & INSTALLATION OF J-TUBE AT US-218,AD-26-PL-640049,..\Drawings\2035-NN-0072,DATA/TECH/2035 Offshore Construction Engineering Register (Pipeline & Cables).xlsx,Drawings,145,INCLUDE,,SDOC-6e334821cd1c875ce90c3dad,GDOC-b83316ff13d5ca8cf6fb982d
2035,TECH,GENERAL / MULTIDISCIPLINE,DRAWING,ENGINEERING DRAWING,2035-NN-0073,LOADING ARRANGEMENT & SEAFASTENING DETAILS OF CONCRETE SLEEPERS @ CB-7 (TRIP-1),AD-26-PL-640050,..\Drawings\2035-NN-0073,DATA/TECH/2035 Offshore Construction Engineering Register (Pipeline & Cables).xlsx,Drawings,148,INCLUDE,,SDOC-9f46bf6aa090d830e320d4a5,GDOC-b8f3866645c3811e6fd4e125
2035,TECH,GENERAL / MULTIDISCIPLINE,DRAWING,ENGINEERING DRAWING,2035-NN-0074,LOADING ARRANGEMENT & SEAFASTENING DETAILS OF CONCRETE SLEEPERS @ CB-8 (TRIP-2),AD-26-PL-640051,,DATA/TECH/2035 Offshore Construction Engineering Register (Pipeline & Cables).xlsx,Drawings,149,INCLUDE,,SDOC-735e0582e2ca67c2e1bcf996,GDOC-b409d6c2ab4090821a3cbd6b
2035,TECH,GENERAL / MULTIDISCIPLINE,DRAWING,ENGINEERING DRAWING,2035-NN-0075,LIFTING & INSTALLATION OF J-TUBE CLAMP AT US-218,AD-26-PL-640052,..\Drawings\2035-NN-0075,DATA/TECH/2035 Offshore Construction Engineering Register (Pipeline & Cables).xlsx,Drawings,150,INCLUDE,,SDOC-24b707862d4146c574cfdeb9,GDOC-63ce82060b4f2409351d247f
2035,TECH,GENERAL / MULTIDISCIPLINE,DRAWING,ENGINEERING DRAWING,2035-NN-0076,TYPICAL LIFTING AND INSTALLATION OF CONCRETE SLEEPERS FOR PL-4,AD-26-PL-640053,..\Drawings\2035-NN-0076,DATA/TECH/2035 Offshore Construction Engineering Register (Pipeline & Cables).xlsx,Drawings,153,INCLUDE,,SDOC-b1f959c31c0027cc151463db,GDOC-28f809c5e4f3d9760a78fc6f
2035,TECH,GENERAL / MULTIDISCIPLINE,DRAWING,ENGINEERING DRAWING,2035-NN-0077,LIFTING & INSTALLATION OF J-TUBE AT US-216,AD-26-PL-640054,..\Drawings\2035-NN-0077,DATA/TECH/2035 Offshore Construction Engineering Register (Pipeline & Cables).xlsx,Drawings,155,INCLUDE,,SDOC-df1b0dfb95ff7f026f8b5fd5,GDOC-03663d28d85cdc69c0ac7931
2035,TECH,GENERAL / MULTIDISCIPLINE,DRAWING,ENGINEERING DRAWING,2035-NN-0078,LIFTING & INSTALLATION OF J-TUBE CLAMP AT US-216,AD-26-PL-640055,..\Drawings\2035-NN-0078,DATA/TECH/2035 Offshore Construction Engineering Register (Pipeline & Cables).xlsx,Drawings,158,INCLUDE,,SDOC-3e054834228748600fffe061,GDOC-036a18d8a1f17bedc378c4cd
2035,TECH,GENERAL / MULTIDISCIPLINE,DRAWING,ENGINEERING DRAWING,2035-NN-0079,TYPICAL LIFTING AND INSTALLATION OF CONCRETE SLEEPERS USING JAYA PEARL FOR PL-1,AD-26-PL-640056,..\Drawings\2035-NN-0079,DATA/TECH/2035 Offshore Construction Engineering Register (Pipeline & Cables).xlsx,Drawings,161,INCLUDE,,SDOC-605ad27e9e5aca8aeec7a437,GDOC-31b956715a0199efa77a87d7
2035,TECH,GENERAL / MULTIDISCIPLINE,DRAWING,ENGINEERING DRAWING,2035-NN-0080,TYPICAL LIFTING AND INSTALLATION OF CONCRETE SLEEPERS FOR PL-1 BY SAFEEN 3000,AD-26-PL-640057,..\Drawings\2035-NN-0080,DATA/TECH/2035 Offshore Construction Engineering Register (Pipeline & Cables).xlsx,Drawings,163,INCLUDE,,SDOC-5d1ed054adf64120309d2ae5,GDOC-769453fe60449d5b45851590
2035,TECH,GENERAL / MULTIDISCIPLINE,DRAWING,ENGINEERING DRAWING,2035-NN-0081,"TYPICAL LIFTING AND INSTALLATION OF
CONCRETE SLEEPERS FOR PL-2 BY SAFEEN 3000",AD-26-PL-640058,..\Drawings\2035-NN-0081,DATA/TECH/2035 Offshore Construction Engineering Register (Pipeline & Cables).xlsx,Drawings,165,INCLUDE,,SDOC-02b70e1b098ddb62af1ff7eb,GDOC-48f552bdd34b5eea63f528c3
2035,TECH,GENERAL / MULTIDISCIPLINE,DRAWING,ENGINEERING DRAWING,2035-NN-0082,LIFTING & INSTALLATION OF J-TUBE AT US-216 BY ASTRO AQUILA,AD-424-PL-640059,..\Drawings\2035-NN-0082,DATA/TECH/2035 Offshore Construction Engineering Register (Pipeline & Cables).xlsx,Drawings,167,INCLUDE,,SDOC-dbb79509001fa466a5992566,GDOC-e2d88156df306760daf9ea57
2035,TECH,GENERAL / MULTIDISCIPLINE,DRAWING,ENGINEERING DRAWING,2035-NN-0083,LIFTING & INSTALLATION OF J-TUBE CLAMP US-216 BY ASTRO AQUILA,AD-424-PL-640060,..\Drawings\2035-NN-0083,DATA/TECH/2035 Offshore Construction Engineering Register (Pipeline & Cables).xlsx,Drawings,171,INCLUDE,DATE_TEXT_PRESERVED,SDOC-93fea814d76cf7f9f9d9b566,GDOC-2edee1d4847a6e3a2ac46cbc
2035,TECH,GENERAL / MULTIDISCIPLINE,DRAWING,ENGINEERING DRAWING,2035-NN-0084,LIFTING & INSTALLATION OF J-TUBE AT US-218 BY ASTRO AQUILA,AD-26-PL-640061,..\Drawings\2035-NN-0084,DATA/TECH/2035 Offshore Construction Engineering Register (Pipeline & Cables).xlsx,Drawings,174,INCLUDE,,SDOC-accb6fbdc869e6657922a098,GDOC-fc90a45282fbccec9a56a9f4
2035,TECH,GENERAL / MULTIDISCIPLINE,DRAWING,ENGINEERING DRAWING,2035-NN-0085,LIFTING & INSTALLATION OF J-TUBE CLAMP AT US-218 BY ASTRO AQUILA,AD-26-PL-640062,..\Drawings\2035-NN-0085,DATA/TECH/2035 Offshore Construction Engineering Register (Pipeline & Cables).xlsx,Drawings,178,INCLUDE,,SDOC-6a8190d307e32d6bdb1ed1bb,GDOC-05bd0a3b9f0e57a1364a5ebf
2035,TECH,GENERAL / MULTIDISCIPLINE,DRAWING,ENGINEERING DRAWING,2035-NN-0086,LOADING ARRANGEMENT & SEAFASTENING DETAILS OF CONCRETE SLEEPERS @ ES-282 (TRIP-3),AD-26-PL-640063,..\Drawings\2035-NN-0086,DATA/TECH/2035 Offshore Construction Engineering Register (Pipeline & Cables).xlsx,Drawings,181,INCLUDE,,SDOC-7f1ec92594779166c618bd49,GDOC-0bd56044afcf0e96e58229fb
2035,TECH,GENERAL / MULTIDISCIPLINE,DRAWING,ENGINEERING DRAWING,2035-NN-0087,TYPICAL PERSONNEL TRANSFER BASKET ARRANGEMENT FROM VESSEL,AD-26-PL-640064,..\Drawings\2035-NN-0087,DATA/TECH/2035 Offshore Construction Engineering Register (Pipeline & Cables).xlsx,Drawings,182,INCLUDE,,SDOC-85a9f68b449a315d072ec87f,GDOC-35c7d20839f64c5e797512e5
2035,TECH,GENERAL / MULTIDISCIPLINE,DRAWING,ENGINEERING DRAWING,2035-NN-0088,TYPICAL LIFTING AND INSTALLATION OF CONCRETE SLEEPERS FOR PL-3 BY SAFEEN 3000,AD-26-PL-640065,..\Drawings\2035-NN-0088,DATA/TECH/2035 Offshore Construction Engineering Register (Pipeline & Cables).xlsx,Drawings,184,INCLUDE,DATE_TEXT_PRESERVED,SDOC-26cbb041976d13217da2e1bd,GDOC-9f62585390d5f7b35c0790b5
2035,TECH,GENERAL / MULTIDISCIPLINE,DRAWING,ENGINEERING DRAWING,2035-NN-0089,TYPICAL LIFTING AND INSTALLATION OF CONCRETE SLEEPERS FOR PL-4 BY SAFEEN 3000,AD-26-PL-640066,..\Drawings\2035-NN-0089,DATA/TECH/2035 Offshore Construction Engineering Register (Pipeline & Cables).xlsx,Drawings,186,INCLUDE,,SDOC-53c10518bd93466e27497f34,GDOC-83395550c8e346292ec8f9a6
2035,TECH,GENERAL / MULTIDISCIPLINE,DRAWING,ENGINEERING DRAWING,2035-NN-0090,TYPICAL LIFTING AND INSTALLATION OF CONCRETE SLEEPERS FOR PL-3 BY SAFEEN SURVEYOR,AD-26-PL-640067,,DATA/TECH/2035 Offshore Construction Engineering Register (Pipeline & Cables).xlsx,Drawings,188,INCLUDE,,SDOC-60eace155d1e6c35383f2b45,GDOC-41bba47bcf0575cf53eb51a7
2035,TECH,GENERAL / MULTIDISCIPLINE,DRAWING,ENGINEERING DRAWING,2035-NN-0091,TYPICAL LIFTING AND INSTALLATION OF CONCRETE SLEEPERS FOR PL-3 BY UMM SHAIF,AD-26-PL-640068,..\Drawings\2035-NN-0091,DATA/TECH/2035 Offshore Construction Engineering Register (Pipeline & Cables).xlsx,Drawings,189,INCLUDE,,SDOC-91dd193e3891125ee05727bc,GDOC-5f5ba06f75e2df6aa19b7704
2035,TECH,GENERAL / MULTIDISCIPLINE,DRAWING,ENGINEERING DRAWING,2035-NN-0092,TYPICAL LIFTING AND INSTALLATION OF CONCRETE SLEEPERS FOR PL-3 BY TELFORD25,AD-26-PL-640069,..\Drawings\2035-NN-0092,DATA/TECH/2035 Offshore Construction Engineering Register (Pipeline & Cables).xlsx,Drawings,190,INCLUDE,,SDOC-1e3fda53e62d2e676747d8e4,GDOC-1f82165c705ba916dd3107ec
2035,TECH,GENERAL / MULTIDISCIPLINE,DRAWING,ENGINEERING DRAWING,2035-NN-0093,LOADING ARRANGEMENT & SEAFASTENING DETAILS OF CONCRETE SLEEPERS (PL-3) @ ASTRO-304,AD-26-PL-640070,..\Drawings\2035-NN-0093,DATA/TECH/2035 Offshore Construction Engineering Register (Pipeline & Cables).xlsx,Drawings,192,INCLUDE,,SDOC-e67dee33b1fe40c526744bd7,GDOC-f7b7108431374f896450f28e
2035,TECH,GENERAL / MULTIDISCIPLINE,DRAWING,ENGINEERING DRAWING,2035-NN-0094,TYPICAL LIFTING AND INSTALLATION OF CONCRETE SLEEPERS FOR PL-5 BY SAFEEN 3000,AD-26-PL-640071,..\Drawings\2035-NN-0094,DATA/TECH/2035 Offshore Construction Engineering Register (Pipeline & Cables).xlsx,Drawings,194,INCLUDE,,SDOC-f3c23df4c78a1ec59ab44b70,GDOC-ca3f7a234a2bcae0d59872ee
2035,TECH,GENERAL / MULTIDISCIPLINE,DRAWING,ENGINEERING DRAWING,2035-NN-0095,"LOADING ARRANGEMENT & SEAFASTENING DETAILS OF CONCRETE SLEEPERS (PL-3, PL-2 & PL-1) @ ES-282",AD-26-PL-640072,..\Drawings\2035-NN-0095,DATA/TECH/2035 Offshore Construction Engineering Register (Pipeline & Cables).xlsx,Drawings,195,INCLUDE,,SDOC-6f623fc04b4c7d39edf6e7f6,GDOC-2031450b07529f74daf97c95
2035,TECH,GENERAL / MULTIDISCIPLINE,DRAWING,ENGINEERING DRAWING,2035-NN-0096,TYPICAL LIFTING AND INSTALLATION OF BUCKLE TRIGGER FLEXIBLE MATTRESSES BY SAFEEN 3000,AD-26-PL-640073,..\Drawings\2035-NN-0096,DATA/TECH/2035 Offshore Construction Engineering Register (Pipeline & Cables).xlsx,Drawings,197,INCLUDE,,SDOC-a2f1c2b0a96452a17b1a56a3,GDOC-120a7aef2f30b06436b4633c
2035,TECH,GENERAL / MULTIDISCIPLINE,DRAWING,ENGINEERING DRAWING,2035-NN-0097,TYPICAL LIFTING AND INSTALLATION OF CONCRETE SLEEPERS FOR PL-3 BY TELFORD-31,AD-26-PL-640074,..\Drawings\2035-NN-0097,DATA/TECH/2035 Offshore Construction Engineering Register (Pipeline & Cables).xlsx,Drawings,201,INCLUDE,,SDOC-a66856e00ef21be98fabad28,GDOC-3ca5ad0112040ea2fc002998
2035,TECH,GENERAL / MULTIDISCIPLINE,DRAWING,ENGINEERING DRAWING,2035-NN-0098,"LIFTING AND INSTALLATION OF LINE CO-30"" PIPING AT CSP-01 UTILIZING DP VESSEL UMM SHAIF",AD-26-PL-640075,..\Drawings\2035-NN-0098,DATA/TECH/2035 Offshore Construction Engineering Register (Pipeline & Cables).xlsx,Drawings,206,INCLUDE,,SDOC-f2ccfc7ee5fcb6391331f008,GDOC-13e3c81249bc76c6494f7c31
2035,TECH,GENERAL / MULTIDISCIPLINE,DRAWING,ENGINEERING DRAWING,2035-NN-0099,"LIFTING AND INSTALLATION OF LINE TW-24"" PIPING AT CSP-01  UTILIZING DP VESSEL UMM SHAIF",AD-26-PL-640076,..\Drawings\2035-NN-0099,DATA/TECH/2035 Offshore Construction Engineering Register (Pipeline & Cables).xlsx,Drawings,210,INCLUDE,,SDOC-fcee1d61265fe1618a464299,GDOC-1c44c4fe7ba2ad14a1bb9c20
2035,TECH,GENERAL / MULTIDISCIPLINE,DRAWING,ENGINEERING DRAWING,2035-NN-0100,"LIFTING AND INSTALLATION OF LINE CO-20"" PIPING AT CSP-01 UTILIZING DP VESSEL UMM SHAIF",AD-26-PL-640077,..\Drawings\2035-NN-0100,DATA/TECH/2035 Offshore Construction Engineering Register (Pipeline & Cables).xlsx,Drawings,213,INCLUDE,,SDOC-0599a5e1624978b87f48ab37,GDOC-6b84f05a60e0810ac067a4ab
2035,TECH,GENERAL / MULTIDISCIPLINE,DRAWING,ENGINEERING DRAWING,2035-NN-0101,"TYPICAL TEMP. SUPPORT LIFTING AND INSTALLATION FOR 16"" & 18"" PIPELINE BY TELFORD-31",AD-26-PL-640078,..\Drawings\2035-NN-0101,DATA/TECH/2035 Offshore Construction Engineering Register (Pipeline & Cables).xlsx,Drawings,216,INCLUDE,,SDOC-4fedc6929ac042e7485b4ed3,GDOC-9eec448dbe5f052b2358f582
2035,TECH,GENERAL / MULTIDISCIPLINE,DRAWING,ENGINEERING DRAWING,2035-NN-0102,"LIFTING AND INSTALLATION OF SPOOL AT BRIDGE B16, B17 & B18 UTILIZING DP VESSEL UMM SHAIF",AD-26-PL-640079,..\Drawings\2035-NN-0102,DATA/TECH/2035 Offshore Construction Engineering Register (Pipeline & Cables).xlsx,Drawings,217,INCLUDE,,SDOC-3539ce69a9e55745c302cc0c,GDOC-0051e500045a2d5f5f47b675
2035,TECH,GENERAL / MULTIDISCIPLINE,DRAWING,ENGINEERING DRAWING,2035-NN-0103,TYPICAL LIFTING AND INSTALLATION OF CONCRETE SLEEPERS FOR PL-2 BY TELFORD-31,AD-26-PL-640080,..\Drawings\2035-NN-0103,DATA/TECH/2035 Offshore Construction Engineering Register (Pipeline & Cables).xlsx,Drawings,220,INCLUDE,,SDOC-146b1e43653a225e9284533f,GDOC-ab29e7d8de06213dab1cc526
2035,TECH,GENERAL / MULTIDISCIPLINE,DRAWING,ENGINEERING DRAWING,2035-NN-0104,TYPICAL LIFTING AND INSTALLATION OF CONCRETE SLEEPERS FOR PL-1 BY TELFORD-31,AD-26-PL-640081,..\Drawings\2035-NN-0104,DATA/TECH/2035 Offshore Construction Engineering Register (Pipeline & Cables).xlsx,Drawings,222,INCLUDE,,SDOC-fcf392a7823c58fa32e654fb,GDOC-84ee8ca08d0d3caa9bd552a5
2035,TECH,GENERAL / MULTIDISCIPLINE,DRAWING,ENGINEERING DRAWING,2035-NN-0105,LOADING ARRANGEMENT & SEAFASTENING DETAILS OF CONCRETE SLEEPERS (PL-1) @ ASTRO-250,AD-26-PL-640082,..\Drawings\2035-NN-0105,DATA/TECH/2035 Offshore Construction Engineering Register (Pipeline & Cables).xlsx,Drawings,224,INCLUDE,,SDOC-b23b093c16a3e1228bd79580,GDOC-e60a1143409f88950a480cc4
2035,TECH,GENERAL / MULTIDISCIPLINE,DRAWING,ENGINEERING DRAWING,2035-NN-0106,LOADING ARRANGEMENT & SEAFASTENING DETAILS OF CONCRETE SLEEPERS (PL-5) @ ASTRO-304,AD-26-PL-640083,..\Drawings\2035-NN-0106,DATA/TECH/2035 Offshore Construction Engineering Register (Pipeline & Cables).xlsx,Drawings,227,INCLUDE,,SDOC-f5dea88e5e7ea8f5741ee3cb,GDOC-c484f89e4e468825392d5325
2035,TECH,GENERAL / MULTIDISCIPLINE,DRAWING,ENGINEERING DRAWING,2035-NN-0107,"LOADING ARRANGEMENT & SEAFASTENING DETAILS OF CONCRETE SLEEPERS (PL-5, PL-4, PL-6 & PL-11) AT ES-282",AD-26-PL-640084,..\Drawings\2035-NN-0107,DATA/TECH/2035 Offshore Construction Engineering Register (Pipeline & Cables).xlsx,Drawings,228,INCLUDE,,SDOC-7a44defaf798c8b58c14ed2d,GDOC-efdfd74181ea9d3cd7145ae0
2035,TECH,GENERAL / MULTIDISCIPLINE,DRAWING,ENGINEERING DRAWING,2035-NN-0108,"LOADING ARRANGEMENT & SEAFASTENING DETAILS OF CONCRETE SLEEPERS (PL-6, PL7, PL-11 & PL-10) @ ASTRO-250",AD-26-PL-640085,..\Drawings\2035-NN-0108,DATA/TECH/2035 Offshore Construction Engineering Register (Pipeline & Cables).xlsx,Drawings,229,INCLUDE,,SDOC-a47487b06b980b3dae266b7c,GDOC-270dc59e9e0f12371cee9435
2035,TECH,GENERAL / MULTIDISCIPLINE,DRAWING,ENGINEERING DRAWING,2035-NN-0109,TYPICAL LIFTING AND INSTALLATION OF CONCRETE SLEEPERS FOR PL-4 BY TELFORD-31,AD-26-PL-640086,..\Drawings\2035-NN-0109,DATA/TECH/2035 Offshore Construction Engineering Register (Pipeline & Cables).xlsx,Drawings,230,INCLUDE,,SDOC-becba9858e4501dde8446e9d,GDOC-3569ce5c07e39c7618676e81
2035,TECH,GENERAL / MULTIDISCIPLINE,DRAWING,ENGINEERING DRAWING,2035-NN-0110,TYPICAL LIFTING AND INSTALLATION OF CONCRETE SLEEPERS FOR PL-5 BY TELFORD-31,AD-26-PL-640087,..\Drawings\2035-NN-0110,DATA/TECH/2035 Offshore Construction Engineering Register (Pipeline & Cables).xlsx,Drawings,231,INCLUDE,,SDOC-f1f813548df842664f794482,GDOC-b90bb1f0dbc9e69d31c3095c
2035,TECH,GENERAL / MULTIDISCIPLINE,DRAWING,ENGINEERING DRAWING,2035-NN-0111,TYPICAL LIFTING AND INSTALLATION OF CONCRETE SLEEPERS FOR PL-6 & PL-11 BY TELFORD-31,AD-26-PL-640088,..\Drawings\2035-NN-0111,DATA/TECH/2035 Offshore Construction Engineering Register (Pipeline & Cables).xlsx,Drawings,232,INCLUDE,,SDOC-1a7a8c7ce1a22e80ec8de019,GDOC-453f233b2f0abe006109f857
2035,TECH,GENERAL / MULTIDISCIPLINE,DRAWING,ENGINEERING DRAWING,2035-NN-0112,TYPICAL LIFTING AND INSTALLATION OF REELS BY SAFEEN 3000,AD-26-PL-640089,..\Drawings\2035-NN-0112,DATA/TECH/2035 Offshore Construction Engineering Register (Pipeline & Cables).xlsx,Drawings,233,INCLUDE,,SDOC-464fbb9b2c154392259e7d2b,GDOC-303fe6a396c481bd35b37b44
2035,TECH,GENERAL / MULTIDISCIPLINE,DRAWING,ENGINEERING DRAWING,2035-NN-0113,TYPICAL LIFTING AND INSTALLATION OF CONCRETE SLEEPERS FOR PL-7 & PL-10 BY TELFORD-31,AD-26-PL-640090,..\Drawings\2035-NN-0113,DATA/TECH/2035 Offshore Construction Engineering Register (Pipeline & Cables).xlsx,Drawings,236,INCLUDE,,SDOC-627ac486a5d41ce757877ba5,GDOC-70d03d2fcd56820f39d602fb
2035,TECH,GENERAL / MULTIDISCIPLINE,DRAWING,ENGINEERING DRAWING,2035-NN-0114,TYPICAL LIFTING AND INSTALLATION OF CONCRETE SLEEPERS FOR PL-8 & PL-9 BY TELFORD-31,AD-26-PL-640091,..\Drawings\2035-NN-0114,DATA/TECH/2035 Offshore Construction Engineering Register (Pipeline & Cables).xlsx,Drawings,238,INCLUDE,,SDOC-8a495f6d75a7d319972d6ed6,GDOC-30f3b0ac06b1181b0611d982
2035,TECH,GENERAL / MULTIDISCIPLINE,DRAWING,ENGINEERING DRAWING,2035-NN-0115,LOADING ARRANGEMENT & SEAFASTENING DETAILS OF CONCRETE SLEEPERS & MATTRESSES TRIP-8  (PL-7 & PL-10) AT ASTRO 304,AD-26-PL-640092,..\Drawings\2035-NN-0115,DATA/TECH/2035 Offshore Construction Engineering Register (Pipeline & Cables).xlsx,Drawings,240,INCLUDE,,SDOC-dfab5e971cf6d2cdc7aa75be,GDOC-bfa68aa904ba388f2bc2422f
2035,TECH,GENERAL / MULTIDISCIPLINE,DRAWING,ENGINEERING DRAWING,2035-NN-0116,TYPICAL LIFTING AND INSTALLATION OF FLEXIBLE MATTRESSES BY SAFEEN PEARL FOR CABLE CROSSING LOCATIONS,AD-26-PL-640093,..\Drawings\2035-NN-0116,DATA/TECH/2035 Offshore Construction Engineering Register (Pipeline & Cables).xlsx,Drawings,241,INCLUDE,,SDOC-700ab15ec841fec3c9e2cad2,GDOC-27eca6c9d57652d7f2d09413
2035,TECH,GENERAL / MULTIDISCIPLINE,DRAWING,ENGINEERING DRAWING,2035-NN-0117,TYPICAL LIFTING AND INSTALLATION OF FLEXIBLE MATTRESSES BY TELFORD-31 FOR CABLE CROSSING LOCATIONS,AD-26-PL-640094,..\Drawings\2035-NN-0117,DATA/TECH/2035 Offshore Construction Engineering Register (Pipeline & Cables).xlsx,Drawings,245,INCLUDE,,SDOC-a644dc7593c09726a8c0cf2a,GDOC-d916760e92a70349f4664f34
2035,TECH,GENERAL / MULTIDISCIPLINE,DRAWING,ENGINEERING DRAWING,2035-NN-0118,"TYPICAL LIFTING AND INSTALLATION OF CONCRETE SLEEPERS FOR PL-6, PL-7, PL-8, PL-9, PL-10 &  PL-11 BY SAFEEN OSV PEARL",AD-26-PL-640095,..\Drawings\2035-NN-0118,DATA/TECH/2035 Offshore Construction Engineering Register (Pipeline & Cables).xlsx,Drawings,246,INCLUDE,,SDOC-afd495e0394ed3bf8d32690e,GDOC-9ec66f94a3b84b0a6d34e1e5
2035,TECH,GENERAL / MULTIDISCIPLINE,DRAWING,ENGINEERING DRAWING,2035-NN-0119,LOADING ARRANGEMENT & SEAFASTENING DETAILS OF CONCRETE SLEEPERS TRIP-9  (PL-7 & PL-10) AT ASTRO-304,AD-26-PL-640096,..\Drawings\2035-NN-0119,DATA/TECH/2035 Offshore Construction Engineering Register (Pipeline & Cables).xlsx,Drawings,249,INCLUDE,,SDOC-32c846f48abad4ce72734c83,GDOC-2efbb037f553f2a6f3158724
2035,TECH,GENERAL / MULTIDISCIPLINE,DRAWING,ENGINEERING DRAWING,2035-NN-0120,"TEMPORARY KNEE BRACE DETAILS FOR 16"" WELL FLUID PIPELINE (WITH SINGLE 2"" PIGGYBACK) FORM US-142A TO USSC-RP1 (PL-3) AT USSC-RP1",AD-26-PL-640097,..\Drawings\2035-NN-0120,DATA/TECH/2035 Offshore Construction Engineering Register (Pipeline & Cables).xlsx,Drawings,251,INCLUDE,,SDOC-6bfb11f3f8bd644a58bf0805,GDOC-33a2958f50a56f2c21bfcf25
2035,TECH,GENERAL / MULTIDISCIPLINE,DRAWING,ENGINEERING DRAWING,2035-NN-0121,"TEMPORARY KNEE BRACE DETAILS FOR 16"" WELL FLUID PIPELINE (WITH SINGLE 2"" PIGGYBACK) FORM US-142A TO USSC-RP1 (PL-3) AT US-142A",AD-26-PL-640098,,DATA/TECH/2035 Offshore Construction Engineering Register (Pipeline & Cables).xlsx,Drawings,252,INCLUDE,,SDOC-7e33e1c1394981fcf6a98ec1,GDOC-f394aa311ac3b7a58b1518e7
2035,TECH,GENERAL / MULTIDISCIPLINE,DRAWING,ENGINEERING DRAWING,2035-NN-0122,"TEMPORARY KNEE BRACE DETAILS FOR 16"" WELL FLUID PIPELINE (WITH SINGLE 2"" PIGGYBACK)  FROM US-153A TO USSC-RP1 (PL-5) AT USSC-RP1",AD-26-PL-640099,..\Drawings\2035-NN-0122,DATA/TECH/2035 Offshore Construction Engineering Register (Pipeline & Cables).xlsx,Drawings,253,INCLUDE,,SDOC-7285c089146336c1655ba8d0,GDOC-96e63e74d8aecf9ae789004e
2035,TECH,GENERAL / MULTIDISCIPLINE,DRAWING,ENGINEERING DRAWING,2035-NN-0123,"TEMPORARY KNEE BRACE DETAILS FOR 16"" WELL FLUID PIPELINE (WITH SINGLE 2"" PIGGYBACK)  FROM US-153A TO USSC-RP1 (PL-5) AT US-153A",AD-26-PL-640100,,DATA/TECH/2035 Offshore Construction Engineering Register (Pipeline & Cables).xlsx,Drawings,254,INCLUDE,,SDOC-f8742459bdcc7c08547f9ca4,GDOC-7652e05417bb814285fec2af
2035,TECH,GENERAL / MULTIDISCIPLINE,DRAWING,ENGINEERING DRAWING,2035-NN-0124,"TEMPORARY KNEE BRACE DETAILS FOR 16"" WELL FLUID PIPELINE FROM US-12B TO USSC-RP1 (PL-2) @ USSC-RP-1",AD-26-PL-640101,..\Drawings\2035-NN-0124,DATA/TECH/2035 Offshore Construction Engineering Register (Pipeline & Cables).xlsx,Drawings,255,INCLUDE,,SDOC-124e83c8551f1575e86b6588,GDOC-11faa33ddaa0650c4d5dda68
2035,TECH,GENERAL / MULTIDISCIPLINE,DRAWING,ENGINEERING DRAWING,2035-NN-0125,"TEMPORARY KNEE BRACE DETAILS FOR 16"" WELL FLUID PIPELINE (WITH SINGLE 2"" PIGGYBACK)  FROM US-12B TO USSC-RP1 (PL-2) AT US-12B",AD-26-PL-640102,,DATA/TECH/2035 Offshore Construction Engineering Register (Pipeline & Cables).xlsx,Drawings,256,INCLUDE,,SDOC-ff218bd48c98b2b68aeb962c,GDOC-b56b6f2db837259a8900e64a
2035,TECH,GENERAL / MULTIDISCIPLINE,DRAWING,ENGINEERING DRAWING,2035-NN-0126,"TEMPORARY KNEE BRACE DETAILS FOR 18"" WELL FLUID PIPELINE FROM HP2 TO USSC-RP1 (PL-7) @ USSC-RP1",AD-26-PL-640103,..\Drawings\2035-NN-0126,DATA/TECH/2035 Offshore Construction Engineering Register (Pipeline & Cables).xlsx,Drawings,257,INCLUDE,,SDOC-4a50f9460f1c2c90ad4c8675,GDOC-79892dee2766e6ff2198e47d
2035,TECH,GENERAL / MULTIDISCIPLINE,DRAWING,ENGINEERING DRAWING,2035-NN-0127,"TEMPORARY KNEE BRACE DETAILS FOR 18"" WELL FLUID PIPELINE (WITH SINGLE 2"" PIGGYBACK) FROM HP2 TO USSC-RP1 (PL-7) AT HP2",AD-26-PL-640104,,DATA/TECH/2035 Offshore Construction Engineering Register (Pipeline & Cables).xlsx,Drawings,258,INCLUDE,,SDOC-c6bce447d4eb210d422b32b4,GDOC-dd965ffbb63904199f92bc9e
2035,TECH,GENERAL / MULTIDISCIPLINE,DRAWING,ENGINEERING DRAWING,2035-NN-0128,"TEMPORARY KNEE BRACE DETAILS FOR 16"" WELL FLUID PIPELINE FROM HP3 TO USSC-RP1 (PL-8) AT USSC-RP1",AD-26-PL-640105,..\Drawings\2035-NN-0128,DATA/TECH/2035 Offshore Construction Engineering Register (Pipeline & Cables).xlsx,Drawings,259,INCLUDE,,SDOC-1b83302d5e0f2458204f96f7,GDOC-45ec19b3c16821a24f6b9218
2035,TECH,GENERAL / MULTIDISCIPLINE,DRAWING,ENGINEERING DRAWING,2035-NN-0129,"TEMPORARY KNEE BRACE DETAILS FOR 16"" WELL FLUID PIPELINE FROM HP3 TO USSC-RP1 (PL-8) HP3",AD-26-PL-640106,,DATA/TECH/2035 Offshore Construction Engineering Register (Pipeline & Cables).xlsx,Drawings,260,INCLUDE,,SDOC-dd2b1cb8917ef8231c25176f,GDOC-9f727f216134e462e4dfd750
2035,TECH,GENERAL / MULTIDISCIPLINE,DRAWING,ENGINEERING DRAWING,2035-NN-0130,LOADING ARRANGEMENT & SEAFASTENING DETAILS OF CONCRETE SLEEPERS  @ ASTRO-250 (TRIP-10),AD-26-PL-640107,..\Drawings\2035-NN-0130,DATA/TECH/2035 Offshore Construction Engineering Register (Pipeline & Cables).xlsx,Drawings,261,INCLUDE,,SDOC-cc8690f3a6bde42254df20e6,GDOC-f85363d1800c1acf58a7d3e1
2035,TECH,GENERAL / MULTIDISCIPLINE,DRAWING,ENGINEERING DRAWING,2035-NN-0131,"TYPICAL TEMP. SUPPORT LIFTING AND INSTALLATION FOR 16"" & 18"" PIPELINE BY SAFEEN OSV PEARL",AD-26-PL-640108,..\Drawings\2035-NN-0131,DATA/TECH/2035 Offshore Construction Engineering Register (Pipeline & Cables).xlsx,Drawings,264,INCLUDE,,SDOC-21a70d16e2fbbaa5b9d68b38,GDOC-7719fa096a3684c998cbef22
2035,TECH,GENERAL / MULTIDISCIPLINE,DRAWING,ENGINEERING DRAWING,2035-NN-0132,TYPICAL LIFTING AND INSTALLATION OF BUCKLE TRIGGER FLEXIBLE MATTRESSES BY SAFEEN OSV PEARL,AD-26-PL-640109,..\Drawings\2035-NN-0132,DATA/TECH/2035 Offshore Construction Engineering Register (Pipeline & Cables).xlsx,Drawings,266,INCLUDE,DATE_TEXT_PRESERVED,SDOC-2bf666125e4ff18fbfbc031b,GDOC-5f4928714c423ab34bbfd29e
2035,TECH,GENERAL / MULTIDISCIPLINE,DRAWING,ENGINEERING DRAWING,2035-NN-0133,TYPICAL LIFTING AND INSTALLATION OF CONCRETE SLEEPERS FOR PL-7 & PL-8 BY SAFEEN PEARL,AD-26-PL-640110,..\Drawings\2035-NN-0133,DATA/TECH/2035 Offshore Construction Engineering Register (Pipeline & Cables).xlsx,Drawings,268,INCLUDE,,SDOC-ef5e5fb0b79e2b387fc6e89b,GDOC-a083911686ddc7a94a357eff
2035,TECH,GENERAL / MULTIDISCIPLINE,DRAWING,ENGINEERING DRAWING,2035-NN-0134,LOADING ARRANGEMENT & SEAFASTENING DETAILS OF CONCRETE SLEEPERS AT ASTRO-250 (TRIP-10),AD-26-PL-640111,,DATA/TECH/2035 Offshore Construction Engineering Register (Pipeline & Cables).xlsx,Drawings,270,INCLUDE,,SDOC-7437f16d7c81a9312db88259,GDOC-7636cc93babf00605306143e
2035,TECH,GENERAL / MULTIDISCIPLINE,DRAWING,ENGINEERING DRAWING,2035-NN-0135,TYPICAL LIFTING AND INSTALLATION OF SANDBAGS BY CARGO NET USING SAFEEN PEARL,AD-26-PL-640112,..\Drawings\2035-NN-0135,DATA/TECH/2035 Offshore Construction Engineering Register (Pipeline & Cables).xlsx,Drawings,271,INCLUDE,,SDOC-b9af49cad4b4633d4c1433fd,GDOC-af56fd357652852f6feeea23
2035,TECH,GENERAL / MULTIDISCIPLINE,DRAWING,ENGINEERING DRAWING,2035-NN-0136,"LOADING ARRANGEMENT & SEAFASTENING DETAILS OF CONCRETE SLEEPERS TRIP-11  (PL-7, PL-8 & PL-9) AT GAC-68",AD-26-PL-640113,..\Drawings\2035-NN-0136,DATA/TECH/2035 Offshore Construction Engineering Register (Pipeline & Cables).xlsx,Drawings,272,INCLUDE,,SDOC-95829a197a79239d6fc2204d,GDOC-d07aec2029d5723839ddecf0
2035,TECH,GENERAL / MULTIDISCIPLINE,DRAWING,ENGINEERING DRAWING,2035-NN-0137,LOADING ARRANGEMENT & SEAFASTENING DETAILS OF CONCRETE SLEEPERS AT ASTRO-250 (TRIP-12),AD-26-PL-640114,..\Drawings\2035-NN-0137,DATA/TECH/2035 Offshore Construction Engineering Register (Pipeline & Cables).xlsx,Drawings,273,INCLUDE,,SDOC-fe10c0a60173b2b18524792e,GDOC-cc16fc0b40a1639e71452b9b
2035,TECH,GENERAL / MULTIDISCIPLINE,DRAWING,ENGINEERING DRAWING,2035-NN-0138,LIFTING AND INSTALLATION OF LINE C-30” PIPING AT CSP-01 UTILIZING DLB-1000,AD-26-PL-640115,..\Drawings\2035-NN-0138,DATA/TECH/2035 Offshore Construction Engineering Register (Pipeline & Cables).xlsx,Drawings,274,INCLUDE,,SDOC-63522501baa42045639a0c9c,GDOC-69448901780eba4a2ac753fb
2035,TECH,GENERAL / MULTIDISCIPLINE,DRAWING,ENGINEERING DRAWING,2035-NN-0139,"LIFTING AND INSTALLATION OF LINE CO-20"" PIPING AT CSP-01 UTILIZING DLB-1000",AD-26-PL-640116,..\Drawings\2035-NN-0139,DATA/TECH/2035 Offshore Construction Engineering Register (Pipeline & Cables).xlsx,Drawings,275,INCLUDE,,SDOC-69eedd9e55227dd4fe80c527,GDOC-ed8775d93fe3de2e392be8aa
2035,TECH,GENERAL / MULTIDISCIPLINE,DRAWING,ENGINEERING DRAWING,2035-NN-0140,"TYPICAL LIFTING AND INSTALLATION OF CONCRETE SLEEPERS FOR PL-7, PL-8 & PL-9 BY SAFEEN PEARL",AD-26-PL-640117,..\Drawings\2035-NN-0140,DATA/TECH/2035 Offshore Construction Engineering Register (Pipeline & Cables).xlsx,Drawings,276,INCLUDE,,SDOC-21a3caa912558b01cb64d287,GDOC-a0f7202e50d4cbd768000bfc
2035,TECH,GENERAL / MULTIDISCIPLINE,DRAWING,ENGINEERING DRAWING,2035-NN-0141,LIFTING AND INSTALLATION OF MISCELLANEOUS HOOK UP SPOOLS AT BRIDGE B-26 BY DLB-1000,AD-26-PL-640118,,DATA/TECH/2035 Offshore Construction Engineering Register (Pipeline & Cables).xlsx,Drawings,277,INCLUDE,,SDOC-d5c1e94d33017932f1b27c82,GDOC-8f73a82f873a8ee6dd05111c
2035,TECH,GENERAL / MULTIDISCIPLINE,DRAWING,ENGINEERING DRAWING,2035-NN-0142,LIFTING AND INSTALLATION OF MONORAIL FRAME AT BRIDGE B-26 BY DLB-1000,AD-26-PL-640119,..\Drawings\2035-NN-0142,DATA/TECH/2035 Offshore Construction Engineering Register (Pipeline & Cables).xlsx,Drawings,278,INCLUDE,,SDOC-427d9a13060343df617de7c3,GDOC-8b6364fe8a6ba1669a08c4a7
2035,TECH,GENERAL / MULTIDISCIPLINE,DRAWING,ENGINEERING DRAWING,2035-NN-0143,LOADING ARRANGEMENT & SEAFASTENING DETAILS OF CONCRETE SLEEPERS AT ASTRO-251 CB (TRIP-13),AD-26-PL-640120,..\Drawings\2035-NN-0143,DATA/TECH/2035 Offshore Construction Engineering Register (Pipeline & Cables).xlsx,Drawings,279,INCLUDE,,SDOC-b0bc69764487f338d70b96b8,GDOC-155ce0300a8645db84ee9bb0
2035,TECH,GENERAL / MULTIDISCIPLINE,DRAWING,ENGINEERING DRAWING,2035-NN-0144,"LIFTING AND INSTALLATION OF 30"" BRACE RIGGING ARRANGEMENT BELOW BRIDGE LANDING BY DLB-1000",AD-26-PL-640121,..\Drawings\2035-NN-0144,DATA/TECH/2035 Offshore Construction Engineering Register (Pipeline & Cables).xlsx,Drawings,280,INCLUDE,,SDOC-f147f07e93fd919be2a8f5e6,GDOC-44adfa6c719647149e24b316
2035,TECH,GENERAL / MULTIDISCIPLINE,DRAWING,ENGINEERING DRAWING,2035-NN-0145,LOADING ARRANGEMENT & SEAFASTENING DETAILS OF CONCRETE SLEEPERS AT ASTRO-250 CB (TRIP-14),AD-26-PL-640122,..\Drawings\2035-NN-0145,DATA/TECH/2035 Offshore Construction Engineering Register (Pipeline & Cables).xlsx,Drawings,281,INCLUDE,,SDOC-f49d4552c84daa58d48baca3,GDOC-b2b1e010bed9654b0bd8be22
2035,TECH,GENERAL / MULTIDISCIPLINE,DRAWING,ENGINEERING DRAWING,2035-NN-0146,LIFTING AND INSTALLATION OF MISCELLANEOUS HOOK UP SPOOLS AT BRIDGE B-26 BY UMM SHAIF,AD-26-PL-640123,..\Drawings\2035-NN-0146,DATA/TECH/2035 Offshore Construction Engineering Register (Pipeline & Cables).xlsx,Drawings,282,INCLUDE,,SDOC-1a64de2857f09ea354b88125,GDOC-00cc6bcb421ef8d9d57a18aa
2035,TECH,GENERAL / MULTIDISCIPLINE,DRAWING,ENGINEERING DRAWING,2035-NN-0147,LIFTING AND INSTALLATION OF 20’’ TIE-IN SPOOL BY SEP-750,AD-26-PL-640124,..\Drawings\2035-NN-0147,DATA/TECH/2035 Offshore Construction Engineering Register (Pipeline & Cables).xlsx,Drawings,285,INCLUDE,,SDOC-d29e98706f532c9984cf38d3,GDOC-39a40dca32edd36f0e6387d1
2035,TECH,GENERAL / MULTIDISCIPLINE,DRAWING,ENGINEERING DRAWING,2035-NN-0148,LOADING ARRANGEMENT & SEAFASTENING DETAILS OF CONCRETE MATTRESSES @ ASTRO-251,AD-26-PL-640125,..\Drawings\2035-NN-0148,DATA/TECH/2035 Offshore Construction Engineering Register (Pipeline & Cables).xlsx,Drawings,286,INCLUDE,DATE_TEXT_PRESERVED,SDOC-654f33dfbdc370efa351e614,GDOC-5e8285c70e876d7c54d7e878
2035,TECH,GENERAL / MULTIDISCIPLINE,DRAWING,ENGINEERING DRAWING,2035-NN-0149,LIFTING AND INSTALLATION OF RV LINE / FLARE HEAD BY UMM SHAIF,AD-26-PL-640126,..\Drawings\2035-NN-0149,DATA/TECH/2035 Offshore Construction Engineering Register (Pipeline & Cables).xlsx,Drawings,289,INCLUDE,,SDOC-40d3b1092ebe15572b2e2806,GDOC-4ac143d2bf51f13ab7ae8a25
2035,TECH,GENERAL / MULTIDISCIPLINE,DRAWING,ENGINEERING DRAWING,2035-NN-0150,DEMOLITION AND INSTALLATION OF 36’’ TIE-IN SPOOL BY SEP-750,AD-26-PL-640127,..\Drawings\2035-NN-0150,DATA/TECH/2035 Offshore Construction Engineering Register (Pipeline & Cables).xlsx,Drawings,290,INCLUDE,,SDOC-a7cd698f0970f22c0ad2e3d5,GDOC-2fc26845825cf6086cdcd5ed
2035,TECH,GENERAL / MULTIDISCIPLINE,DRAWING,ENGINEERING DRAWING,2035-NN-0151,LIFTING AND INSTALLATION OF MISCELLANEOUS HOOK UP SPOOLS AT BRIDGE B-26 BY KRAKEN,AD-26-PL-640128,..\Drawings\2035-NN-0151,DATA/TECH/2035 Offshore Construction Engineering Register (Pipeline & Cables).xlsx,Drawings,291,INCLUDE,,SDOC-d72353b821d7318ccc0d1032,GDOC-dfe6c984f336cbf9a8d7a7e1
2035,TECH,GENERAL / MULTIDISCIPLINE,DRAWING,ENGINEERING DRAWING,2035-NN-0152,LIFTING AND INSTALLATION OF RV LINE / FLARE HEAD BY KRAKEN,AD-26-PL-640129,..\Drawings\2035-NN-0152,DATA/TECH/2035 Offshore Construction Engineering Register (Pipeline & Cables).xlsx,Drawings,292,INCLUDE,,SDOC-3b8bff65efacf11409893e80,GDOC-f5ab84fe3ddc23e156550411
2035,TECH,GENERAL / MULTIDISCIPLINE,DRAWING,ENGINEERING DRAWING,2035-NN-0153,LIFTING AND INSTALLATION OF MOV BY SEP-750,AD-26-PL-640130,,DATA/TECH/2035 Offshore Construction Engineering Register (Pipeline & Cables).xlsx,Drawings,294,INCLUDE,,SDOC-a90008b5806df61f1a6b6736,GDOC-5c1c772fab473a745662a00d
2035,TECH,GENERAL / MULTIDISCIPLINE,DRAWING,ENGINEERING DRAWING,2035-NN-0154,LIFTING AND INSTALLATION OF LINE TW-24’’ SPOOL  AT CSP-01 & 24’’ SPOOL AT  BRIDGE B16 BY SEP-750,AD-26-PL-640131,..\Drawings\2035-NN-0154,DATA/TECH/2035 Offshore Construction Engineering Register (Pipeline & Cables).xlsx,Drawings,295,INCLUDE,,SDOC-9f703725260fa7c6b808edb0,GDOC-16bb5248477fe5ade8a2914c
2035,TECH,GENERAL / MULTIDISCIPLINE,DRAWING,ENGINEERING DRAWING,2035-NN-0155,UMM SHAIF - LIFTING AND INSTALLATION OF SPOOLS AT BRIDGE B16 & B17 UTILIZING JACK-UP BARGE SEP-750,AD-26-PL-640132,..\Drawings\2035-NN-0155,DATA/TECH/2035 Offshore Construction Engineering Register (Pipeline & Cables).xlsx,Drawings,297,INCLUDE,,SDOC-af4e4095569ddb88a1d23e49,GDOC-cb70bfd1dfc3787756488171
2035,TECH,GENERAL / MULTIDISCIPLINE,DRAWING,ENGINEERING DRAWING,2035-NN-0156,"Installation of 24"" TW line spool at B16 (Spool EO)",AD-26-PL-640133,..\Drawings\2035-NN-0156,DATA/TECH/2035 Offshore Construction Engineering Register (Pipeline & Cables).xlsx,Drawings,298,INCLUDE,,SDOC-3577356fece1911b6952a8d2,GDOC-3b784f27eed21d9c181f53c8
2035,TECH,GENERAL / MULTIDISCIPLINE,DRAWING,ENGINEERING DRAWING,2035-NN-0157,LIFTING AND INSTALLATION OF PIPE RACK SUPPORT AT BRIDGE B17 UTILIZING JACK-UP BARGE SEP-750,AD-26-PL-640134,..\Drawings\2035-NN-0157,DATA/TECH/2035 Offshore Construction Engineering Register (Pipeline & Cables).xlsx,Drawings,299,INCLUDE,,SDOC-3280ba39eb9b127043fc5470,GDOC-37a3a29118bdff173cfaaf80
2035,TECH,GENERAL / MULTIDISCIPLINE,DRAWING,ENGINEERING DRAWING,2035-NN-0158,"LIFTING AND INSTALLATION OF 24'' & 30"" SPOOL AT B17 & B18 BY HEA TITAN",AD-26-PL-640135,..\Drawings\2035-NN-0158,DATA/TECH/2035 Offshore Construction Engineering Register (Pipeline & Cables).xlsx,Drawings,300,INCLUDE,,SDOC-2c7f97075d9492f61a880238,GDOC-042ce13a4de03a248fc54383
2035,TECH,GENERAL / MULTIDISCIPLINE,DRAWING,ENGINEERING DRAWING,2035-NN-0159,"TEMPORARY KNEE BRACE DETAILS FOR 16"" WELL FLUID SPOOL (WITH SINGLE 2"" PIGGYBACK) FROM US-19B TO US-153A (PL-4) AT US-19B",AD-26-PL-640136,..\Drawings\2035-NN-0159,DATA/TECH/2035 Offshore Construction Engineering Register (Pipeline & Cables).xlsx,Drawings,302,INCLUDE,,SDOC-1f24a0b610b3ccb48f3051a2,GDOC-ef45b1a01828aac14cb0cdff
2035,TECH,GENERAL / MULTIDISCIPLINE,DRAWING,ENGINEERING DRAWING,2035-NN-0160,LOADING ARRANGEMENT & SEAFASTENING DETAILS OF RISERS AND SPOOLS @ ES - 282,AD-26-PL-640137,..\Drawings\2035-NN-0160,DATA/TECH/2035 Offshore Construction Engineering Register (Pipeline & Cables).xlsx,Drawings,303,INCLUDE,,SDOC-53521fae14334dc28e02fd14,GDOC-05e264a19897f870fbb80166
2035,TECH,GENERAL / MULTIDISCIPLINE,DRAWING,ENGINEERING DRAWING,2035-NN-0161,UMM SHAIF - LIFTING AND INSTALLATION OF PIPE RACK SUPPORT AT BRIDGE B18 UTILIZING JACK-UP BARGE HEA TITAN,AD-26-PL-640138,..\Drawings\2035-NN-0161,DATA/TECH/2035 Offshore Construction Engineering Register (Pipeline & Cables).xlsx,Drawings,304,INCLUDE,,SDOC-13c411a27e0c45c52b250f80,GDOC-4c06bc0107d704b3784cfd27
2035,TECH,GENERAL / MULTIDISCIPLINE,DRAWING,ENGINEERING DRAWING,2035-NN-0162,LOADING ARRANGEMENT AND SEAFASTENING DETAILS OF CC PIPES (PL-7) AT CREST-2802 (TRIP-6),AD-26-PL-640139,..\Drawings\2035-NN-0162,DATA/TECH/2035 Offshore Construction Engineering Register (Pipeline & Cables).xlsx,Drawings,306,INCLUDE,,SDOC-b024b1391022fd7712adb066,GDOC-5e1d046209e151429a40b8c6
2035,TECH,GENERAL / MULTIDISCIPLINE,DRAWING,ENGINEERING DRAWING,2035-NN-0163,"INSTALLATION OF 24"" TW LINE EO SPOOL IN TWO PIECES AT B16 BY MUTAWA 401",AD-510-PL-640140,..\Drawings\2035-NN-0163,DATA/TECH/2035 Offshore Construction Engineering Register (Pipeline & Cables).xlsx,Drawings,307,INCLUDE,,SDOC-592017bb93018ab6e410021c,GDOC-7a8b04ddc6596db7162a180e
2035,TECH,GENERAL / MULTIDISCIPLINE,DRAWING,ENGINEERING DRAWING,2035-NN-0164,UMM SHAIF- LIFTING AND INSTALLATION OF 14’’ SPOOLS AT WIP-2 & WIP-5 BY HEA TITAN,AD-26-PL-640141,..\Drawings\2035-NN-0164,DATA/TECH/2035 Offshore Construction Engineering Register (Pipeline & Cables).xlsx,Drawings,308,INCLUDE,,SDOC-60b84cdf6bd7a468e212d893,GDOC-2f99f451ed7f4029a942ca89
2035,TECH,GENERAL / MULTIDISCIPLINE,DRAWING,ENGINEERING DRAWING,2035-NN-0165,"RISER TOP PART LIFTING AND INSTALLATION FOR 16"" WELL FLUID PIPELINE FROM US-142A TO USSC-RP1 (PL-3) @ USSC-RP1",AD-769/552-PL-640142,..\Drawings\2035-NN-0165,DATA/TECH/2035 Offshore Construction Engineering Register (Pipeline & Cables).xlsx,Drawings,309,INCLUDE,,SDOC-ca1bc27cf9fce41c6ea416fe,GDOC-cdf77ec183321d0fc537ec99
2035,TECH,GENERAL / MULTIDISCIPLINE,DRAWING,ENGINEERING DRAWING,2035-NN-0166,"RISER TOP PART LIFTING AND INSTALLATION FOR 16"" WELL FLUID PIPELINE FROM US-153A TO USSC-RP1 (PL-5) @ USSC-RP1",AD-770/552-PL-640143,..\Drawings\2035-NN-0166,DATA/TECH/2035 Offshore Construction Engineering Register (Pipeline & Cables).xlsx,Drawings,310,INCLUDE,,SDOC-7077635544a67bfa5ba755eb,GDOC-b73c8df4f80fb45d0d0792e4
2035,TECH,GENERAL / MULTIDISCIPLINE,DRAWING,ENGINEERING DRAWING,2035-NN-0167,SOUTH RISER GUARD TEMPORARY INSTALLATION AID LIFTING USING MUTAWA 401,AD-26-PL-640144,..\Drawings\2035-NN-0167,DATA/TECH/2035 Offshore Construction Engineering Register (Pipeline & Cables).xlsx,Drawings,313,INCLUDE,,SDOC-20510cb4ece955ebf5e8c3da,GDOC-5768563738643bce333c32ca
2035,TECH,GENERAL / MULTIDISCIPLINE,DRAWING,ENGINEERING DRAWING,2035-NN-0168,LOADING ARRANGEMENT & SEAFASTENING DETAILS OF CC PIPES ON (PL-7) AT SAFEEN B-281 (TRIP-7),AD-26-PL-640145,..\Drawings\2035-NN-0168,DATA/TECH/2035 Offshore Construction Engineering Register (Pipeline & Cables).xlsx,Drawings,315,INCLUDE,,SDOC-f54be1047b854ac4ebc99784,GDOC-144a3e8610911a876d147e43
2035,TECH,GENERAL / MULTIDISCIPLINE,DRAWING,ENGINEERING DRAWING,2035-NN-0169,REMOVAL ARRANGEMENT OF BST-S13 BUMPERS BY SAFEEN-3000,AD-26-PL-640146,,DATA/TECH/2035 Offshore Construction Engineering Register (Pipeline & Cables).xlsx,Drawings,317,INCLUDE,,SDOC-6f1bda311e7ed08d95288b02,GDOC-21e8fe2f1b19fe386612020f
2035,TECH,GENERAL / MULTIDISCIPLINE,DRAWING,ENGINEERING DRAWING,2035-NN-0170,LOADING ARRANGEMENT & SEAFASTENING DETAILS OF CC PIPES (PL-6 & PL-7) AT SAFEEN B-284 (TRIP-1),AD-26-PL-640147,..\Drawings\2035-NN-0170,DATA/TECH/2035 Offshore Construction Engineering Register (Pipeline & Cables).xlsx,Drawings,318,INCLUDE,,SDOC-fb6af3e19a660a229327dbfe,GDOC-37c1b401a942d3273ae712df
2035,TECH,GENERAL / MULTIDISCIPLINE,DRAWING,ENGINEERING DRAWING,2035-NN-0171,LOADING ARRANGEMENT & SEAFASTENING DETAILS OF CC PIPES (PL-6 & PL-8) ON ASTRO-251 (TRIP-2),AD-26-PL-640148,..\Drawings\2035-NN-0171,DATA/TECH/2035 Offshore Construction Engineering Register (Pipeline & Cables).xlsx,Drawings,320,INCLUDE,,SDOC-2f0776d7f51ba7457c309878,GDOC-baae3599e0c984ce4ee62106
2035,TECH,GENERAL / MULTIDISCIPLINE,DRAWING,ENGINEERING DRAWING,2035-NN-0172,"CLOSE OUT SPOOL LIFTING AND INSTALLATION FOR 16"" HP OIL SUBSEA PIPELINE FROM US-153A TO USSC-RP1 (PL-5) @ US-153A",AD-770/552-PL-640149,..\Drawings\2035-NN-0172,DATA/TECH/2035 Offshore Construction Engineering Register (Pipeline & Cables).xlsx,Drawings,321,INCLUDE,,SDOC-a21d7b987fbbfcb0d610b944,GDOC-b16f5997182e1336d91a8d16
2035,TECH,GENERAL / MULTIDISCIPLINE,DRAWING,ENGINEERING DRAWING,2035-NN-0173,"LOADING ARRANGEMENT & SEAFASTENING DETAILS OF CC PIPES (PL-7 & PL-10, PL-8) ON SAFEEN B-284 (TRIP-8)",AD-26-PL-640150,..\Drawings\2035-NN-0173,DATA/TECH/2035 Offshore Construction Engineering Register (Pipeline & Cables).xlsx,Drawings,323,INCLUDE,,SDOC-6da0092f57553fac7ebf653a,GDOC-3735dcc3b45e70915c613bf4
2035,TECH,GENERAL / MULTIDISCIPLINE,DRAWING,ENGINEERING DRAWING,2035-NN-0174,"CLOSE OUT SPOOL LIFTING AND INSTALLATION FOR 16"" HP OIL SUBSEA PIPELINE FROM US-142A TO USSC-RP1 (PL-3) @ US-142A",AD-769/552-PL-640151,..\Drawings\2035-NN-0174,DATA/TECH/2035 Offshore Construction Engineering Register (Pipeline & Cables).xlsx,Drawings,324,INCLUDE,,SDOC-39781a9bf019dbf8474e872b,GDOC-6890b177e08b23ac75ddf4e8
2035,TECH,GENERAL / MULTIDISCIPLINE,DRAWING,ENGINEERING DRAWING,2035-NN-0175,"LOADING ARRANGEMENT & SEAFASTENING DETAILS 
OF CC PIPES AT PFC-02 (TRIP-3)",AD-26-PL-640152,../../../../../../../../Data/OFFSHORE/Support/ConstructionEngg/ConstructionEnggProjects/PROJECTS/2035-UMM%20SHAIF/Drawings/2035-NN-0175,DATA/TECH/2035 Offshore Construction Engineering Register (Pipeline & Cables).xlsx,Drawings,326,INCLUDE,,SDOC-df1244da8fb5538249bce068,GDOC-2f91982987740df2c266eb2f
2035,TECH,GENERAL / MULTIDISCIPLINE,DRAWING,ENGINEERING DRAWING,2035-NN-0176,LOADING ARRANGEMENT & SEAFASTENING DETAILS OF CC PIPES (PL-10) ON SAFEEN B-281 (TRIP-9),AD-26-PL-640153,../../../../../../../../Data/OFFSHORE/Support/ConstructionEngg/ConstructionEnggProjects/PROJECTS/2035-UMM%20SHAIF/Drawings/2035-NN-0176,DATA/TECH/2035 Offshore Construction Engineering Register (Pipeline & Cables).xlsx,Drawings,327,INCLUDE,,SDOC-235d50f130409627c344f585,GDOC-9b06f6d1cbdc427de4cd5efd
2035,TECH,GENERAL / MULTIDISCIPLINE,DRAWING,ENGINEERING DRAWING,2035-NN-0177,LOADING ARRANGEMENT & SEAFASTENING OF REEL ON MUTAWA-401,AD-26-PL-640154,,DATA/TECH/2035 Offshore Construction Engineering Register (Pipeline & Cables).xlsx,Drawings,328,INCLUDE,,SDOC-5b5739121caf4464c8e0de84,GDOC-6e002b3c89e3ea9ce5e80250
2035,TECH,GENERAL / MULTIDISCIPLINE,DRAWING,ENGINEERING DRAWING,2035-NN-0178,LOADING ARRANGEMENT AND SEAFASTENING DETAILS OF CC PIPES (PL-8 & PL-2) ON ASTRO-251 (TRIP-4),AD-26-PL-640155,../../../../../../../../Data/OFFSHORE/Support/ConstructionEngg/ConstructionEnggProjects/PROJECTS/2035-UMM%20SHAIF/Drawings/2035-NN-0178,DATA/TECH/2035 Offshore Construction Engineering Register (Pipeline & Cables).xlsx,Drawings,329,INCLUDE,,SDOC-1b103f21a5e0fa7b50c7cfc0,GDOC-7420295e7b303a3e6cd53662
2035,TECH,GENERAL / MULTIDISCIPLINE,DRAWING,ENGINEERING DRAWING,2035-NN-0179,LOADING ARRANGEMENT AND SEAFASTENING DETAILS OF CC PIPES (PL-2 & PL-9) ON SAFEEN B-282 (TRIP-10),AD-26-PL-640156,../../../../../../../../Data/OFFSHORE/Support/ConstructionEngg/ConstructionEnggProjects/PROJECTS/2035-UMM%20SHAIF/Drawings/2035-NN-0179,DATA/TECH/2035 Offshore Construction Engineering Register (Pipeline & Cables).xlsx,Drawings,330,INCLUDE,,SDOC-99a3f4c920ea8593b18b2f9e,GDOC-138d384b90fe9afaaeca8e00
2035,TECH,GENERAL / MULTIDISCIPLINE,DRAWING,ENGINEERING DRAWING,2035-NN-0180,"RISER TOP PART LIFTING AND INSTALLATION FOR 18"" WELL FLUID PIPELINE FROM HP2 TO USSC-RP1 (PL-7) @ USSC-RP1",AD-772/552-PL-640157,../../../../../../../../Data/OFFSHORE/Support/ConstructionEngg/ConstructionEnggProjects/PROJECTS/2035-UMM%20SHAIF/Drawings/2035-NN-0180,DATA/TECH/2035 Offshore Construction Engineering Register (Pipeline & Cables).xlsx,Drawings,332,INCLUDE,,SDOC-1acb30e63064cb8e36ba443a,GDOC-595b3a20cc289bb992acc038
2035,TECH,GENERAL / MULTIDISCIPLINE,DRAWING,ENGINEERING DRAWING,2035-NN-0181,LOADING ARRANGEMENT & SEAFASTENING DETAILS OF SPOOLS @AESEN-2811,AD-26-PL-640158,../../../../../../../../Data/OFFSHORE/Support/ConstructionEngg/ConstructionEnggProjects/PROJECTS/2035-UMM%20SHAIF/Drawings/2035-NN-0181,DATA/TECH/2035 Offshore Construction Engineering Register (Pipeline & Cables).xlsx,Drawings,336,INCLUDE,,SDOC-f7e0ca11cc91afbe5ff067ce,GDOC-c02034e8b48bb9ee2837d297
2035,TECH,GENERAL / MULTIDISCIPLINE,DRAWING,ENGINEERING DRAWING,2035-NN-0182,LOADING ARRANGEMENT AND SEAFASTENING DETAILS OF CC PIPES (PL-1) ON ASTRO-251 (TRIP-5),AD-26-PL-640159,file:///\\Nmdc.local\fs\Data\OFFSHORE\Support\ConstructionEngg\ConstructionEnggProjects\PROJECTS\2035-UMM%20SHAIF\Drawings\2035-NN-0182,DATA/TECH/2035 Offshore Construction Engineering Register (Pipeline & Cables).xlsx,Drawings,337,INCLUDE,,SDOC-9932ec14471641bdbbe35484,GDOC-aa679093ec2f2721e7c66882
2035,TECH,GENERAL / MULTIDISCIPLINE,DRAWING,ENGINEERING DRAWING,2035-NN-0183,LOADING ARRANGEMENT & SEAFASTENING DETAILS OF CC PIPES (PL-9) ON ASTRO-251 (TRIP-5),AD-26-PL-640160,file:///\\Nmdc.local\fs\Data\OFFSHORE\Support\ConstructionEngg\ConstructionEnggProjects\PROJECTS\2035-UMM%20SHAIF\Drawings\2035-NN-0183,DATA/TECH/2035 Offshore Construction Engineering Register (Pipeline & Cables).xlsx,Drawings,338,INCLUDE,,SDOC-3ed9a57a6e246c40616ef00d,GDOC-9c5e15a1e5a09bc378dffb5b
2035,TECH,GENERAL / MULTIDISCIPLINE,DRAWING,ENGINEERING DRAWING,2035-NN-0184,"DETAIL OF 16"" TEMPORARY PIG LAUNCHER & RECEIVER",AD-26-PL-640161,file:///\\Nmdc.local\fs\Data\OFFSHORE\Support\ConstructionEngg\ConstructionEnggProjects\PROJECTS\2035-UMM%20SHAIF\Drawings\2035-NN-0184,DATA/TECH/2035 Offshore Construction Engineering Register (Pipeline & Cables).xlsx,Drawings,339,INCLUDE,,SDOC-66bd4b6a59f5ebc3b75ea521,GDOC-dc5a2467036ea39c1966a158
2035,TECH,GENERAL / MULTIDISCIPLINE,DRAWING,ENGINEERING DRAWING,2035-NN-0185,LOADING ARRANGEMENT AND SEAFASTENING DETAILS OF CABLE REEL ON SAFEEN B-281 (TRIP-6),AD-26-PL-640162,file:///\\Nmdc.local\fs\Data\OFFSHORE\Support\ConstructionEngg\ConstructionEnggProjects\PROJECTS\2035-UMM%20SHAIF\Drawings\2035-NN-0185,DATA/TECH/2035 Offshore Construction Engineering Register (Pipeline & Cables).xlsx,Drawings,340,INCLUDE,,SDOC-bbf8d2ed34e96e2274f43e53,GDOC-d8fed2441a6b19f72a6c5f0b
2035,TECH,GENERAL / MULTIDISCIPLINE,DRAWING,ENGINEERING DRAWING,2035-NN-0186,LOADING ARRANGEMENT AND SEAFASTENING DETAILS OF CC PIPES (PL-1) ON SAFEEN B-282  (TRIP-7),AD-26-PL-640163,file:///\\Nmdc.local\fs\Data\OFFSHORE\Support\ConstructionEngg\ConstructionEnggProjects\PROJECTS\2035-UMM%20SHAIF\Drawings\2035-NN-0186,DATA/TECH/2035 Offshore Construction Engineering Register (Pipeline & Cables).xlsx,Drawings,341,INCLUDE,,SDOC-d957198b948321fc2a9fb0aa,GDOC-e686445a18b879c6e7f43fbc
2035,TECH,GENERAL / MULTIDISCIPLINE,DRAWING,ENGINEERING DRAWING,2035-NN-0187,"LIFTING OF S-1400-A1 SLEEPERS AT CX-04 TO CX-05
AND TS-500A SLEEPERS AT BUCKLE TRIGGER - 1 BY HEA OCEANIC
FOR 16"" WELL FLUID PIPELINE FROM HP-3 TO USSC-RP1 (PL-8)",AD-26-PL-640164,file:///\\Nmdc.local\fs\Data\OFFSHORE\Support\ConstructionEngg\ConstructionEnggProjects\PROJECTS\2035-UMM%20SHAIF\Drawings\2035-NN-0187,DATA/TECH/2035 Offshore Construction Engineering Register (Pipeline & Cables).xlsx,Drawings,342,INCLUDE,,SDOC-5b3b90dd0462f2caab9698a0,GDOC-d9edc39ae8fa6460df2560db
2035,TECH,GENERAL / MULTIDISCIPLINE,DRAWING,ENGINEERING DRAWING,2035-NN-0188,LOADING ARRANGEMENT AND SEAFASTENING DETAILS OF 16” CC PIPES (PL-4) ON SAFEEN B-284 CB (TRIP-13),AD-26-PL-640165,file:///\\Nmdc.local\fs\Data\OFFSHORE\Support\ConstructionEngg\ConstructionEnggProjects\PROJECTS\2035-UMM%20SHAIF\Drawings\2035-NN-0188,DATA/TECH/2035 Offshore Construction Engineering Register (Pipeline & Cables).xlsx,Drawings,343,INCLUDE,,SDOC-9067ba38ecd634c888827293,GDOC-cf2b8d41c00dfb950be79235
2035,TECH,GENERAL / MULTIDISCIPLINE,DRAWING,ENGINEERING DRAWING,2035-NN-0189,"SPOOL LIFTING AND INSTALLATION FOR 16"" WATER INJECTION SUBSEA PIPELINE FROM HP2 TO HP1 (PL-11) @ HP1 BY SAFEEN 3000",AD-26-PL-640166,file:///\\Nmdc.local\fs\Data\OFFSHORE\Support\ConstructionEngg\ConstructionEnggProjects\PROJECTS\2035-UMM%20SHAIF\Drawings\2035-NN-0189,DATA/TECH/2035 Offshore Construction Engineering Register (Pipeline & Cables).xlsx,Drawings,344,INCLUDE,,SDOC-4dbb2ba40e1fa4957b4457b0,GDOC-91af217a7b2ba2db61c2572b
2035,TECH,GENERAL / MULTIDISCIPLINE,DRAWING,ENGINEERING DRAWING,2035-NN-0190,"SPOOL LIFTING AND INSTALLATION FOR 16"" WATER INJECTION SUBSEA PIPELINE FROM HP2 TO HP1 (PL-11) @ HP2 BY SAFEEN 3000",AD-26-PL-640167,file:///\\Nmdc.local\fs\Data\OFFSHORE\Support\ConstructionEngg\ConstructionEnggProjects\PROJECTS\2035-UMM%20SHAIF\Drawings\2035-NN-0190,DATA/TECH/2035 Offshore Construction Engineering Register (Pipeline & Cables).xlsx,Drawings,346,INCLUDE,,SDOC-7b310ff65c4b8ee341b28815,GDOC-180618d636cde09ac4a17bfc
2035,TECH,GENERAL / MULTIDISCIPLINE,DRAWING,ENGINEERING DRAWING,2035-NN-0191,"SPOOL LIFTING AND INSTALLATION FOR 16"" WELL FLUID PIPELINE FROM US-19B TO US-153A (PL-4) @US-19B BY SAFEEN 3000",AD-774/770-PL-640002,file:///\\Nmdc.local\fs\Data\OFFSHORE\Support\ConstructionEngg\ConstructionEnggProjects\PROJECTS\2035-UMM%20SHAIF\Drawings\2035-NN-0191,DATA/TECH/2035 Offshore Construction Engineering Register (Pipeline & Cables).xlsx,Drawings,348,INCLUDE,,SDOC-d3c33421c7f6617713ba331d,GDOC-1930f2167c488ad870e12898
2035,TECH,GENERAL / MULTIDISCIPLINE,DRAWING,ENGINEERING DRAWING,2035-NN-0192,"SPOOL LIFTING AND INSTALLATION FOR 16"" WELL FLUID PIPELINE FROM US-19B TO US-153A (PL-4) @US-153A BY SAFEEN 3000",AD-774/770-PL-640003,file:///\\Nmdc.local\fs\Data\OFFSHORE\Support\ConstructionEngg\ConstructionEnggProjects\PROJECTS\2035-UMM%20SHAIF\Drawings\2035-NN-0192,DATA/TECH/2035 Offshore Construction Engineering Register (Pipeline & Cables).xlsx,Drawings,349,INCLUDE,,SDOC-04e7fcb49d8b42fb16509dba,GDOC-2f3d805d1e913fbf10bda495
2035,TECH,GENERAL / MULTIDISCIPLINE,SKETCH,ENGINEERING SKETCH,OFO-P2035-SK-001,100 MT S.W.L SPREADER BAR DETAILS,,..\Sketches\OFO-P2035-SK-001,DATA/TECH/2035 Offshore Construction Engineering Register (Pipeline & Cables).xlsx,Sketch,5,INCLUDE,,SDOC-ca580d1c33a9a89f9829eea7,GDOC-e9dac5d09d9c12d6116da715
2035,TECH,GENERAL / MULTIDISCIPLINE,SKETCH,ENGINEERING SKETCH,OFO-P2035-SK-002,REEL LIFTING ARRANGEMENT,,,DATA/TECH/2035 Offshore Construction Engineering Register (Pipeline & Cables).xlsx,Sketch,6,INCLUDE,,SDOC-7a8421f07ac4211fc1e685f8,GDOC-9ee42f90fdee16ad9cf43e09
2035,TECH,GENERAL / MULTIDISCIPLINE,SKETCH,ENGINEERING SKETCH,OFO-P2035-SK-003,MARKER AND TRANSITION JOINTS (PL-1),,..\Sketches\OFO-P2035-SK-003,DATA/TECH/2035 Offshore Construction Engineering Register (Pipeline & Cables).xlsx,Sketch,7,INCLUDE,,SDOC-48c7f4016a8e4155173da061,GDOC-3ab6b0a378f792441f8ca670
2035,TECH,GENERAL / MULTIDISCIPLINE,SKETCH,ENGINEERING SKETCH,OFO-P2035-SK-004,MARKER AND TRANSITION JOINTS (PL-2),,..\Sketches\OFO-P2035-SK-004,DATA/TECH/2035 Offshore Construction Engineering Register (Pipeline & Cables).xlsx,Sketch,8,INCLUDE,,SDOC-4434466dbadcb01ebfea1605,GDOC-8d0f7acfbe7b02793d5605ef
2035,TECH,GENERAL / MULTIDISCIPLINE,SKETCH,ENGINEERING SKETCH,OFO-P2035-SK-005,MARKER AND TRANSITION JOINTS (PL-3),,..\Sketches\OFO-P2035-SK-005,DATA/TECH/2035 Offshore Construction Engineering Register (Pipeline & Cables).xlsx,Sketch,9,INCLUDE,,SDOC-bde028cf2acd4f6e8246a38a,GDOC-be302eda6f5836ed4e11f4af
2035,TECH,GENERAL / MULTIDISCIPLINE,SKETCH,ENGINEERING SKETCH,OFO-P2035-SK-006,MARKER AND TRANSITION JOINTS (PL-4),,..\Sketches\OFO-P2035-SK-006,DATA/TECH/2035 Offshore Construction Engineering Register (Pipeline & Cables).xlsx,Sketch,10,INCLUDE,,SDOC-b948aa07cb7ec37dc1d28c6b,GDOC-06fc4de20285abb17d999d10
2035,TECH,GENERAL / MULTIDISCIPLINE,SKETCH,ENGINEERING SKETCH,OFO-P2035-SK-007,MARKER AND TRANSITION JOINTS (PL-5),,..\Sketches\OFO-P2035-SK-007,DATA/TECH/2035 Offshore Construction Engineering Register (Pipeline & Cables).xlsx,Sketch,11,INCLUDE,,SDOC-efa95a83a2d682ba8dc9fb12,GDOC-85cd07c5a9b529bbff9d1c12
2035,TECH,GENERAL / MULTIDISCIPLINE,SKETCH,ENGINEERING SKETCH,OFO-P2035-SK-008,MARKER AND TRANSITION JOINTS (PL-6),,..\Sketches\OFO-P2035-SK-008,DATA/TECH/2035 Offshore Construction Engineering Register (Pipeline & Cables).xlsx,Sketch,12,INCLUDE,,SDOC-cda1ab380aa1e6155cc55403,GDOC-5369380ce109e785ca4d86d7
2035,TECH,GENERAL / MULTIDISCIPLINE,SKETCH,ENGINEERING SKETCH,OFO-P2035-SK-009,MARKER AND TRANSITION JOINTS (PL-7),,..\Sketches\OFO-P2035-SK-009,DATA/TECH/2035 Offshore Construction Engineering Register (Pipeline & Cables).xlsx,Sketch,13,INCLUDE,,SDOC-5395270261ca866851215c66,GDOC-355b9215ef9572b8f295c7ed
2035,TECH,GENERAL / MULTIDISCIPLINE,SKETCH,ENGINEERING SKETCH,OFO-P2035-SK-010,MARKER AND TRANSITION JOINTS (PL-8),,..\Sketches\OFO-P2035-SK-010,DATA/TECH/2035 Offshore Construction Engineering Register (Pipeline & Cables).xlsx,Sketch,14,INCLUDE,,SDOC-01227818eae5213db507cdaa,GDOC-53c608daf7744a6d4e77fc53
2035,TECH,GENERAL / MULTIDISCIPLINE,SKETCH,ENGINEERING SKETCH,OFO-P2035-SK-011,MARKER AND TRANSITION JOINTS (PL-9),,..\Sketches\OFO-P2035-SK-011,DATA/TECH/2035 Offshore Construction Engineering Register (Pipeline & Cables).xlsx,Sketch,15,INCLUDE,,SDOC-2f83f795c54e59e55be455c0,GDOC-8df34c5a9fe397e3db878394
2035,TECH,GENERAL / MULTIDISCIPLINE,SKETCH,ENGINEERING SKETCH,OFO-P2035-SK-012,MARKER AND TRANSITION JOINTS (PL-10),,..\Sketches\OFO-P2035-SK-012,DATA/TECH/2035 Offshore Construction Engineering Register (Pipeline & Cables).xlsx,Sketch,16,INCLUDE,,SDOC-8347a8d6fbfdca101eb607c2,GDOC-6d247ef186cb6d4afcd7b7de
2035,TECH,GENERAL / MULTIDISCIPLINE,SKETCH,ENGINEERING SKETCH,OFO-P2035-SK-013,MARKER AND TRANSITION JOINTS (PL-11),,..\Sketches\OFO-P2035-SK-013,DATA/TECH/2035 Offshore Construction Engineering Register (Pipeline & Cables).xlsx,Sketch,17,INCLUDE,,SDOC-dcb9d666a3a46789a01b3f49,GDOC-83c790c44b6885df2e61c4e9
2035,TECH,GENERAL / MULTIDISCIPLINE,SKETCH,ENGINEERING SKETCH,OFO-P2035-SK-014,HSS PEEL-OFF TEST REQUIREMENT,,..\Sketches\OFO-P2035-SK-014,DATA/TECH/2035 Offshore Construction Engineering Register (Pipeline & Cables).xlsx,Sketch,18,INCLUDE,,SDOC-2d139fb6cee790f896258241,GDOC-f0d58e27d4b018c9c38a983b
2035,TECH,GENERAL / MULTIDISCIPLINE,SKETCH,ENGINEERING SKETCH,OFO-P2035-SK-015,TEMPORARY SUPPORT FOR HBC CROSSING LOCATION AT (PL-4) FROM US-19B TO US-153A @ US-19B,,..\Sketches\OFO-P2035-SK-015,DATA/TECH/2035 Offshore Construction Engineering Register (Pipeline & Cables).xlsx,Sketch,19,INCLUDE,,SDOC-e3ded65c2b9900f22d088018,GDOC-2ca0e049afb8c2a82ed0ba39
2035,TECH,GENERAL / MULTIDISCIPLINE,SKETCH,ENGINEERING SKETCH,OFO-P2035-SK-016,TEMPORARY SUPPORT FOR HBC CROSSING LOCATION AT (PL-10) FROM HP-3 TO HP-2 (PCKG-2) @ HP-3,,..\Sketches\OFO-P2035-SK-016,DATA/TECH/2035 Offshore Construction Engineering Register (Pipeline & Cables).xlsx,Sketch,20,INCLUDE,,SDOC-9e93477c6fbb1e837d545907,GDOC-3e132155625360e8b87e6ddc
2035,TECH,GENERAL / MULTIDISCIPLINE,SKETCH,ENGINEERING SKETCH,OFO-P2035-SK-017,HAMMER HEAD CRANE VESSEL – GRAVITY ANCHORS ARRANGEMENT LAYOUT,,..\Sketches\OFO-P2035-SK-017,DATA/TECH/2035 Offshore Construction Engineering Register (Pipeline & Cables).xlsx,Sketch,21,INCLUDE,,SDOC-60ea2e1ef839ac3e73890042,GDOC-9e5a74f7d7873602290b0d7d
2035,TECH,GENERAL / MULTIDISCIPLINE,SKETCH,ENGINEERING SKETCH,OFO-P2035-SK-018,DETAILS OF TEMPORARY SUPPORT H-900 (TS-01),,..\Sketches\OFO-P2035-SK-018,DATA/TECH/2035 Offshore Construction Engineering Register (Pipeline & Cables).xlsx,Sketch,22,INCLUDE,,SDOC-d0b24891338a6181cb235ba0,GDOC-f38abe3d89f7ba2505b7848f
2035,TECH,GENERAL / MULTIDISCIPLINE,SKETCH,ENGINEERING SKETCH,OFO-P2035-SK-019,DETAILS OF TEMPORARY SUPPORT H-1050 (TS-02),,..\Sketches\OFO-P2035-SK-019,DATA/TECH/2035 Offshore Construction Engineering Register (Pipeline & Cables).xlsx,Sketch,24,INCLUDE,,SDOC-6180c9549af5ef10e874a60f,GDOC-64ec0883426db515f20a7936
2035,TECH,GENERAL / MULTIDISCIPLINE,SKETCH,ENGINEERING SKETCH,OFO-P2035-SK-020,DETAILS OF TEMPORARY SUPPORT H-1250 (TS-03),,..\Sketches\OFO-P2035-SK-020,DATA/TECH/2035 Offshore Construction Engineering Register (Pipeline & Cables).xlsx,Sketch,26,INCLUDE,,SDOC-716a4cbe0e5aa8218e140e0f,GDOC-339f4e8fab2407d73bb23e75
2035,TECH,GENERAL / MULTIDISCIPLINE,SKETCH,ENGINEERING SKETCH,OFO-P2035-SK-021,DETAILS OF TEMPORARY SUPPORT H-1600 (TS-04),,..\Sketches\OFO-P2035-SK-021,DATA/TECH/2035 Offshore Construction Engineering Register (Pipeline & Cables).xlsx,Sketch,28,INCLUDE,,SDOC-0ac934b04ca5ec9a6ec89d62,GDOC-d4436a81cf437f24635e1594
2035,TECH,GENERAL / MULTIDISCIPLINE,SKETCH,ENGINEERING SKETCH,OFO-P2035-SK-022,SAFEEN 3000  MISC. EQUIPMENT LAYOUT,,..\Sketches\OFO-P2035-SK-022,DATA/TECH/2035 Offshore Construction Engineering Register (Pipeline & Cables).xlsx,Sketch,30,INCLUDE,,SDOC-974782d61fb5111dc8fe3a52,GDOC-115fe4a10c08940d24ca7980
2035,TECH,GENERAL / MULTIDISCIPLINE,SKETCH,ENGINEERING SKETCH,OFO-P2035-SK-023,LIFTING ARRANGEMENT FOR DRILLING UNIT WIRTH 612/615 BY SAFEEN 3000,,..\Sketches\OFO-P2035-SK-023,DATA/TECH/2035 Offshore Construction Engineering Register (Pipeline & Cables).xlsx,Sketch,31,INCLUDE,,SDOC-295517d7870ef6d3c3ed621e,GDOC-c0e4c550674a76050ff02eca
2035,TECH,GENERAL / MULTIDISCIPLINE,SKETCH,ENGINEERING SKETCH,OFO-P2035-SK-024,LIFTING ARRANGEMENT FOR DRILLING BHA WIRTH 612/615 BY SAFEEN 3000,,..\Sketches\OFO-P2035-SK-024,DATA/TECH/2035 Offshore Construction Engineering Register (Pipeline & Cables).xlsx,Sketch,32,INCLUDE,,SDOC-ad45fe720c28dbb98e78590c,GDOC-cf0725101ed01514066ef620
2035,TECH,GENERAL / MULTIDISCIPLINE,SKETCH,ENGINEERING SKETCH,OFO-P2035-SK-025,"DETAILS OF TEMPORARY SUPPORT AT (PL-10)
16"" WI PIPELINE (WITH DUAL 2"" PIGGYBACK) FROM HP3 TO HP2",,..\Sketches\OFO-P2035-SK-025,DATA/TECH/2035 Offshore Construction Engineering Register (Pipeline & Cables).xlsx,Sketch,33,INCLUDE,,SDOC-0a65ab306fecb305a38c6439,GDOC-c345c29c98c77ea7a49f36a5
2035,TECH,GENERAL / MULTIDISCIPLINE,SKETCH,ENGINEERING SKETCH,OFO-P2035-SK-026,DETAILS OF TEMPORARY SUPPORT H-1100 (TS-06),,..\Sketches\OFO-P2035-SK-026,DATA/TECH/2035 Offshore Construction Engineering Register (Pipeline & Cables).xlsx,Sketch,34,INCLUDE,,SDOC-39840bca5aaad9812dbb7bee,GDOC-b88473313acf20d0ba9459bc
2035,TECH,GENERAL / MULTIDISCIPLINE,SKETCH,ENGINEERING SKETCH,OFO-P2035-SK-027,DETAILS OF TEMPORARY SUPPORT H-1200 (TS-07),,..\Sketches\OFO-P2035-SK-027,DATA/TECH/2035 Offshore Construction Engineering Register (Pipeline & Cables).xlsx,Sketch,36,INCLUDE,,SDOC-6f741c725141be41f682e9c2,GDOC-dfdbd3dcd46131c7f8daa073
2035,TECH,GENERAL / MULTIDISCIPLINE,SKETCH,ENGINEERING SKETCH,OFO-P2035-SK-028,DETAILS OF TEMPORARY SUPPORT H-800 (TS-08),,..\Sketches\OFO-P2035-SK-028,DATA/TECH/2035 Offshore Construction Engineering Register (Pipeline & Cables).xlsx,Sketch,38,INCLUDE,,SDOC-c37509ceede0b104f4ef413e,GDOC-4fe2ff8af7ed19caa6101949
2035,TECH,GENERAL / MULTIDISCIPLINE,SKETCH,ENGINEERING SKETCH,OFO-P2035-SK-029,DETAILS OF TEMPORARY SUPPORT H-800 (TS-09),,..\Sketches\OFO-P2035-SK-029,DATA/TECH/2035 Offshore Construction Engineering Register (Pipeline & Cables).xlsx,Sketch,40,INCLUDE,,SDOC-96d23cd7a0a1e9b4b0713bbf,GDOC-7aaae40fcfe04b0277712246
2035,TECH,GENERAL / MULTIDISCIPLINE,SKETCH,ENGINEERING SKETCH,OFO-P2035-SK-030,PIPELAY PROFILE WITH STINGER-SAFEEN-3000,,..\Sketches\OFO-P2035-SK-030,DATA/TECH/2035 Offshore Construction Engineering Register (Pipeline & Cables).xlsx,Sketch,42,INCLUDE,,SDOC-4b75004d095ce5a70dac75f5,GDOC-ab0b820d86238c7979f411b8
2035,TECH,GENERAL / MULTIDISCIPLINE,SKETCH,ENGINEERING SKETCH,OFO-P2035-SK-031,"FLANGE PROTECTOR DETAILS FOR 2"" PIPE LINE (FLANGE TYPE)",,..\Sketches\OFO-P2035-SK-031,DATA/TECH/2035 Offshore Construction Engineering Register (Pipeline & Cables).xlsx,Sketch,43,INCLUDE,,SDOC-428d5c578d3549be596e0b95,GDOC-daa79b2cdbbe6ca44eab6557
2035,TECH,GENERAL / MULTIDISCIPLINE,SKETCH,ENGINEERING SKETCH,OFO-P2035-SK-032,"PIGGING BACK PULLING HEAD FOR 2"" PIPE LINE (FLANGE TYPE)",,..\Sketches\OFO-P2035-SK-032,DATA/TECH/2035 Offshore Construction Engineering Register (Pipeline & Cables).xlsx,Sketch,44,INCLUDE,,SDOC-b2025b80aff15cc143f2f9eb,GDOC-b0b475fa16897cf0f6031086
2035,TECH,GENERAL / MULTIDISCIPLINE,SKETCH,ENGINEERING SKETCH,OFO-P2035-SK-033,STINGER SECTION-1 (SAFEEN-3000),,..\Sketches\OFO-P2035-SK-033,DATA/TECH/2035 Offshore Construction Engineering Register (Pipeline & Cables).xlsx,Sketch,46,INCLUDE,,SDOC-781ef86088402cfbff3a521a,GDOC-f9e1dfd0a395df878c6eca43
2035,TECH,GENERAL / MULTIDISCIPLINE,SKETCH,ENGINEERING SKETCH,OFO-P2035-SK-034,TYPICAL ABANDONMENT & RECOVERY / LAYDOWN ARRANGEMENT,,..\Sketches\OFO-P2035-SK-034,DATA/TECH/2035 Offshore Construction Engineering Register (Pipeline & Cables).xlsx,Sketch,47,INCLUDE,,SDOC-31718dbfb922d40a6d9ed052,GDOC-16cb91be7c166dc7f34f7619
2035,TECH,GENERAL / MULTIDISCIPLINE,SKETCH,ENGINEERING SKETCH,OFO-P2035-SK-035,"HORIZONTAL (HBS) START-UP ARRANGEMENT 16"" WELL FLUID PIPELINE FROM US-153A TO USSC-RP1 (PL-5) (WITH ∅2"" SINGLE PIGGYBACK)",,..\Sketches\OFO-P2035-SK-035,DATA/TECH/2035 Offshore Construction Engineering Register (Pipeline & Cables).xlsx,Sketch,48,INCLUDE,,SDOC-3b2b40bf366489d753d6fba2,GDOC-f1aa9d01163b149137d715c4
2035,TECH,GENERAL / MULTIDISCIPLINE,SKETCH,ENGINEERING SKETCH,OFO-P2035-SK-036,SAFEEN-3000 PIGGYBACK CABLE LAYING ARRANGEMENT,,..\Sketches\OFO-P2035-SK-036,DATA/TECH/2035 Offshore Construction Engineering Register (Pipeline & Cables).xlsx,Sketch,49,INCLUDE,,SDOC-055693734a54fb16667a7e1d,GDOC-cbd9ea501e7a6903c49592d4
2035,TECH,GENERAL / MULTIDISCIPLINE,SKETCH,ENGINEERING SKETCH,OFO-P2035-SK-037,"START-UP ARRANGEMENT 16"" WELL FUID PIPELINE FROM US-159A TO US-12B (PL-1)",,..\Sketches\OFO-P2035-SK-037,DATA/TECH/2035 Offshore Construction Engineering Register (Pipeline & Cables).xlsx,Sketch,50,INCLUDE,,SDOC-88d0af8c7996c10450f044ab,GDOC-20f65e11df520509fc87fe0d
2035,TECH,GENERAL / MULTIDISCIPLINE,SKETCH,ENGINEERING SKETCH,OFO-P2035-SK-038,STANCHIONS (W18x97),,..\Sketches\OFO-P2035-SK-038,DATA/TECH/2035 Offshore Construction Engineering Register (Pipeline & Cables).xlsx,Sketch,51,INCLUDE,,SDOC-16e4132841e062c36c3348bf,GDOC-c6283d9191fa9496b6d97266
2035,TECH,GENERAL / MULTIDISCIPLINE,SKETCH,ENGINEERING SKETCH,OFO-P2035-SK-039,STANCHIONS (W24x131),,..\Sketches\OFO-P2035-SK-039,DATA/TECH/2035 Offshore Construction Engineering Register (Pipeline & Cables).xlsx,Sketch,52,INCLUDE,,SDOC-a2e91cec7ed2aad6ffff3a53,GDOC-c97a823749082c4728c98329
2035,TECH,GENERAL / MULTIDISCIPLINE,SKETCH,ENGINEERING SKETCH,OFO-P2035-SK-040,STANCHIONS (W24x162),,..\Sketches\OFO-P2035-SK-040,DATA/TECH/2035 Offshore Construction Engineering Register (Pipeline & Cables).xlsx,Sketch,53,INCLUDE,,SDOC-94373c7672f63712e3adcd47,GDOC-0d46a35d17f07c791ff53cad
2035,TECH,GENERAL / MULTIDISCIPLINE,SKETCH,ENGINEERING SKETCH,OFO-P2035-SK-041,STANCHIONS (W27x94),,..\Sketches\OFO-P2035-SK-041,DATA/TECH/2035 Offshore Construction Engineering Register (Pipeline & Cables).xlsx,Sketch,54,INCLUDE,,SDOC-4ed275bfb3a20b274751d7ef,GDOC-36c5afa06b2ddeed7211b3c8
2035,TECH,GENERAL / MULTIDISCIPLINE,SKETCH,ENGINEERING SKETCH,OFO-P2035-SK-042,STANCHIONS (W27x161),,..\Sketches\OFO-P2035-SK-042,DATA/TECH/2035 Offshore Construction Engineering Register (Pipeline & Cables).xlsx,Sketch,55,INCLUDE,,SDOC-6435dc15d626858b513adf01,GDOC-94e774db8e730fe34b609396
2035,TECH,GENERAL / MULTIDISCIPLINE,SKETCH,ENGINEERING SKETCH,OFO-P2035-SK-043,AIR TUGGER GUIDE ROLLER ON CCC MARITIME - 2,,..\Sketches\OFO-P2035-SK-043,DATA/TECH/2035 Offshore Construction Engineering Register (Pipeline & Cables).xlsx,Sketch,56,INCLUDE,,SDOC-15559a5c68fa4e4658674ace,GDOC-aaeacd787af998c4525059ba
2035,TECH,GENERAL / MULTIDISCIPLINE,SKETCH,ENGINEERING SKETCH,OFO-P2035-SK-044,SAFEEN-3000 STERN EXTENSION LIFTING ARRANGEMENT,,..\Sketches\OFO-P2035-SK-044,DATA/TECH/2035 Offshore Construction Engineering Register (Pipeline & Cables).xlsx,Sketch,57,INCLUDE,,SDOC-d334df6c2f85384a31ae875a,GDOC-8dfa01d1fbebb52773f58db9
2035,TECH,GENERAL / MULTIDISCIPLINE,SKETCH,ENGINEERING SKETCH,OFO-P2035-SK-045,"HORIZONTAL (HBS) START-UP ARRANGEMENT 16"" WF PIPELINE FROM US-12B TO USSC-RP1 (PL-2) AT RP-1",,..\Sketches\OFO-P2035-SK-045,DATA/TECH/2035 Offshore Construction Engineering Register (Pipeline & Cables).xlsx,Sketch,58,INCLUDE,,SDOC-752911718a0ef57234f03cb0,GDOC-ece86d85c69c5b9de3b072a0
2035,TECH,GENERAL / MULTIDISCIPLINE,SKETCH,ENGINEERING SKETCH,OFO-P2035-SK-046,DAVIT LIFTING STROPS DETAILS,,..\Sketches\OFO-P2035-SK-046,DATA/TECH/2035 Offshore Construction Engineering Register (Pipeline & Cables).xlsx,Sketch,59,INCLUDE,,SDOC-aa9c5ad2f428306612d13cf8,GDOC-7601233b2cb80ca67a92fae8
2035,TECH,GENERAL / MULTIDISCIPLINE,SKETCH,ENGINEERING SKETCH,OFO-P2035-SK-047,AIR BAG ARRANGEMENTS FOR 16 & 18” PIPELINE,,..\Sketches\OFO-P2035-SK-047,DATA/TECH/2035 Offshore Construction Engineering Register (Pipeline & Cables).xlsx,Sketch,60,INCLUDE,,SDOC-98211a817caa29bce3bc44a1,GDOC-9f24e8f49112c713f19474f4
2035,TECH,GENERAL / MULTIDISCIPLINE,SKETCH,ENGINEERING SKETCH,OFO-P2035-SK-048,"HORIZONTAL (HBS) START-UP ARRANGEMENT FOR 18"" WELL FLUID PIPELINE FROM HP-2 TO USSC-RP1 (PL-7)”",,,DATA/TECH/2035 Offshore Construction Engineering Register (Pipeline & Cables).xlsx,Sketch,61,INCLUDE,,SDOC-06698bdad77f6acef6c9b704,GDOC-6037401f9a1d072dd00d3580
2035,TECH,GENERAL / MULTIDISCIPLINE,SKETCH,ENGINEERING SKETCH,OFO-P2035-SK-049,EQUIPMENT LAYOUT ON SAFEEN-3000,,..\Sketches\OFO-P2035-SK-049,DATA/TECH/2035 Offshore Construction Engineering Register (Pipeline & Cables).xlsx,Sketch,62,INCLUDE,,SDOC-3632450de4f0dd145c5e0b62,GDOC-2b9efcadcc01877d5a6ae125
2035,TECH,GENERAL / MULTIDISCIPLINE,SKETCH,ENGINEERING SKETCH,OFO-P2035-SK-050,TYPICAL PERSONNEL TRANSFER BASKET ARRANGEMENT FROM VESSEL / CARGO BARGE,,..\Sketches\OFO-P2035-SK-050,DATA/TECH/2035 Offshore Construction Engineering Register (Pipeline & Cables).xlsx,Sketch,63,INCLUDE,,SDOC-3bc7a77a560231d22e815dfc,GDOC-2241a5f2611194bd72731ee4
2035,TECH,GENERAL / MULTIDISCIPLINE,SKETCH,ENGINEERING SKETCH,OFO-P2035-SK-051,CABLE TRANSFER  BETWEEN UMM SHAIF AND CABLE TANK,,..\Sketches\OFO-P2035-SK-051,DATA/TECH/2035 Offshore Construction Engineering Register (Pipeline & Cables).xlsx,Sketch,64,INCLUDE,,SDOC-e40767644c22232cc5d3f320,GDOC-bb15437e77a252ae46530029
2035,TECH,GENERAL / MULTIDISCIPLINE,SKETCH,ENGINEERING SKETCH,OFO-P2035-SK-052,LIFTING & INSTALLATION OF 26m GANGWAY AT CSP-01,,..\Sketches\OFO-P2035-SK-052,DATA/TECH/2035 Offshore Construction Engineering Register (Pipeline & Cables).xlsx,Sketch,65,INCLUDE,,SDOC-886240b833c49662f970d1f1,GDOC-57474fa88c5a2323a4b51d69
2035,TECH,GENERAL / MULTIDISCIPLINE,SKETCH,ENGINEERING SKETCH,OFO-P2035-SK-053,"HORIZONTAL (HBS) START-UP ARRANGEMENT 16"" WF PIPELINE FROM US-142A TO USSC-RP1 (PL-3) AT RP-1",,..\Sketches\OFO-P2035-SK-053,DATA/TECH/2035 Offshore Construction Engineering Register (Pipeline & Cables).xlsx,Sketch,66,INCLUDE,,SDOC-b57383e4acf48fe6fb50bc14,GDOC-640d91d44700db1ded065c0a
2035,TECH,GENERAL / MULTIDISCIPLINE,SKETCH,ENGINEERING SKETCH,OFO-P2035-SK-054,GANGWAY ARRANGEMENT BETWEEN PLATFORM AND VESSEL AT LOCATION-2,,..\Sketches\OFO-P2035-SK-054,DATA/TECH/2035 Offshore Construction Engineering Register (Pipeline & Cables).xlsx,Sketch,67,INCLUDE,,SDOC-6177ba417d53f8a4a64b59f4,GDOC-5c797ad03a94069218863a50
2035,TECH,GENERAL / MULTIDISCIPLINE,SKETCH,ENGINEERING SKETCH,OFO-P2035-SK-055,GANGWAY ARRANGEMENT BETWEEN PLATFORM AND VESSEL POSITION-III,,,DATA/TECH/2035 Offshore Construction Engineering Register (Pipeline & Cables).xlsx,Sketch,68,INCLUDE,,SDOC-0c3118b7a73a136c23dd224e,GDOC-93d63bbcb11e74cbd29c4997
2035,TECH,GENERAL / MULTIDISCIPLINE,SKETCH,ENGINEERING SKETCH,OFO-P2035-SK-056,ADDITIONAL PADEYE ARRANGEMENT AT LB-II,,..\Sketches\OFO-P2035-SK-056,DATA/TECH/2035 Offshore Construction Engineering Register (Pipeline & Cables).xlsx,Sketch,69,INCLUDE,,SDOC-c6237600ffaaa9cc0b798736,GDOC-763d8763decee25f77a1414d
2035,TECH,GENERAL / MULTIDISCIPLINE,SKETCH,ENGINEERING SKETCH,OFO-P2035-SK-057,LB-II MOORING WINCH LOAD TEST ARRANGEMENT,,..\Sketches\OFO-P2035-SK-057,DATA/TECH/2035 Offshore Construction Engineering Register (Pipeline & Cables).xlsx,Sketch,70,INCLUDE,,SDOC-acb6fb5304d0f7e4fabac772,GDOC-0d29a61ea84e6267c86f81da
2035,TECH,GENERAL / MULTIDISCIPLINE,SKETCH,ENGINEERING SKETCH,OFO-P2035-SK-058,SAFEEN PEARL CABLE LAYOUT ARRANGEMENT,,..\Sketches\OFO-P2035-SK-058,DATA/TECH/2035 Offshore Construction Engineering Register (Pipeline & Cables).xlsx,Sketch,71,INCLUDE,,SDOC-7cc2190a1395114bf2bd565d,GDOC-e585e20592d117204954c78f
2035,TECH,GENERAL / MULTIDISCIPLINE,SKETCH,ENGINEERING SKETCH,OFO-P2035-SK-059,"DMA START-UP ARRANGEMENT PROPOSED (PL-4) 16"" WELL FLUID PL.  FROM US-19B TO US-153A (PACKAGE-1)",,..\Sketches\OFO-P2035-SK-059,DATA/TECH/2035 Offshore Construction Engineering Register (Pipeline & Cables).xlsx,Sketch,72,INCLUDE,,SDOC-725c139fe9001caf733cf159,GDOC-daca8c14ca9a46b67343f15e
2035,TECH,GENERAL / MULTIDISCIPLINE,SKETCH,ENGINEERING SKETCH,OFO-P2035-SK-060,"DMA START-UP ARRAMGEMENT (PL-10) PROPOSED 16"" WI PLATFORM HP-3 TO HP-2",,..\Sketches\OFO-P2035-SK-060,DATA/TECH/2035 Offshore Construction Engineering Register (Pipeline & Cables).xlsx,Sketch,73,INCLUDE,,SDOC-ce3194519cf6f182f7d348b4,GDOC-aad8ef3d57a5937155dd2db2
2035,TECH,GENERAL / MULTIDISCIPLINE,SKETCH,ENGINEERING SKETCH,OFO-P2035-SK-061,TEMPORARY HANG OFF CLAMP for 87.2 DIA CABLE.,,..\Sketches\OFO-P2035-SK-061,DATA/TECH/2035 Offshore Construction Engineering Register (Pipeline & Cables).xlsx,Sketch,74,INCLUDE,,SDOC-0b5ae2bc63d33eb1172aa750,GDOC-2a80059ec4af8f679b4316ee
2035,TECH,GENERAL / MULTIDISCIPLINE,SKETCH,ENGINEERING SKETCH,OFO-P2035-SK-062,TEMPORARY HANG OFF CLAMP for 97.3 DIA CABLE.,,..\Sketches\OFO-P2035-SK-062,DATA/TECH/2035 Offshore Construction Engineering Register (Pipeline & Cables).xlsx,Sketch,75,INCLUDE,,SDOC-65ad99c9c4bfa22f0076eea5,GDOC-d4e3b0af545f71f4f14ddf71
2035,TECH,GENERAL / MULTIDISCIPLINE,SKETCH,ENGINEERING SKETCH,OFO-P2035-SK-063,CABLE LAYING QUADRANT,,..\Sketches\OFO-P2035-SK-063,DATA/TECH/2035 Offshore Construction Engineering Register (Pipeline & Cables).xlsx,Sketch,76,INCLUDE,,SDOC-5e6d1794a0bdb5a0e789afc6,GDOC-6f4a1cc8b5c5657c2d1b9fce
2035,TECH,GENERAL / MULTIDISCIPLINE,SKETCH,ENGINEERING SKETCH,OFO-P2035-SK-064,SEP-750 LIFTING & OFFLODING ARRANGEMENT FOR 20 FT. CONTAINER,,..\Sketches\OFO-P2035-SK-064,DATA/TECH/2035 Offshore Construction Engineering Register (Pipeline & Cables).xlsx,Sketch,77,INCLUDE,,SDOC-15dbeb8a194e2a46dd506234,GDOC-cd8fe531f3c70a6e2879dfc3
2035,TECH,GENERAL / MULTIDISCIPLINE,SKETCH,ENGINEERING SKETCH,OFO-P2035-SK-065,SEP-750 LIFTING & OFFLODING ARRANGEMENT FOR SCAFFOLDING PIPE BUNDLE,,..\Sketches\OFO-P2035-SK-065,DATA/TECH/2035 Offshore Construction Engineering Register (Pipeline & Cables).xlsx,Sketch,78,INCLUDE,,SDOC-89fa59d0b2fb1edc2c17f09d,GDOC-ada6d8ee61274924a2fa9936
2035,TECH,GENERAL / MULTIDISCIPLINE,SKETCH,ENGINEERING SKETCH,OFO-P2035-SK-066,SEP-750 LIFTING & OFFLOADING ARRANGEMENT FOR PERSONNEL TRANSFER BASKET,,..\Sketches\OFO-P2035-SK-066,DATA/TECH/2035 Offshore Construction Engineering Register (Pipeline & Cables).xlsx,Sketch,79,INCLUDE,,SDOC-bd4bdfbed1149d0eadf93ab4,GDOC-28eb3623d50aee10b0e00285
2035,TECH,GENERAL / MULTIDISCIPLINE,SKETCH,ENGINEERING SKETCH,OFO-P2035-SK-067,SEP-750 LIFTING & OFFLOADING ARRANGEMENT FOR 20 FT. CONTAINER  USING MAIN CRANE,,..\Sketches\OFO-P2035-SK-067,DATA/TECH/2035 Offshore Construction Engineering Register (Pipeline & Cables).xlsx,Sketch,80,INCLUDE,,SDOC-4e30a1df8b7c4d78e14df0f8,GDOC-d4da7cc58229d443bcbab395
2035,TECH,GENERAL / MULTIDISCIPLINE,SKETCH,ENGINEERING SKETCH,OFO-P2035-SK-068,SEP-750 LIFTING & OFFLOADING ARRANGEMENT FOR SCAFFOLDING PIPE BUNDLE USING MAIN CRANE,,..\Sketches\OFO-P2035-SK-068,DATA/TECH/2035 Offshore Construction Engineering Register (Pipeline & Cables).xlsx,Sketch,81,INCLUDE,,SDOC-ec46aa7182c25755b20bfdbe,GDOC-95e6a831bc80b046fa0d0989
2035,TECH,GENERAL / MULTIDISCIPLINE,SKETCH,ENGINEERING SKETCH,OFO-P2035-SK-069,SEP-450 LIFTING & OFFLOADING ARRANGEMENT FOR 20 FT. CONTAINER AT US 142,,..\Sketches\OFO-P2035-SK-069,DATA/TECH/2035 Offshore Construction Engineering Register (Pipeline & Cables).xlsx,Sketch,82,INCLUDE,,SDOC-7714d572cd823a81194cd6c8,GDOC-f4e76e976bd77441a4726a2a
2035,TECH,GENERAL / MULTIDISCIPLINE,SKETCH,ENGINEERING SKETCH,OFO-P2035-SK-070,SEP-450 TRIDENT LIFTING & OFFLOADING ARRANGEMENT FOR  20 FT. CONTAINER FROM DECK TO  US-142 PLATFORM,,..\Sketches\OFO-P2035-SK-070,DATA/TECH/2035 Offshore Construction Engineering Register (Pipeline & Cables).xlsx,Sketch,83,INCLUDE,,SDOC-3fe1b3554085b183f8253084,GDOC-4f1a02f4ca0e630607fec410
2035,TECH,GENERAL / MULTIDISCIPLINE,SKETCH,ENGINEERING SKETCH,OFO-P2035-SK-071,SEP-450 LIFTING & OFFLOADING ARRANGEMENT FOR BILLY PUGH AT US 142 PLATFORM,,..\Sketches\OFO-P2035-SK-071,DATA/TECH/2035 Offshore Construction Engineering Register (Pipeline & Cables).xlsx,Sketch,84,INCLUDE,,SDOC-1bbc0b8b16cdc4dcbe10c705,GDOC-9bda26bc0e4135a46c1df8a3
2035,TECH,GENERAL / MULTIDISCIPLINE,SKETCH,ENGINEERING SKETCH,OFO-P2035-SK-072,SEP-450 LIFTING & OFFLOADING BILLY PUGH FROM BARGE DECK TO PLATFORM AND FROM PLATFORM TO BARGE DECK AT US-142,,..\Sketches\OFO-P2035-SK-072,DATA/TECH/2035 Offshore Construction Engineering Register (Pipeline & Cables).xlsx,Sketch,85,INCLUDE,,SDOC-7ccb2844ec873621bc5ef98c,GDOC-6c938edfeefa006fb8f0a019
2035,TECH,GENERAL / MULTIDISCIPLINE,SKETCH,ENGINEERING SKETCH,OFO-P2035-SK-073,SEP-450 LIFTING & OFFLOADING ARRANGEMENT FOR GANGWAY AT US 142 PLATFORM,,..\Sketches\OFO-P2035-SK-073,DATA/TECH/2035 Offshore Construction Engineering Register (Pipeline & Cables).xlsx,Sketch,86,INCLUDE,,SDOC-fad454b5b5036750bf8fd86c,GDOC-9bce186e50b4094377cef0ec
2035,TECH,GENERAL / MULTIDISCIPLINE,SKETCH,ENGINEERING SKETCH,OFO-P2035-SK-074,SEP-450 LIFTING & INSTALLATION ARRANGEMENT OF GANGWAY AT US 142,,..\Sketches\OFO-P2035-SK-074,DATA/TECH/2035 Offshore Construction Engineering Register (Pipeline & Cables).xlsx,Sketch,87,INCLUDE,,SDOC-d629055c854546c22fd19ec4,GDOC-7a9ea0b7e22f21d783a5ee16
2035,TECH,GENERAL / MULTIDISCIPLINE,SKETCH,ENGINEERING SKETCH,OFO-P2035-SK-075,SEAFOX TRIDENT LIFTING & OFFLOADING ARRANGEMENT FOR BILLY PUGH AT US 142 PLATFORM,,..\Sketches\OFO-P2035-SK-075,DATA/TECH/2035 Offshore Construction Engineering Register (Pipeline & Cables).xlsx,Sketch,88,INCLUDE,,SDOC-c3031a4e501a568e356be2ca,GDOC-ee155b5a419d0d5629b07557
2035,TECH,GENERAL / MULTIDISCIPLINE,SKETCH,ENGINEERING SKETCH,OFO-P2035-SK-076,SEAFOX TRIDENT LIFTING & OFFLOADING BILL PUGH FROM BARGE DECK TO PLATFORM AND FROM PLATFORM TO BARGE DECK AT US 142,,..\Sketches\OFO-P2035-SK-076,DATA/TECH/2035 Offshore Construction Engineering Register (Pipeline & Cables).xlsx,Sketch,89,INCLUDE,,SDOC-92607c7176f11b36527a4095,GDOC-10d02f61dd03dd369aafe179
2035,TECH,GENERAL / MULTIDISCIPLINE,SKETCH,ENGINEERING SKETCH,OFO-P2035-SK-077,SEAFOX TRIDENT LIFTING & OFFLOADING ARRANGEMENT FOR 20 FT. CONTAINER AT US 142,,..\Sketches\OFO-P2035-SK-077,DATA/TECH/2035 Offshore Construction Engineering Register (Pipeline & Cables).xlsx,Sketch,90,INCLUDE,,SDOC-e4aaf510e873ea718cf57f34,GDOC-0d477681bf2b7044a42b58e3
2035,TECH,GENERAL / MULTIDISCIPLINE,SKETCH,ENGINEERING SKETCH,OFO-P2035-SK-078,SEAFOX TRIDENT LIFTING & OFFLOADING ARRANGEMENT FOR 10 FT. CONTAINER FROM BARGE DECK TO PLATFORM AND FROM PLATFORM TO BARGE DECK AT US 142,,..\Sketches\OFO-P2035-SK-078,DATA/TECH/2035 Offshore Construction Engineering Register (Pipeline & Cables).xlsx,Sketch,91,INCLUDE,,SDOC-2c44929a9267afc81e0868ed,GDOC-9d933ccf0604c1be9a351ddc
2035,TECH,GENERAL / MULTIDISCIPLINE,SKETCH,ENGINEERING SKETCH,OFO-P2035-SK-079,SEAFOX TRIDENT LIFTING & OFFLOADING ARRANGEMENT FOR GANGWAY AT US 142 PLATFORM,,..\Sketches\OFO-P2035-SK-079,DATA/TECH/2035 Offshore Construction Engineering Register (Pipeline & Cables).xlsx,Sketch,92,INCLUDE,,SDOC-7be1370ac6d0009eddbc6e34,GDOC-1cb430cebeef9ebdc70182c8
2035,TECH,GENERAL / MULTIDISCIPLINE,SKETCH,ENGINEERING SKETCH,OFO-P2035-SK-080,SEAFOX TRIDENT LIFTING & INSTALLATION ARRANGEMENT OF GANGWAY AT US 142,,..\Sketches\OFO-P2035-SK-080,DATA/TECH/2035 Offshore Construction Engineering Register (Pipeline & Cables).xlsx,Sketch,93,INCLUDE,,SDOC-81b450aa580886bf829a6cf9,GDOC-4a27e77d534bc63f8c1b3dab
2035,TECH,GENERAL / MULTIDISCIPLINE,SKETCH,ENGINEERING SKETCH,OFO-P2035-SK-081,RECOVERY OF ZODIAC ARRANGEMENT FROM SEAFOX TRIDENT,,,DATA/TECH/2035 Offshore Construction Engineering Register (Pipeline & Cables).xlsx,Sketch,94,INCLUDE,,SDOC-dedfd607677698f44c5d5fe5,GDOC-9456dee5a3e7bed543ac02b4
2035,TECH,GENERAL / MULTIDISCIPLINE,SKETCH,ENGINEERING SKETCH,OFO-P2035-SK-082,SEP-450 RECOVERY OF ZODIAC ARRANGEMENT AT US 142,,..\Sketches\OFO-P2035-SK-082,DATA/TECH/2035 Offshore Construction Engineering Register (Pipeline & Cables).xlsx,Sketch,95,INCLUDE,,SDOC-42f3f81c7a6c4ee80f501ae6,GDOC-37e44ab868e3ed9cc79ed4b3
2035,TECH,GENERAL / MULTIDISCIPLINE,SKETCH,ENGINEERING SKETCH,OFO-P2035-SK-083,SEP-450 REMOVAL ARRANGEMENT OF GANGWAY AT US 142,,..\Sketches\OFO-P2035-SK-083,DATA/TECH/2035 Offshore Construction Engineering Register (Pipeline & Cables).xlsx,Sketch,96,INCLUDE,,SDOC-aae8b8d737def2687f88c2b7,GDOC-e64f0e0f91cc39b099b06546
2035,TECH,GENERAL / MULTIDISCIPLINE,SKETCH,ENGINEERING SKETCH,OFO-P2035-SK-084,SEP-650 LIFTING & OFFLOADING ARRANGEMENT FOR BILLY PUGH AT US 153 PLATFORM,,..\Sketches\OFO-P2035-SK-084,DATA/TECH/2035 Offshore Construction Engineering Register (Pipeline & Cables).xlsx,Sketch,97,INCLUDE,,SDOC-d780dca4c8756b5d1624a325,GDOC-a8ff0362f40721726fa99472
2035,TECH,GENERAL / MULTIDISCIPLINE,SKETCH,ENGINEERING SKETCH,OFO-P2035-SK-085,SEAFOX TRIDENT REMOVAL ARRANGEMENT OF GANGWAY AT US 142,,..\Sketches\OFO-P2035-SK-085,DATA/TECH/2035 Offshore Construction Engineering Register (Pipeline & Cables).xlsx,Sketch,98,INCLUDE,,SDOC-8073ab8a654007f4d48d7004,GDOC-781fac36e6f730bbb627aa67
2035,TECH,GENERAL / MULTIDISCIPLINE,SKETCH,ENGINEERING SKETCH,OFO-P2035-SK-086,SEP-650 LIFTING & OFFLOADING ARRANGEMENT FOR 20 FT. CONTAINER AT US 153,,..\Sketches\OFO-P2035-SK-086,DATA/TECH/2035 Offshore Construction Engineering Register (Pipeline & Cables).xlsx,Sketch,99,INCLUDE,,SDOC-c4308bb5b0203a5be9858cc6,GDOC-44fa866de8512e018ee65cc1
2035,TECH,GENERAL / MULTIDISCIPLINE,SKETCH,ENGINEERING SKETCH,OFO-P2035-SK-087,SEP-650 LIFTING & OFFLOADING ARRANGEMENT FOR 20 FT. CONTAINER FROM BARGE DECK TO PLATFORM AND FROM PLATFORM TO BARGE DECK AT US 153,,..\Sketches\OFO-P2035-SK-087,DATA/TECH/2035 Offshore Construction Engineering Register (Pipeline & Cables).xlsx,Sketch,100,INCLUDE,,SDOC-a2f8e4ee425831cd9392bb14,GDOC-b0b002ff336478e4e3536395
2035,TECH,GENERAL / MULTIDISCIPLINE,SKETCH,ENGINEERING SKETCH,OFO-P2035-SK-088,SEP-650 LIFTING & OFFLOADING ARRANGEMENT FOR GANGWAY AT US 153 PLATFORM,,..\Sketches\OFO-P2035-SK-088,DATA/TECH/2035 Offshore Construction Engineering Register (Pipeline & Cables).xlsx,Sketch,101,INCLUDE,,SDOC-d23910d043aee7ddd43e53be,GDOC-8c89ef0a901d430ba3e46014
2035,TECH,GENERAL / MULTIDISCIPLINE,SKETCH,ENGINEERING SKETCH,OFO-P2035-SK-089,SEP-650 LIFTING & INSTALLATION ARRANGEMENT OF GANGWAY AT US 153,,..\Sketches\OFO-P2035-SK-089,DATA/TECH/2035 Offshore Construction Engineering Register (Pipeline & Cables).xlsx,Sketch,102,INCLUDE,,SDOC-83a3f540e75297bee9cbd08f,GDOC-b87d052d2b57680428858e8c
2035,TECH,GENERAL / MULTIDISCIPLINE,SKETCH,ENGINEERING SKETCH,OFO-P2035-SK-090,SEP-650 REMOVAL ARRANGEMENT OF GANGWAY AT US 153,,..\Sketches\OFO-P2035-SK-090,DATA/TECH/2035 Offshore Construction Engineering Register (Pipeline & Cables).xlsx,Sketch,103,INCLUDE,,SDOC-a18c13d1f7664eb655ed7a8d,GDOC-db57acaa33f01690cd6320b2
2035,TECH,GENERAL / MULTIDISCIPLINE,SKETCH,ENGINEERING SKETCH,OFO-P2035-SK-091,RECOVERY OF ZODIAC ARRANGEMENT SEAFOX TRIDENT DECK AT US 142,,..\Sketches\OFO-P2035-SK-091,DATA/TECH/2035 Offshore Construction Engineering Register (Pipeline & Cables).xlsx,Sketch,104,INCLUDE,,SDOC-372745e04d6c032484b5fd0f,GDOC-12636663e289dd09b3266eef
2035,TECH,GENERAL / MULTIDISCIPLINE,SKETCH,ENGINEERING SKETCH,OFO-P2035-SK-092,RECOVERY OF ZODIAC ARRANGEMENT FROM SEP-650 DECK AT US 153,,,DATA/TECH/2035 Offshore Construction Engineering Register (Pipeline & Cables).xlsx,Sketch,105,INCLUDE,,SDOC-a9a8db821d539dac719f83f5,GDOC-f2a6e9e5911f67ced5b347d3
2035,TECH,GENERAL / MULTIDISCIPLINE,SKETCH,ENGINEERING SKETCH,OFO-P2035-SK-093,SEP-650 RECOVERY OF ZODIAC ARRANGEMENT AT US 153,,..\Sketches\OFO-P2035-SK-093,DATA/TECH/2035 Offshore Construction Engineering Register (Pipeline & Cables).xlsx,Sketch,106,INCLUDE,,SDOC-165c44c6c97bab33ee18b788,GDOC-7528bd0ff10b6829b6ab7876
2035,TECH,GENERAL / MULTIDISCIPLINE,SKETCH,ENGINEERING SKETCH,OFO-P2035-SK-094,SEP-650 LIFTING & OFFLOADINGBILLY POGH FROM DECK TO PLATFORM AND FROM PLATFORM TO BARGE DECK AT US 153,,..\Sketches\OFO-P2035-SK-094,DATA/TECH/2035 Offshore Construction Engineering Register (Pipeline & Cables).xlsx,Sketch,107,INCLUDE,,SDOC-268cb05e3df3e0758a504b3e,GDOC-3ef46a65777dd3fdec1e52cf
2035,TECH,GENERAL / MULTIDISCIPLINE,SKETCH,ENGINEERING SKETCH,OFO-P2035-SK-095,HEA KRAKEN LIFTING & OFFLOADING ARRANGEMENT FOR 20 FT. CONTAINER AT US 159,,..\Sketches\OFO-P2035-SK-095,DATA/TECH/2035 Offshore Construction Engineering Register (Pipeline & Cables).xlsx,Sketch,108,INCLUDE,,SDOC-e83db4126474c2f684f61bc1,GDOC-cb8c51ea616adb4b410a4b54
2035,TECH,GENERAL / MULTIDISCIPLINE,SKETCH,ENGINEERING SKETCH,OFO-P2035-SK-096,HEA KRAKEN LIFTING & OFFLOADING ARRANGEMENT FOR 20 FT. CONTAINER FROM BARGE DECK TO PLATFORM AND FROM PLATFORM TO BARGE DECK AT US 159,,..\Sketches\OFO-P2035-SK-096,DATA/TECH/2035 Offshore Construction Engineering Register (Pipeline & Cables).xlsx,Sketch,109,INCLUDE,,SDOC-88b90333f1f611487b636997,GDOC-f3fe08b8f8c7522d804b33fd
2035,TECH,GENERAL / MULTIDISCIPLINE,SKETCH,ENGINEERING SKETCH,OFO-P2035-SK-097,HEA KRAKEN LIFTING & OFFLOADING ARRANGEMENT FOR GANGWAY AT US 159 PLATFORM,,..\Sketches\OFO-P2035-SK-097\REV-A,DATA/TECH/2035 Offshore Construction Engineering Register (Pipeline & Cables).xlsx,Sketch,110,INCLUDE,,SDOC-d194b34664709ffc0f837213,GDOC-cdea5dd0ac50fd4be4962216
2035,TECH,GENERAL / MULTIDISCIPLINE,SKETCH,ENGINEERING SKETCH,OFO-P2035-SK-098,HEA KRAKEN LIFTING & INSTALLATION ARRANGEMENT OF GANGWAY AT US 159,,..\Sketches\OFO-P2035-SK-098,DATA/TECH/2035 Offshore Construction Engineering Register (Pipeline & Cables).xlsx,Sketch,111,INCLUDE,,SDOC-66b5e1b4b2c0b4937a0add87,GDOC-c8219053156c36610f664007
2035,TECH,GENERAL / MULTIDISCIPLINE,SKETCH,ENGINEERING SKETCH,OFO-P2035-SK-099,HEA KRAKEN REMOVAL ARRANGEMENT OF GANGWAY AT US 159,,..\Sketches\OFO-P2035-SK-099,DATA/TECH/2035 Offshore Construction Engineering Register (Pipeline & Cables).xlsx,Sketch,112,INCLUDE,,SDOC-99f668da4cf49d1fcd057752,GDOC-843b014dcf250a8e8d398180
2035,TECH,GENERAL / MULTIDISCIPLINE,SKETCH,ENGINEERING SKETCH,OFO-P2035-SK-100,RECOVERY OF ZODIAC ARRANGEMENT FROM HEA KRAKEN DECK AT US 159,,..\Sketches\OFO-P2035-SK-100,DATA/TECH/2035 Offshore Construction Engineering Register (Pipeline & Cables).xlsx,Sketch,113,INCLUDE,,SDOC-b63061074a70d8eb4a59bf04,GDOC-4651b2e20c3793fe4106dda2
2035,TECH,GENERAL / MULTIDISCIPLINE,SKETCH,ENGINEERING SKETCH,OFO-P2035-SK-101,SEP-650 LIFTING & OFFLOADING ARRANGEMENT FOR PROJECT MATERIAL AT US 159,,..\Sketches\OFO-P2035-SK-101,DATA/TECH/2035 Offshore Construction Engineering Register (Pipeline & Cables).xlsx,Sketch,114,INCLUDE,,SDOC-283045aea7343893dfe04a43,GDOC-957dc876886338dd3777ff29
2035,TECH,GENERAL / MULTIDISCIPLINE,SKETCH,ENGINEERING SKETCH,OFO-P2035-SK-102,SEP-650 LIFTING & OFFLOADING ARRANGEMENT FOR PROJECT MATERIAL FROM BARGE DECK TO PLATFORM AND FROM PLATFORM TO BARGE DECK AT US 159,,..\Sketches\OFO-P2035-SK-102,DATA/TECH/2035 Offshore Construction Engineering Register (Pipeline & Cables).xlsx,Sketch,115,INCLUDE,,SDOC-c773e216278e9c517b93b1ca,GDOC-98e6b35492214155ea7d117f
2035,TECH,GENERAL / MULTIDISCIPLINE,SKETCH,ENGINEERING SKETCH,OFO-P2035-SK-103,SEAFOX TRIDENT LIFTING & OFFLOADING ARRANGEMENT FOR PROJECT MATERIAL AT US 142,,..\Sketches\OFO-P2035-SK-103,DATA/TECH/2035 Offshore Construction Engineering Register (Pipeline & Cables).xlsx,Sketch,116,INCLUDE,,SDOC-259731146a062e02b4b70940,GDOC-baf86502659633bebc336fc5
2035,TECH,GENERAL / MULTIDISCIPLINE,SKETCH,ENGINEERING SKETCH,OFO-P2035-SK-104,SEAFOX TRIDENT LIFTING & OFFLOADING ARRANGEMENT FOR PROJECT MATERIAL FROM BARGE DECK TO PLATFORM AND FROM PLATFORM TO BARGE DECK AT US 142,,..\Sketches\OFO-P2035-SK-104,DATA/TECH/2035 Offshore Construction Engineering Register (Pipeline & Cables).xlsx,Sketch,117,INCLUDE,,SDOC-6e6d4250ae3f8264cac77a54,GDOC-96e500d3e963b8de4cd180c2
2035,TECH,GENERAL / MULTIDISCIPLINE,SKETCH,ENGINEERING SKETCH,OFO-P2035-SK-105,SEP-450 LIFTING & OFFLOADING ARRANGEMENT FOR PROJECT MATERIAL AT US 142,,..\Sketches\OFO-P2035-SK-105,DATA/TECH/2035 Offshore Construction Engineering Register (Pipeline & Cables).xlsx,Sketch,118,INCLUDE,,SDOC-3c2f168062bf156af13c6012,GDOC-dc72463873fc2f834392b879
2035,TECH,GENERAL / MULTIDISCIPLINE,SKETCH,ENGINEERING SKETCH,OFO-P2035-SK-106,SEP-450 LIFTING & OFFLOADING ARRANGEMENT FOR PROJECT MATERIAL FROM BARGE DECK TO PLATFORM AND FROM PLATFORM TO BARGE DECK AT US 142,,..\Sketches\OFO-P2035-SK-106,DATA/TECH/2035 Offshore Construction Engineering Register (Pipeline & Cables).xlsx,Sketch,119,INCLUDE,,SDOC-a140bb73657973d344e332e1,GDOC-613d8398fed2b120a8d328cf
2035,TECH,GENERAL / MULTIDISCIPLINE,SKETCH,ENGINEERING SKETCH,OFO-P2035-SK-107,HEA KRAKEN LIFTING & OFFLOADING ARRANGEMENT FOR PROJECT MATERIAL AT US 159,,..\Sketches\OFO-P2035-SK-107,DATA/TECH/2035 Offshore Construction Engineering Register (Pipeline & Cables).xlsx,Sketch,120,INCLUDE,,SDOC-f19a8615a3233bd80271c278,GDOC-1621d577715a504fc2efaa3f
2035,TECH,GENERAL / MULTIDISCIPLINE,SKETCH,ENGINEERING SKETCH,OFO-P2035-SK-108,HEA KRAKEN LIFTING & OFFLOADING ARRANGEMENT FOR PROJECT MATERIAL FROM BARGE DECK TO PLATFORM AND FROM PLATFORM TO BARGE DECK AT US 159,,..\Sketches\OFO-P2035-SK-108,DATA/TECH/2035 Offshore Construction Engineering Register (Pipeline & Cables).xlsx,Sketch,121,INCLUDE,,SDOC-e62ec10a076e5d8cf45e5836,GDOC-4c3daf12bd9edca9a313c200
2035,TECH,GENERAL / MULTIDISCIPLINE,SKETCH,ENGINEERING SKETCH,OFO-P2035-SK-109,HEA KRAKEN LIFTING & OFFLOADING ARRANGEMENT FOR BILLY PUGH AT US 159 PLATFORM,,..\Sketches\OFO-P2035-SK-109,DATA/TECH/2035 Offshore Construction Engineering Register (Pipeline & Cables).xlsx,Sketch,122,INCLUDE,,SDOC-63b0a66965fe346481db4a78,GDOC-236e8c3ddc1c95b638fafb3d
2035,TECH,GENERAL / MULTIDISCIPLINE,SKETCH,ENGINEERING SKETCH,OFO-P2035-SK-110,HEA KRAKEN LIFTING & OFFLOADING BILL PUGH FROM BARGE DECK TO PLATFORM AND FROM PLATFORM TO BARGE DECK AT US 159,,..\Sketches\OFO-P2035-SK-110,DATA/TECH/2035 Offshore Construction Engineering Register (Pipeline & Cables).xlsx,Sketch,123,INCLUDE,,SDOC-bb97b1cdc2a843015e5afca6,GDOC-5417297af97900e8cab7d0b8
2035,TECH,GENERAL / MULTIDISCIPLINE,SKETCH,ENGINEERING SKETCH,OFO-P2035-SK-111,TYPICAL LIFTING ARRANGEMENT OF 70MT GRAVITY ANCHOR BY DLB-1000,,..\Sketches\OFO-P2035-SK-111,DATA/TECH/2035 Offshore Construction Engineering Register (Pipeline & Cables).xlsx,Sketch,124,INCLUDE,,SDOC-944f53c16244376d8ad8df0b,GDOC-e8cdaeaa80f1114a672aaae4
2035,TECH,GENERAL / MULTIDISCIPLINE,SKETCH,ENGINEERING SKETCH,OFO-P2035-SK-112,PADEYE DETAIL ON SAFEEN OSV PEARL BOOM REST,,..\Sketches\OFO-P2035-SK-112,DATA/TECH/2035 Offshore Construction Engineering Register (Pipeline & Cables).xlsx,Sketch,125,INCLUDE,,SDOC-60615ccf13a4a7f9ff84561d,GDOC-02d5d5d7fce111349215fde6
2035,TECH,GENERAL / MULTIDISCIPLINE,SKETCH,ENGINEERING SKETCH,OFO-P2035-SK-113,SEA FASTENING GRILLAGE LAYOUT & DETAILS,,..\Sketches\OFO-P2035-SK-113,DATA/TECH/2035 Offshore Construction Engineering Register (Pipeline & Cables).xlsx,Sketch,126,INCLUDE,,SDOC-b8777616499ca280dfa0069e,GDOC-55ab016167ae70d99eec8557
2035,TECH,GENERAL / MULTIDISCIPLINE,SKETCH,ENGINEERING SKETCH,OFO-P2035-SK-114,CABLE TOWER DETAILS,,..\Sketches\OFO-P2035-SK-114,DATA/TECH/2035 Offshore Construction Engineering Register (Pipeline & Cables).xlsx,Sketch,127,INCLUDE,,SDOC-9a319d990577fc05ece613b4,GDOC-e292ee31f332b3e9690d8c1c
2035,TECH,GENERAL / MULTIDISCIPLINE,SKETCH,ENGINEERING SKETCH,OFO-P2035-SK-115,REMOVAL AND RE-INSTALLATION OF SAFEEN PEARL CRANE BOOM REST,,..\Sketches\OFO-P2035-SK-115,DATA/TECH/2035 Offshore Construction Engineering Register (Pipeline & Cables).xlsx,Sketch,128,INCLUDE,,SDOC-9dbfa422daac2a061473e8ef,GDOC-d4178733e9d83361d5256cf3
2035,TECH,GENERAL / MULTIDISCIPLINE,SKETCH,ENGINEERING SKETCH,OFO-P2035-SK-116,"STORAGE QUADRANT-1.2M RADIUS FOR 16"" J-TUBE",,..\Sketches\OFO-P2035-SK-116,DATA/TECH/2035 Offshore Construction Engineering Register (Pipeline & Cables).xlsx,Sketch,129,INCLUDE,,SDOC-fc30d9cd7d6a1e085cc7848e,GDOC-df45d2936304a1d7636e1808
2035,TECH,GENERAL / MULTIDISCIPLINE,SKETCH,ENGINEERING SKETCH,OFO-P2035-SK-117,TYPICAL CABLE PULLING ARRANGEMENT AT US-142A,,..\Sketches\OFO-P2035-SK-117,DATA/TECH/2035 Offshore Construction Engineering Register (Pipeline & Cables).xlsx,Sketch,130,INCLUDE,,SDOC-972b65f039c442bef148f8e6,GDOC-ec99ad91c25b0ae781964717
2035,TECH,GENERAL / MULTIDISCIPLINE,SKETCH,ENGINEERING SKETCH,OFO-P2035-SK-118,RIGGING PLATFORM INSTALLATION ON BST-S13 JACKET BY DLB-1000,,,DATA/TECH/2035 Offshore Construction Engineering Register (Pipeline & Cables).xlsx,Sketch,131,INCLUDE,,SDOC-f73581a0df6ecd12e785db4f,GDOC-39a63fbe2e43f75d48670d8a
2035,TECH,GENERAL / MULTIDISCIPLINE,SKETCH,ENGINEERING SKETCH,OFO-P2035-SK-119,"LIFTING AND INSTALLATION OF 30"" BRACE RIGGING ARRANGEMENT BELOW BRIDGE LANDING BY DLB-1000",,,DATA/TECH/2035 Offshore Construction Engineering Register (Pipeline & Cables).xlsx,Sketch,132,INCLUDE,,SDOC-63ca08303da630e21471b87d,GDOC-92530a137fe55795401f9827
2035,TECH,GENERAL / MULTIDISCIPLINE,SKETCH,ENGINEERING SKETCH,OFO-P2035-SK-120,TYPICAL LIFTING & HANDLING  ARRANGEMENT FOR PIPE JOINTS BY SAFEEN-3000,,..\Sketches\OFO-P2035-SK-120,DATA/TECH/2035 Offshore Construction Engineering Register (Pipeline & Cables).xlsx,Sketch,133,INCLUDE,,SDOC-1cf239ae556619e63eba5c87,GDOC-0ecf5e2928145c324db62119
2035,TECH,GENERAL / MULTIDISCIPLINE,SKETCH,ENGINEERING SKETCH,OFO-P2035-SK-121,UMM SHAIF PL-8 CX-01 TEMPORARY SUPPORT,,..\Sketches\OFO-P2035-SK-121,DATA/TECH/2035 Offshore Construction Engineering Register (Pipeline & Cables).xlsx,Sketch,134,INCLUDE,,SDOC-e79c6133252cbb5f9442a025,GDOC-18e6f4918d8e046f096345d0
2035,TECH,GENERAL / MULTIDISCIPLINE,SKETCH,ENGINEERING SKETCH,OFO-P2035-SK-122,HEA KRAKEN LIFTING & OFFLOADING ARRANGEMENT FOR 20 FT. CONTAINER AT US-19/19A,,..\Sketches\OFO-P2035-SK-122,DATA/TECH/2035 Offshore Construction Engineering Register (Pipeline & Cables).xlsx,Sketch,135,INCLUDE,,SDOC-17539c92d5409ef4a2eae3a7,GDOC-91d58f5a7d6bad92ec66d4be
2035,TECH,GENERAL / MULTIDISCIPLINE,SKETCH,ENGINEERING SKETCH,OFO-P2035-SK-123,HEA KRAKEN LIFTING & OFFLOADING ARRANGEMENT FOR 20 FT. CONTAINER FROM BARGE DECK TO PLATFORM AND FROM PLATFORM TO BARGE DECK AT US -19/19A,,..\Sketches\OFO-P2035-SK-123,DATA/TECH/2035 Offshore Construction Engineering Register (Pipeline & Cables).xlsx,Sketch,136,INCLUDE,,SDOC-f7c2d469c35379cfc5f751d9,GDOC-07cbc08a853799716871447c
2035,TECH,GENERAL / MULTIDISCIPLINE,SKETCH,ENGINEERING SKETCH,OFO-P2035-SK-124,HEA KRAKEN LIFTING & OFFLOADING ARRANGEMENT FOR GANGWAY AT US-19/19A PLATFORM,,..\Sketches\OFO-P2035-SK-124,DATA/TECH/2035 Offshore Construction Engineering Register (Pipeline & Cables).xlsx,Sketch,137,INCLUDE,,SDOC-0e9b0d09943fc0948b41de27,GDOC-26bdb879cbe3be589a672c02
2035,TECH,GENERAL / MULTIDISCIPLINE,SKETCH,ENGINEERING SKETCH,OFO-P2035-SK-125,HEA KRAKEN LIFTING & INSTALLATION ARRANGEMENT OF GANGWAY AT US-19/19A,,..\Sketches\OFO-P2035-SK-125,DATA/TECH/2035 Offshore Construction Engineering Register (Pipeline & Cables).xlsx,Sketch,138,INCLUDE,,SDOC-03c42f7f6c13d8640ae64005,GDOC-8bc6152eba12f577a6073b3f
2035,TECH,GENERAL / MULTIDISCIPLINE,SKETCH,ENGINEERING SKETCH,OFO-P2035-SK-126,HEA KRAKEN REMOVAL ARRANGEMENT OF GANGWAY AT US-19/19A,,..\Sketches\OFO-P2035-SK-126,DATA/TECH/2035 Offshore Construction Engineering Register (Pipeline & Cables).xlsx,Sketch,139,INCLUDE,,SDOC-4ff653322392c6a91700687b,GDOC-e7e3fe616798c8910db427a3
2035,TECH,GENERAL / MULTIDISCIPLINE,SKETCH,ENGINEERING SKETCH,OFO-P2035-SK-127,RECOVERY OF ZODIAC ARRANGEMENT FROM HEA KRAKEN DECK AT US-19/19A,,..\Sketches\OFO-P2035-SK-127,DATA/TECH/2035 Offshore Construction Engineering Register (Pipeline & Cables).xlsx,Sketch,140,INCLUDE,,SDOC-9b5abfe87c165ca699bd5930,GDOC-40479d690c28ae8da50423de
2035,TECH,GENERAL / MULTIDISCIPLINE,SKETCH,ENGINEERING SKETCH,OFO-P2035-SK-128,HEA KRAKEN LIFTING & OFFLOADING ARRANGEMENT FOR PROJECT MATERIAL AT US-19/19A,,..\Sketches\OFO-P2035-SK-128,DATA/TECH/2035 Offshore Construction Engineering Register (Pipeline & Cables).xlsx,Sketch,141,INCLUDE,,SDOC-f08bfccc8dba97cfa2effc39,GDOC-cd4ccd42fda8332f990d0302
2035,TECH,GENERAL / MULTIDISCIPLINE,SKETCH,ENGINEERING SKETCH,OFO-P2035-SK-129,HEA KRAKEN LIFTING & OFFLOADING ARRANGEMENT FOR PROJECT MATERIAL FROM BARGE DECK TO PLATFORM AND FROM PLATFORM TO BARGE DECK AT US-19/19A,,..\Sketches\OFO-P2035-SK-129,DATA/TECH/2035 Offshore Construction Engineering Register (Pipeline & Cables).xlsx,Sketch,142,INCLUDE,,SDOC-b2092b9ae2d7c43834ff7ef2,GDOC-f33cab98bdb7199c61801a74
2035,TECH,GENERAL / MULTIDISCIPLINE,SKETCH,ENGINEERING SKETCH,OFO-P2035-SK-130,HEA KRAKEN LIFTING & OFFLOADING ARRANGEMENT FOR BILLY PUGH AT US-19/19A PLATFORM,,..\Sketches\OFO-P2035-SK-130,DATA/TECH/2035 Offshore Construction Engineering Register (Pipeline & Cables).xlsx,Sketch,143,INCLUDE,,SDOC-004b428839d74fc2da6ab602,GDOC-7b5b30df1f349849f30a8483
2035,TECH,GENERAL / MULTIDISCIPLINE,SKETCH,ENGINEERING SKETCH,OFO-P2035-SK-131,HEA KRAKEN LIFTING & OFFLOADING BILLY PUGH FROM BARGE DECK TO PLATFORM AND FROM PLATFORM TO BARGE DECK AT US-19/19A,,..\Sketches\OFO-P2035-SK-131,DATA/TECH/2035 Offshore Construction Engineering Register (Pipeline & Cables).xlsx,Sketch,144,INCLUDE,,SDOC-02c7167157fa6e86458ca4ad,GDOC-cce8dde0a88e5a24be11f645
2035,TECH,GENERAL / MULTIDISCIPLINE,SKETCH,ENGINEERING SKETCH,OFO-P2035-SK-132,HEA KRAKEN LIFTING & OFFLOADING ARRANGEMENT FOR 20 FT. CONTAINER AT US-12/12A,,..\Sketches\OFO-P2035-SK-132,DATA/TECH/2035 Offshore Construction Engineering Register (Pipeline & Cables).xlsx,Sketch,145,INCLUDE,,SDOC-5d75c7c4fe9a7954340cd434,GDOC-a937c56bbed958cffb7c6a04
2035,TECH,GENERAL / MULTIDISCIPLINE,SKETCH,ENGINEERING SKETCH,OFO-P2035-SK-133,HEA KRAKEN LIFTING & OFFLOADING ARRANGEMENT FOR 20 FT. CONTAINER FROM BARGE DECK TO PLATFORM AND FROM PLATFORM TO BARGE DECK AT US -12/12A,,..\Sketches\OFO-P2035-SK-133,DATA/TECH/2035 Offshore Construction Engineering Register (Pipeline & Cables).xlsx,Sketch,146,INCLUDE,,SDOC-b81bd8f7a4c0d2900fce503b,GDOC-05577705c8cc72a17df97bfc
2035,TECH,GENERAL / MULTIDISCIPLINE,SKETCH,ENGINEERING SKETCH,OFO-P2035-SK-134,HEA KRAKEN LIFTING & OFFLOADING ARRANGEMENT FOR GANGWAY AT US-12/12A PLATFORM,,..\Sketches\OFO-P2035-SK-134,DATA/TECH/2035 Offshore Construction Engineering Register (Pipeline & Cables).xlsx,Sketch,147,INCLUDE,,SDOC-14d55416769731c8ec3b4439,GDOC-f64193ed51d376afa3d30e7d
2035,TECH,GENERAL / MULTIDISCIPLINE,SKETCH,ENGINEERING SKETCH,OFO-P2035-SK-135,HEA KRAKEN LIFTING & INSTALLATION ARRANGEMENT OF GANGWAY AT US-12/12A,,..\Sketches\OFO-P2035-SK-135,DATA/TECH/2035 Offshore Construction Engineering Register (Pipeline & Cables).xlsx,Sketch,148,INCLUDE,,SDOC-7536cd976d0b906d8a310005,GDOC-52126362b278eac7638ab2ca
2035,TECH,GENERAL / MULTIDISCIPLINE,SKETCH,ENGINEERING SKETCH,OFO-P2035-SK-136,HEA KRAKEN REMOVAL ARRANGEMENT OF GANGWAY AT US-12/12A,,..\Sketches\OFO-P2035-SK-136,DATA/TECH/2035 Offshore Construction Engineering Register (Pipeline & Cables).xlsx,Sketch,149,INCLUDE,,SDOC-9cc007eda235fbdf4e2008ec,GDOC-9a1d7e3bb751e8e4f0d2dc26
2035,TECH,GENERAL / MULTIDISCIPLINE,SKETCH,ENGINEERING SKETCH,OFO-P2035-SK-137,RECOVERY OF ZODIAC ARRANGEMENT FROM HEA KRAKEN DECK AT US-12/12A,,..\Sketches\OFO-P2035-SK-137,DATA/TECH/2035 Offshore Construction Engineering Register (Pipeline & Cables).xlsx,Sketch,150,INCLUDE,,SDOC-1b9c4359d7978a3a2909054d,GDOC-cdadd9745bcbeafb0921929f
2035,TECH,GENERAL / MULTIDISCIPLINE,SKETCH,ENGINEERING SKETCH,OFO-P2035-SK-138,HEA KRAKEN LIFTING & OFFLOADING ARRANGEMENT FOR PROJECT MATERIAL AT US-12/12A,,..\Sketches\OFO-P2035-SK-138,DATA/TECH/2035 Offshore Construction Engineering Register (Pipeline & Cables).xlsx,Sketch,151,INCLUDE,,SDOC-0ecea7b9daa7fa294b21a3b5,GDOC-e2c1f98a2250e1d3536763a7
2035,TECH,GENERAL / MULTIDISCIPLINE,SKETCH,ENGINEERING SKETCH,OFO-P2035-SK-139,HEA KRAKEN LIFTING & OFFLOADING ARRANGEMENT FOR PROJECT MATERIAL FROM BARGE DECK TO PLATFORM AND FROM PLATFORM TO BARGE DECK AT US-12/12A,,..\Sketches\OFO-P2035-SK-139,DATA/TECH/2035 Offshore Construction Engineering Register (Pipeline & Cables).xlsx,Sketch,152,INCLUDE,,SDOC-a7e7567bb2d10558d315b91e,GDOC-6281c8bb44a25b5d950330b5
2035,TECH,GENERAL / MULTIDISCIPLINE,SKETCH,ENGINEERING SKETCH,OFO-P2035-SK-140,HEA KRAKEN LIFTING & OFFLOADING ARRANGEMENT FOR BILLY PUGH AT US-12/12A PLATFORM,,..\Sketches\OFO-P2035-SK-140,DATA/TECH/2035 Offshore Construction Engineering Register (Pipeline & Cables).xlsx,Sketch,153,INCLUDE,,SDOC-ce6b0ed14c85092de6d1d3f8,GDOC-cd5aaab1b46df84f9d94f70a
2035,TECH,GENERAL / MULTIDISCIPLINE,SKETCH,ENGINEERING SKETCH,OFO-P2035-SK-141,HEA KRAKEN LIFTING & OFFLOADING BILLY PUGH FROM BARGE DECK TO PLATFORM AND FROM PLATFORM TO BARGE DECK AT US-12/12A,,..\Sketches\OFO-P2035-SK-141,DATA/TECH/2035 Offshore Construction Engineering Register (Pipeline & Cables).xlsx,Sketch,154,INCLUDE,,SDOC-6089d29390e8a04d24923038,GDOC-f9d6ae04788e5b2fde6b8e21
2035,TECH,GENERAL / MULTIDISCIPLINE,SKETCH,ENGINEERING SKETCH,OFO-P2035-SK-142,UMM SHAIF PL-9 CX-16 TEMPORARY SUPPORT,,..\Sketches\OFO-P2035-SK-142,DATA/TECH/2035 Offshore Construction Engineering Register (Pipeline & Cables).xlsx,Sketch,155,INCLUDE,,SDOC-98b95b34d16aade228491729,GDOC-bbef65fba03bcaaa9ce434a2
2035,TECH,GENERAL / MULTIDISCIPLINE,SKETCH,ENGINEERING SKETCH,OFO-P2035-SK-143,LAYOUT FOR TEMPORARY SUPPORT IN UMM SHAIF PL-8 CX-16,,..\Sketches\OFO-P2035-SK-143,DATA/TECH/2035 Offshore Construction Engineering Register (Pipeline & Cables).xlsx,Sketch,156,INCLUDE,,SDOC-c994a207d35a1c9f21b7109d,GDOC-5ac32e327e0d0f9d8410cc3e
2035,TECH,GENERAL / MULTIDISCIPLINE,SKETCH,ENGINEERING SKETCH,OFO-P2035-SK-144,HEA KRAKEN LIFTING & INSTALLATION ARRANGEMENT OF GANGWAY AT BRIDGE B-26,,..\Sketches\OFO-P2035-SK-144,DATA/TECH/2035 Offshore Construction Engineering Register (Pipeline & Cables).xlsx,Sketch,157,INCLUDE,,SDOC-3b6aa801b00a682ec3bdea60,GDOC-bca941afa28aa71403860c42
2035,TECH,GENERAL / MULTIDISCIPLINE,SKETCH,ENGINEERING SKETCH,OFO-P2035-SK-145,HEA KRAKEN LIFTING & OFFLOADING ARRANGEMENT FOR PROJECT MATERIAL AT BRIDGE B-26,,..\Sketches\OFO-P2035-SK-145,DATA/TECH/2035 Offshore Construction Engineering Register (Pipeline & Cables).xlsx,Sketch,158,INCLUDE,,SDOC-98378713b0fd4f71aa9a97ed,GDOC-a40f790f5aacb17545b86996
2035,TECH,GENERAL / MULTIDISCIPLINE,SKETCH,ENGINEERING SKETCH,OFO-P2035-SK-146,HEA KRAKEN LIFTING & OFFLOADING ARRANGEMENT FOR PROJECT MATERIAL FROM BARGE DECK TO PLATFORM AND FROM PLATFORM TO BARGE DECK AT BRIDGE B-26,,..\Sketches\OFO-P2035-SK-146,DATA/TECH/2035 Offshore Construction Engineering Register (Pipeline & Cables).xlsx,Sketch,159,INCLUDE,,SDOC-4a2d388abec05eec9e5ac86e,GDOC-65e36b7bea49f5bfc685e8c7
2035,TECH,GENERAL / MULTIDISCIPLINE,SKETCH,ENGINEERING SKETCH,OFO-P2035-SK-147,HEA KRAKEN LIFTING & OFFLOADING ARRANGEMENT FOR BILLY PUGH AT BRIDGE B-26 PLATFORM,,..\Sketches\OFO-P2035-SK-147,DATA/TECH/2035 Offshore Construction Engineering Register (Pipeline & Cables).xlsx,Sketch,160,INCLUDE,,SDOC-629ea6281c9cb5e408546f56,GDOC-fc0ed91b560d3e5400847262
2035,TECH,GENERAL / MULTIDISCIPLINE,SKETCH,ENGINEERING SKETCH,OFO-P2035-SK-148,HEA KRAKEN LIFTING & OFFLOADING BILLY PUGH FROM BARGE DECK TO PLATFORM AND FROM PLATFORM TO BARGE DECK AT BRIDGE B-26,,..\Sketches\OFO-P2035-SK-148,DATA/TECH/2035 Offshore Construction Engineering Register (Pipeline & Cables).xlsx,Sketch,161,INCLUDE,,SDOC-3a5972953a7a8261ef6210cb,GDOC-8e7e7698e0d761e60b6803cd
2035,TECH,GENERAL / MULTIDISCIPLINE,SKETCH,ENGINEERING SKETCH,OFO-P2035-SK-149,RECOVERY OF ZODIAC ARRANGEMENT FROM HEA KRAKEN DECK AT BRIDGE B-26,,..\Sketches\OFO-P2035-SK-149,DATA/TECH/2035 Offshore Construction Engineering Register (Pipeline & Cables).xlsx,Sketch,162,INCLUDE,,SDOC-344e84e90cc0ca9ad0526144,GDOC-2ec8d4e0333f8574d9dcbfc8
2035,TECH,GENERAL / MULTIDISCIPLINE,SKETCH,ENGINEERING SKETCH,OFO-P2035-SK-150,HEA KRAKEN LIFTING & OFFLOADING ARRANGEMENT FOR GANGWAY AT BRIDGE B-26 PLATFORM,,..\Sketches\OFO-P2035-SK-150,DATA/TECH/2035 Offshore Construction Engineering Register (Pipeline & Cables).xlsx,Sketch,163,INCLUDE,,SDOC-50ad511babdaa7351e3aa2de,GDOC-bb399f337f93803a1acd1ec7
2035,TECH,GENERAL / MULTIDISCIPLINE,SKETCH,ENGINEERING SKETCH,OFO-P2035-SK-151,"START-UP ARRANGEMENT FOR 16"" WELL FUID PIPELINE FROM US-159A TO US-12B (PKG.-1)”",,..\Sketches,DATA/TECH/2035 Offshore Construction Engineering Register (Pipeline & Cables).xlsx,Sketch,164,INCLUDE,,SDOC-2e3713ba8ad1e4517c463ed0,GDOC-e6dd370d39fcc4ba7c4cde60
2035,TECH,GENERAL / MULTIDISCIPLINE,SKETCH,ENGINEERING SKETCH,OFO-P2035-SK-152,SAFEEN 3000 DECK LAYOUT FOR PIPELAY WITH PIGGYBACK REELS,,..\Sketches\OFO-P2035-SK-152,DATA/TECH/2035 Offshore Construction Engineering Register (Pipeline & Cables).xlsx,Sketch,165,INCLUDE,,SDOC-1ee672fe7aeea46bde30c9da,GDOC-8d5af3b341bbea92cd38dfab
2035,TECH,GENERAL / MULTIDISCIPLINE,SKETCH,ENGINEERING SKETCH,OFO-P2035-SK-153,REELS CRADLE DETAILS,,,DATA/TECH/2035 Offshore Construction Engineering Register (Pipeline & Cables).xlsx,Sketch,166,INCLUDE,,SDOC-3c24a58b9fef07de7c62ba8f,GDOC-03f527d66ffb2ed0d065099a
2035,TECH,GENERAL / MULTIDISCIPLINE,SKETCH,ENGINEERING SKETCH,OFO-P2035-SK-154,PERSONNEL TRANSFER USING STEEL BASKET (DLB-1000),,..\Sketches\OFO-P2035-SK-154,DATA/TECH/2035 Offshore Construction Engineering Register (Pipeline & Cables).xlsx,Sketch,167,INCLUDE,,SDOC-936387d47a23c2d0a0796ec6,GDOC-5eddd7221659eca6a70d28ad
2035,TECH,GENERAL / MULTIDISCIPLINE,SKETCH,ENGINEERING SKETCH,OFO-P2035-SK-155,TYPICAL CABLE PULLING ARRANGEMENTS AT US159A,,..\Sketches\OFO-P2035-SK-155,DATA/TECH/2035 Offshore Construction Engineering Register (Pipeline & Cables).xlsx,Sketch,168,INCLUDE,,SDOC-f4d4fd358176a31361676767,GDOC-300b3256ce8a985376912b3e
2035,TECH,GENERAL / MULTIDISCIPLINE,SKETCH,ENGINEERING SKETCH,OFO-P2035-SK-156,TYPICAL CABLE PULLING ARRANGEMENTS AT HP-3,,..\Sketches\OFO-P2035-SK-156,DATA/TECH/2035 Offshore Construction Engineering Register (Pipeline & Cables).xlsx,Sketch,169,INCLUDE,,SDOC-88ceeca2a986f89c254cc09b,GDOC-cb9ac9bf17b5c50b62bc462b
2035,TECH,GENERAL / MULTIDISCIPLINE,SKETCH,ENGINEERING SKETCH,OFO-P2035-SK-157,TYPICAL CABLE PULLING ARRANGEMENTS AT USSC-RP1,,..\Sketches\OFO-P2035-SK-157,DATA/TECH/2035 Offshore Construction Engineering Register (Pipeline & Cables).xlsx,Sketch,170,INCLUDE,,SDOC-c32e64c76cf4cf707951a0c6,GDOC-efc98cc825e1bfd9997cf106
2035,TECH,GENERAL / MULTIDISCIPLINE,SKETCH,ENGINEERING SKETCH,OFO-P2035-SK-158,SAFEEN-3000 STINGER SECTION-1 ON CB-6 LOADING ARRANGEMENT & SEAFASTENING DETAILS,,,DATA/TECH/2035 Offshore Construction Engineering Register (Pipeline & Cables).xlsx,Sketch,171,INCLUDE,,SDOC-6c0814efb1b898ff3faf088a,GDOC-b70a847343f9503474b4d4ae
2035,TECH,GENERAL / MULTIDISCIPLINE,SKETCH,ENGINEERING SKETCH,OFO-P2035-SK-159,TYPICAL LIFTING ARRANGEMENT OF 70MT GRAVITY ANCHOR BY SAFEEN-3000,,,DATA/TECH/2035 Offshore Construction Engineering Register (Pipeline & Cables).xlsx,Sketch,172,INCLUDE,,SDOC-8e389a0d21a01ff8eb5c5fcd,GDOC-15163064aca407495f76b7c3
2035,TECH,GENERAL / MULTIDISCIPLINE,SKETCH,ENGINEERING SKETCH,OFO-P2035-SK-160,CABLE TOWER LADDER DETAIL,,,DATA/TECH/2035 Offshore Construction Engineering Register (Pipeline & Cables).xlsx,Sketch,173,INCLUDE,,SDOC-1b5a7d35ca35fdc176117517,GDOC-e2750b2c25397aaf00fa0d87
2035,TECH,GENERAL / MULTIDISCIPLINE,SKETCH,ENGINEERING SKETCH,OFO-P2035-SK-161,DAVIT LIFT AT US-142A FOR PL-3 WITH DLB-1000 (STBD SIDE),,..\Sketches\OFO-P2035-SK-161,DATA/TECH/2035 Offshore Construction Engineering Register (Pipeline & Cables).xlsx,Sketch,174,INCLUDE,,SDOC-32959200c5497d3ecc02b355,GDOC-df9c875e9eb4ca17df79a1be
2035,TECH,GENERAL / MULTIDISCIPLINE,SKETCH,ENGINEERING SKETCH,OFO-P2035-SK-162,STALK-ON AT RP1 FOR PL-3 WITH DLB-1000 (STBD SIDE),,..\Sketches\OFO-P2035-SK-162,DATA/TECH/2035 Offshore Construction Engineering Register (Pipeline & Cables).xlsx,Sketch,175,INCLUDE,,SDOC-f8733b56bbefc94015a5d2a2,GDOC-9af311870fb18657a0c7f976
2035,TECH,GENERAL / MULTIDISCIPLINE,SKETCH,ENGINEERING SKETCH,OFO-P2035-SK-163,STALK-ON AT RP1 FOR PL-5 WITH  DLB-1000 (STBD SIDE),,..\Sketches\OFO-P2035-SK-163,DATA/TECH/2035 Offshore Construction Engineering Register (Pipeline & Cables).xlsx,Sketch,176,INCLUDE,,SDOC-451ffc16feb78f5dba0b25b4,GDOC-24417f4b2a6d0dd9ed97c800
2035,TECH,GENERAL / MULTIDISCIPLINE,SKETCH,ENGINEERING SKETCH,OFO-P2035-SK-164,Loading arrangement of misc. equipment on Safeen-3000 main deck,,..\Sketches\OFO-P2035-SK-164,DATA/TECH/2035 Offshore Construction Engineering Register (Pipeline & Cables).xlsx,Sketch,177,INCLUDE,,SDOC-f2db6f3a593fb447cd47cabb,GDOC-34763023be59630d1e7c6f93
2035,TECH,GENERAL / MULTIDISCIPLINE,SKETCH,ENGINEERING SKETCH,OFO-P2035-SK-165,STALK-ON AT RP1 FOR PL-7 WITH  DLB-1000 (STBD SIDE),,..\Sketches\OFO-P2035-SK-165,DATA/TECH/2035 Offshore Construction Engineering Register (Pipeline & Cables).xlsx,Sketch,178,INCLUDE,,SDOC-64ddead09af02b793dac1350,GDOC-fb750dd811a277ab7441e57e
2035,TECH,GENERAL / MULTIDISCIPLINE,SKETCH,ENGINEERING SKETCH,OFO-P2035-SK-166,SEAFASTENING DETAILS OF CABLE BASKET ON SAFEEN PEARL VESSEL,,..\Sketches\OFO-P2035-SK-166,DATA/TECH/2035 Offshore Construction Engineering Register (Pipeline & Cables).xlsx,Sketch,179,INCLUDE,,SDOC-93caeb795fe6280e1cffe2d6,GDOC-e000209547c99b4e3b505f97
2035,TECH,GENERAL / MULTIDISCIPLINE,SKETCH,ENGINEERING SKETCH,OFO-P2035-SK-167,SAFEEN PEARL LIFTING & OFFLOADING ARRANGEMENT FOR PERSONNEL TRANSFER BASKET AT RP-1 PLATFORM,,..\Sketches\OFO-P2035-SK-167,DATA/TECH/2035 Offshore Construction Engineering Register (Pipeline & Cables).xlsx,Sketch,180,INCLUDE,,SDOC-6aa41581f61ffb882b03cb50,GDOC-65cf35798d526924c7550774
2035,TECH,GENERAL / MULTIDISCIPLINE,SKETCH,ENGINEERING SKETCH,OFO-P2035-SK-168,SAFEEN PEARL LIFTING & OFFLOADING ARRANGEMENT FOR PERSONNEL TRANSFER BASKET AT US142A PLATFORM,,..\Sketches\OFO-P2035-SK-168,DATA/TECH/2035 Offshore Construction Engineering Register (Pipeline & Cables).xlsx,Sketch,181,INCLUDE,,SDOC-65b276d0d8c201a61217718b,GDOC-05dba4386a96f70831ac576d
2035,TECH,GENERAL / MULTIDISCIPLINE,SKETCH,ENGINEERING SKETCH,OFO-P2035-SK-169,SEP-750 LIFTING & OFFLOADING ARRANGEMENT FOR GANGWAY AT S06 PLATFORM,,..\Sketches\OFO-P2035-SK-169,DATA/TECH/2035 Offshore Construction Engineering Register (Pipeline & Cables).xlsx,Sketch,182,INCLUDE,,SDOC-84bbb8f95696bb6331168e4e,GDOC-194631ed5576e3fbf09dca62
2035,TECH,GENERAL / MULTIDISCIPLINE,SKETCH,ENGINEERING SKETCH,OFO-P2035-SK-170,SEP-750 LIFTING & INSTALLATION ARRANGEMENT OF GANGWAY AT S06 PLATFORM,,..\Sketches\OFO-P2035-SK-170,DATA/TECH/2035 Offshore Construction Engineering Register (Pipeline & Cables).xlsx,Sketch,183,INCLUDE,,SDOC-922462e942ac947b5c37114e,GDOC-be1b608f19a721b56744baf5
2035,TECH,GENERAL / MULTIDISCIPLINE,SKETCH,ENGINEERING SKETCH,OFO-P2035-SK-171,SEP-750 REMOVAL ARRANGEMENT OF GANGWAY AT S06 PLATFORM,,..\Sketches\OFO-P2035-SK-171,DATA/TECH/2035 Offshore Construction Engineering Register (Pipeline & Cables).xlsx,Sketch,184,INCLUDE,,SDOC-ea27cbd87f79cba859c96a01,GDOC-bab958f0e8d45a783549bde3
2035,TECH,GENERAL / MULTIDISCIPLINE,SKETCH,ENGINEERING SKETCH,OFO-P2035-SK-172,SEP-750 LIFTING & OFFLOADING ARRANGEMENT FOR BILLY PUGH AT S06 PLATFORM,,..\Sketches\OFO-P2035-SK-172,DATA/TECH/2035 Offshore Construction Engineering Register (Pipeline & Cables).xlsx,Sketch,185,INCLUDE,,SDOC-f1fbb048a2280dcdebb44012,GDOC-6589aa7b9e8aab5a61dbceea
2035,TECH,GENERAL / MULTIDISCIPLINE,SKETCH,ENGINEERING SKETCH,OFO-P2035-SK-173,SEP-750 LIFTING & OFFLOADING BILLY PUGH FROM BARGE DECK TO PLATFORM AND FROM PLATFORM TO BARGE DECK AT S06 PLATFORM,,..\Sketches\OFO-P2035-SK-173,DATA/TECH/2035 Offshore Construction Engineering Register (Pipeline & Cables).xlsx,Sketch,186,INCLUDE,,SDOC-97af22688a969bb81280c09f,GDOC-99277e20434ba175764cf2d4
2035,TECH,GENERAL / MULTIDISCIPLINE,SKETCH,ENGINEERING SKETCH,OFO-P2035-SK-174,SEP-750 LIFTING & OFFLOADING ARRANGEMENT FOR PROJECT MATERIAL AT S06 PLATFORM,,..\Sketches\OFO-P2035-SK-174,DATA/TECH/2035 Offshore Construction Engineering Register (Pipeline & Cables).xlsx,Sketch,187,INCLUDE,,SDOC-44f3c9b6790ae1eb82bc2202,GDOC-953465883ca53b8b9dbc830b
2035,TECH,GENERAL / MULTIDISCIPLINE,SKETCH,ENGINEERING SKETCH,OFO-P2035-SK-175,SEP-750 LIFTING & OFFLOADING ARRANGEMENT FOR PROJECT MATERIAL FROM BARGE DECK TO PLATFORM AND FROM PLATFORM TO BARGE DECK AT S06 PLATFORM,,..\Sketches\OFO-P2035-SK-175,DATA/TECH/2035 Offshore Construction Engineering Register (Pipeline & Cables).xlsx,Sketch,188,INCLUDE,,SDOC-eeadedc4785872a7d04b0317,GDOC-443ead146e7ea09ad8620284
2035,TECH,GENERAL / MULTIDISCIPLINE,SKETCH,ENGINEERING SKETCH,OFO-P2035-SK-176,SEP-750 LIFTING FOR LAUNCHING AND RECOVERY OF ZODIAC AT S06 PLATFORM,,..\Sketches\OFO-P2035-SK-176,DATA/TECH/2035 Offshore Construction Engineering Register (Pipeline & Cables).xlsx,Sketch,189,INCLUDE,,SDOC-aef5c78086518ea2cb737280,GDOC-865371aa17e7dd5117309feb
2035,TECH,GENERAL / MULTIDISCIPLINE,SKETCH,ENGINEERING SKETCH,OFO-P2035-SK-177,LIFTING PLAN FOR STABBING GUIDE,,..\Sketches\OFO-P2035-SK-177,DATA/TECH/2035 Offshore Construction Engineering Register (Pipeline & Cables).xlsx,Sketch,190,INCLUDE,,SDOC-da31a433f1d11457aa1c9ea9,GDOC-a44aa99d5fd4799b92aae314
2035,TECH,GENERAL / MULTIDISCIPLINE,SKETCH,ENGINEERING SKETCH,OFO-P2035-SK-178,A-FRAME ARRANGEMENTS FOR CABLE PULLING,,..\Sketches\OFO-P2035-SK-178,DATA/TECH/2035 Offshore Construction Engineering Register (Pipeline & Cables).xlsx,Sketch,191,INCLUDE,,SDOC-69b9c63a184b1b666c4d386d,GDOC-158682444728c2ef57329a5d
2035,TECH,GENERAL / MULTIDISCIPLINE,SKETCH,ENGINEERING SKETCH,OFO-P2035-SK-179,"HORIZONTAL (HBS) START-UP ARRANGEMENT FOR 16"" WELL FLUID PIPELINE FROM HP-3 TO USSC-RP1 (PL-8)",,..\Sketches\OFO-P2035-SK-179,DATA/TECH/2035 Offshore Construction Engineering Register (Pipeline & Cables).xlsx,Sketch,192,INCLUDE,,SDOC-c6a4566dc9fafd52e946663a,GDOC-4a66020abb93e6799b1709f0
2035,TECH,GENERAL / MULTIDISCIPLINE,SKETCH,ENGINEERING SKETCH,OFO-P2035-SK-180,"HORIZONTAL (HBS) START-UP ARRANGEMENT FOR 16"" WATER INJECTION PIPELINE FROM HP-3 TO USSC-RP1 (PL-9)",,..\Sketches\OFO-P2035-SK-180,DATA/TECH/2035 Offshore Construction Engineering Register (Pipeline & Cables).xlsx,Sketch,193,INCLUDE,,SDOC-9bfe8ba99ef90c72890cd890,GDOC-05ddac3f67ff174aa72e8301
2035,TECH,GENERAL / MULTIDISCIPLINE,SKETCH,ENGINEERING SKETCH,OFO-P2035-SK-181,TYPICAL CABLE PULLING ARRANGEMENT AT HP3 (WITH TOPSIDE),,..\Sketches\OFO-P2035-SK-181,DATA/TECH/2035 Offshore Construction Engineering Register (Pipeline & Cables).xlsx,Sketch,194,INCLUDE,,SDOC-554430f59c945b711769fe14,GDOC-30346b683c4382846fb58c82
2035,TECH,GENERAL / MULTIDISCIPLINE,SKETCH,ENGINEERING SKETCH,OFO-P2035-SK-182,TYPICAL CABLE PULLING ARRANGEMENT AT RP1 (WITH TOPSIDE),,..\Sketches\OFO-P2035-SK-182,DATA/TECH/2035 Offshore Construction Engineering Register (Pipeline & Cables).xlsx,Sketch,195,INCLUDE,,SDOC-3f52a79c68197b35c3b91782,GDOC-5d1f90691a0752c4cec99b9c
2035,TECH,GENERAL / MULTIDISCIPLINE,SKETCH,ENGINEERING SKETCH,OFO-P2035-SK-183,GROUT BAG LIFTING ARRANGEMENT BY SAFEEN PEARL,,..\Sketches\OFO-P2035-SK-183,DATA/TECH/2035 Offshore Construction Engineering Register (Pipeline & Cables).xlsx,Sketch,196,INCLUDE,,SDOC-fe3e5f3cc52458f9aae7e5a3,GDOC-2adedbd337c62149838fc970
2035,TECH,GENERAL / MULTIDISCIPLINE,SKETCH,ENGINEERING SKETCH,OFO-P2035-SK-184,SAPURA-1200 LOADING ARRANGEMENT FOR PIGGYBACK PIPE LAYING,,..\Sketches\OFO-P2035-SK-184,DATA/TECH/2035 Offshore Construction Engineering Register (Pipeline & Cables).xlsx,Sketch,197,INCLUDE,,SDOC-6713dea368170bbcf51c6de4,GDOC-b320a417a49673990939816b
2035,TECH,GENERAL / MULTIDISCIPLINE,SKETCH,ENGINEERING SKETCH,OFO-P2035-SK-185,TYPICAL CABLE PULLING ARRANGEMENT AT US159A (WITH TOPSIDE),,..\Sketches\OFO-P2035-SK-185,DATA/TECH/2035 Offshore Construction Engineering Register (Pipeline & Cables).xlsx,Sketch,198,INCLUDE,,SDOC-a876f34587c8d86e6fae3332,GDOC-88d42f67daa436c1da3174ae
2035,TECH,GENERAL / MULTIDISCIPLINE,SKETCH,ENGINEERING SKETCH,OFO-P2035-SK-186,ROLLER  SUPPORTS FOR PIGGYBACK PIPE LAYING IN WAY OF HATCH OPENING,,..\Sketches\OFO-P2035-SK-186,DATA/TECH/2035 Offshore Construction Engineering Register (Pipeline & Cables).xlsx,Sketch,199,INCLUDE,,SDOC-617143131d324b7d7b1270eb,GDOC-f86659d8017364fb9698456d
2035,TECH,GENERAL / MULTIDISCIPLINE,SKETCH,ENGINEERING SKETCH,OFO-P2035-SK-187,SEAFOX TRIDENT LIFTING & OFFLOADING BILLY PUGH FROM BARGE DECK TO PLATFORM AND FROM PLATFORM TO BARGE DECK AT US-218,,..\Sketches\OFO-P2035-SK-187,DATA/TECH/2035 Offshore Construction Engineering Register (Pipeline & Cables).xlsx,Sketch,200,INCLUDE,,SDOC-a34ece94546dd14ad381be43,GDOC-efae0e639d4c6cd3340346ea
2035,TECH,GENERAL / MULTIDISCIPLINE,SKETCH,ENGINEERING SKETCH,OFO-P2035-SK-188,STINGER SECTION LAYOUT - SAPURA 1200,,..\Sketches\OFO-P2035-SK-188,DATA/TECH/2035 Offshore Construction Engineering Register (Pipeline & Cables).xlsx,Sketch,201,INCLUDE,,SDOC-b66c443c15f4fe116c9811b0,GDOC-d62f636411d50c9f79669c2f
2035,TECH,GENERAL / MULTIDISCIPLINE,SKETCH,ENGINEERING SKETCH,OFO-P2035-SK-189,TYPICAL CABLE PULLING ARRANGEMENT AT US-218 (WITH TOPSIDE),,..\Sketches\OFO-P2035-SK-189,DATA/TECH/2035 Offshore Construction Engineering Register (Pipeline & Cables).xlsx,Sketch,202,INCLUDE,,SDOC-d2b6d1b39d2f760418202c8a,GDOC-04347fa22a1c30796967e4cf
2035,TECH,GENERAL / MULTIDISCIPLINE,SKETCH,ENGINEERING SKETCH,OFO-P2035-SK-190,TYPICAL CABLE PULLING ARRANGEMENT AT US-216 (WITH TOPSIDE),,..\Sketches\OFO-P2035-SK-190,DATA/TECH/2035 Offshore Construction Engineering Register (Pipeline & Cables).xlsx,Sketch,203,INCLUDE,,SDOC-1e993484359004c1fcb833f3,GDOC-1ecefd0a0b49f99caf099fc4
2035,TECH,GENERAL / MULTIDISCIPLINE,SKETCH,ENGINEERING SKETCH,OFO-P2035-SK-191,SEAFOX TRIDENT LIFTING & OFFLOADING BILLY PUGH FROM VESSEL TO BARGE DECK AND FROM BARGE DECK TO VESSEL AT US-218,,..\Sketches\OFO-P2035-SK-191,DATA/TECH/2035 Offshore Construction Engineering Register (Pipeline & Cables).xlsx,Sketch,204,INCLUDE,,SDOC-6989bb65c2aee4cd5096a367,GDOC-e370cd842cc9513e62196808
2035,TECH,GENERAL / MULTIDISCIPLINE,SKETCH,ENGINEERING SKETCH,OFO-P2035-SK-192,PL-9 AT CX16 TEMPORARY SUPPORT LIFTING ARRANGEMENT BY SAFEEN PEARL,,,DATA/TECH/2035 Offshore Construction Engineering Register (Pipeline & Cables).xlsx,Sketch,205,INCLUDE,,SDOC-2c23e2deaf6baea302778fc5,GDOC-06c240617b60598a715b4029
2035,TECH,GENERAL / MULTIDISCIPLINE,SKETCH,ENGINEERING SKETCH,OFO-P2035-SK-193,PIPELAY PROFILE WITH STINGER - SAPURA 1200,,..\Sketches\OFO-P2035-SK-193,DATA/TECH/2035 Offshore Construction Engineering Register (Pipeline & Cables).xlsx,Sketch,206,INCLUDE,,SDOC-635a61fafca14ef6e7839709,GDOC-c3b8fe8ed2220fcf91d890b6
2035,TECH,GENERAL / MULTIDISCIPLINE,SKETCH,ENGINEERING SKETCH,OFO-P2035-SK-194,"ABANDONMENT &  RECOVERY / LAYDOWN ARRANGEMENT FOR PROPOSED 16"" WI PIPELINE FROM HP3 TO HP2 (PL-10 WITH SAPURA 1200 (TYPICAL)",,..\Sketches\OFO-P2035-SK-194,DATA/TECH/2035 Offshore Construction Engineering Register (Pipeline & Cables).xlsx,Sketch,207,INCLUDE,,SDOC-8655efdc745d687424fac039,GDOC-d307dc06cc59d2dd1e5f034a
2035,TECH,GENERAL / MULTIDISCIPLINE,SKETCH,ENGINEERING SKETCH,OFO-P2035-SK-195,"DMA START UP ARRANGEMENT (PL-10) PROPOSED 16"" WI PL.FROM HP-3 TO HP-2 WITH SAPURA 1200",,..\Sketches\OFO-P2035-SK-195,DATA/TECH/2035 Offshore Construction Engineering Register (Pipeline & Cables).xlsx,Sketch,208,INCLUDE,,SDOC-e729edd0e495b70d02f928fc,GDOC-a5e8c7f4dac375c07a2f7dc8
2035,TECH,GENERAL / MULTIDISCIPLINE,SKETCH,ENGINEERING SKETCH,OFO-P2035-SK-196,"HORIZONTAL (HBS) START-UP ARRANGEMENT 16"" WF PIPELINE FROM US-142A TO USSC-RP1 (PL-3) AT RP-1 BY SAPURA 1200",,..\Sketches\OFO-P2035-SK-196,DATA/TECH/2035 Offshore Construction Engineering Register (Pipeline & Cables).xlsx,Sketch,209,INCLUDE,,SDOC-4546def92aafe0550c3d7af9,GDOC-c31197d862a3e54dcb9c5a0f
2035,TECH,GENERAL / MULTIDISCIPLINE,SKETCH,ENGINEERING SKETCH,OFO-P2035-SK-197,TYPICAL CABLE PULLING ARRANGEMENT AT US-19B (WITHOUT TOPSIDE),,..\Sketches\OFO-P2035-SK-197,DATA/TECH/2035 Offshore Construction Engineering Register (Pipeline & Cables).xlsx,Sketch,210,INCLUDE,,SDOC-b0977edede77f8db20e21270,GDOC-9e236e3bbdeb2273fa2b347f
2035,TECH,GENERAL / MULTIDISCIPLINE,SKETCH,ENGINEERING SKETCH,OFO-P2035-SK-198,TYPICAL CABLE PULLING ARRANGEMENT AT US-19B (WITH TOPSIDE),,..\Sketches\OFO-P2035-SK-198,DATA/TECH/2035 Offshore Construction Engineering Register (Pipeline & Cables).xlsx,Sketch,211,INCLUDE,,SDOC-f8c3f011c4b659b8a6f2e1ba,GDOC-c3309f024196609c312fccb0
2035,TECH,GENERAL / MULTIDISCIPLINE,SKETCH,ENGINEERING SKETCH,OFO-P2035-SK-199,TYPICAL CABLE PULLING ARRANGEMENT AT PDP (WITH TOPSIDE),,,DATA/TECH/2035 Offshore Construction Engineering Register (Pipeline & Cables).xlsx,Sketch,212,INCLUDE,,SDOC-c2d771933b28101b24740d46,GDOC-ba7b67247f7e94e7b757cb4a
2035,TECH,GENERAL / MULTIDISCIPLINE,SKETCH,ENGINEERING SKETCH,OFO-P2035-SK-200,SAPURA 1200 - VESSEL ROLLER SETTING,,..\Sketches\OFO-P2035-SK-200,DATA/TECH/2035 Offshore Construction Engineering Register (Pipeline & Cables).xlsx,Sketch,213,INCLUDE,,SDOC-b671adec0ed75b57eb42ac71,GDOC-e85d2bde305ab0e747798917
2035,TECH,GENERAL / MULTIDISCIPLINE,SKETCH,ENGINEERING SKETCH,OFO-P2035-SK-201,SAPURA 1200 - STINGER ROLLER SETTING,,..\Sketches\OFO-P2035-SK-201,DATA/TECH/2035 Offshore Construction Engineering Register (Pipeline & Cables).xlsx,Sketch,214,INCLUDE,,SDOC-c5b8ef7f5a378cdb5b1f7090,GDOC-4b42b4f7e91b87f3a4aa9265
2035,TECH,GENERAL / MULTIDISCIPLINE,SKETCH,ENGINEERING SKETCH,OFO-P2035-SK-202,TYPICAL LIFTING & HANDLING ARRANGEMENT FOR PIPE JOINTS BY SAPURA 1200,,..\Sketches\OFO-P2035-SK-202,DATA/TECH/2035 Offshore Construction Engineering Register (Pipeline & Cables).xlsx,Sketch,215,INCLUDE,,SDOC-cc969e2694c6a05669a2abfd,GDOC-f2f459adce25329fb47aaf67
2035,TECH,GENERAL / MULTIDISCIPLINE,SKETCH,ENGINEERING SKETCH,OFO-P2035-SK-203,SEAFOX TRIDENT LIFTING & OFFLOADING ARRANGEMENT FOR BILLY PUGH AT US-216 PLATFORM,,..\Sketches\OFO-P2035-SK-203,DATA/TECH/2035 Offshore Construction Engineering Register (Pipeline & Cables).xlsx,Sketch,216,INCLUDE,,SDOC-55e35d2e3a32b8aa55db4214,GDOC-4cc5a49c9c5c99a294764ac3
2035,TECH,GENERAL / MULTIDISCIPLINE,SKETCH,ENGINEERING SKETCH,OFO-P2035-SK-204,SEAFOX TRIDENT LIFTING & OFFLOADING BILLY PUGH FROM BARGE DECK TO PLATFORM AND FROM PLATFORM TO BARGE DECK AT US 216,,..\Sketches\OFO-P2035-SK-204,DATA/TECH/2035 Offshore Construction Engineering Register (Pipeline & Cables).xlsx,Sketch,217,INCLUDE,,SDOC-f9ed0656fca4f720085bf51a,GDOC-8ff32222e7d714d9d7e3f6cf
2035,TECH,GENERAL / MULTIDISCIPLINE,SKETCH,ENGINEERING SKETCH,OFO-P2035-SK-205,"HORIZONTAL (HBS) START-UP ARRANGEMENT FOR 18"" WELL FLUID PIPELINE FROM HP-2 TO USSC-RP1 (PL-7) – SAPURA 1200",,..\Sketches\OFO-P2035-SK-205,DATA/TECH/2035 Offshore Construction Engineering Register (Pipeline & Cables).xlsx,Sketch,218,INCLUDE,,SDOC-c60678b311927898a3327413,GDOC-428cc21f42187043c9f12920
2035,TECH,GENERAL / MULTIDISCIPLINE,SKETCH,ENGINEERING SKETCH,OFO-P2035-SK-206,Horizontal (HBS) Start-Up Arrangement for Proposed 16” Well Fluid Pipeline from US-153A to USSC-RP1 (PL-5) with Sapura 1200,,..\Sketches\OFO-P2035-SK-206,DATA/TECH/2035 Offshore Construction Engineering Register (Pipeline & Cables).xlsx,Sketch,219,INCLUDE,,SDOC-f21f307202b29c3da40ee1bb,GDOC-da629bf9776f3879336d9896
2035,TECH,GENERAL / MULTIDISCIPLINE,SKETCH,ENGINEERING SKETCH,OFO-P2035-SK-207,"DMA START-UP ARRANGEMENT (PL-4) PROPOSED 16"" WF PL. FROM US-19B TO US-153A WITH SAPURA 1200",,..\Sketches\OFO-P2035-SK-207,DATA/TECH/2035 Offshore Construction Engineering Register (Pipeline & Cables).xlsx,Sketch,220,INCLUDE,,SDOC-88d8d4582f7d17d0b1a74b42,GDOC-d6bad2b58a842db64e252b7c
2035,TECH,GENERAL / MULTIDISCIPLINE,SKETCH,ENGINEERING SKETCH,OFO-P2035-SK-208,SEP-750 LIFTING & OFFLOADING ARRANGEMENT FOR GANGWAY FROM VESSL TO BARGE AT US 142 PLATFORM,,..\Sketches\OFO-P2035-SK-208,DATA/TECH/2035 Offshore Construction Engineering Register (Pipeline & Cables).xlsx,Sketch,221,INCLUDE,,SDOC-6e141eb5591f17c3f6a6dedb,GDOC-7548e6a79b47396fdc60c385
2035,TECH,GENERAL / MULTIDISCIPLINE,SKETCH,ENGINEERING SKETCH,OFO-P2035-SK-209,SEP-750 LIFTING & OFFLOADING ARRANGEMENT FOR GANGWAY FROM BARGE TO VESSEL AT US 142 PLATFORM,,..\Sketches\OFO-P2035-SK-209,DATA/TECH/2035 Offshore Construction Engineering Register (Pipeline & Cables).xlsx,Sketch,222,INCLUDE,,SDOC-d0f8ec34990886d5a7a28f15,GDOC-6812bbd7fb87d4dabdaa7890
2035,TECH,GENERAL / MULTIDISCIPLINE,SKETCH,ENGINEERING SKETCH,OFO-P2035-SK-210,SEP-750 LIFTING & INSTALLATION ARRANGEMENT OF GANGWAY AT US 142 PLATFORM,,..\Sketches\OFO-P2035-SK-210,DATA/TECH/2035 Offshore Construction Engineering Register (Pipeline & Cables).xlsx,Sketch,223,INCLUDE,,SDOC-0ede6a9a010282d7a7b58c2c,GDOC-9b849c6755f1a78b2d5f6462
2035,TECH,GENERAL / MULTIDISCIPLINE,SKETCH,ENGINEERING SKETCH,OFO-P2035-SK-211,SEP-750 REMOVAL ARRANGEMENT OF GANGWAY AT US 142 PLATFORM,,..\Sketches\OFO-P2035-SK-211,DATA/TECH/2035 Offshore Construction Engineering Register (Pipeline & Cables).xlsx,Sketch,224,INCLUDE,,SDOC-c0f634f817b76f81c2817e0f,GDOC-69efe4951bca5dc92cee0fac
2035,TECH,GENERAL / MULTIDISCIPLINE,SKETCH,ENGINEERING SKETCH,OFO-P2035-SK-212,SEP-750 LIFTING & OFFLOADING ARRANGEMENT FOR BILLY PUGH FROM VESSEL TO BARGE AT US142 PLATFORM,,..\Sketches\OFO-P2035-SK-212,DATA/TECH/2035 Offshore Construction Engineering Register (Pipeline & Cables).xlsx,Sketch,225,INCLUDE,,SDOC-86731c5dcc138a09cb6f6d8e,GDOC-76714237e7243a2a153b57f5
2035,TECH,GENERAL / MULTIDISCIPLINE,SKETCH,ENGINEERING SKETCH,OFO-P2035-SK-213,SEP-750 LIFTING & OFFLOADING ARRANGEMENT FOR BILLY PUGH FROM BARGE TO VESSEL AT US142 PLATFORM,,..\Sketches\OFO-P2035-SK-213,DATA/TECH/2035 Offshore Construction Engineering Register (Pipeline & Cables).xlsx,Sketch,226,INCLUDE,,SDOC-ffea46f1fa9e4770cf578681,GDOC-88b1c9d8428e48914c2fd5ad
2035,TECH,GENERAL / MULTIDISCIPLINE,SKETCH,ENGINEERING SKETCH,OFO-P2035-SK-214,SEP-750 LIFTING & OFFLOADING BILLY PUGH FROM BARGE DECK TO PLATFORM AT US 142 PLATFORM,,..\Sketches\OFO-P2035-SK-214,DATA/TECH/2035 Offshore Construction Engineering Register (Pipeline & Cables).xlsx,Sketch,227,INCLUDE,,SDOC-2277374207434172d09a1011,GDOC-3e873de500ab46af9308a401
2035,TECH,GENERAL / MULTIDISCIPLINE,SKETCH,ENGINEERING SKETCH,OFO-P2035-SK-215,SEP-750 LIFTING & OFFLOADING BILLY PUGH FROM PLATFORM TO BARGE DECK AT US 142 PLATFORM,,..\Sketches\OFO-P2035-SK-215,DATA/TECH/2035 Offshore Construction Engineering Register (Pipeline & Cables).xlsx,Sketch,228,INCLUDE,,SDOC-01328ee7fb0dd002a0e3b3ab,GDOC-f40f22161f77a829fc180068
2035,TECH,GENERAL / MULTIDISCIPLINE,SKETCH,ENGINEERING SKETCH,OFO-P2035-SK-216,SEP-750 LIFTING & OFFLOADING ARRANGEMENT FOR PROJECT MATERIAL FROM VESSEL TO BARGE AT US142 PLATFORM,,..\Sketches\OFO-P2035-SK-216,DATA/TECH/2035 Offshore Construction Engineering Register (Pipeline & Cables).xlsx,Sketch,229,INCLUDE,,SDOC-15bbb99303ea7e19e8d9eab0,GDOC-f761ad35f3e876d3b54ce46e
2035,TECH,GENERAL / MULTIDISCIPLINE,SKETCH,ENGINEERING SKETCH,OFO-P2035-SK-217,SEP-750 LIFTING & OFFLOADING ARRANGEMENT FOR PROJECT MATERIAL FROM BARGE TO VESSEL AT US142 PLATFORM,,..\Sketches\OFO-P2035-SK-217,DATA/TECH/2035 Offshore Construction Engineering Register (Pipeline & Cables).xlsx,Sketch,230,INCLUDE,,SDOC-fe48563a851df205e4945810,GDOC-4ef9d1c958320a0c6abda995
2035,TECH,GENERAL / MULTIDISCIPLINE,SKETCH,ENGINEERING SKETCH,OFO-P2035-SK-218,SEP-750 LIFTING & OFFLOADING ARRANGEMENT FOR PROJECT MATERIAL FROM BARGE DECK TO PLATFORM AT US142 PLATFORM,,..\Sketches\OFO-P2035-SK-218,DATA/TECH/2035 Offshore Construction Engineering Register (Pipeline & Cables).xlsx,Sketch,231,INCLUDE,,SDOC-04232aa6b19c9bf43c870d42,GDOC-fd75d266a02f1c675aeb782f
2035,TECH,GENERAL / MULTIDISCIPLINE,SKETCH,ENGINEERING SKETCH,OFO-P2035-SK-219,SEP-750 LIFTING & OFFLOADING ARRANGEMENT FOR PROJECT MATERIAL FROM PLAT FORM TO BARGE DECK AT US142 PLATFORM,,..\Sketches\OFO-P2035-SK-219,DATA/TECH/2035 Offshore Construction Engineering Register (Pipeline & Cables).xlsx,Sketch,232,INCLUDE,,SDOC-38e17d0a69033bbbfe278be0,GDOC-7bbd169ae2fb736ef76d79e4
2035,TECH,GENERAL / MULTIDISCIPLINE,SKETCH,ENGINEERING SKETCH,OFO-P2035-SK-220,TYPICAL LIFTING ARRANGEMENT OF 70 MT GRAVITY ANCHOR BY SAPURA 1200,,..\Sketches\OFO-P2035-SK-220,DATA/TECH/2035 Offshore Construction Engineering Register (Pipeline & Cables).xlsx,Sketch,233,INCLUDE,,SDOC-b76277b6950fdf077d06bb17,GDOC-204880225d6417e51b171c0f
2035,TECH,GENERAL / MULTIDISCIPLINE,SKETCH,ENGINEERING SKETCH,OFO-P2035-SK-221,SAFEEN PEARL CABLE LAY CHUTE SHIFT TO STERN,,..\Sketches\OFO-P2035-SK-221,DATA/TECH/2035 Offshore Construction Engineering Register (Pipeline & Cables).xlsx,Sketch,234,INCLUDE,,SDOC-db3ea05ef3253eef2e636dc8,GDOC-645f5bfba8c39fb6b052d107
2035,TECH,GENERAL / MULTIDISCIPLINE,SKETCH,ENGINEERING SKETCH,OFO-P2035-SK-222,SEP-750 LIFTING & OFFLOADING ARRANGEMENT FOR 20 FT. CONTAINER FROM VESSEL TO BARGE AT US142 PLATFORM,,..\Sketches\OFO-P2035-SK-222,DATA/TECH/2035 Offshore Construction Engineering Register (Pipeline & Cables).xlsx,Sketch,235,INCLUDE,,SDOC-b11f84e74090e16cd15f6406,GDOC-14ae63087c88f54cdd6d1195
2035,TECH,GENERAL / MULTIDISCIPLINE,SKETCH,ENGINEERING SKETCH,OFO-P2035-SK-223,SEP-750 LIFTING & OFFLOADING ARRANGEMENT FOR 20 FT. CONTAINER FROM BARGE TO VESSEL AT US142 PLATFORM,,..\Sketches\OFO-P2035-SK-223,DATA/TECH/2035 Offshore Construction Engineering Register (Pipeline & Cables).xlsx,Sketch,236,INCLUDE,,SDOC-d1a269e16c2ea8778725871a,GDOC-2c496b38e70e23d072a4d04e
2035,TECH,GENERAL / MULTIDISCIPLINE,SKETCH,ENGINEERING SKETCH,OFO-P2035-SK-224,SEP-750 LIFTING & OFFLOADING ARRANGEMENT FOR 20 FT. CONTAINER FROM BARGE DECK TO PLATFORM AT US142 PLATFORM,,..\Sketches\OFO-P2035-SK-224,DATA/TECH/2035 Offshore Construction Engineering Register (Pipeline & Cables).xlsx,Sketch,237,INCLUDE,,SDOC-7cc25d856729bb1da6450280,GDOC-8c6e71c725d6526b132afd5b
2035,TECH,GENERAL / MULTIDISCIPLINE,SKETCH,ENGINEERING SKETCH,OFO-P2035-SK-225,"SEP-750 LIFTING & OFFLOADING ARRANGEMENT FOR 20 FT. CONTAINER FROM 
PLAT FORM TO BARGE DECK AT US142 PLATFORM",,..\Sketches\OFO-P2035-SK-225,DATA/TECH/2035 Offshore Construction Engineering Register (Pipeline & Cables).xlsx,Sketch,238,INCLUDE,,SDOC-b399c9cb222b1a3a6f126daf,GDOC-44184bc19fdef03e29e16409
2035,TECH,GENERAL / MULTIDISCIPLINE,SKETCH,ENGINEERING SKETCH,OFO-P2035-SK-226,TYPICAL LIFTING ARRANGEMENT OF ANCHOR BUOY BY SAPURA 1200,,..\Sketches\OFO-P2035-SK-226,DATA/TECH/2035 Offshore Construction Engineering Register (Pipeline & Cables).xlsx,Sketch,239,INCLUDE,,SDOC-7339d805c97511a1dd379f2f,GDOC-bcb3de584d352a3b0f3855cb
2035,TECH,GENERAL / MULTIDISCIPLINE,SKETCH,ENGINEERING SKETCH,OFO-P2035-SK-227,LBII Access Platform During RP-1 Floatover,,..\Sketches\OFO-P2035-SK-127,DATA/TECH/2035 Offshore Construction Engineering Register (Pipeline & Cables).xlsx,Sketch,240,INCLUDE,,SDOC-9a894dc567ca8e8f3e5eb868,GDOC-c87488f5c86a458a7d1a2928
2035,TECH,GENERAL / MULTIDISCIPLINE,SKETCH,ENGINEERING SKETCH,OFO-P2035-SK-228,TYPICAL CABLE PULLING ARRANGEMENT AT HP-1 (WITHOUT TOPSIDE),,..\Sketches\OFO-P2035-SK-228,DATA/TECH/2035 Offshore Construction Engineering Register (Pipeline & Cables).xlsx,Sketch,241,INCLUDE,,SDOC-29b0c5491ec16c0818cbf0b2,GDOC-e408655a5d93645547f3ac84
2035,TECH,GENERAL / MULTIDISCIPLINE,SKETCH,ENGINEERING SKETCH,OFO-P2035-SK-229,TYPICAL CABLE PULLING ARRANGEMENT AT HP-1 (WITH TOPSIDE),,..\Sketches\OFO-P2035-SK-229,DATA/TECH/2035 Offshore Construction Engineering Register (Pipeline & Cables).xlsx,Sketch,242,INCLUDE,,SDOC-4543a02a54ad416291c85680,GDOC-a91a7fe2da67fed68cae29a2
2035,TECH,GENERAL / MULTIDISCIPLINE,SKETCH,ENGINEERING SKETCH,OFO-P2035-SK-230,TYPICAL CABLE PULLING ARRANGEMENT AT HP-2 (WITHOUT TOPSIDE),,..\Sketches\OFO-P2035-SK-230,DATA/TECH/2035 Offshore Construction Engineering Register (Pipeline & Cables).xlsx,Sketch,243,INCLUDE,,SDOC-ac53cfb2f1d8d2adfee82fdd,GDOC-027d10a4f69fcf3f2f8cb2ff
2035,TECH,GENERAL / MULTIDISCIPLINE,SKETCH,ENGINEERING SKETCH,OFO-P2035-SK-231,TYPICAL CABLE PULLING ARRANGEMENT AT HP-2 (WITH TOPSIDE),,..\Sketches\OFO-P2035-SK-231,DATA/TECH/2035 Offshore Construction Engineering Register (Pipeline & Cables).xlsx,Sketch,244,INCLUDE,,SDOC-bed95570a9619cc0ac2d615a,GDOC-ad352afbe2d747cc331e43b3
2035,TECH,GENERAL / MULTIDISCIPLINE,SKETCH,ENGINEERING SKETCH,OFO-P2035-SK-232,TYPICAL CABLE PULLING ARRANGEMENT AT US-142A (WITHOUT TOPSIDE),,..\Sketches\OFO-P2035-SK-232,DATA/TECH/2035 Offshore Construction Engineering Register (Pipeline & Cables).xlsx,Sketch,245,INCLUDE,,SDOC-34f8136795c54e993a0a4a14,GDOC-f8fe5f90606690bf317a5488
2035,TECH,GENERAL / MULTIDISCIPLINE,SKETCH,ENGINEERING SKETCH,OFO-P2035-SK-233,TYPICAL CABLE PULLING ARRANGEMENT AT US-142A (WITH TOPSIDE),,..\Sketches\OFO-P2035-SK-233,DATA/TECH/2035 Offshore Construction Engineering Register (Pipeline & Cables).xlsx,Sketch,246,INCLUDE,,SDOC-75a577f7bac5f7938460d860,GDOC-b2c1d3d18cc50bc866aad577
2035,TECH,GENERAL / MULTIDISCIPLINE,SKETCH,ENGINEERING SKETCH,OFO-P2035-SK-234,"HORIZONTAL (HBS) START-UP ARRANGEMENT 16"" WF PIPELINE FROM US-12B TO USSC-RP1 (PL-2) AT RP-1 WITH SAPURA 1200",,..\Sketches\OFO-P2035-SK-234,DATA/TECH/2035 Offshore Construction Engineering Register (Pipeline & Cables).xlsx,Sketch,247,INCLUDE,,SDOC-682ec5b827cd69542207f443,GDOC-4dd3371daf9f016608fa4592
2035,TECH,GENERAL / MULTIDISCIPLINE,SKETCH,ENGINEERING SKETCH,OFO-P2035-SK-235,"START-UP ARRANGEMENT FOR 16"" WELL FLUID PIPELINE FROM US-159A TO US-12B (PL-1) - SAPURA 1200",,..\Sketches\OFO-P2035-SK-235,DATA/TECH/2035 Offshore Construction Engineering Register (Pipeline & Cables).xlsx,Sketch,248,INCLUDE,,SDOC-b0b1595d769357cdb13dbedd,GDOC-ee9f9ee7e3634eb21a337f6d
2035,TECH,GENERAL / MULTIDISCIPLINE,SKETCH,ENGINEERING SKETCH,OFO-P2035-SK-236,PADEYE FOR ROV CROSSHAUL - SAPURA 1200,,..\Sketches\OFO-P2035-SK-236,DATA/TECH/2035 Offshore Construction Engineering Register (Pipeline & Cables).xlsx,Sketch,249,INCLUDE,,SDOC-c6b54b5788f59bfdc496aab4,GDOC-edec24941549685fec801a55
2035,TECH,GENERAL / MULTIDISCIPLINE,SKETCH,ENGINEERING SKETCH,OFO-P2035-SK-237,HP-1 COUNTERWEIGHT PLATFORM LIFTING ARRANGEMENT & DETAILS,,..\Sketches\OFO-P2035-SK-237,DATA/TECH/2035 Offshore Construction Engineering Register (Pipeline & Cables).xlsx,Sketch,250,INCLUDE,,SDOC-0ae5060847460219a1adf663,GDOC-748a8bba0e198a6751705e12
2035,TECH,GENERAL / MULTIDISCIPLINE,SKETCH,ENGINEERING SKETCH,OFO-P2035-SK-238,HP-2 COUNTERWEIGHT PLATFORM LIFTING ARRANGEMENT & DETAILS,,,DATA/TECH/2035 Offshore Construction Engineering Register (Pipeline & Cables).xlsx,Sketch,251,INCLUDE,,SDOC-620078e2112832246e8b94ed,GDOC-1c3401e5d58f09a633066851
2035,TECH,GENERAL / MULTIDISCIPLINE,SKETCH,ENGINEERING SKETCH,OFO-P2035-SK-239,"START-UP ARRANGEMENT FOR 16"" WELL FLUID PIPELINE FROM HP-3 TO USSC-RP1 (PL-8) - SAPURA 1200",,..\Sketches\OFO-P2035-SK-239,DATA/TECH/2035 Offshore Construction Engineering Register (Pipeline & Cables).xlsx,Sketch,252,INCLUDE,,SDOC-aae21052f9b0a0ae656e8510,GDOC-a4e9cd1a75f14af37d102a24
2035,TECH,GENERAL / MULTIDISCIPLINE,SKETCH,ENGINEERING SKETCH,OFO-P2035-SK-240,HP-3 COUNTERWEIGHT PLATFORM LIFTING ARRANGEMENT & DETAILS,,..\Sketches\OFO-P2035-SK-240,DATA/TECH/2035 Offshore Construction Engineering Register (Pipeline & Cables).xlsx,Sketch,253,INCLUDE,,SDOC-ac06da972730a421a38512dc,GDOC-63846442a3c6013d2a0b1e27
2035,TECH,GENERAL / MULTIDISCIPLINE,SKETCH,ENGINEERING SKETCH,OFO-P2035-SK-241,"TYPICAL GRAVITY ANCHOR LIFTING ARRANGEMENT (HP1, HP2 AND HP3 COUNTER WEIGHT PLATFORM) USING DLS-4200",,..\Sketches\OFO-P2035-SK-241,DATA/TECH/2035 Offshore Construction Engineering Register (Pipeline & Cables).xlsx,Sketch,254,INCLUDE,,SDOC-d6c9269d65bf334812f10be9,GDOC-72690fcd96cd46fb4a8d7aa8
2035,TECH,GENERAL / MULTIDISCIPLINE,SKETCH,ENGINEERING SKETCH,OFO-P2035-SK-242,SEP-750 INSTALLATION ARRANGEMENT OF GANGWAY BETWEEN US 142 AND US 142A,,..\Sketches\OFO-P2035-SK-242,DATA/TECH/2035 Offshore Construction Engineering Register (Pipeline & Cables).xlsx,Sketch,255,INCLUDE,,SDOC-1e9fe4c5f3db958712fe1d5a,GDOC-527a6e18bbb0b1cd8546875e
2035,TECH,GENERAL / MULTIDISCIPLINE,SKETCH,ENGINEERING SKETCH,OFO-P2035-SK-243,INSTALLATION RIGGING FOR SAND/CEMENT BAG,,..\Sketches\OFO-P2035-SK-243,DATA/TECH/2035 Offshore Construction Engineering Register (Pipeline & Cables).xlsx,Sketch,256,INCLUDE,,SDOC-6c607349eba926da426ebb61,GDOC-c65808508aa5ab990290808e
2035,TECH,GENERAL / MULTIDISCIPLINE,SKETCH,ENGINEERING SKETCH,OFO-P2035-SK-244,TYPICAL LIFTING & HANDLING ARRANGEMENT FOR HALF-MOON BY OSV SAFEEN PEARL,,..\Sketches\OFO-P2035-SK-244,DATA/TECH/2035 Offshore Construction Engineering Register (Pipeline & Cables).xlsx,Sketch,257,INCLUDE,,SDOC-f861f00308a02ad620dc435e,GDOC-6a4ca7c38319e289267225e7
2035,TECH,GENERAL / MULTIDISCIPLINE,SKETCH,ENGINEERING SKETCH,OFO-P2035-SK-245,PIPELINE SHIFTING SEQUENCE DURING LAYDOWN SKETCH FOR PL-5,,..\Sketches\OFO-P2035-SK-245,DATA/TECH/2035 Offshore Construction Engineering Register (Pipeline & Cables).xlsx,Sketch,258,INCLUDE,,SDOC-444e4fdbb823b81e898b6473,GDOC-c8cd8371475ee2beec02ff95
2035,TECH,GENERAL / MULTIDISCIPLINE,SKETCH,ENGINEERING SKETCH,OFO-P2035-SK-246,TEMPORARY BOLLARD DETAILS FOR ASTRO-304,,..\Sketches\OFO-P2035-SK-246,DATA/TECH/2035 Offshore Construction Engineering Register (Pipeline & Cables).xlsx,Sketch,259,INCLUDE,,SDOC-4ed6274f97ee9197cdf11e36,GDOC-add8f67085a30ab1dd809643
2035,TECH,GENERAL / MULTIDISCIPLINE,SKETCH,ENGINEERING SKETCH,OFO-P2035-SK-247,HEA TITAN LIFTING & OFFLOADING ARRANGEMENT FOR GANGWAY AT WIP,,,DATA/TECH/2035 Offshore Construction Engineering Register (Pipeline & Cables).xlsx,Sketch,260,INCLUDE,,SDOC-6f327e2a4437362f21ab14b2,GDOC-1396d2dd003c154e67885c07
2035,TECH,GENERAL / MULTIDISCIPLINE,SKETCH,ENGINEERING SKETCH,OFO-P2035-SK-248,HEA TITAN LIFTING & INSTALLATION ARRANGEMENT OF GANGWAY AT WIP,,,DATA/TECH/2035 Offshore Construction Engineering Register (Pipeline & Cables).xlsx,Sketch,261,INCLUDE,,SDOC-c1dccb6927ce020b7528de81,GDOC-14f5bba471c77f5356f6a77c
2035,TECH,GENERAL / MULTIDISCIPLINE,SKETCH,ENGINEERING SKETCH,OFO-P2035-SK-249,HEA TITAN REMOVAL ARRANGEMENT OF GANGWAY AT WIP,,,DATA/TECH/2035 Offshore Construction Engineering Register (Pipeline & Cables).xlsx,Sketch,262,INCLUDE,,SDOC-0975f85ee17eb8c209d91aca,GDOC-4b52002169ea8790edd5536b
2035,TECH,GENERAL / MULTIDISCIPLINE,SKETCH,ENGINEERING SKETCH,OFO-P2035-SK-250,"PIPELINE SHIFTING DURING LAYDOWN AT US-12B (KP3.934) FOR PROPOSED 16"" WELL FLUID PIPELINE FROM US-159A TO US-12B (PL-1)",,..\Sketches\OFO-P2035-SK-250,DATA/TECH/2035 Offshore Construction Engineering Register (Pipeline & Cables).xlsx,Sketch,263,INCLUDE,,SDOC-b0ed84206c9be716a5ae5488,GDOC-edea82f60e81ac3e5eaaecf0
2035,TECH,GENERAL / MULTIDISCIPLINE,SKETCH,ENGINEERING SKETCH,OFO-P2035-SK-251,"DMA START-UP ARRANGEMENT FOR  PROPOSED 18"" WELL FUID SUBSEA PIPELINE FROM (PL-6) FROM HP-1 TO HP2",,..\Sketches\OFO-P2035-SK-251,DATA/TECH/2035 Offshore Construction Engineering Register (Pipeline & Cables).xlsx,Sketch,264,INCLUDE,,SDOC-72c9612f40c184f2897ea92b,GDOC-d941651e806c5bcdbd404ce2
2035,TECH,GENERAL / MULTIDISCIPLINE,SKETCH,ENGINEERING SKETCH,OFO-P2035-SK-252,TYPICAL LIFTING ARRANGEMENT FOR TEMPORARY SUPPORT,,..\Sketches\OFO-P2035-SK-252,DATA/TECH/2035 Offshore Construction Engineering Register (Pipeline & Cables).xlsx,Sketch,265,INCLUDE,,SDOC-b9992004dc4ed60650fdcb44,GDOC-ccb42b70dbaee8ba9a433608
2035,TECH,GENERAL / MULTIDISCIPLINE,SKETCH,ENGINEERING SKETCH,OFO-P2035-SK-253,HEA TITAN LIFTING & OFFLOADING ARRANGEMENT FOR GANGWAY FROM BARGE DECK TO PLATFORM & PLATFORM TO BARGE DECK AT WIP,,..\Sketches\OFO-P2035-SK-253,DATA/TECH/2035 Offshore Construction Engineering Register (Pipeline & Cables).xlsx,Sketch,266,INCLUDE,,SDOC-97cb4ffe575544abc91e8c67,GDOC-99e5a4aa765f933c431a921b
2035,TECH,GENERAL / MULTIDISCIPLINE,SKETCH,ENGINEERING SKETCH,OFO-P2035-SK-254,HEA TITAN  LIFTING & OFFLOADING ARRANGEMENT OF BILLY PUGH AT SUPPLY VESSEL & BARGE DECK,,..\Sketches\OFO-P2035-SK-254,DATA/TECH/2035 Offshore Construction Engineering Register (Pipeline & Cables).xlsx,Sketch,267,INCLUDE,,SDOC-49560ff13bd900973179118d,GDOC-cbea247663b989cee16666a2
2035,TECH,GENERAL / MULTIDISCIPLINE,SKETCH,ENGINEERING SKETCH,OFO-P2035-SK-255,HEA TITAN  LIFTING & OFFLOADING ARRANGEMENT OF BILLY PUGH AT BARGE DECK & WIP PLATFORM,,..\Sketches\OFO-P2035-SK-255,DATA/TECH/2035 Offshore Construction Engineering Register (Pipeline & Cables).xlsx,Sketch,268,INCLUDE,,SDOC-e9b49b94ee06d89b10ccbd6e,GDOC-9bee62dafdc7067bf7de8ad1
2035,TECH,GENERAL / MULTIDISCIPLINE,SKETCH,ENGINEERING SKETCH,OFO-P2035-SK-256,HEA TITAN  LIFTING & OFFLOADING ARRANGEMENT OF 20 FT. CONTAINER AT SUPPLY VESSEL & BARGE DECK,,..\Sketches\OFO-P2035-SK-256,DATA/TECH/2035 Offshore Construction Engineering Register (Pipeline & Cables).xlsx,Sketch,269,INCLUDE,,SDOC-e273f242c88a3fbd7ee90362,GDOC-dea5456f0b5e8af31fb234ac
2035,TECH,GENERAL / MULTIDISCIPLINE,SKETCH,ENGINEERING SKETCH,OFO-P2035-SK-257,HEA TITAN  LIFTING & OFFLOADING ARRANGEMENT OF 20 FT. CONTAINER AT BARGE DECK & WIP PLATFORM,,..\Sketches\OFO-P2035-SK-257,DATA/TECH/2035 Offshore Construction Engineering Register (Pipeline & Cables).xlsx,Sketch,270,INCLUDE,,SDOC-474715962e4f18f3870b1a38,GDOC-184136a89118e4061dde69e5
2035,TECH,GENERAL / MULTIDISCIPLINE,SKETCH,ENGINEERING SKETCH,OFO-P2035-SK-258,TYPICAL LIFTING & OFFLOADING ARRANGEMENT FOR BELL MOUTH PLATE BY SAFEEN PEARL,,..\Sketches\OFO-P2035-SK-258,DATA/TECH/2035 Offshore Construction Engineering Register (Pipeline & Cables).xlsx,Sketch,271,INCLUDE,,SDOC-87bb0c2926790b7c3c7eab03,GDOC-79b9ce945d445e573312fc41
2035,TECH,GENERAL / MULTIDISCIPLINE,SKETCH,ENGINEERING SKETCH,OFO-P2035-SK-259,HEA TITAN LIFTING & OFFLOADING ARRANGEMENT OF SCAFFOLDING BUNDLE AT SUPPLY VESSEL & BARGE DECK,,..\Sketches\OFO-P2035-SK-259,DATA/TECH/2035 Offshore Construction Engineering Register (Pipeline & Cables).xlsx,Sketch,272,INCLUDE,,SDOC-f33e1e2f4125303e75709e7b,GDOC-1eaa5e92e3743fda56cdb5dd
2035,TECH,GENERAL / MULTIDISCIPLINE,SKETCH,ENGINEERING SKETCH,OFO-P2035-SK-260,HEA TITAN LIFTING & OFFLOADING ARRANGEMENT OF SCAFFOLDING BUNDLE  AT BARGE DECK & WIP PLATFORM,,..\Sketches\OFO-P2035-SK-260,DATA/TECH/2035 Offshore Construction Engineering Register (Pipeline & Cables).xlsx,Sketch,273,INCLUDE,,SDOC-1a23a852a682223ef549dd4a,GDOC-47f3f15d1910318f5a6b5608
2035,TECH,GENERAL / MULTIDISCIPLINE,SKETCH,ENGINEERING SKETCH,OFO-P2035-SK-261,PL-2 PIPELINE DAVIT LIFT AT US-12B WITH DLB-1000 (STBD SIDE),,..\Sketches\OFO-P2035-SK-261,DATA/TECH/2035 Offshore Construction Engineering Register (Pipeline & Cables).xlsx,Sketch,274,INCLUDE,,SDOC-4875cd1bbcd78b2cdfdb9de1,GDOC-5a2944c5deb7db0eab5b7bdc
2035,TECH,GENERAL / MULTIDISCIPLINE,SKETCH,ENGINEERING SKETCH,OFO-P2035-SK-262,STALK-ON AT RP1 FOR PL-2 WITH DLB-1000 (STBD SIDE),,..\Sketches\OFO-P2035-SK-262,DATA/TECH/2035 Offshore Construction Engineering Register (Pipeline & Cables).xlsx,Sketch,275,INCLUDE,,SDOC-3c399626ec07ed7123615906,GDOC-851263a91a743c2252fb42bc
2035,TECH,GENERAL / MULTIDISCIPLINE,SKETCH,ENGINEERING SKETCH,OFO-P2035-SK-263,A-FRAME DETAILS  (AS-BUILT),,..\Sketches\OFO-P2035-SK-263,DATA/TECH/2035 Offshore Construction Engineering Register (Pipeline & Cables).xlsx,Sketch,276,INCLUDE,,SDOC-60d1ad4155f8459c53931fa0,GDOC-fa4e497400ae215f1e0fa26b
2035,TECH,GENERAL / MULTIDISCIPLINE,SKETCH,ENGINEERING SKETCH,OFO-P2035-SK-264,MONO RAIL SUPPORT DETAILS (AS-BUILT),,..\Sketches\OFO-P2035-SK-264,DATA/TECH/2035 Offshore Construction Engineering Register (Pipeline & Cables).xlsx,Sketch,277,INCLUDE,,SDOC-c518f1a3c498d94d0e168ed1,GDOC-082f020621fb73f09736b973
2035,TECH,GENERAL / MULTIDISCIPLINE,SKETCH,ENGINEERING SKETCH,OFO-P2035-SK-265,ROLLER BOX SUPPORT DETAILS (AS-BUILT),,..\Sketches\OFO-P2035-SK-265,DATA/TECH/2035 Offshore Construction Engineering Register (Pipeline & Cables).xlsx,Sketch,278,INCLUDE,,SDOC-329f1d35f1d5403d16e13aea,GDOC-aebe2f679f7da8d4a78e20d4
2035,TECH,GENERAL / MULTIDISCIPLINE,SKETCH,ENGINEERING SKETCH,OFO-P2035-SK-266,SEP-750 LIFTING & INSTALLATION ARRANGEMENT OF GANGWAY AT USSC-RP1WEST SIDE PLATFORM,,..\Sketches\OFO-P2035-SK-266,DATA/TECH/2035 Offshore Construction Engineering Register (Pipeline & Cables).xlsx,Sketch,279,INCLUDE,,SDOC-a02810ab3057486d5c4c1a40,GDOC-53de2e10744599e4bdeca85f
2035,TECH,GENERAL / MULTIDISCIPLINE,SKETCH,ENGINEERING SKETCH,OFO-P2035-SK-267,SEP-750 REMOVAL ARRANGEMENT OF GANGWAY AT USSC-RP1WEST SIDE PLATFORM,,..\Sketches\OFO-P2035-SK-267,DATA/TECH/2035 Offshore Construction Engineering Register (Pipeline & Cables).xlsx,Sketch,280,INCLUDE,,SDOC-30f6e1291e350f6a6f264219,GDOC-cff1a57b9b26f53dabff369d
2035,TECH,GENERAL / MULTIDISCIPLINE,SKETCH,ENGINEERING SKETCH,OFO-P2035-SK-268,SEP-750 LIFTING & OFFLOADING ARRANGEMENT FOR BILLY PUGH FROM VESSEL TO USSC-RP1WEST SIDE PLATFORM,,..\Sketches\OFO-P2035-SK-268,DATA/TECH/2035 Offshore Construction Engineering Register (Pipeline & Cables).xlsx,Sketch,281,INCLUDE,,SDOC-80d0a6a7fc3fcc12eb28be4f,GDOC-b819001f8bebfc076678aeac
2035,TECH,GENERAL / MULTIDISCIPLINE,SKETCH,ENGINEERING SKETCH,OFO-P2035-SK-269,SEP-750 LIFTING & OFFLOADING ARRANGEMENT FOR BILLY PUGH FROM BARGE TO VESSEL AT USSC-RP1WEST SIDE PLATFORM,,..\Sketches\OFO-P2035-SK-269,DATA/TECH/2035 Offshore Construction Engineering Register (Pipeline & Cables).xlsx,Sketch,282,INCLUDE,,SDOC-63bb2c6e8d7373e98db16a0b,GDOC-2d81d0e09ac21e47bc070451
2035,TECH,GENERAL / MULTIDISCIPLINE,SKETCH,ENGINEERING SKETCH,OFO-P2035-SK-270,SEP-750 LIFTING & OFFLOADING BILLY PUGH FROM BARGE DECK TO PLATFORM AT USSC-RP1 WEST SIDE PLATFORM,,..\Sketches\OFO-P2035-SK-270,DATA/TECH/2035 Offshore Construction Engineering Register (Pipeline & Cables).xlsx,Sketch,283,INCLUDE,,SDOC-604cfd59b7e0d9033e81744f,GDOC-c15089f0725acc58b193b0ce
2035,TECH,GENERAL / MULTIDISCIPLINE,SKETCH,ENGINEERING SKETCH,OFO-P2035-SK-271,SEP-750 LIFTING & OFFLOADING BILLY PUGH FROM PLATFORM TO BARGE DECK AT USSC-RP1 WEST SIDE PLATFORM,,..\Sketches\OFO-P2035-SK-271,DATA/TECH/2035 Offshore Construction Engineering Register (Pipeline & Cables).xlsx,Sketch,284,INCLUDE,,SDOC-3a243c182b831ac1e63dd727,GDOC-11cec1b023556f64607a4013
2035,TECH,GENERAL / MULTIDISCIPLINE,SKETCH,ENGINEERING SKETCH,OFO-P2035-SK-272,SEP-750 LIFTING & OFFLOADING ARRANGEMENT FOR PROJECT MATERIAL FROM VESSEL TO BARGE AT USSC-RP1 WEST SIDE PLATFORM,,..\Sketches\OFO-P2035-SK-272,DATA/TECH/2035 Offshore Construction Engineering Register (Pipeline & Cables).xlsx,Sketch,285,INCLUDE,,SDOC-94c1500d184d6bcf14445591,GDOC-2cac4dfdce8cfb5ea8f66464
2035,TECH,GENERAL / MULTIDISCIPLINE,SKETCH,ENGINEERING SKETCH,OFO-P2035-SK-273,SEP-750 LIFTING & OFFLOADING ARRANGEMENT FOR PROJECT MATERIAL FROM BARGE TO VESSEL AT USSC-RP1 WEST SIDE PLATFORM,,..\Sketches\OFO-P2035-SK-273,DATA/TECH/2035 Offshore Construction Engineering Register (Pipeline & Cables).xlsx,Sketch,286,INCLUDE,,SDOC-864cc75d78409c1d46c2f8d3,GDOC-99021dd86e7938f703e8fe14
2035,TECH,GENERAL / MULTIDISCIPLINE,SKETCH,ENGINEERING SKETCH,OFO-P2035-SK-274,SEP-750 LIFTING & OFFLOADING ARRANGEMENT FOR PROJECT MATERIAL FROM BARGE DECK TO PLATFORM AT USSC-RP1 WEST SIDE PLATFORM,,..\Sketches\OFO-P2035-SK-274,DATA/TECH/2035 Offshore Construction Engineering Register (Pipeline & Cables).xlsx,Sketch,287,INCLUDE,,SDOC-8b68bc6a0ee02f96e7390614,GDOC-5e4f1e7905e9f2ab8093fa04
2035,TECH,GENERAL / MULTIDISCIPLINE,SKETCH,ENGINEERING SKETCH,OFO-P2035-SK-275,SEP-750 LIFTING & OFFLOADING ARRANGEMENT FOR PROJECT MATERIAL FROM PLATFORM TO BARGE DECK AT USSC-RP1 WEST SIDE PLATFORM,,..\Sketches\OFO-P2035-SK-275,DATA/TECH/2035 Offshore Construction Engineering Register (Pipeline & Cables).xlsx,Sketch,288,INCLUDE,,SDOC-82dabe031effd86ae50089da,GDOC-c42f85eccaa571258c739d3f
2035,TECH,GENERAL / MULTIDISCIPLINE,SKETCH,ENGINEERING SKETCH,OFO-P2035-SK-276,"DMA START-UP ARRANGEMENT FOR 16"" WI PIPELINE (PL-11) FROM HP-2 TO HP-1",,..\Sketches\OFO-P2035-SK-276,DATA/TECH/2035 Offshore Construction Engineering Register (Pipeline & Cables).xlsx,Sketch,289,INCLUDE,,SDOC-c5629ad41dffeb6b1fa9211f,GDOC-2f1a7391d645b46fc5cf8c67
2035,TECH,GENERAL / MULTIDISCIPLINE,SKETCH,ENGINEERING SKETCH,OFO-P2035-SK-277,SEP-750 LIFTING & OFFLOADING ARRANGEMENT FOR 20FT CONTAINER FROM VESSEL TO BARGE AT USSC-RP1 PLATFORM,,,DATA/TECH/2035 Offshore Construction Engineering Register (Pipeline & Cables).xlsx,Sketch,290,INCLUDE,,SDOC-a6de7d849c60795e4ecf8445,GDOC-e7c0df28d7c112013da2c96b
2035,TECH,GENERAL / MULTIDISCIPLINE,SKETCH,ENGINEERING SKETCH,OFO-P2035-SK-278,SEP-750 LIFTING & OFFLOADING ARRANGEMENT FOR 20FT CONTAINER FROM BARGE TO VESSEL AT USSC-RP1 PLATFORM,,,DATA/TECH/2035 Offshore Construction Engineering Register (Pipeline & Cables).xlsx,Sketch,291,INCLUDE,,SDOC-abcac61ada2b7d97f493cd5b,GDOC-c843fbea8de0eeb0b6f61608
2035,TECH,GENERAL / MULTIDISCIPLINE,SKETCH,ENGINEERING SKETCH,OFO-P2035-SK-279,STALK-ON AT RP-1 FOR PL-3 WITH SAFEEN-3000 (PORT SIDE),,..\Sketches\OFO-P2035-SK-279,DATA/TECH/2035 Offshore Construction Engineering Register (Pipeline & Cables).xlsx,Sketch,292,INCLUDE,,SDOC-339f60a86c17d2376e22f2e8,GDOC-28b08180000f3732b8327a04
2035,TECH,GENERAL / MULTIDISCIPLINE,SKETCH,ENGINEERING SKETCH,OFO-P2035-SK-280,PL3 PIPELINE DAVIT LIFT AT US-142A WITH SAFEEN 3000 (PORT SIDE),,..\Sketches\OFO-P2035-SK-280,DATA/TECH/2035 Offshore Construction Engineering Register (Pipeline & Cables).xlsx,Sketch,293,INCLUDE,,SDOC-8ef961d856cd8411fc4c4d34,GDOC-2f01b4db6f1d9b68315fcc92
2035,TECH,GENERAL / MULTIDISCIPLINE,SKETCH,ENGINEERING SKETCH,OFO-P2035-SK-281,STALK-ON AT RP-1 FOR PL-5 WITH SAFEEN-3000 (PORT SIDE),,..\Sketches\OFO-P2035-SK-281,DATA/TECH/2035 Offshore Construction Engineering Register (Pipeline & Cables).xlsx,Sketch,294,INCLUDE,,SDOC-4abbabb21b3b059727afa9d3,GDOC-60c2a51f0c4171827e775f0b
2035,TECH,GENERAL / MULTIDISCIPLINE,SKETCH,ENGINEERING SKETCH,OFO-P2035-SK-282,H&G - SAFEEN 3000 DECK LAYOUT DURING STALK ON RISER INSTALLATION,,..\Sketches\OFO-P2035-SK-282,DATA/TECH/2035 Offshore Construction Engineering Register (Pipeline & Cables).xlsx,Sketch,295,INCLUDE,,SDOC-9cde27d0ad3b8b1d68a1be2e,GDOC-90a683e06d043cffe06fcd9f
2035,TECH,GENERAL / MULTIDISCIPLINE,SKETCH,ENGINEERING SKETCH,OFO-P2035-SK-283,STALK-ON AT RP-1 FOR PL-7 WITH SAFEEN-3000 (PORT SIDE),,..\Sketches\OFO-P2035-SK-283,DATA/TECH/2035 Offshore Construction Engineering Register (Pipeline & Cables).xlsx,Sketch,296,INCLUDE,,SDOC-4f2fe5fdc39fa2cf45dfc3e6,GDOC-c9d5f4bff0006a4cb68d5dd4
2035,TECH,GENERAL / MULTIDISCIPLINE,SKETCH,ENGINEERING SKETCH,OFO-P2035-SK-284,"RISER TOP PLATE & PADEYE DETAILS FOR 16"" RISER",,..\Sketches\OFO-P2035-SK-284,DATA/TECH/2035 Offshore Construction Engineering Register (Pipeline & Cables).xlsx,Sketch,297,INCLUDE,,SDOC-eb843a43ec282f2fca8a08a1,GDOC-b63c560f4ed54d022e85a22c
2035,TECH,GENERAL / MULTIDISCIPLINE,SKETCH,ENGINEERING SKETCH,OFO-P2035-SK-285,"RISER TOP PLATE & PADEYE DETAILS FOR 18"" RISER",,..\Sketches\OFO-P2035-SK-285,DATA/TECH/2035 Offshore Construction Engineering Register (Pipeline & Cables).xlsx,Sketch,298,INCLUDE,,SDOC-bf9541b0b749019962137554,GDOC-40e0e02b7b9facd0c2774d73
2035,TECH,GENERAL / MULTIDISCIPLINE,SKETCH,ENGINEERING SKETCH,OFO-P2035-SK-286,"AWTI PLATFORM, ROV CONTROL SEAFASTENING AND MOORING GUARD DETAIL AT SAFEEN 3000",,..\Sketches\OFO-P2035-SK-286,DATA/TECH/2035 Offshore Construction Engineering Register (Pipeline & Cables).xlsx,Sketch,299,INCLUDE,,SDOC-786802096625dabc4e54c9b5,GDOC-eb38de8eb4fdaa7c572437ed
2035,TECH,GENERAL / MULTIDISCIPLINE,SKETCH,ENGINEERING SKETCH,OFO-P2035-SK-287,STALK-ON AT RP-1 FOR PL8 WITH SAFEEN-3000 (PORT SIDE),,..\Sketches\OFO-P2035-SK-287,DATA/TECH/2035 Offshore Construction Engineering Register (Pipeline & Cables).xlsx,Sketch,300,INCLUDE,,SDOC-84f1ccf164ea8e5b56707690,GDOC-ed47eb00e4bd6bc86d10f29d
2035,TECH,GENERAL / MULTIDISCIPLINE,SKETCH,ENGINEERING SKETCH,OFO-P2035-SK-288,STALK-ON AT RP-1 FOR PL2 WITH SAFEEN-3000 (PORT SIDE),,..\Sketches\OFO-P2035-SK-288,DATA/TECH/2035 Offshore Construction Engineering Register (Pipeline & Cables).xlsx,Sketch,301,INCLUDE,,SDOC-e6379d435b9b5c963b119326,GDOC-5e834dc99c403e342ecdba42
2035,TECH,GENERAL / MULTIDISCIPLINE,SKETCH,ENGINEERING SKETCH,OFO-P2035-SK-289,PL-2 PIPELINE DAVIT LIFT AT US-12B WITH SAFEEN-3000 (PORT SIDE),,..\Sketches\OFO-P2035-SK-289,DATA/TECH/2035 Offshore Construction Engineering Register (Pipeline & Cables).xlsx,Sketch,302,INCLUDE,,SDOC-9d043dd1904b1cde20033956,GDOC-fdc30abdab48ec3f90c29f6d
2035,TECH,GENERAL / MULTIDISCIPLINE,SKETCH,ENGINEERING SKETCH,OFO-P2035-SK-290,GAUGE PLATE DETAILS,,..\Sketches\OFO-P2035-SK-290,DATA/TECH/2035 Offshore Construction Engineering Register (Pipeline & Cables).xlsx,Sketch,303,INCLUDE,,SDOC-c8a0bd8f56105d6db13d7f99,GDOC-947ad648a45914938200f231
2035,TECH,GENERAL / MULTIDISCIPLINE,SKETCH,ENGINEERING SKETCH,OFO-P2035-SK-291,TYPICAL LIFTING AND INSTALLATION OF REELS BY SAFEEN 3000,,..\Sketches\OFO-P2035-SK-291,DATA/TECH/2035 Offshore Construction Engineering Register (Pipeline & Cables).xlsx,Sketch,304,INCLUDE,,SDOC-1037ac617be10b843802f78c,GDOC-d0cec67b9219756208641445
2035,TECH,GENERAL / MULTIDISCIPLINE,SKETCH,ENGINEERING SKETCH,OFO-P2035-SK-292,LIFTING ARRANGEMENT OF DIVING MATERIAL BASKET BY SAFEEN-3000,,..\Sketches\OFO-P2035-SK-292,DATA/TECH/2035 Offshore Construction Engineering Register (Pipeline & Cables).xlsx,Sketch,305,INCLUDE,,SDOC-e93f5c9377a6876bfaf7c69b,GDOC-6b4947fe0ac1766c4acaa029
2035,TECH,GENERAL / MULTIDISCIPLINE,SKETCH,ENGINEERING SKETCH,OFO-P2035-SK-293,LIFTING ARRANGEMENT OF SAND / CEMENT BAGS USING JUMBO BAG BY SAFEEN-3000,,..\Sketches\OFO-P2035-SK-293,DATA/TECH/2035 Offshore Construction Engineering Register (Pipeline & Cables).xlsx,Sketch,306,INCLUDE,,SDOC-d5ad0d4bb2a08a2b762e5df2,GDOC-3b2fde4dbd42b05b987ee6a9
2035,TECH,GENERAL / MULTIDISCIPLINE,SKETCH,ENGINEERING SKETCH,OFO-P2035-SK-294,LIFTING ARRANGEMENT OF SAND / CEMENT BAGS USING CARGO NET BAG BY SAFEEN-3000,,..\Sketches\OFO-P2035-SK-294,DATA/TECH/2035 Offshore Construction Engineering Register (Pipeline & Cables).xlsx,Sketch,307,INCLUDE,,SDOC-82f575b728b3677671947fb3,GDOC-05ff73c987f14ecdd3928317
2035,TECH,GENERAL / MULTIDISCIPLINE,SKETCH,ENGINEERING SKETCH,OFO-P2035-SK-295,14 INCHES NON RATED SPADE,,..\Sketches\OFO-P2035-SK-295,DATA/TECH/2035 Offshore Construction Engineering Register (Pipeline & Cables).xlsx,Sketch,308,INCLUDE,,SDOC-fc57b7bc1f756f029a230de7,GDOC-844ab015f152962e38a322ae
2035,TECH,GENERAL / MULTIDISCIPLINE,SKETCH,ENGINEERING SKETCH,OFO-P2035-SK-296,LIFTING ARRANGEMENT OF DIVING BASKET FOR GOLDEN GATE DEPLOYMENT BY SAFEEN-3000,,..\Sketches\OFO-P2035-SK-296,DATA/TECH/2035 Offshore Construction Engineering Register (Pipeline & Cables).xlsx,Sketch,309,INCLUDE,,SDOC-dec66ea8f4e8b00be9b09518,GDOC-f91061c8a8ca0e596ce88b19
2035,TECH,GENERAL / MULTIDISCIPLINE,SKETCH,ENGINEERING SKETCH,OFO-P2035-SK-297,SEP-750 LIFTING & OFFLOADING BILLY PUGH BETWEEN BARGE DECK AT USSC-RP1 WEST SIDE AND SUPPLY VESSEL AT PORTSIDE USING SEA TRAX CRANE,,,DATA/TECH/2035 Offshore Construction Engineering Register (Pipeline & Cables).xlsx,Sketch,310,INCLUDE,,SDOC-816b30008cd569317b1c118a,GDOC-79dabf553b27d5486e09a7cb
2035,TECH,GENERAL / MULTIDISCIPLINE,SKETCH,ENGINEERING SKETCH,OFO-P2035-SK-298,SEP-750 LIFTING & OFFLOADING PROJECT MATERIAL BETWEEN BARGE DECK AT USSC-RP1 WEST SIDE AND SUPPLY VESSEL AT STARBOARD SIDE USING SEA TRAX CRANE,,,DATA/TECH/2035 Offshore Construction Engineering Register (Pipeline & Cables).xlsx,Sketch,311,INCLUDE,,SDOC-929ede202e3fb8327bde7094,GDOC-35568c0bbb0b27967f06d53e
2035,TECH,GENERAL / MULTIDISCIPLINE,SKETCH,ENGINEERING SKETCH,OFO-P2035-SK-299,SEP-750 LIFTING & OFFLOADING BILLY PUGH BETWEEN BARGE DECK AT USSC-RP1 WEST SIDE AND SUPPLY VESSEL AT STARBOARD USING SEA TRAX CRANE,,,DATA/TECH/2035 Offshore Construction Engineering Register (Pipeline & Cables).xlsx,Sketch,312,INCLUDE,,SDOC-40b15e3eeb006d86654c7494,GDOC-68e3ad4d09254b2fd85451e9
2035,TECH,GENERAL / MULTIDISCIPLINE,SKETCH,ENGINEERING SKETCH,OFO-P2035-SK-300,SEP-750 LIFTING & OFFLOADING PROJECT MATERIAL BETWEEN BARGE DECK AT USSC-RP1 WEST SIDE AND SUPPLY VESSEL AT PORTSIDE USING SEA TRAX CRANE,,,DATA/TECH/2035 Offshore Construction Engineering Register (Pipeline & Cables).xlsx,Sketch,313,INCLUDE,,SDOC-b3d35dd8713be44eb1216da7,GDOC-b1714e458b25ed430c2d5629
2035,TECH,GENERAL / MULTIDISCIPLINE,SKETCH,ENGINEERING SKETCH,OFO-P2035-SK-301,RECOVERY ARRANGEMENT OF START-UP / LAYDOWN HEAD BY SAFEEN-3000,,..\Sketches\OFO-P2035-SK-301,DATA/TECH/2035 Offshore Construction Engineering Register (Pipeline & Cables).xlsx,Sketch,314,INCLUDE,,SDOC-aafd61b6fd4d9a6b74831a9e,GDOC-6065ac432c28820992d8da9b
2035,TECH,GENERAL / MULTIDISCIPLINE,SKETCH,ENGINEERING SKETCH,OFO-P2035-SK-302,RECOVERY ARRANGEMENT OF KNEE BARCE BY SAFEEN-3000,,..\Sketches\OFO-P2035-SK-302,DATA/TECH/2035 Offshore Construction Engineering Register (Pipeline & Cables).xlsx,Sketch,315,INCLUDE,,SDOC-36c01b1aec2fe9c1330d6ceb,GDOC-659b2b3c48b6ae969d462716
2035,TECH,GENERAL / MULTIDISCIPLINE,SKETCH,ENGINEERING SKETCH,OFO-P2035-SK-303,LIFTING ARRANGEMENT OF WIRE ROPE BY SAFEEN-3000,,..\Sketches\OFO-P2035-SK-303,DATA/TECH/2035 Offshore Construction Engineering Register (Pipeline & Cables).xlsx,Sketch,316,INCLUDE,,SDOC-a929ece6c990f5348d041d84,GDOC-02d3383dfe07344221895290
2035,TECH,GENERAL / MULTIDISCIPLINE,SKETCH,ENGINEERING SKETCH,OFO-P2035-SK-304,LIFTING ARRANGEMENT OF AIRLIFT PIPE BY SAFEEN-3000,,..\Sketches\OFO-P2035-SK-304,DATA/TECH/2035 Offshore Construction Engineering Register (Pipeline & Cables).xlsx,Sketch,317,INCLUDE,,SDOC-669478ffdeca11f814f17f94,GDOC-6bd06cd032427a408428cf69
2035,TECH,GENERAL / MULTIDISCIPLINE,SKETCH,ENGINEERING SKETCH,OFO-P2035-SK-305,PL-8 PIPELINE DAVIT LIFT AT HP-3 WITH SAFEEN-3000 (PORT SIDE),,..\Sketches\OFO-P2035-SK-305,DATA/TECH/2035 Offshore Construction Engineering Register (Pipeline & Cables).xlsx,Sketch,318,INCLUDE,,SDOC-48aac001f165a03a27154e78,GDOC-879d92b349fb766af7dec85a
2035,TECH,GENERAL / MULTIDISCIPLINE,SKETCH,ENGINEERING SKETCH,OFO-P2035-SK-306,SEP-750 LIFTING & OFFLOADING CCU BETWEEN BARGE DECK AT USSC-RP1 WEST SIDE AND SUPPLY VESSEL AT STARBOARD SIDE USING SEA TRAX CRANE,,,DATA/TECH/2035 Offshore Construction Engineering Register (Pipeline & Cables).xlsx,Sketch,319,INCLUDE,,SDOC-b1f1b529cb5be7b2f12cb3f4,GDOC-8c70f68aaa7c36f42c0d649e
2035,TECH,GENERAL / MULTIDISCIPLINE,SKETCH,ENGINEERING SKETCH,OFO-P2035-SK-307,SEP-750 LIFTING & OFFLOADING CCU BETWEEN BARGE DECK AT USSC-RP1 WEST SIDE AND SUPPLY VESSEL AT PORTSIDE USING SEA TRAX CRANE,,,DATA/TECH/2035 Offshore Construction Engineering Register (Pipeline & Cables).xlsx,Sketch,320,INCLUDE,,SDOC-f0e83f2ed5bbb0f3608aee3f,GDOC-924b9087a6bcd7fed0309ae5
2035,TECH,GENERAL / MULTIDISCIPLINE,SKETCH,ENGINEERING SKETCH,OFO-P2035-SK-308,SEP-750 LIFTING & OFFLOADING CCU BETWEEN SUPPLY VESSEL AND USSC-RP1 PLATFORM AT STARBOARD SIDE USING SEA TRAX CRANE,,,DATA/TECH/2035 Offshore Construction Engineering Register (Pipeline & Cables).xlsx,Sketch,321,INCLUDE,,SDOC-8f109a8b9237a12fe61a07ba,GDOC-524dbe0f136f86a6cbec480f
2035,TECH,GENERAL / MULTIDISCIPLINE,SKETCH,ENGINEERING SKETCH,OFO-P2035-SK-309,SEP-750 LIFTING & OFFLOADING CCU BETWEEN SUPPLY VESSEL AND USSC-RP1 PLATFORM AT PORTSIDE USING SEA TRAX CRANE,,,DATA/TECH/2035 Offshore Construction Engineering Register (Pipeline & Cables).xlsx,Sketch,322,INCLUDE,,SDOC-23e2cc24d2e9e7c3a1572abd,GDOC-6de3c3c12ba9a504cf5f6353
2035,TECH,GENERAL / MULTIDISCIPLINE,SKETCH,ENGINEERING SKETCH,OFO-P2035-SK-310,SEP-750 LIFTING & OFFLOADING PROJECT MATERIAL BETWEEN SUPPLY VESSEL AND USSC-RP1 PLATFORM AT STARBOARD SIDE USING SEA TRAX CRANE,,,DATA/TECH/2035 Offshore Construction Engineering Register (Pipeline & Cables).xlsx,Sketch,323,INCLUDE,,SDOC-832d8c8b49f3c576c39e378f,GDOC-a7d8636e814e57cd618c53f7
2035,TECH,GENERAL / MULTIDISCIPLINE,SKETCH,ENGINEERING SKETCH,OFO-P2035-SK-311,SEP-750 LIFTING & OFFLOADING PROJECT MATERIAL BETWEEN SUPPLY VESSEL AND USSC-RP1 PLATFORM AT PORTSIDE USING SEA TRAX CRANE,,,DATA/TECH/2035 Offshore Construction Engineering Register (Pipeline & Cables).xlsx,Sketch,324,INCLUDE,,SDOC-a7173cde3dd2fcc2f40a4499,GDOC-963528cc289e98ef180307c5
2035,TECH,GENERAL / MULTIDISCIPLINE,SKETCH,ENGINEERING SKETCH,OFO-P2035-SK-312,RECOVERY ARRANGEMENT OF KNEE BRACE CLAMP BY SAFEEN-3000,,..\Sketches\OFO-P2035-SK-312,DATA/TECH/2035 Offshore Construction Engineering Register (Pipeline & Cables).xlsx,Sketch,325,INCLUDE,,SDOC-49d8d4d8391804317325ebcf,GDOC-b064eb85569d820b9ea0830a
2035,TECH,GENERAL / MULTIDISCIPLINE,SKETCH,ENGINEERING SKETCH,OFO-P2035-SK-313,RECOVERY ARRANGEMENT OF 16’’ BLIND FLANGE BY SAFEEN-3000,,..\Sketches\OFO-P2035-SK-313,DATA/TECH/2035 Offshore Construction Engineering Register (Pipeline & Cables).xlsx,Sketch,326,INCLUDE,,SDOC-c6cd73758c67b5494cf45c8a,GDOC-588b37a30961d5a131f2a070
2035,TECH,GENERAL / MULTIDISCIPLINE,SKETCH,ENGINEERING SKETCH,OFO-P2035-SK-314,RECOVERY ARRANGEMENT OF 18’’ BLIND FLANGE BY SAFEEN-3000,,..\Sketches\OFO-P2035-SK-314,DATA/TECH/2035 Offshore Construction Engineering Register (Pipeline & Cables).xlsx,Sketch,327,INCLUDE,,SDOC-bdda259f552fb06e04746347,GDOC-3b604f771977dda854208a8a
2035,TECH,GENERAL / MULTIDISCIPLINE,SKETCH,ENGINEERING SKETCH,OFO-P2035-SK-315,LIFTING ARRANGEMENT OF SAND / CEMENT BAGS USING JUMBO BAG BY HEA OCEANIC,,..\Sketches\OFO-P2035-SK-315,DATA/TECH/2035 Offshore Construction Engineering Register (Pipeline & Cables).xlsx,Sketch,328,INCLUDE,,SDOC-bba56ee865b6583fdef32487,GDOC-e43ab2155eb16bd152d6f164
2035,TECH,GENERAL / MULTIDISCIPLINE,SKETCH,ENGINEERING SKETCH,OFO-P2035-SK-316,LIFTING ARRANGEMENT OF SAND / CEMENT BAGS USING CARGO NET BAG BY HEA OCEANIC,,..\Sketches\OFO-P2035-SK-316,DATA/TECH/2035 Offshore Construction Engineering Register (Pipeline & Cables).xlsx,Sketch,329,INCLUDE,,SDOC-9e9857c42305cba969988fcb,GDOC-a02673e65879463d1217be3c
2035,TECH,GENERAL / MULTIDISCIPLINE,SKETCH,ENGINEERING SKETCH,OFO-P2035-SK-317,LIFTING ARRANGEMENT OF DIVING MATERIAL BASKET BY HEA OCEANIC,,..\Sketches\OFO-P2035-SK-317,DATA/TECH/2035 Offshore Construction Engineering Register (Pipeline & Cables).xlsx,Sketch,330,INCLUDE,,SDOC-6e41678ace504bd770409c57,GDOC-34bceac8bc113330011304ba
2035,TECH,GENERAL / MULTIDISCIPLINE,SKETCH,ENGINEERING SKETCH,OFO-P2035-SK-318,RECOVERY ARRANGEMENT OF START-UP / LAYDOWN HEAD BY HEA OCEANIC,,..\Sketches\OFO-P2035-SK-318,DATA/TECH/2035 Offshore Construction Engineering Register (Pipeline & Cables).xlsx,Sketch,331,INCLUDE,,SDOC-535ed33bc9eb8e7cb5c8313d,GDOC-ceadedf91461f0c22755845c
2035,TECH,GENERAL / MULTIDISCIPLINE,SKETCH,ENGINEERING SKETCH,OFO-P2035-SK-319,LIFTING ARRANGEMENT OF DIVING BASKET FOR GOLDEN GATE DEPLOYMENT BY HEA OCEANIC,,..\Sketches\OFO-P2035-SK-319,DATA/TECH/2035 Offshore Construction Engineering Register (Pipeline & Cables).xlsx,Sketch,332,INCLUDE,,SDOC-5552bd50e31b0d2492c9da5a,GDOC-04d2dbefd4f6c2d7e14adaf1
2035,TECH,GENERAL / MULTIDISCIPLINE,SKETCH,ENGINEERING SKETCH,OFO-P2035-SK-320,LIFTING ARRANGEMENT OF AIRLIFT PIPE BY HEA OCEANIC,,..\Sketches\OFO-P2035-SK-320,DATA/TECH/2035 Offshore Construction Engineering Register (Pipeline & Cables).xlsx,Sketch,333,INCLUDE,,SDOC-21844a34e6e8cdd20f0f2e78,GDOC-230845171a59c79bb963207e
2035,TECH,GENERAL / MULTIDISCIPLINE,SKETCH,ENGINEERING SKETCH,OFO-P2035-SK-321,RECOVERY ARRANGEMENT OF 16'' BLIND FLANGE BY HEA OCEANIC,,,DATA/TECH/2035 Offshore Construction Engineering Register (Pipeline & Cables).xlsx,Sketch,334,INCLUDE,,SDOC-d89d693b5c59ba330b2f15ec,GDOC-92a9aebb5cd8ddeda75b46a4
2035,TECH,GENERAL / MULTIDISCIPLINE,SKETCH,ENGINEERING SKETCH,OFO-P2035-SK-322,LIFTING ARRANGEMENT OF 18'' BLIND FLANGE BY HEA OCEANIC,,..\Sketches\OFO-P2035-SK-322,DATA/TECH/2035 Offshore Construction Engineering Register (Pipeline & Cables).xlsx,Sketch,335,INCLUDE,,SDOC-9664aa28620ba4f7792dec39,GDOC-82c19b953a97ca7892ed43ba
2035,TECH,GENERAL / MULTIDISCIPLINE,SKETCH,ENGINEERING SKETCH,OFO-P2035-SK-323,LIFTING ARRANGEMENT OF WIRE ROPE BY HEA OCEANIC,,..\Sketches\OFO-P2035-SK-323,DATA/TECH/2035 Offshore Construction Engineering Register (Pipeline & Cables).xlsx,Sketch,336,INCLUDE,,SDOC-405eefa5e9dcf09c69659f95,GDOC-585fdfeade851888f4c1f3d8
2035,TECH,GENERAL / MULTIDISCIPLINE,SKETCH,ENGINEERING SKETCH,OFO-P2035-SK-324,LIFTING ARRANGEMENT OF A FRAME (AF-04-14) (AF-04-15) BY HEA OCEANIC,,..\Sketches\OFO-P2035-SK-324,DATA/TECH/2035 Offshore Construction Engineering Register (Pipeline & Cables).xlsx,Sketch,337,INCLUDE,,SDOC-5aa3b4e5af4e917af5664f90,GDOC-375cdc563b34dc39dbae0d7b
2035,TECH,GENERAL / MULTIDISCIPLINE,SKETCH,ENGINEERING SKETCH,OFO-P2035-SK-325,LIFTING ARRANGEMENT OF A FRAME (AF-01) BY HEA OCEANIC,,..\Sketches\OFO-P2035-SK-325,DATA/TECH/2035 Offshore Construction Engineering Register (Pipeline & Cables).xlsx,Sketch,338,INCLUDE,,SDOC-5293502c2ee7d6ede13674d8,GDOC-9d05a02fc19d0337dcd35c34
2035,TECH,GENERAL / MULTIDISCIPLINE,SKETCH,ENGINEERING SKETCH,OFO-P2035-SK-326,LIFTING ARRANGEMENT OF A FRAME (AF-2004-15) BY HEA OCEANIC,,,DATA/TECH/2035 Offshore Construction Engineering Register (Pipeline & Cables).xlsx,Sketch,339,INCLUDE,,SDOC-91b4d305056390b8815cf951,GDOC-99d546a1b89daa3c3fc36cb6
2035,TECH,GENERAL / MULTIDISCIPLINE,SKETCH,ENGINEERING SKETCH,OFO-P2035-SK-327,MATTRESSES & GROUTING EQUIPMENT SET-UP LAYOUT ON HEA OCEAN,,..\Sketches\OFO-P2035-SK-327,DATA/TECH/2035 Offshore Construction Engineering Register (Pipeline & Cables).xlsx,Sketch,340,INCLUDE,,SDOC-097bec856760c2bd8b705f55,GDOC-f5f906bdf11b8650f60bae71
2035,TECH,GENERAL / MULTIDISCIPLINE,SKETCH,ENGINEERING SKETCH,OFO-P2035-SK-328,LIFTING ARRANGEMENT OF EMPTY GROUT BAGS BY HEA OCEANIC,,..\Sketches\OFO-P2035-SK-328,DATA/TECH/2035 Offshore Construction Engineering Register (Pipeline & Cables).xlsx,Sketch,341,INCLUDE,,SDOC-68c94e11eac4fb69aa4246d3,GDOC-3363f538247fe31c592a01c4
2035,TECH,GENERAL / MULTIDISCIPLINE,SKETCH,ENGINEERING SKETCH,OFO-P2035-SK-329,LIFTING ARRANGEMENT OF FLANGE SHROUD BY HEA OCEANIC,,..\Sketches\OFO-P2035-SK-329,DATA/TECH/2035 Offshore Construction Engineering Register (Pipeline & Cables).xlsx,Sketch,342,INCLUDE,,SDOC-d32bca535a946ca9049ad052,GDOC-facc619570c22126c0d9d63a
2035,TECH,GENERAL / MULTIDISCIPLINE,SKETCH,ENGINEERING SKETCH,OFO-P2035-SK-330,LIFTING ARRANGEMENT OF 2IN TIE IN SPOOL BY HEA OCEANIC,,..\Sketches\OFO-P2035-SK-330,DATA/TECH/2035 Offshore Construction Engineering Register (Pipeline & Cables).xlsx,Sketch,343,INCLUDE,,SDOC-9defb40946d888832168aac7,GDOC-9dc63192846570cfe571aeb7
2035,TECH,GENERAL / MULTIDISCIPLINE,SKETCH,ENGINEERING SKETCH,OFO-P2035-SK-331,REMOVAL ARRANGEMENT OF BST-S13 BUMPERS BY SAFEEN-3000,,..\Sketches\OFO-P2035-SK-331,DATA/TECH/2035 Offshore Construction Engineering Register (Pipeline & Cables).xlsx,Sketch,344,INCLUDE,,SDOC-d189d053b4ac25609ea63047,GDOC-319264454f05f76a13505224
2035,TECH,GENERAL / MULTIDISCIPLINE,SKETCH,ENGINEERING SKETCH,OFO-P2035-SK-332,RECOVERY ARRANGEMENT OF KNEE BARCE WITH CLAMP BY SAFEEN-3000,,..\Sketches\OFO-P2035-SK-332,DATA/TECH/2035 Offshore Construction Engineering Register (Pipeline & Cables).xlsx,Sketch,345,INCLUDE,,SDOC-1c7901281108aceadc1591b1,GDOC-d7857d25c763e04e1a1e49b1
2035,TECH,GENERAL / MULTIDISCIPLINE,SKETCH,ENGINEERING SKETCH,OFO-P2035-SK-333,"HORIZONTAL (HBS) START-UP ARRANGEMENT FOR 16"" WATER INJECTION PIPELINE FROM HP-3 TO USSC-RP1 (PL-9) BY SAFEEN 3000",,..\Sketches\OFO-P2035-SK-333,DATA/TECH/2035 Offshore Construction Engineering Register (Pipeline & Cables).xlsx,Sketch,346,INCLUDE,,SDOC-e99b7a0fc68ddb950dd947fd,GDOC-d159a376b80434be8b212602
2035,TECH,GENERAL / MULTIDISCIPLINE,SKETCH,ENGINEERING SKETCH,OFO-P2035-SK-334,LIFTING ARRANGEMENT FOR TRANSFERRING RISER SPOOLS FROM WEST TO EAST SIDE OF RP-1 BY SAFEEN-3000,,..\Sketches\OFO-P2035-SK-334,DATA/TECH/2035 Offshore Construction Engineering Register (Pipeline & Cables).xlsx,Sketch,347,INCLUDE,,SDOC-6bc45c3b6282077786ba2a47,GDOC-bbbecf9cbbab252bba0128e3
2035,TECH,GENERAL / MULTIDISCIPLINE,SKETCH,ENGINEERING SKETCH,OFO-P2035-SK-335,ROV CROSS HAULING -FROM BARGE STERN  OPTION-2,,,DATA/TECH/2035 Offshore Construction Engineering Register (Pipeline & Cables).xlsx,Sketch,348,INCLUDE,,SDOC-8c355dc593c448bd48f4a82c,GDOC-7aaff99b9d86e18c30e1e4c0
2035,TECH,GENERAL / MULTIDISCIPLINE,SKETCH,ENGINEERING SKETCH,OFO-P2035-SK-336,TYPICAL LIFTING ARRANGEMENT FOR TEMPORARY SUPPORT DURING INSTALLATION AND REMOVAL,,..\Sketches\OFO-P2035-SK-336,DATA/TECH/2035 Offshore Construction Engineering Register (Pipeline & Cables).xlsx,Sketch,349,INCLUDE,,SDOC-d0ea0a24fd7358cae286326b,GDOC-bfb0248a97e24eba43ef4708
2035,TECH,GENERAL / MULTIDISCIPLINE,SKETCH,ENGINEERING SKETCH,OFO-P2035-SK-337,PIPELINE SHIFTING DURING LAYDOWN AT US-153A (KP 3.540) FOR PROPOSED 16” WF SUBSEA PIPELINE FROM US-19B TO US-153A (PL-4),,..\Sketches\OFO-P2035-SK-337,DATA/TECH/2035 Offshore Construction Engineering Register (Pipeline & Cables).xlsx,Sketch,350,INCLUDE,,SDOC-e392e4545477b2a70fb4298e,GDOC-af695c886b0a1ee2e7d299fd
2035,TECH,GENERAL / MULTIDISCIPLINE,SKETCH,ENGINEERING SKETCH,OFO-P2035-SK-338,LAYDOWN HEAD DETAIL FOR 16” PIPELINE (FLANGE TYPE),,../../../../../../../../Data/OFFSHORE/Support/ConstructionEngg/ConstructionEnggProjects/PROJECTS/2035-UMM%20SHAIF/Sketches/OFO-P2035-SK-338,DATA/TECH/2035 Offshore Construction Engineering Register (Pipeline & Cables).xlsx,Sketch,351,INCLUDE,,SDOC-84dcc29347424c8663c1f930,GDOC-83c430c8d044707288b0cc44
2035,TECH,GENERAL / MULTIDISCIPLINE,SKETCH,ENGINEERING SKETCH,OFO-P2035-SK-339,PL-08 PIPELINE DAVIT LIFTING AT HP-03 PLATFORM WITH DLB-1000 (PORT SIDE),,..\Sketches\OFO-P2035-SK-339,DATA/TECH/2035 Offshore Construction Engineering Register (Pipeline & Cables).xlsx,Sketch,352,INCLUDE,,SDOC-2956b5ac7668e6e652c64d75,GDOC-5f20d7b61198071cc147ddcc
2035,TECH,GENERAL / MULTIDISCIPLINE,SKETCH,ENGINEERING SKETCH,OFO-P2035-SK-340,PL-09 PIPELINE DAVIT LIFTING AND SHIFTING AT HP-03 PLATFORM WITH DLB-1000 (PORT SIDE),,..\Sketches\OFO-P2035-SK-340,DATA/TECH/2035 Offshore Construction Engineering Register (Pipeline & Cables).xlsx,Sketch,353,INCLUDE,,SDOC-e5fb6beddb2cf1dacd408342,GDOC-22f040ee53cc5ffb87e80cae
2035,TECH,GENERAL / MULTIDISCIPLINE,SKETCH,ENGINEERING SKETCH,OFO-P2035-SK-341,PL-8 Pipeline Davit Lift Arrangement Sketch at USSC RP-1,,..\Sketches\OFO-P2035-SK-341,DATA/TECH/2035 Offshore Construction Engineering Register (Pipeline & Cables).xlsx,Sketch,354,INCLUDE,,SDOC-9da726eaae54a44a660b5849,GDOC-115909ae62ccb6a89cea78a3
2035,TECH,GENERAL / MULTIDISCIPLINE,SKETCH,ENGINEERING SKETCH,OFO-P2035-SK-342,QMS SUBHIYA LIFTING & OFFLOADING ARRANGEMENT OF BILLY PUGH AT SUPPLY VESSEL & BARGE DECK (US-159),,../../../../../../../../Data/OFFSHORE/Support/ConstructionEngg/ConstructionEnggProjects/PROJECTS/2035-UMM%20SHAIF/Sketches/OFO-P2035-SK-342,DATA/TECH/2035 Offshore Construction Engineering Register (Pipeline & Cables).xlsx,Sketch,355,INCLUDE,,SDOC-0ba340938a034effd57c9482,GDOC-db6345797de17075710343c2
2035,TECH,GENERAL / MULTIDISCIPLINE,SKETCH,ENGINEERING SKETCH,OFO-P2035-SK-343,QMS SUBHIYA LIFTING & OFFLOADING ARRANGEMENT OF BILLY PUGH AT BARGE DECK & US-159 PLATFORM,,../../../../../../../../Data/OFFSHORE/Support/ConstructionEngg/ConstructionEnggProjects/PROJECTS/2035-UMM%20SHAIF/Sketches/OFO-P2035-SK-343,DATA/TECH/2035 Offshore Construction Engineering Register (Pipeline & Cables).xlsx,Sketch,356,INCLUDE,,SDOC-b4b8f6d8c808eb0d0d84b476,GDOC-7e4eff760df4807425bb58a8
2035,TECH,GENERAL / MULTIDISCIPLINE,SKETCH,ENGINEERING SKETCH,OFO-P2035-SK-344,QMS SUBHIYA LIFTING & OFFLOADING ARRANGEMENT OF GANGWAY AT SUPPLY VESSEL & BARGE DECK (US-159),,../../../../../../../../Data/OFFSHORE/Support/ConstructionEngg/ConstructionEnggProjects/PROJECTS/2035-UMM%20SHAIF/Sketches/OFO-P2035-SK-344,DATA/TECH/2035 Offshore Construction Engineering Register (Pipeline & Cables).xlsx,Sketch,357,INCLUDE,,SDOC-7285bb9aa3d17cf090763e96,GDOC-f47540fce5e298a36e3ba629
2035,TECH,GENERAL / MULTIDISCIPLINE,SKETCH,ENGINEERING SKETCH,OFO-P2035-SK-345,QMS SUBHIYA LIFTING & OFFLOADING ARRANGEMENT OF GANGWAY AT BARGE DECK & US-159 PLATFORM,,../../../../../../../../Data/OFFSHORE/Support/ConstructionEngg/ConstructionEnggProjects/PROJECTS/2035-UMM%20SHAIF/Sketches/OFO-P2035-SK-345,DATA/TECH/2035 Offshore Construction Engineering Register (Pipeline & Cables).xlsx,Sketch,358,INCLUDE,,SDOC-622bbb8c54468b43183cf780,GDOC-45415c5f898213e8f4559fdc
2035,TECH,GENERAL / MULTIDISCIPLINE,SKETCH,ENGINEERING SKETCH,OFO-P2035-SK-346,QMS SUBHIYA LIFTING & OFFLOADING ARRANGEMENT OF PROJECT MATERIAL AT SUPPLY VESSEL & BARGE DECK (US-159),,../../../../../../../../Data/OFFSHORE/Support/ConstructionEngg/ConstructionEnggProjects/PROJECTS/2035-UMM%20SHAIF/Sketches/OFO-P2035-SK-346,DATA/TECH/2035 Offshore Construction Engineering Register (Pipeline & Cables).xlsx,Sketch,359,INCLUDE,,SDOC-4c630a0894dfd8c93dc443cb,GDOC-8f2f19db37a5cfade31b5219
2035,TECH,GENERAL / MULTIDISCIPLINE,SKETCH,ENGINEERING SKETCH,OFO-P2035-SK-347,QMS SUBHIYA LIFTING & OFFLOADING ARRANGEMENT OF PROJECT MATERIAL AT BARGE DECK & US-159 PLATFORM,,../../../../../../../../Data/OFFSHORE/Support/ConstructionEngg/ConstructionEnggProjects/PROJECTS/2035-UMM%20SHAIF/Sketches/OFO-P2035-SK-347,DATA/TECH/2035 Offshore Construction Engineering Register (Pipeline & Cables).xlsx,Sketch,360,INCLUDE,,SDOC-364abd658ddbb86dff6d97a9,GDOC-178d044d6ca0e7c485ef77c4
2035,TECH,GENERAL / MULTIDISCIPLINE,SKETCH,ENGINEERING SKETCH,OFO-P2035-SK-348,QMS SUBHIYA LIFTING & OFFLOADING ARRANGEMENT OF 20FT CONTAINER AT SUPPLY VESSEL & BARGE DECK (US-159),,../../../../../../../../Data/OFFSHORE/Support/ConstructionEngg/ConstructionEnggProjects/PROJECTS/2035-UMM%20SHAIF/Sketches/OFO-P2035-SK-348,DATA/TECH/2035 Offshore Construction Engineering Register (Pipeline & Cables).xlsx,Sketch,361,INCLUDE,,SDOC-d4d25991bd3066b5ee2dd935,GDOC-729352bd4404f486f33aea61
2035,TECH,GENERAL / MULTIDISCIPLINE,SKETCH,ENGINEERING SKETCH,OFO-P2035-SK-349,QMS SUBHIYA LIFTING & OFFLOADING ARRANGEMENT OF 20FT CONTAINER AT BARGE DECK & US-159 PLATFORM,,../../../../../../../../Data/OFFSHORE/Support/ConstructionEngg/ConstructionEnggProjects/PROJECTS/2035-UMM%20SHAIF/Sketches/OFO-P2035-SK-349,DATA/TECH/2035 Offshore Construction Engineering Register (Pipeline & Cables).xlsx,Sketch,362,INCLUDE,,SDOC-506a9ae8c488bbb85338e657,GDOC-09e7d4d23a855eae69c828fc
2035,TECH,GENERAL / MULTIDISCIPLINE,SKETCH,ENGINEERING SKETCH,OFO-P2035-SK-350,RECOVERY ARRANGEMENT OF KNEE BRACE WITH CLAMP BY HEA OCEANIC,,..\Sketches\OFO-P2035-SK-350,DATA/TECH/2035 Offshore Construction Engineering Register (Pipeline & Cables).xlsx,Sketch,363,INCLUDE,,SDOC-87273b10d34fafeae937cb93,GDOC-59bb8b13adc23e706d62f3c2
2035,TECH,GENERAL / MULTIDISCIPLINE,SKETCH,ENGINEERING SKETCH,OFO-P2035-SK-351,RECOVERY ARRANGEMENT OF TEMPORARY SHROUD BY HEA OCEANIC,,..\Sketches\OFO-P2035-SK-351,DATA/TECH/2035 Offshore Construction Engineering Register (Pipeline & Cables).xlsx,Sketch,364,INCLUDE,,SDOC-7dbfb7fe99bcb7114f83ce82,GDOC-3f6d6da64525261f7627ebc8
2035,TECH,GENERAL / MULTIDISCIPLINE,SKETCH,ENGINEERING SKETCH,OFO-P2035-SK-352,SEP-750 LIFTING & OFFLOADING ARRANGEMENT FOR GANGWAY FROM VESSL TO BARGE AT US 153 PLATFORM,,..\Sketches\OFO-P2035-SK-352,DATA/TECH/2035 Offshore Construction Engineering Register (Pipeline & Cables).xlsx,Sketch,365,INCLUDE,,SDOC-ec3bca93d4407773d7cf0845,GDOC-04171274dfebf0df7ece29c1
2035,TECH,GENERAL / MULTIDISCIPLINE,SKETCH,ENGINEERING SKETCH,OFO-P2035-SK-353,SEP-750 LIFTING & OFFLOADING ARRANGEMENT FOR GANGWAY FROM BARGE TO VESSEL AT US 153 PLATFORM,,..\Sketches\OFO-P2035-SK-353,DATA/TECH/2035 Offshore Construction Engineering Register (Pipeline & Cables).xlsx,Sketch,366,INCLUDE,,SDOC-2e82879a91d6b9d64e376ed2,GDOC-8aab3f7b1b15c014ad871f93
2035,TECH,GENERAL / MULTIDISCIPLINE,SKETCH,ENGINEERING SKETCH,OFO-P2035-SK-354,SEP-750 LIFTING & INSTALLATION ARRANGEMENT OF GANGWAY AT US 153 PLATFORM,,..\Sketches\OFO-P2035-SK-354,DATA/TECH/2035 Offshore Construction Engineering Register (Pipeline & Cables).xlsx,Sketch,367,INCLUDE,,SDOC-ee298883b945411259034a42,GDOC-e448321f2bfc86b7d706bb8a
2035,TECH,GENERAL / MULTIDISCIPLINE,SKETCH,ENGINEERING SKETCH,OFO-P2035-SK-355,SEP-750 REMOVAL ARRANGEMENT OF GANGWAY AT US 153 PLATFORM,,..\Sketches\OFO-P2035-SK-355,DATA/TECH/2035 Offshore Construction Engineering Register (Pipeline & Cables).xlsx,Sketch,368,INCLUDE,,SDOC-f0f48d8b1709a6a44d0a2c9e,GDOC-f35725d2d64565fe66bf16f1
2035,TECH,GENERAL / MULTIDISCIPLINE,SKETCH,ENGINEERING SKETCH,OFO-P2035-SK-356,SEP-750 LIFTING & OFFLOADING ARRANGEMENT FOR BILLY PUGH FROM VESSEL TO BARGE AT US153 PLATFORM,,..\Sketches\OFO-P2035-SK-356,DATA/TECH/2035 Offshore Construction Engineering Register (Pipeline & Cables).xlsx,Sketch,369,INCLUDE,,SDOC-a503dad2a42712fea792782b,GDOC-11765b6d4ff6f801730656b9
2035,TECH,GENERAL / MULTIDISCIPLINE,SKETCH,ENGINEERING SKETCH,OFO-P2035-SK-357,SEP-750 LIFTING & OFFLOADING ARRANGEMENT FOR BILLY PUGH FROM BARGE TO VESSEL AT US153 PLATFORM,,..\Sketches\OFO-P2035-SK-357,DATA/TECH/2035 Offshore Construction Engineering Register (Pipeline & Cables).xlsx,Sketch,370,INCLUDE,,SDOC-45befb6a2d280a2a9a749bab,GDOC-5bbb22d7b24c5c2ce41005ae
2035,TECH,GENERAL / MULTIDISCIPLINE,SKETCH,ENGINEERING SKETCH,OFO-P2035-SK-358,SEP-750 LIFTING & OFFLOADING BILLY PUGH FROM BARGE DECK TO PLATFORM AT US 153 PLATFORM,,..\Sketches\OFO-P2035-SK-358,DATA/TECH/2035 Offshore Construction Engineering Register (Pipeline & Cables).xlsx,Sketch,371,INCLUDE,,SDOC-985fcd878af8a642f65e5362,GDOC-2fa5ea297b0aa993bb5b56f4
2035,TECH,GENERAL / MULTIDISCIPLINE,SKETCH,ENGINEERING SKETCH,OFO-P2035-SK-359,SEP-750 LIFTING & OFFLOADING BILLY PUGH FROM PLATFORM TO BARGE DECK AT US 153 PLATFORM,,..\Sketches\OFO-P2035-SK-359,DATA/TECH/2035 Offshore Construction Engineering Register (Pipeline & Cables).xlsx,Sketch,372,INCLUDE,,SDOC-4fde9fca1a4b650fa393acf7,GDOC-4d04ecdd74f47729b0adf3b3
2035,TECH,GENERAL / MULTIDISCIPLINE,SKETCH,ENGINEERING SKETCH,OFO-P2035-SK-360,SEP-750 LIFTING & OFFLOADING ARRANGEMENT FOR PROJECT MATERIAL FROM VESSEL TO BARGE AT US153 PLATFORM,,..\Sketches\OFO-P2035-SK-360,DATA/TECH/2035 Offshore Construction Engineering Register (Pipeline & Cables).xlsx,Sketch,373,INCLUDE,,SDOC-18a552d310f03400bdcef350,GDOC-bd2f49115db6485f799e6f23
2035,TECH,GENERAL / MULTIDISCIPLINE,SKETCH,ENGINEERING SKETCH,OFO-P2035-SK-361,SEP-750 LIFTING & OFFLOADING ARRANGEMENT FOR PROJECT MATERIAL FROM BARGE TO VESSEL AT US153 PLATFORM,,..\Sketches\OFO-P2035-SK-361,DATA/TECH/2035 Offshore Construction Engineering Register (Pipeline & Cables).xlsx,Sketch,374,INCLUDE,,SDOC-c8639cb1bf3e4baaf3c58b7e,GDOC-4a2161f1139a233eca69df1d
2035,TECH,GENERAL / MULTIDISCIPLINE,SKETCH,ENGINEERING SKETCH,OFO-P2035-SK-362,SEP-750 LIFTING & OFFLOADING ARRANGEMENT FOR PROJECT MATERIAL FROM BARGE DECK TO PLATFORM AT US153 PLATFORM,,..\Sketches\OFO-P2035-SK-362,DATA/TECH/2035 Offshore Construction Engineering Register (Pipeline & Cables).xlsx,Sketch,375,INCLUDE,,SDOC-286d759738f0d20b9c22ba58,GDOC-9e32bbd392ed69b6e369e843
2035,TECH,GENERAL / MULTIDISCIPLINE,SKETCH,ENGINEERING SKETCH,OFO-P2035-SK-363,SEP-750 LIFTING & OFFLOADING ARRANGEMENT FOR PROJECT MATERIAL FROM PLAT FORM TO BARGE DECK AT US153 PLATFORM,,..\Sketches\OFO-P2035-SK-363,DATA/TECH/2035 Offshore Construction Engineering Register (Pipeline & Cables).xlsx,Sketch,376,INCLUDE,,SDOC-14ea0b9f496fb05231a7b66f,GDOC-38e41e6be85cd0eef0a29372
2035,TECH,GENERAL / MULTIDISCIPLINE,SKETCH,ENGINEERING SKETCH,OFO-P2035-SK-364,SEP-750 LIFTING & OFFLOADING ARRANGEMENT FOR 20 FT. CONTAINER FROM VESSEL TO BARGE AT US-153 PLATFORM,,..\Sketches\OFO-P2035-SK-364,DATA/TECH/2035 Offshore Construction Engineering Register (Pipeline & Cables).xlsx,Sketch,377,INCLUDE,,SDOC-f9da8b866cc128f87ea97e73,GDOC-62484b02f37d847694e45140
2035,TECH,GENERAL / MULTIDISCIPLINE,SKETCH,ENGINEERING SKETCH,OFO-P2035-SK-365,SEP-750 LIFTING & OFFLOADING ARRANGEMENT FOR 20 FT. CONTAINER FROM BARGE TO VESSEL AT US-153 PLATFORM,,..\Sketches\OFO-P2035-SK-365,DATA/TECH/2035 Offshore Construction Engineering Register (Pipeline & Cables).xlsx,Sketch,378,INCLUDE,,SDOC-877e969a762317ab680d716b,GDOC-948e820b192ca060812ac65f
2035,TECH,GENERAL / MULTIDISCIPLINE,SKETCH,ENGINEERING SKETCH,OFO-P2035-SK-366,SEP-750 LIFTING & OFFLOADING ARRANGEMENT FOR 20 FT. CONTAINER FROM BARGE DECK TO PLATFORM AT US-153 PLATFORM,,..\Sketches\OFO-P2035-SK-366,DATA/TECH/2035 Offshore Construction Engineering Register (Pipeline & Cables).xlsx,Sketch,379,INCLUDE,,SDOC-f417fd95f35d995c7da6d932,GDOC-8e00649b308877606d130123
2035,TECH,GENERAL / MULTIDISCIPLINE,SKETCH,ENGINEERING SKETCH,OFO-P2035-SK-367,SEP-750 LIFTING & OFFLOADING ARRANGEMENT FOR 20 FT. CONTAINER FROM PLAT FORM TO BARGE DECK AT US-153 PLATFORM,,..\Sketches\OFO-P2035-SK-367,DATA/TECH/2035 Offshore Construction Engineering Register (Pipeline & Cables).xlsx,Sketch,380,INCLUDE,,SDOC-825ff29e0bd7dca4ffd51723,GDOC-a37fa403186745922bff9c42
2035,TECH,GENERAL / MULTIDISCIPLINE,SKETCH,ENGINEERING SKETCH,OFO-P2035-SK-368,TYPICAL LIFTING AND INSTALLATION OF REELS BY SAFEEN-3000 FROM MUTAWA-401,,../../../../../../../../Data/OFFSHORE/Support/ConstructionEngg/ConstructionEnggProjects/PROJECTS/2035-UMM%20SHAIF/Sketches/OFO-P2035-SK-368,DATA/TECH/2035 Offshore Construction Engineering Register (Pipeline & Cables).xlsx,Sketch,381,INCLUDE,,SDOC-1abf8fd359bc320183b81eb7,GDOC-76feaec78eb6dfb2fb4d36b5
2035,TECH,GENERAL / MULTIDISCIPLINE,SKETCH,ENGINEERING SKETCH,OFO-P2035-SK-369,TYPICAL LIFTING AND INSTALLATION OF REELS BY SAPURA-1200 FROM MUTAWA-401,,../../../../../../../../Data/OFFSHORE/Support/ConstructionEngg/ConstructionEnggProjects/PROJECTS/2035-UMM%20SHAIF/Sketches/OFO-P2035-SK-369,DATA/TECH/2035 Offshore Construction Engineering Register (Pipeline & Cables).xlsx,Sketch,382,INCLUDE,,SDOC-ab18e10f6ccaca29f5f0fbff,GDOC-4f67cd8cb4be196b6ced1be8
2035,TECH,GENERAL / MULTIDISCIPLINE,SKETCH,ENGINEERING SKETCH,OFO-P2035-SK-370,STALK -ON AT RP-1 FOR PL-2 WITH DLB-1000 (PORT SIDE),,../../../../../../../../Data/OFFSHORE/Support/ConstructionEngg/ConstructionEnggProjects/PROJECTS/2035-UMM%20SHAIF/Sketches/OFO-P2035-SK-370,DATA/TECH/2035 Offshore Construction Engineering Register (Pipeline & Cables).xlsx,Sketch,383,INCLUDE,,SDOC-7e95c46fd3d2475b66e25d1a,GDOC-2b32616a608d8e6209d9300b
2035,TECH,GENERAL / MULTIDISCIPLINE,SKETCH,ENGINEERING SKETCH,OFO-P2035-SK-371,PL-2 PIPELINE DAVIT LIFT AT US-12B WITH DLB-1000 (PORT SIDE),,../../../../../../../../Data/OFFSHORE/Support/ConstructionEngg/ConstructionEnggProjects/PROJECTS/2035-UMM%20SHAIF/Sketches/OFO-P2035-SK-371,DATA/TECH/2035 Offshore Construction Engineering Register (Pipeline & Cables).xlsx,Sketch,384,INCLUDE,,SDOC-cfe61f3ed668e3695a98a3ca,GDOC-f9f1620fb739a78211d56a31
2035,TECH,GENERAL / MULTIDISCIPLINE,SKETCH,ENGINEERING SKETCH,OFO-P2035-SK-372,Deployment & Recovery Arrangement of 75MT Gravity Anchor by DLB-1000,,../../../../../../../../Data/OFFSHORE/Support/ConstructionEngg/ConstructionEnggProjects/PROJECTS/2035-UMM%20SHAIF/Sketches/OFO-P2035-SK-372,DATA/TECH/2035 Offshore Construction Engineering Register (Pipeline & Cables).xlsx,Sketch,385,INCLUDE,,SDOC-3acf70ed5bcb135e0a002600,GDOC-facf92a3b374629e86c3e1f8
2035,TECH,GENERAL / MULTIDISCIPLINE,SKETCH,ENGINEERING SKETCH,OFO-P2035-SK-373,Recovery Arrangement of Knee Brace by DLB-1000,,../../../../../../../../Data/OFFSHORE/Support/ConstructionEngg/ConstructionEnggProjects/PROJECTS/2035-UMM%20SHAIF/Sketches/OFO-P2035-SK-373,DATA/TECH/2035 Offshore Construction Engineering Register (Pipeline & Cables).xlsx,Sketch,386,INCLUDE,,SDOC-efa83c8b3750ac246f0fab9e,GDOC-43c02d8f5549bed12934ee51
2035,TECH,GENERAL / MULTIDISCIPLINE,SKETCH,ENGINEERING SKETCH,OFO-P2035-SK-374,Lifting Arrangement of Sand/ Cement Bags using Jumbo Bag by DLB-1000,,../../../../../../../../Data/OFFSHORE/Support/ConstructionEngg/ConstructionEnggProjects/PROJECTS/2035-UMM%20SHAIF/Sketches/OFO-P2035-SK-374,DATA/TECH/2035 Offshore Construction Engineering Register (Pipeline & Cables).xlsx,Sketch,387,INCLUDE,,SDOC-eaa56ca8832757468545dbba,GDOC-5b3ffc382c58a64213a09ccd
2035,TECH,GENERAL / MULTIDISCIPLINE,SKETCH,ENGINEERING SKETCH,OFO-P2035-SK-375,Lifting Arrangement of Diving Material Basket by DLB-1000,,../../../../../../../../Data/OFFSHORE/Support/ConstructionEngg/ConstructionEnggProjects/PROJECTS/2035-UMM%20SHAIF/Sketches/OFO-P2035-SK-375,DATA/TECH/2035 Offshore Construction Engineering Register (Pipeline & Cables).xlsx,Sketch,388,INCLUDE,,SDOC-0f2d5a0e986c5561029c2737,GDOC-3c5395d1f63b72c412f08678
2035,TECH,GENERAL / MULTIDISCIPLINE,SKETCH,ENGINEERING SKETCH,OFO-P2035-SK-376,Lifting Arrangement of Sand/ Cement Bags using Cargo Net Bag by DLB-1000,,../../../../../../../../Data/OFFSHORE/Support/ConstructionEngg/ConstructionEnggProjects/PROJECTS/2035-UMM%20SHAIF/Sketches/OFO-P2035-SK-376,DATA/TECH/2035 Offshore Construction Engineering Register (Pipeline & Cables).xlsx,Sketch,389,INCLUDE,,SDOC-e01d2c1d743f01f14dee3548,GDOC-77a2e989fadbd57cf77c6d9a
2035,TECH,GENERAL / MULTIDISCIPLINE,SKETCH,ENGINEERING SKETCH,OFO-P2035-SK-377,Recovery Arrangement of Start-up/Laydown Head by DLB-1000,,../../../../../../../../Data/OFFSHORE/Support/ConstructionEngg/ConstructionEnggProjects/PROJECTS/2035-UMM%20SHAIF/Sketches/OFO-P2035-SK-377,DATA/TECH/2035 Offshore Construction Engineering Register (Pipeline & Cables).xlsx,Sketch,390,INCLUDE,,SDOC-4eea75ae0b4c9f3069eda043,GDOC-c3d3417c49b0757ad15f5102
2035,TECH,GENERAL / MULTIDISCIPLINE,SKETCH,ENGINEERING SKETCH,OFO-P2035-SK-378,Lifting Arrangement of Airlift Pipe by DLB-1000,,../../../../../../../../Data/OFFSHORE/Support/ConstructionEngg/ConstructionEnggProjects/PROJECTS/2035-UMM%20SHAIF/Sketches/OFO-P2035-SK-378,DATA/TECH/2035 Offshore Construction Engineering Register (Pipeline & Cables).xlsx,Sketch,391,INCLUDE,,SDOC-90d6c09d6d65bd6bcb92e6a5,GDOC-0fa3f7079274984effeaa9d3
2035,TECH,GENERAL / MULTIDISCIPLINE,SKETCH,ENGINEERING SKETCH,OFO-P2035-SK-379,Recovery Arrangement of Knee Brace Clamps by DLB-1000,,../../../../../../../../Data/OFFSHORE/Support/ConstructionEngg/ConstructionEnggProjects/PROJECTS/2035-UMM%20SHAIF/Sketches/OFO-P2035-SK-379,DATA/TECH/2035 Offshore Construction Engineering Register (Pipeline & Cables).xlsx,Sketch,392,INCLUDE,,SDOC-1e679b7d73759f8fc32245e7,GDOC-4a5e254e4b2950878a8c96c6
2035,TECH,GENERAL / MULTIDISCIPLINE,SKETCH,ENGINEERING SKETCH,OFO-P2035-SK-380,Recovery Arrangement of 18in Blind Flange by DLB-1000,,../../../../../../../../Data/OFFSHORE/Support/ConstructionEngg/ConstructionEnggProjects/PROJECTS/2035-UMM%20SHAIF/Sketches/OFO-P2035-SK-380,DATA/TECH/2035 Offshore Construction Engineering Register (Pipeline & Cables).xlsx,Sketch,393,INCLUDE,,SDOC-7a1a52c2216f9efa3b24d59d,GDOC-35e729934ce46cdc6c50b9b7
2035,TECH,GENERAL / MULTIDISCIPLINE,SKETCH,ENGINEERING SKETCH,OFO-P2035-SK-381,Lifting Arrangement of Wire Rope by DLB-1000,,../../../../../../../../Data/OFFSHORE/Support/ConstructionEngg/ConstructionEnggProjects/PROJECTS/2035-UMM%20SHAIF/Sketches/OFO-P2035-SK-381,DATA/TECH/2035 Offshore Construction Engineering Register (Pipeline & Cables).xlsx,Sketch,394,INCLUDE,,SDOC-129b68a13e13abdbd164454c,GDOC-eac65e04f5c161fe2e6034e7
2035,TECH,GENERAL / MULTIDISCIPLINE,SKETCH,ENGINEERING SKETCH,OFO-P2035-SK-382,Lifting Arrangement of A-Frame (AF-01),,../../../../../../../../Data/OFFSHORE/Support/ConstructionEngg/ConstructionEnggProjects/PROJECTS/2035-UMM%20SHAIF/Sketches/OFO-P2035-SK-382,DATA/TECH/2035 Offshore Construction Engineering Register (Pipeline & Cables).xlsx,Sketch,395,INCLUDE,,SDOC-1216055d28f41cc8e294e8e0,GDOC-b50a09f8397f1269fc07a0d8
2035,TECH,GENERAL / MULTIDISCIPLINE,SKETCH,ENGINEERING SKETCH,OFO-P2035-SK-383,Lifting Arrangement of A-Frame (AF-04-14) / (AF-2004-15),,../../../../../../../../Data/OFFSHORE/Support/ConstructionEngg/ConstructionEnggProjects/PROJECTS/2035-UMM%20SHAIF/Sketches/OFO-P2035-SK-383,DATA/TECH/2035 Offshore Construction Engineering Register (Pipeline & Cables).xlsx,Sketch,396,INCLUDE,,SDOC-c9d92ec969445915c990667d,GDOC-e30e786e682098eed78de2de
2035,TECH,GENERAL / MULTIDISCIPLINE,SKETCH,ENGINEERING SKETCH,OFO-P2035-SK-384,DIXIE PATRIOT LIFTING & INSTALLATION ARRANGEMENT OF GANGWAY AT USSC-RP1WEST SIDE PLATFORM,,,DATA/TECH/2035 Offshore Construction Engineering Register (Pipeline & Cables).xlsx,Sketch,397,INCLUDE,,SDOC-db100fb8f21a021efc86cbb6,GDOC-dadd0521a909a838aa2f9bc5
2035,TECH,GENERAL / MULTIDISCIPLINE,SKETCH,ENGINEERING SKETCH,OFO-P2035-SK-385,DIXIE PATRIOT REMOVAL ARRANGEMENT OF GANGWAY AT USSC-RP1WEST SIDE PLATFORM,,,DATA/TECH/2035 Offshore Construction Engineering Register (Pipeline & Cables).xlsx,Sketch,398,INCLUDE,,SDOC-17f19f905a890765ad165395,GDOC-b99781ca85f9ea79beea60e3
2035,TECH,GENERAL / MULTIDISCIPLINE,SKETCH,ENGINEERING SKETCH,OFO-P2035-SK-386,DIXIE PATRIOT LIFTING & OFFLOADING ARRANGEMENT FOR BILLY PUGH FROM VESSEL TO USSC-RP1WEST SIDE PLATFORM,,,DATA/TECH/2035 Offshore Construction Engineering Register (Pipeline & Cables).xlsx,Sketch,399,INCLUDE,,SDOC-3e70c0cc0416d1b928a1553d,GDOC-6ed265a02889c21a9cdb2a9f
2035,TECH,GENERAL / MULTIDISCIPLINE,SKETCH,ENGINEERING SKETCH,OFO-P2035-SK-387,DIXIE PATRIOT LIFTING & OFFLOADING ARRANGEMENT FOR BILLY PUGH FROM BARGE TO VESSEL AT USSC-RP1WEST SIDE PLATFORM,,,DATA/TECH/2035 Offshore Construction Engineering Register (Pipeline & Cables).xlsx,Sketch,400,INCLUDE,,SDOC-e86f5e87e1e5b304d1ee53cf,GDOC-36f56e006d9f703a39e2243e
2035,TECH,GENERAL / MULTIDISCIPLINE,SKETCH,ENGINEERING SKETCH,OFO-P2035-SK-388,DIXIE PATRIOT LIFTING & OFFLOADING BILLY PUGH FROM BARGE DECK TO PLATFORM AT USSC-RP1 WEST SIDE PLATFORM,,,DATA/TECH/2035 Offshore Construction Engineering Register (Pipeline & Cables).xlsx,Sketch,401,INCLUDE,,SDOC-93fac9bd94177545507d2627,GDOC-d6cc2bd91b217cf3b00820b1
2035,TECH,GENERAL / MULTIDISCIPLINE,SKETCH,ENGINEERING SKETCH,OFO-P2035-SK-389,DIXIE PATRIOT LIFTING & OFFLOADING BILLY PUGH FROM PLATFORM TO BARGE DECK AT USSC-RP1 WEST SIDE PLATFORM,,,DATA/TECH/2035 Offshore Construction Engineering Register (Pipeline & Cables).xlsx,Sketch,402,INCLUDE,,SDOC-9d423ed456372ae45f78866a,GDOC-4a62d1f8a7542461c20fd0df
2035,TECH,GENERAL / MULTIDISCIPLINE,SKETCH,ENGINEERING SKETCH,OFO-P2035-SK-390,DIXIE PATRIOT LIFTING & OFFLOADING ARRANGEMENT FOR PROJECT MATERIAL FROM VESSEL TO BARGE AT USSC-RP1 WEST SIDE PLATFORM,,,DATA/TECH/2035 Offshore Construction Engineering Register (Pipeline & Cables).xlsx,Sketch,403,INCLUDE,,SDOC-c05ec86eea79969c5d32f31d,GDOC-2f967a907b9e80b75100e5de
2035,TECH,GENERAL / MULTIDISCIPLINE,SKETCH,ENGINEERING SKETCH,OFO-P2035-SK-391,DIXIE PATRIOT LIFTING & OFFLOADING ARRANGEMENT FOR PROJECT MATERIAL FROM BARGE TO VESSEL AT USSC-RP1 WEST SIDE PLATFORM,,,DATA/TECH/2035 Offshore Construction Engineering Register (Pipeline & Cables).xlsx,Sketch,404,INCLUDE,,SDOC-b65f549af388ebf4e83e841d,GDOC-38c71a5094633d4d1fa057cf
2035,TECH,GENERAL / MULTIDISCIPLINE,SKETCH,ENGINEERING SKETCH,OFO-P2035-SK-392,DIXIE PATRIOT LIFTING & OFFLOADING ARRANGEMENT FOR PROJECT MATERIAL FROM BARGE DECK TO PLATFORM AT USSC-RP1 WEST SIDE PLATFORM,,,DATA/TECH/2035 Offshore Construction Engineering Register (Pipeline & Cables).xlsx,Sketch,405,INCLUDE,,SDOC-35d77a4ecfddff38c66ebe5e,GDOC-243fdea4c77b4a81f620fff6
2035,TECH,GENERAL / MULTIDISCIPLINE,SKETCH,ENGINEERING SKETCH,OFO-P2035-SK-393,DIXIE PATRIOT LIFTING & OFFLOADING ARRANGEMENT FOR PROJECT MATERIAL FROM PLATFORM TO BARGE DECK AT USSC-RP1 WEST SIDE PLATFORM,,,DATA/TECH/2035 Offshore Construction Engineering Register (Pipeline & Cables).xlsx,Sketch,406,INCLUDE,,SDOC-4c5718595a9cdca34e8a2484,GDOC-b45b44f8e7ad51fd7b667090
2035,TECH,GENERAL / MULTIDISCIPLINE,SKETCH,ENGINEERING SKETCH,OFO-P2035-SK-394,DIXIE PATRIOT LIFTING & OFFLOADING ARRANGEMENT FOR 20FT CONTAINER FROM VESSEL TO BARGE AT USSC-RP1 PLATFORM,,,DATA/TECH/2035 Offshore Construction Engineering Register (Pipeline & Cables).xlsx,Sketch,407,INCLUDE,,SDOC-5a3ede01b40af010ceb28b0a,GDOC-a4c7ddc598d776498b141a56
2035,TECH,GENERAL / MULTIDISCIPLINE,SKETCH,ENGINEERING SKETCH,OFO-P2035-SK-395,DIXIE PATRIOT LIFTING & OFFLOADING ARRANGEMENT FOR 20FT CONTAINER FROM BARGE TO VESSEL AT USSC-RP1 PLATFORM,,,DATA/TECH/2035 Offshore Construction Engineering Register (Pipeline & Cables).xlsx,Sketch,408,INCLUDE,,SDOC-0bd9ea057c7cb30e65b275ac,GDOC-44bfa0e65c65a4e8bb1bb287
2035,TECH,GENERAL / MULTIDISCIPLINE,SKETCH,ENGINEERING SKETCH,OFO-P2035-SK-396,DMA Start-Up Arrangement Sketch for PL-11 by SAFEEN 3000,,,DATA/TECH/2035 Offshore Construction Engineering Register (Pipeline & Cables).xlsx,Sketch,409,INCLUDE,,SDOC-6f9e1bf260817469d7335951,GDOC-dfc9fb6001241563f6300658
2035,TECH,GENERAL / MULTIDISCIPLINE,SKETCH,ENGINEERING SKETCH,OFO-P2035-SK-397,US LTDP-1 Project] Pipelay Profile with Stinger - DLS 4200 (for PL-1),,../../../../../../../../Data/OFFSHORE/Support/ConstructionEngg/ConstructionEnggProjects/PROJECTS/2035-UMM%20SHAIF/Sketches/OFO-P2035-SK-397,DATA/TECH/2035 Offshore Construction Engineering Register (Pipeline & Cables).xlsx,Sketch,410,INCLUDE,,SDOC-15ec5d8798908dd4a9fa0e0e,GDOC-3a2984feacc3051390f6c65c
2035,TECH,GENERAL / MULTIDISCIPLINE,SKETCH,ENGINEERING SKETCH,OFO-P2035-SK-398,A-FRAME,,../../../../../../../../Data/OFFSHORE/Support/ConstructionEngg/ConstructionEnggProjects/PROJECTS/2035-UMM%20SHAIF/Sketches/OFO-P2035-SK-398,DATA/TECH/2035 Offshore Construction Engineering Register (Pipeline & Cables).xlsx,Sketch,411,INCLUDE,,SDOC-c9ee1e4af68a468d3fc72bc4,GDOC-467ed000dc11fedfcaf57748
2035,TECH,GENERAL / MULTIDISCIPLINE,SKETCH,ENGINEERING SKETCH,OFO-P2035-SK-399,DLB-1000 DECK LAYOUT FOR STALK ON RISER AND SPOOLS INSTALLATION,,../../../../../../../../Data/OFFSHORE/Support/ConstructionEngg/ConstructionEnggProjects/PROJECTS/2035-UMM%20SHAIF/Sketches/OFO-P2035-SK-399,DATA/TECH/2035 Offshore Construction Engineering Register (Pipeline & Cables).xlsx,Sketch,412,INCLUDE,,SDOC-cdfb3d5e5ccb294a7c479d9a,GDOC-6c4f3e52b668f9cc52dad644
2035,TECH,GENERAL / MULTIDISCIPLINE,SKETCH,ENGINEERING SKETCH,OFO-P2035-SK-400,TYPICAL ABANDONMENT AND RECOVERY / LAYDOWN ARRANGEMENT WITH DLS-4200,,..\Sketches\OFO-P2035-SK-400,DATA/TECH/2035 Offshore Construction Engineering Register (Pipeline & Cables).xlsx,Sketch,413,INCLUDE,,SDOC-bb4552fb7dae8120f1f39d59,GDOC-283742449f63fb65e94d9960
2035,TECH,GENERAL / MULTIDISCIPLINE,SKETCH,ENGINEERING SKETCH,OFO-P2035-SK-401,(SEP-650) LIFTING & OFFLOADING ARRANGEMENT FOR GANGWAY BETWEEN BARGE AND VESSEL AT (RP1) PLATFORM,,,DATA/TECH/2035 Offshore Construction Engineering Register (Pipeline & Cables).xlsx,Sketch,414,INCLUDE,,SDOC-b7ae5aebf07c56ff81deb5c3,GDOC-f38648c099e8c22d37c2081a
2035,TECH,GENERAL / MULTIDISCIPLINE,SKETCH,ENGINEERING SKETCH,OFO-P2035-SK-402,(SEP-650) LIFTING & OFFLOADING ARRANGEMENT FOR GANGWAY BETWEEN BARGE AND PLATFORM AT (RP1) PLATFORM,,,DATA/TECH/2035 Offshore Construction Engineering Register (Pipeline & Cables).xlsx,Sketch,415,INCLUDE,,SDOC-85e82098ddf660169da08311,GDOC-9dbc8c96071d9b5afe3efe07
2035,TECH,GENERAL / MULTIDISCIPLINE,SKETCH,ENGINEERING SKETCH,OFO-P2035-SK-403,(SEP-650) LIFTING & OFFLOADING ARRANGEMENT FOR BILLY PUGH BETWEEN BARGE AND VESSEL AT (RP1) PLATFORM,,../../../../../../../../Data/OFFSHORE/Support/ConstructionEngg/ConstructionEnggProjects/PROJECTS/2035-UMM%20SHAIF/Sketches/OFO-P2035-SK-403,DATA/TECH/2035 Offshore Construction Engineering Register (Pipeline & Cables).xlsx,Sketch,416,INCLUDE,,SDOC-f4edc92db4a72b737167d70f,GDOC-373e7d9663f67563fda68ca8
2035,TECH,GENERAL / MULTIDISCIPLINE,SKETCH,ENGINEERING SKETCH,OFO-P2035-SK-404,(SEP-650) LIFTING & OFFLOADING ARRANGEMENT FOR BILLY PUGH BETWEEN BARGE AND PLATFORM AT (RP1) PLATFORM,,../../../../../../../../Data/OFFSHORE/Support/ConstructionEngg/ConstructionEnggProjects/PROJECTS/2035-UMM%20SHAIF/Sketches/OFO-P2035-SK-404,DATA/TECH/2035 Offshore Construction Engineering Register (Pipeline & Cables).xlsx,Sketch,417,INCLUDE,,SDOC-c2174142a93b9520bf364564,GDOC-35f310ea376c310bbb8148c2
2035,TECH,GENERAL / MULTIDISCIPLINE,SKETCH,ENGINEERING SKETCH,OFO-P2035-SK-405,(SEP-650) LIFTING & OFFLOADING ARRANGEMENT FOR PROJECT MATERIAL BETWEEN BARGE AND VESSEL AT (RP1) PLATFORM,,../../../../../../../../Data/OFFSHORE/Support/ConstructionEngg/ConstructionEnggProjects/PROJECTS/2035-UMM%20SHAIF/Sketches/OFO-P2035-SK-405,DATA/TECH/2035 Offshore Construction Engineering Register (Pipeline & Cables).xlsx,Sketch,418,INCLUDE,,SDOC-0ebb60664b2bfc0e2651d583,GDOC-3ccff73327ed7435af6736af
2035,TECH,GENERAL / MULTIDISCIPLINE,SKETCH,ENGINEERING SKETCH,OFO-P2035-SK-406,(SEP-650) LIFTING & OFFLOADING ARRANGEMENT FOR PROJECT MATERIAL BETWEEN BARGE AND PLATFORM AT (RP1) PLATFORM,,../../../../../../../../Data/OFFSHORE/Support/ConstructionEngg/ConstructionEnggProjects/PROJECTS/2035-UMM%20SHAIF/Sketches/OFO-P2035-SK-406,DATA/TECH/2035 Offshore Construction Engineering Register (Pipeline & Cables).xlsx,Sketch,419,INCLUDE,,SDOC-48814565c13b73cdef36e8d9,GDOC-28cd277ebc397541abd2da31
2035,TECH,GENERAL / MULTIDISCIPLINE,SKETCH,ENGINEERING SKETCH,OFO-P2035-SK-407,(SEP-650) LIFTING & OFFLOADING ARRANGEMENT FOR CCU CARGO CONTAINER BETWEEN BARGE AND VESSEL AT (RP1) PLATFORM,,../../../../../../../../Data/OFFSHORE/Support/ConstructionEngg/ConstructionEnggProjects/PROJECTS/2035-UMM%20SHAIF/Sketches/OFO-P2035-SK-407,DATA/TECH/2035 Offshore Construction Engineering Register (Pipeline & Cables).xlsx,Sketch,420,INCLUDE,,SDOC-a58c10d0459668f6de94253e,GDOC-ffe341721dc28b58395e7e60
2035,TECH,GENERAL / MULTIDISCIPLINE,SKETCH,ENGINEERING SKETCH,OFO-P2035-SK-408,(SEP-650) LIFTING & OFFLOADING ARRANGEMENT FOR CCU CARGO CONTAINER BETWEEN BARGE AND PLATFORM AT (RP1) PLATFORM,,../../../../../../../../Data/OFFSHORE/Support/ConstructionEngg/ConstructionEnggProjects/PROJECTS/2035-UMM%20SHAIF/Sketches/OFO-P2035-SK-408,DATA/TECH/2035 Offshore Construction Engineering Register (Pipeline & Cables).xlsx,Sketch,421,INCLUDE,,SDOC-ef4e908c6e833cd289360ad5,GDOC-40a0a6a9061f805415028566
2035,TECH,GENERAL / MULTIDISCIPLINE,SKETCH,ENGINEERING SKETCH,OFO-P2035-SK-409,STROP ARRANGEMENT FOR PL-7 DAVIT LIFT @ USSC RP-1 WITH DLB 1000,,,DATA/TECH/2035 Offshore Construction Engineering Register (Pipeline & Cables).xlsx,Sketch,422,INCLUDE,,SDOC-97a344399564551a0feced92,GDOC-1fbcca23a7ad5b0ff7d4cc8b
2035,TECH,GENERAL / MULTIDISCIPLINE,SKETCH,ENGINEERING SKETCH,OFO-P2035-SK-410,DECK LAYOUT FOR MUTAWA-17 DURING PRE-COMMISSIONING SCOPE,,../../../../../../../../Data/OFFSHORE/Support/ConstructionEngg/ConstructionEnggProjects/PROJECTS/2035-UMM%20SHAIF/Sketches/OFO-P2035-SK-410-SERVER%20ONLY,DATA/TECH/2035 Offshore Construction Engineering Register (Pipeline & Cables).xlsx,Sketch,423,INCLUDE,,SDOC-900129d47436869673565f6c,GDOC-33f7054b5acd2575906f2577
2035,TECH,GENERAL / MULTIDISCIPLINE,SKETCH,ENGINEERING SKETCH,OFO-P2035-SK-411,MUTAWA-401 LIFTING & OFFLOADING ARRANGEMENT OF PROJECT MATERIAL AT SUPPLY VESSEL & PLATFORM (US-159A),,../../../../../../../../Data/OFFSHORE/Support/ConstructionEngg/ConstructionEnggProjects/PROJECTS/2035-UMM%20SHAIF/Sketches/OFO-P2035-SK-411,DATA/TECH/2035 Offshore Construction Engineering Register (Pipeline & Cables).xlsx,Sketch,424,INCLUDE,,SDOC-1f639050688ae2a5df005ed8,GDOC-a6bc4f70fc5931a4f07e115c
2035,TECH,GENERAL / MULTIDISCIPLINE,SKETCH,ENGINEERING SKETCH,OFO-P2035-SK-412,MUTAWA-401 LIFTING & OFFLOADING ARRANGEMENT OF E&I JUNCTION BOX AT SUPPLY VESSEL & PLATFORM (US-159A),,../../../../../../../../Data/OFFSHORE/Support/ConstructionEngg/ConstructionEnggProjects/PROJECTS/2035-UMM%20SHAIF/Sketches/OFO-P2035-SK-412,DATA/TECH/2035 Offshore Construction Engineering Register (Pipeline & Cables).xlsx,Sketch,425,INCLUDE,,SDOC-ea4d3e595cb917094fc694ba,GDOC-05d7a08ac639ad8851813e5e
2035,TECH,GENERAL / MULTIDISCIPLINE,SKETCH,ENGINEERING SKETCH,OFO-P2035-SK-413,TYPICAL ABANDONMENT AND RECOVERY / LAYDOWN ARRANGEMENT WITH DLB-750,,../../../../../../../../Data/OFFSHORE/Support/ConstructionEngg/ConstructionEnggProjects/PROJECTS/2035-UMM%20SHAIF/Sketches/OFO-P2035-SK-413,DATA/TECH/2035 Offshore Construction Engineering Register (Pipeline & Cables).xlsx,Sketch,426,INCLUDE,,SDOC-9b244b96fa0afd538c818d31,GDOC-980d7c51e1812c1d5a679410
2035,TECH,GENERAL / MULTIDISCIPLINE,SKETCH,ENGINEERING SKETCH,OFO-P2035-SK-414,DLB-750 PIPELAY PROFILE,,../../../../../../../../Data/OFFSHORE/Support/ConstructionEngg/ConstructionEnggProjects/PROJECTS/2035-UMM%20SHAIF/Sketches/OFO-P2035-SK-414,DATA/TECH/2035 Offshore Construction Engineering Register (Pipeline & Cables).xlsx,Sketch,427,INCLUDE,,SDOC-83c96a18974f1e74571a2cfe,GDOC-f5e5b68c93955602deaa22d3
2035,TECH,GENERAL / MULTIDISCIPLINE,SKETCH,ENGINEERING SKETCH,OFO-P2035-SK-415,16” START-UP HEAD LIFTING AND LOWERING WITH HEA OCEANIC (PL-8),,../../../../../../../../Data/OFFSHORE/Support/ConstructionEngg/ConstructionEnggProjects/PROJECTS/2035-UMM%20SHAIF/Sketches/OFO-P2035-SK-415,DATA/TECH/2035 Offshore Construction Engineering Register (Pipeline & Cables).xlsx,Sketch,428,INCLUDE,,SDOC-5480890aff27c884deb02164,GDOC-113585bc90692ae46b49ff2a
2035,TECH,GENERAL / MULTIDISCIPLINE,SKETCH,ENGINEERING SKETCH,OFO-P2035-SK-416,START-UP ARRANGEMENT FOR 16” WELL FLUID PIPELINE FROM US-159A TO US-12B (PL-1) BY DLB-750,,../../../../../../../../Data/OFFSHORE/Support/ConstructionEngg/ConstructionEnggProjects/PROJECTS/2035-UMM%20SHAIF/Sketches/OFO-P2035-SK-416,DATA/TECH/2035 Offshore Construction Engineering Register (Pipeline & Cables).xlsx,Sketch,429,INCLUDE,,SDOC-42d19b19adb2ed5306d4b7e5,GDOC-c64ed2b359a1c7104c4fa7f9
2035,TECH,GENERAL / MULTIDISCIPLINE,SKETCH,ENGINEERING SKETCH,OFO-P2035-SK-417,Pipeline Shifting Sequence during Laydown Sketch for PL-1 with DLB-750,,../../../../../../../../Data/OFFSHORE/Support/ConstructionEngg/ConstructionEnggProjects/PROJECTS/2035-UMM%20SHAIF/Sketches/OFO-P2035-SK-417,DATA/TECH/2035 Offshore Construction Engineering Register (Pipeline & Cables).xlsx,Sketch,430,INCLUDE,,SDOC-afbcecd92d38fe921c69ed8e,GDOC-b85825e1fc2c765d71594c30
2035,TECH,GENERAL / MULTIDISCIPLINE,SKETCH,ENGINEERING SKETCH,OFO-P2035-SK-418,USLTDP-1 2035 - As-Laid Drawing Request – L-Frame Davit for ROV Deployment (DLB-1000),,,DATA/TECH/2035 Offshore Construction Engineering Register (Pipeline & Cables).xlsx,Sketch,431,INCLUDE,,SDOC-f1f1f9e0cfc8bec42c2fd36a,GDOC-e7e3e3cd86bb38dd25de6375
2035,TECH,GENERAL / MULTIDISCIPLINE,SKETCH,ENGINEERING SKETCH,OFO-P2035-SK-419,Lifting Temporary Pig Launcher & Receiver by MUTAWA 17 at US-159A WHT,,../../../../../../../../Data/OFFSHORE/Support/ConstructionEngg/ConstructionEnggProjects/PROJECTS/2035-UMM%20SHAIF/Sketches/OFO-P2035-SK-419,DATA/TECH/2035 Offshore Construction Engineering Register (Pipeline & Cables).xlsx,Sketch,432,INCLUDE,,SDOC-69b768572be807fa654c1f95,GDOC-d92fe9d5ef2a765e4429b77d
2035,TECH,GENERAL / MULTIDISCIPLINE,SKETCH,ENGINEERING SKETCH,OFO-P2035-SK-420,SEP-750 LIFTING & OFFLOADING ARRANGEMENT FOR GANGWAY BETWEEN BARGE AND VESSEL AT (US-19A) PLATFORM,,file:///\\Nmdc.local\fs\Data\OFFSHORE\Support\ConstructionEngg\ConstructionEnggProjects\PROJECTS\2035-UMM%20SHAIF\Sketches\OFO-P2035-SK-420-SERVER%20ONLY,DATA/TECH/2035 Offshore Construction Engineering Register (Pipeline & Cables).xlsx,Sketch,433,INCLUDE,,SDOC-7e85909b5dbd8796e34cdf41,GDOC-b2564ba72ca2e8a5cc5f13c9
2035,TECH,GENERAL / MULTIDISCIPLINE,SKETCH,ENGINEERING SKETCH,OFO-P2035-SK-421,SEP-750 LIFTING & OFFLOADING ARRANGEMENT FOR GANGWAY BETWEEN BARGE AND PLATFORM AT (US-19A ) PLATFORM,,file:///\\Nmdc.local\fs\Data\OFFSHORE\Support\ConstructionEngg\ConstructionEnggProjects\PROJECTS\2035-UMM%20SHAIF\Sketches\OFO-P2035-SK-421-SERVER%20ONLY,DATA/TECH/2035 Offshore Construction Engineering Register (Pipeline & Cables).xlsx,Sketch,434,INCLUDE,,SDOC-4c2e94e09c5c6a35d3348687,GDOC-4561981da8ef59fe191b35bd
2035,TECH,GENERAL / MULTIDISCIPLINE,SKETCH,ENGINEERING SKETCH,OFO-P2035-SK-422,Lifting Temporary Pig Launcher & Receiver by MUTAWA 17 at HP1,,../../../../../../../../Data/OFFSHORE/Support/ConstructionEngg/ConstructionEnggProjects/PROJECTS/2035-UMM%20SHAIF/Sketches/OFO-P2035-SK-422,DATA/TECH/2035 Offshore Construction Engineering Register (Pipeline & Cables).xlsx,Sketch,435,INCLUDE,,SDOC-0ec5a64690cbab34c377a896,GDOC-3a2dd0e3cb8e03d4a05df700
2035,TECH,GENERAL / MULTIDISCIPLINE,SKETCH,ENGINEERING SKETCH,OFO-P2035-SK-423,Lifting Temporary Pig Launcher & Receiver by MUTAWA 17 at RP1,,../../../../../../../../Data/OFFSHORE/Support/ConstructionEngg/ConstructionEnggProjects/PROJECTS/2035-UMM%20SHAIF/Sketches/OFO-P2035-SK-423,DATA/TECH/2035 Offshore Construction Engineering Register (Pipeline & Cables).xlsx,Sketch,436,INCLUDE,,SDOC-e1132589f4aa558cc8478f84,GDOC-b69749fc390e425531e15966
2035,TECH,GENERAL / MULTIDISCIPLINE,SKETCH,ENGINEERING SKETCH,OFO-P2035-SK-424,Lifting Arrangement of Flange Shroud by DLB-1000,,../../../../../../../../Data/OFFSHORE/Support/ConstructionEngg/ConstructionEnggProjects/PROJECTS/2035-UMM%20SHAIF/Sketches/OFO-P2035-SK-424,DATA/TECH/2035 Offshore Construction Engineering Register (Pipeline & Cables).xlsx,Sketch,437,INCLUDE,,SDOC-ca5ad4683d631dfd9f8233c3,GDOC-fb5a511c16f5d684c2becd1b
2035,TECH,GENERAL / MULTIDISCIPLINE,SKETCH,ENGINEERING SKETCH,OFO-P2035-SK-425,Recovery Arrangement of Temporary Shroud by DLB-1000,,../../../../../../../../Data/OFFSHORE/Support/ConstructionEngg/ConstructionEnggProjects/PROJECTS/2035-UMM%20SHAIF/Sketches/OFO-P2035-SK-425,DATA/TECH/2035 Offshore Construction Engineering Register (Pipeline & Cables).xlsx,Sketch,438,INCLUDE,,SDOC-75143b64dc8e4c797e8ca02c,GDOC-8ede26648f566ad759744b69
2035,TECH,GENERAL / MULTIDISCIPLINE,SKETCH,ENGINEERING SKETCH,OFO-P2035-SK-426,PIPELINE SHIFTING DURING LAYDOWN AT US-153A (KP 3.540) FOR PROPOSED 16” WF SUBSEA PIPELINE FROM US-19B TO US-153A (PL-4) WITH DLB-750,,../../../../../../../../Data/OFFSHORE/Support/ConstructionEngg/ConstructionEnggProjects/PROJECTS/2035-UMM%20SHAIF/Sketches/OFO-P2035-SK-426,DATA/TECH/2035 Offshore Construction Engineering Register (Pipeline & Cables).xlsx,Sketch,439,INCLUDE,,SDOC-48717e535007e864b60a843b,GDOC-682f08f8eb4bfb47c35b8427
2035,TECH,GENERAL / MULTIDISCIPLINE,SKETCH,ENGINEERING SKETCH,OFO-P2035-SK-427,SPARE,,,DATA/TECH/2035 Offshore Construction Engineering Register (Pipeline & Cables).xlsx,Sketch,440,INCLUDE,,SDOC-7c7332cf497e3e51d67990b3,GDOC-795bb5a7a04179f4fe881c2a
2035,TECH,GENERAL / MULTIDISCIPLINE,SKETCH,ENGINEERING SKETCH,OFO-P2035-SK-428,DECK LAYOUT FOR DLB-750 DURING PIGGYBACK PIPELAY INSTALLATION,,../../../../../../../../Data/OFFSHORE/Support/ConstructionEngg/ConstructionEnggProjects/PROJECTS/2035-UMM%20SHAIF/Sketches/OFO-P2035-SK-428,DATA/TECH/2035 Offshore Construction Engineering Register (Pipeline & Cables).xlsx,Sketch,441,INCLUDE,,SDOC-8a48173009c348896dfdf4b4,GDOC-9f02dff9a6e5439b03807421
2035,TECH,GENERAL / MULTIDISCIPLINE,SKETCH,ENGINEERING SKETCH,OFO-P2035-SK-429,DMA Start-Up Arrangement for Proposed (PL-4) 16” Well Fluid PL. from US-19B to US-153A by DLB-750,,../../../../../../../../Data/OFFSHORE/Support/ConstructionEngg/ConstructionEnggProjects/PROJECTS/2035-UMM%20SHAIF/Sketches/OFO-P2035-SK-429,DATA/TECH/2035 Offshore Construction Engineering Register (Pipeline & Cables).xlsx,Sketch,442,INCLUDE,,SDOC-86963e7e00f6e3791e6d28b7,GDOC-1c6dace5a98f8963a8795df3
2035,TECH,GENERAL / MULTIDISCIPLINE,SKETCH,ENGINEERING SKETCH,OFO-P2035-SK-430,SEP-750 LIFTING & OFFLOADING ARRANGEMENT FOR GANGWAY (19M LG.)  BETWEEN BARGE AND VESSEL AT (US-19A) PLATFORM,,../../../../../../../../Data/OFFSHORE/Support/ConstructionEngg/ConstructionEnggProjects/PROJECTS/2035-UMM%20SHAIF/Sketches/OFO-P2035-SK-430,DATA/TECH/2035 Offshore Construction Engineering Register (Pipeline & Cables).xlsx,Sketch,443,INCLUDE,,SDOC-5798b2d4037b28bcc1090804,GDOC-b6cc432f864216c26245316a
2035,TECH,GENERAL / MULTIDISCIPLINE,SKETCH,ENGINEERING SKETCH,OFO-P2035-SK-431,SEP-750 LIFTING & OFFLOADING ARRANGEMENT FOR GANGWAY (19M LG.) BETWEEN BARGE AND PLATFORM AT (US-19A ) PLATFORM,,../../../../../../../../Data/OFFSHORE/Support/ConstructionEngg/ConstructionEnggProjects/PROJECTS/2035-UMM%20SHAIF/Sketches/OFO-P2035-SK-431,DATA/TECH/2035 Offshore Construction Engineering Register (Pipeline & Cables).xlsx,Sketch,444,INCLUDE,,SDOC-6777aa44e7daf4410bf4437e,GDOC-7d2e1238ac3e491b823f9a30
2035,TECH,GENERAL / MULTIDISCIPLINE,SKETCH,ENGINEERING SKETCH,OFO-P2035-SK-432,AIR BAG ARRANGEMENT FOR LIFTING OF 16” WF PIPELINE FROM US-HP3 TO USSC-RP1 (PL-8) AT KP 0.908,,../../../../../../../../Data/OFFSHORE/Support/ConstructionEngg/ConstructionEnggProjects/PROJECTS/2035-UMM%20SHAIF/Sketches/OFO-P2035-SK-432,DATA/TECH/2035 Offshore Construction Engineering Register (Pipeline & Cables).xlsx,Sketch,445,INCLUDE,,SDOC-2832b0f7b8c1141317438a5d,GDOC-25e4c11b6055fe7a70ad93cc
2035,TECH,GENERAL / MULTIDISCIPLINE,SKETCH,ENGINEERING SKETCH,OFO-P2035-SK-433,AIR BAG ARRANGEMENT FOR LIFTING OF 16” WF PIPELINE FROM US-HP3 TO USSC-RP1 (PL-8) AT KP 1.583,,../../../../../../../../Data/OFFSHORE/Support/ConstructionEngg/ConstructionEnggProjects/PROJECTS/2035-UMM%20SHAIF/Sketches/OFO-P2035-SK-433,DATA/TECH/2035 Offshore Construction Engineering Register (Pipeline & Cables).xlsx,Sketch,446,INCLUDE,,SDOC-579d63961f37f2859c6fd5bb,GDOC-f1dcd758a7525d82c36497e8
2035,TECH,GENERAL / MULTIDISCIPLINE,SKETCH,ENGINEERING SKETCH,OFO-P2035-SK-434,DMA START-UP ARRANGEMENT FOR PL-11 AT US-HP2 BY SAFEEN 3000,,../../../../../../../../Data/OFFSHORE/Support/ConstructionEngg/ConstructionEnggProjects/PROJECTS/2035-UMM%20SHAIF/Sketches/OFO-P2035-SK-434,DATA/TECH/2035 Offshore Construction Engineering Register (Pipeline & Cables).xlsx,Sketch,447,INCLUDE,,SDOC-c4d252b9b621ff4f6c5564ac,GDOC-fc61fb46f4c1e534f65fed5a
2035,TECH,GENERAL / MULTIDISCIPLINE,SKETCH,ENGINEERING SKETCH,OFO-P2035-SK-435,Typical Lifting and Handling for Pipe Joints by DLB-750,,file:///\\Nmdc.local\fs\Data\OFFSHORE\Support\ConstructionEngg\ConstructionEnggProjects\PROJECTS\2035-UMM%20SHAIF\Sketches\OFO-P2035-SK-435,DATA/TECH/2035 Offshore Construction Engineering Register (Pipeline & Cables).xlsx,Sketch,448,INCLUDE,,SDOC-0ca3a71e5a34a677b17c08d7,GDOC-56ef64cb61b0d400941f81d7
2035,TECH,GENERAL / MULTIDISCIPLINE,SKETCH,ENGINEERING SKETCH,OFO-P2035-SK-436,Typical Lifting and Installation of Reels by DLB-750,,file:///\\Nmdc.local\fs\Data\OFFSHORE\Support\ConstructionEngg\ConstructionEnggProjects\PROJECTS\2035-UMM%20SHAIF\Sketches\OFO-P2035-SK-436,DATA/TECH/2035 Offshore Construction Engineering Register (Pipeline & Cables).xlsx,Sketch,449,INCLUDE,,SDOC-770149e123564df6212c2595,GDOC-353045156630e3d0bbb90d14
2035,TECH,GENERAL / MULTIDISCIPLINE,SKETCH,ENGINEERING SKETCH,OFO-P2035-SK-437,Deployment & Recovery Arrangement of 75MT Gravity Anchor by DLB-750,,file:///\\Nmdc.local\fs\Data\OFFSHORE\Support\ConstructionEngg\ConstructionEnggProjects\PROJECTS\2035-UMM%20SHAIF\Sketches\OFO-P2035-SK-437,DATA/TECH/2035 Offshore Construction Engineering Register (Pipeline & Cables).xlsx,Sketch,450,INCLUDE,,SDOC-a08a446f4cf468a2fa9c5c49,GDOC-6028fcf580721e1845f41c97
2035,TECH,GENERAL / MULTIDISCIPLINE,SKETCH,ENGINEERING SKETCH,OFO-P2035-SK-438,Recovery Arrangement of Temporary Shroud by DLB-750,,file:///\\Nmdc.local\fs\Data\OFFSHORE\Support\ConstructionEngg\ConstructionEnggProjects\PROJECTS\2035-UMM%20SHAIF\Sketches\OFO-P2035-SK-438,DATA/TECH/2035 Offshore Construction Engineering Register (Pipeline & Cables).xlsx,Sketch,451,INCLUDE,,SDOC-8d668429281b4766e9fd9847,GDOC-2bee0f9b277a3af2b5add922
2035,TECH,GENERAL / MULTIDISCIPLINE,SKETCH,ENGINEERING SKETCH,OFO-P2035-SK-439,QMS SUBHIYA LIFTING & OFFLOADING ARRANGEMENT FOR BILLY PUGH BETWEEN BARGE AND STARBOARD SIDE VESSEL AT (HP-3) PLATFORM,,file:///\\Nmdc.local\fs\Data\OFFSHORE\Support\ConstructionEngg\ConstructionEnggProjects\PROJECTS\2035-UMM%20SHAIF\Sketches\OFO-P2035-SK-439,DATA/TECH/2035 Offshore Construction Engineering Register (Pipeline & Cables).xlsx,Sketch,452,INCLUDE,,SDOC-95000fdc58425d990567e10d,GDOC-9aa01e8077fa646980c9dac5
2035,TECH,GENERAL / MULTIDISCIPLINE,SKETCH,ENGINEERING SKETCH,OFO-P2035-SK-440,QMS SUBHIYA LIFTING & OFFLOADING ARRANGEMENT FOR BILLY PUGH BETWEEN BARGE AND PLATFORM AT (HP-3) PLATFORM,,file:///\\Nmdc.local\fs\Data\OFFSHORE\Support\ConstructionEngg\ConstructionEnggProjects\PROJECTS\2035-UMM%20SHAIF\Sketches\OFO-P2035-SK-440,DATA/TECH/2035 Offshore Construction Engineering Register (Pipeline & Cables).xlsx,Sketch,453,INCLUDE,,SDOC-b8e29bc653c54cebdb098fab,GDOC-318b5ffda9649060a82b83ca
2035,TECH,GENERAL / MULTIDISCIPLINE,SKETCH,ENGINEERING SKETCH,OFO-P2035-SK-441,QMS SUBHIYA LIFTING & OFFLOADING ARRANGEMENT FOR PROJECT MATERIAL BETWEEN BARGE AND STARBOARD SIDE VESSEL AT (HP-3) PLATFORM,,file:///\\Nmdc.local\fs\Data\OFFSHORE\Support\ConstructionEngg\ConstructionEnggProjects\PROJECTS\2035-UMM%20SHAIF\Sketches\OFO-P2035-SK-441,DATA/TECH/2035 Offshore Construction Engineering Register (Pipeline & Cables).xlsx,Sketch,454,INCLUDE,,SDOC-a96853bcd4a7f774c96a7b6a,GDOC-5cda9610d3e73bc597e4eac8
2035,TECH,GENERAL / MULTIDISCIPLINE,SKETCH,ENGINEERING SKETCH,OFO-P2035-SK-442,QMS SUBHIYA LIFTING & OFFLOADING ARRANGEMENT FOR PROJECT MATERIALBETWEEN BARGE AND PLATFORM AT (HP-3) PLATFORM,,file:///\\Nmdc.local\fs\Data\OFFSHORE\Support\ConstructionEngg\ConstructionEnggProjects\PROJECTS\2035-UMM%20SHAIF\Sketches\OFO-P2035-SK-442,DATA/TECH/2035 Offshore Construction Engineering Register (Pipeline & Cables).xlsx,Sketch,455,INCLUDE,,SDOC-0b29b63f4dc7b453006d3e64,GDOC-4826be48ef5206d758b92e17
2035,TECH,GENERAL / MULTIDISCIPLINE,SKETCH,ENGINEERING SKETCH,OFO-P2035-SK-443,QMS SUBHIYA LIFTING & OFFLOADING ARRANGEMENT FOR 20FT CONTAINER BETWEEN BARGE AND STARBOARD SIDE VESSEL AT (HP-3) PLATFORM,,file:///\\Nmdc.local\fs\Data\OFFSHORE\Support\ConstructionEngg\ConstructionEnggProjects\PROJECTS\2035-UMM%20SHAIF\Sketches\OFO-P2035-SK-443,DATA/TECH/2035 Offshore Construction Engineering Register (Pipeline & Cables).xlsx,Sketch,456,INCLUDE,,SDOC-e7b5129855882d45ff85300a,GDOC-9c5018b0d852e0240e886355
2035,TECH,GENERAL / MULTIDISCIPLINE,SKETCH,ENGINEERING SKETCH,OFO-P2035-SK-444,QMS SUBHIYA LIFTING & OFFLOADING ARRANGEMENT FOR 20FT CONTAINER BETWEEN BARGE AND PLATFORM AT (HP-3) PLATFORM,,file:///\\Nmdc.local\fs\Data\OFFSHORE\Support\ConstructionEngg\ConstructionEnggProjects\PROJECTS\2035-UMM%20SHAIF\Sketches\OFO-P2035-SK-444,DATA/TECH/2035 Offshore Construction Engineering Register (Pipeline & Cables).xlsx,Sketch,457,INCLUDE,,SDOC-ab5d00591382a45075cc062b,GDOC-453433f22224bf8f3bae81d5
2035,TECH,GENERAL / MULTIDISCIPLINE,SKETCH,ENGINEERING SKETCH,OFO-P2035-SK-445,Lifting Temporary Pig Launcher & Receiver by DLB-1000 at USSC-RP1,,file:///\\Nmdc.local\fs\Data\OFFSHORE\Support\ConstructionEngg\ConstructionEnggProjects\PROJECTS\2035-UMM%20SHAIF\Sketches\OFO-P2035-SK-445,DATA/TECH/2035 Offshore Construction Engineering Register (Pipeline & Cables).xlsx,Sketch,458,INCLUDE,,SDOC-e20b8545ffe7c9085ae7a57e,GDOC-e7364a61469437a59a88c521
2035,TECH,GENERAL / MULTIDISCIPLINE,SKETCH,ENGINEERING SKETCH,OFO-P2035-SK-446,TYPICAL LIFTING ARRANGMENT OF A - FRAME BY DELMA 1000,,file:///\\Nmdc.local\fs\Data\OFFSHORE\Support\ConstructionEngg\ConstructionEnggProjects\PROJECTS\2035-UMM%20SHAIF\Sketches\OFO-P2035-SK-446,DATA/TECH/2035 Offshore Construction Engineering Register (Pipeline & Cables).xlsx,Sketch,459,INCLUDE,,SDOC-5654d5ed287e1b8729305db3,GDOC-c0fc4f73dc0da896bc697ff8
2035,TECH,GENERAL / MULTIDISCIPLINE,SKETCH,ENGINEERING SKETCH,OFO-P2035-SK-447,LIFTING THREE-PHASE TRANSFORMER BY SAFEEN-3000 AT HP-3,,file:///\\Nmdc.local\fs\Data\OFFSHORE\Support\ConstructionEngg\ConstructionEnggProjects\PROJECTS\2035-UMM%20SHAIF\Sketches\OFO-P2035-SK-447,DATA/TECH/2035 Offshore Construction Engineering Register (Pipeline & Cables).xlsx,Sketch,460,INCLUDE,,SDOC-6133bd0538a96a856bbe4659,GDOC-c0a5f6d7d9555a0adb9878d8
2035,TECH,GENERAL / MULTIDISCIPLINE,SKETCH,ENGINEERING SKETCH,OFO-P2035-SK-448,PIPELINE SHIFTING DURING LAYDOWN AT US-12B (KP 6.600) FOR PROPOSED 16” WATER INJECTION PIPELINE FROM US-HP2 TO US-HP1 (PL-11) WITH SAFEEN 3000,,file:///\\Nmdc.local\fs\Data\OFFSHORE\Support\ConstructionEngg\ConstructionEnggProjects\PROJECTS\2035-UMM%20SHAIF\Sketches\OFO-P2035-SK-448,DATA/TECH/2035 Offshore Construction Engineering Register (Pipeline & Cables).xlsx,Sketch,461,INCLUDE,,SDOC-90f9f77f2a4320c372853b1a,GDOC-e2b52fb6a290c8981c98b02a
2035,TECH,GENERAL / MULTIDISCIPLINE,SKETCH,ENGINEERING SKETCH,OFO-P2035-SK-449,TYPICAL LIFTING ARRANGEMENT FOR TEMPORARY SUPPORT DURING INSTALLATION AND REMOVAL (USING DLB-1000),,file:///\\Nmdc.local\fs\Data\OFFSHORE\Support\ConstructionEngg\ConstructionEnggProjects\PROJECTS\2035-UMM%20SHAIF\Sketches\OFO-P2035-SK-449,DATA/TECH/2035 Offshore Construction Engineering Register (Pipeline & Cables).xlsx,Sketch,462,INCLUDE,,SDOC-f550c49f71029041dad8bd75,GDOC-1771d48a635d1ed633c1dc42
2035,TECH,GENERAL / MULTIDISCIPLINE,SKETCH,ENGINEERING SKETCH,OFO-P2035-SK-450,LIFTING ARRANGEMENT FOR ALUMINUM GANGWAY BY MUTAWA 17 AT US-159A WHT,,file:///\\Nmdc.local\fs\Data\OFFSHORE\Support\ConstructionEngg\ConstructionEnggProjects\PROJECTS\2035-UMM%20SHAIF\Sketches\OFO-P2035-SK-450,DATA/TECH/2035 Offshore Construction Engineering Register (Pipeline & Cables).xlsx,Sketch,463,INCLUDE,,SDOC-37b650e3f62ea83da865d00e,GDOC-56555f4444ac3721f7478b9e
2035,TECH,GENERAL / MULTIDISCIPLINE,SKETCH,ENGINEERING SKETCH,OFO-P2035-SK-451,LIFTING ARRANGEMENT FOR ALUMINUM GANGWAY BY MUTAWA 17 AT HP1,,file:///\\Nmdc.local\fs\Data\OFFSHORE\Support\ConstructionEngg\ConstructionEnggProjects\PROJECTS\2035-UMM%20SHAIF\Sketches\OFO-P2035-SK-451,DATA/TECH/2035 Offshore Construction Engineering Register (Pipeline & Cables).xlsx,Sketch,464,INCLUDE,,SDOC-439e371a2620f8cab962e24d,GDOC-f468533c14c44cc950a452a7
2035,TECH,GENERAL / MULTIDISCIPLINE,SKETCH,ENGINEERING SKETCH,OFO-P2035-SK-452,LIFTING ARRANGEMENT FOR ALUMINUM GANGWAY BY MUTAWA 17 AT RP1,,file:///\\Nmdc.local\fs\Data\OFFSHORE\Support\ConstructionEngg\ConstructionEnggProjects\PROJECTS\2035-UMM%20SHAIF\Sketches\OFO-P2035-SK-452,DATA/TECH/2035 Offshore Construction Engineering Register (Pipeline & Cables).xlsx,Sketch,465,INCLUDE,,SDOC-9c31489b0b733de02e902a2b,GDOC-892abd54fd77099e72d31947
2035,TECH,GENERAL / MULTIDISCIPLINE,SKETCH,ENGINEERING SKETCH,OFO-P2035-SK-453,LIFTING ARRANGEMENT FOR PROJECT MATERIAL BY MUTAWA 17 AT US-159A WHT,,file:///\\Nmdc.local\fs\Data\OFFSHORE\Support\ConstructionEngg\ConstructionEnggProjects\PROJECTS\2035-UMM%20SHAIF\Sketches\OFO-P2035-SK-453,DATA/TECH/2035 Offshore Construction Engineering Register (Pipeline & Cables).xlsx,Sketch,466,INCLUDE,,SDOC-3287a67e2a6d2457cd71dece,GDOC-edbc2b59c866300b0d5eedfb
2035,TECH,GENERAL / MULTIDISCIPLINE,SKETCH,ENGINEERING SKETCH,OFO-P2035-SK-454,LIFTING ARRANGEMENT PROJECT MATERIAL BY MUTAWA 17 AT HP1,,file:///\\Nmdc.local\fs\Data\OFFSHORE\Support\ConstructionEngg\ConstructionEnggProjects\PROJECTS\2035-UMM%20SHAIF\Sketches\OFO-P2035-SK-454,DATA/TECH/2035 Offshore Construction Engineering Register (Pipeline & Cables).xlsx,Sketch,467,INCLUDE,,SDOC-902b9aef68ecd6b7d6e14106,GDOC-403115841ea16b7399299af4
2035,TECH,GENERAL / MULTIDISCIPLINE,SKETCH,ENGINEERING SKETCH,OFO-P2035-SK-455,LIFTING ARRANGEMENT FOR PROJECT MATERIAL BY MUTAWA 17 AT RP1,,file:///\\Nmdc.local\fs\Data\OFFSHORE\Support\ConstructionEngg\ConstructionEnggProjects\PROJECTS\2035-UMM%20SHAIF\Sketches\OFO-P2035-SK-455,DATA/TECH/2035 Offshore Construction Engineering Register (Pipeline & Cables).xlsx,Sketch,468,INCLUDE,,SDOC-1df1237d9f0f79d990f482e0,GDOC-9f6e350ede6fa419fd875c41
2035,TECH,GENERAL / MULTIDISCIPLINE,SKETCH,ENGINEERING SKETCH,OFO-P2035-SK-456,"SPOOL RECOVERY AND RE-INSTALLATION FOR 2"" SINGLE PIGGYBACK OF CORRIDOR SPOOL PL-5 FROM US-153A TO USSC-RP1 (PL-5) @ US-153A",,,DATA/TECH/2035 Offshore Construction Engineering Register (Pipeline & Cables).xlsx,Sketch,469,INCLUDE,,SDOC-77ff04ddf13a8dfc1dd89290,GDOC-35d9430c88e30a3b31924f59
2035,TECH,GENERAL / MULTIDISCIPLINE,SKETCH,ENGINEERING SKETCH,OFO-P2035-SK-457,"HORIZONTAL (HBS) START-UP ARRANGEMENT 16"" WF PIPELINE FROM US-19B TO US-153A (PL-4) AT US-19B",,file:///\\Nmdc.local\fs\Data\OFFSHORE\Support\ConstructionEngg\ConstructionEnggProjects\PROJECTS\2035-UMM%20SHAIF\Sketches\OFO-P2035-SK-457,DATA/TECH/2035 Offshore Construction Engineering Register (Pipeline & Cables).xlsx,Sketch,470,INCLUDE,,SDOC-f657a2c9cd7878126145049e,GDOC-0fa5e8d16fb6273e57de9f39
2035,TECH,GENERAL / MULTIDISCIPLINE,SKETCH,ENGINEERING SKETCH,OFO-P2035-SK-458,PIPELINE SHIFTING SEQUENCE DURING LAYDOWN FOR PL-4 WITH SAFEEN 3000,,file:///\\Nmdc.local\fs\Data\OFFSHORE\Support\ConstructionEngg\ConstructionEnggProjects\PROJECTS\2035-UMM%20SHAIF\Sketches\OFO-P2035-SK-458,DATA/TECH/2035 Offshore Construction Engineering Register (Pipeline & Cables).xlsx,Sketch,471,INCLUDE,,SDOC-67d55b9956de02d0f1cbcbd9,GDOC-54ae28243d39d727a8f047d7
2035,TECH,GENERAL / MULTIDISCIPLINE,SKETCH,ENGINEERING SKETCH,OFO-P2035-SK-459,Recovery and Re-Installation for 2” Single Piggyback of Corridor Spool PL-5 from US-153A to USSC-RP1 (PL-5) @US-153A by SAFEEN-3000,,file:///\\Nmdc.local\fs\Data\OFFSHORE\Support\ConstructionEngg\ConstructionEnggProjects\PROJECTS\2035-UMM%20SHAIF\Sketches\OFO-P2035-SK-459,DATA/TECH/2035 Offshore Construction Engineering Register (Pipeline & Cables).xlsx,Sketch,472,INCLUDE,,SDOC-257f2adfd6be717ebd92d07e,GDOC-837fced68aeaede2c4758e7c
2035,TECH,GENERAL / MULTIDISCIPLINE,SKETCH,ENGINEERING SKETCH,OFO-P2035-SK-460,TESTING FLANGE & HYDROTEST REFERENCE DIAGRAM,,file:///\\Nmdc.local\fs\Data\OFFSHORE\Support\ConstructionEngg\ConstructionEnggProjects\PROJECTS\2035-UMM%20SHAIF\Sketches\OFO-P2035-SK-460,DATA/TECH/2035 Offshore Construction Engineering Register (Pipeline & Cables).xlsx,Sketch,473,INCLUDE,,SDOC-5b8e8a6c43a9e52ae31a15ae,GDOC-fd611abd4976e22f8ab33ee5
2035,TECH,GENERAL / MULTIDISCIPLINE,SKETCH,ENGINEERING SKETCH,OFO-P2035-SK-461,Lifting Arrangement of Flange Shroud by SAFEEN-3000,,file:///\\Nmdc.local\fs\Data\OFFSHORE\Support\ConstructionEngg\ConstructionEnggProjects\PROJECTS\2035-UMM%20SHAIF\Sketches\OFO-P2035-SK-461,DATA/TECH/2035 Offshore Construction Engineering Register (Pipeline & Cables).xlsx,Sketch,474,INCLUDE,,SDOC-5f2762b76a33aa13f8fcba12,GDOC-5e4e0a5514662fecd97c7467
2035,TECH,GENERAL / MULTIDISCIPLINE,SKETCH,ENGINEERING SKETCH,OFO-P2035-SK-462,Recovery Arrangement of Temporary Shroud by SAFEEN-3000,,file:///\\Nmdc.local\fs\Data\OFFSHORE\Support\ConstructionEngg\ConstructionEnggProjects\PROJECTS\2035-UMM%20SHAIF\Sketches\OFO-P2035-SK-462,DATA/TECH/2035 Offshore Construction Engineering Register (Pipeline & Cables).xlsx,Sketch,475,INCLUDE,,SDOC-41106d2721f028cb19e7198f,GDOC-fe018732e7eabad2dd65050c
2035,TECH,GENERAL / MULTIDISCIPLINE,SKETCH,ENGINEERING SKETCH,OFO-P2035-SK-463,MUTAWA 401 LIFTING OF BILLY PUGH FOR TRANSFERRING OF PERSONNEL FROM SUPPLY VESSEL TO BARGE AT US 218,,,DATA/TECH/2035 Offshore Construction Engineering Register (Pipeline & Cables).xlsx,Sketch,476,INCLUDE,,SDOC-a95db338aeebef839cbbd81b,GDOC-17a553a4be0903cc31ebd072
2035,TECH,GENERAL / MULTIDISCIPLINE,SKETCH,ENGINEERING SKETCH,OFO-P2035-SK-464,MUTAWA 401 LIFTING OF BILLY PUGH FOR TRANSFERRING OF PERSONNEL FROM BARGE TO PLATFORM AT US 218,,,DATA/TECH/2035 Offshore Construction Engineering Register (Pipeline & Cables).xlsx,Sketch,477,INCLUDE,,SDOC-f992639b5751c64fc35952f0,GDOC-b63290bdb972db8dad07724f
2035,TECH,GENERAL / MULTIDISCIPLINE,SKETCH,ENGINEERING SKETCH,OFO-P2035-SK-465,MUTAWA 401 LIFTING OF PROJECT MATERIALS AND CCUS FROM SUPPLY VESSEL TO BARGE AT US 218,,,DATA/TECH/2035 Offshore Construction Engineering Register (Pipeline & Cables).xlsx,Sketch,478,INCLUDE,,SDOC-4cff169239537fb17ebadaf2,GDOC-ee9d6c186892731ad580107d
2035,TECH,GENERAL / MULTIDISCIPLINE,SKETCH,ENGINEERING SKETCH,OFO-P2035-SK-466,MUTAWA 401 LIFTING OF PROJECT MATERIALS AND CCUS FROM BARGE TO PLATFORM AT US 218,,,DATA/TECH/2035 Offshore Construction Engineering Register (Pipeline & Cables).xlsx,Sketch,479,INCLUDE,,SDOC-d0068a62e3c248f9f0db75a1,GDOC-8a6b4864a7fe3c17e598a2ce
2035,TECH,GENERAL / MULTIDISCIPLINE,SKETCH,ENGINEERING SKETCH,OFO-P2035-SK-467,MUTAWA 401 LIFTING OF HARD BOTTOM WORK BOAT (ZODIAC) FROM BARGE TO SEA AT US 218,,,DATA/TECH/2035 Offshore Construction Engineering Register (Pipeline & Cables).xlsx,Sketch,480,INCLUDE,,SDOC-8aeb06d115871b186d52440a,GDOC-a0e71a01263755975a003177
2035,TECH,GENERAL / MULTIDISCIPLINE,SKETCH,ENGINEERING SKETCH,OFO-P2035-SK-468,MUTAWA 401 LIFTING OF BILLY PUGH FOR TRANSFERRING OF PERSONNEL FROM SUPPLY VESSEL TO BARGE AT US 88,,,DATA/TECH/2035 Offshore Construction Engineering Register (Pipeline & Cables).xlsx,Sketch,481,INCLUDE,,SDOC-e19b21d9c2f2a4f829dadc7f,GDOC-7e44643362189e02ec39890b
2035,TECH,GENERAL / MULTIDISCIPLINE,SKETCH,ENGINEERING SKETCH,OFO-P2035-SK-469,MUTAWA 401 LIFTING OF BILLY PUGH FOR TRANSFERRING OF PERSONNEL FROM BARGE TO PLATFORM AT US 88,,,DATA/TECH/2035 Offshore Construction Engineering Register (Pipeline & Cables).xlsx,Sketch,482,INCLUDE,,SDOC-b453b1ffcc0dc3f6f3d1177b,GDOC-cf497806c07704036d6c843f
2035,TECH,GENERAL / MULTIDISCIPLINE,SKETCH,ENGINEERING SKETCH,OFO-P2035-SK-470,MUTAWA 401 LIFTING OF PROJECT MATERIALS AND CCUS FROM SUPPLY VESSEL TO BARGE AT US 88,,,DATA/TECH/2035 Offshore Construction Engineering Register (Pipeline & Cables).xlsx,Sketch,483,INCLUDE,,SDOC-5ec7b799699ec10197e5084d,GDOC-ee5af4b8f93222589c6609ca
2035,TECH,GENERAL / MULTIDISCIPLINE,SKETCH,ENGINEERING SKETCH,OFO-P2035-SK-471,MUTAWA 401 LIFTING OF PROJECT MATERIALS AND CCUS FROM BARGE TO PLATFORM AT US 88,,,DATA/TECH/2035 Offshore Construction Engineering Register (Pipeline & Cables).xlsx,Sketch,484,INCLUDE,,SDOC-e885947e12470611f243507e,GDOC-fa360a53c91a0996b3c4a9d2
2035,TECH,GENERAL / MULTIDISCIPLINE,SKETCH,ENGINEERING SKETCH,OFO-P2035-SK-472,MUTAWA 401 LIFTING OF HARD BOTTOM WORK BOAT (ZODIAC) FROM BARGE TO SEA AT US 88,,,DATA/TECH/2035 Offshore Construction Engineering Register (Pipeline & Cables).xlsx,Sketch,485,INCLUDE,,SDOC-96cc0ff52e0e72abfe10dd9f,GDOC-48e790aac4c759a716926bb8
2035,TECH,PIPELINE & CABLE,DOCUMENT,SPECIFICATION,2136-N-SP-0314,SPECIFICATION FOR OFFSHORE PIPELINE AND RISER INSTALLATION – REV-A1,E1279-TS-PLW-L-0019,,DATA/TECH/2035 Offshore Construction Engineering Register (Pipeline & Cables).xlsx,Specification,9,INCLUDE,,SDOC-60447eb5ee8c47c616598226,GDOC-a8f2b314ecdb15de043501b3
2631,METHODS,OFFSHORE INSTALLATION,PROCEDURE,INSTALLATION PROCEDURE,2631-PP-OF-0003,ANCHOR HANDLING AND MOORING PROCEDURE FOR FLOATING BARGES,AD-26-Z-80019,,DATA/METHODS/2631 - 7 JKT ADNOC Delivarables.xlsx,Installation Procedures ,9,INCLUDE,,SDOC-66e76ed81a8d3c14cbf7ae1e,GDOC-7d81bc9ef29490f68eef5258
2631,METHODS,OFFSHORE INSTALLATION,PROCEDURE,INSTALLATION PROCEDURE,2631-PP-OF-0005,WHT 3-1 To WHT 3-5 Jackets Installation Procedure,AD-26-Z-80022,,DATA/METHODS/2631 - 7 JKT ADNOC Delivarables.xlsx,Installation Procedures ,12,INCLUDE,,SDOC-fa49bad3bbe5a937971e6570,GDOC-9f89f3d54b357e603295cd19
2631,METHODS,OFFSHORE INSTALLATION,PROCEDURE,INSTALLATION PROCEDURE,2631-PP-OF-0008,WHT-2 & WHT-3 Jackets Installation Procedure,AD-26-Z-80012,,DATA/METHODS/2631 - 7 JKT ADNOC Delivarables.xlsx,Installation Procedures ,16,INCLUDE,,SDOC-381154af2c63c68b4d03a4b7,GDOC-4f4d277b7e1907abbcfeb56e
2631,METHODS,OFFSHORE INSTALLATION,PROCEDURE,INSTALLATION PROCEDURE,2631-PP-OF-0010,METHOD STATEMENT FOR JACKET COMPLETION AND PUNCH LIST CLEARANCE ACTIVITIES,AD-26-Z-80342,,DATA/METHODS/2631 - 7 JKT ADNOC Delivarables.xlsx,Installation Procedures ,21,INCLUDE,,SDOC-dba486da407092963a7d0acc,GDOC-ee3b180ca266d73a3d5e30ed
2631,METHODS,MARINE OPERATIONS,DRAWING,ANCHOR PATTERN,2631-AP-0001,DLB-1000 ANCHOR PATTERN DURING WHT-2 JACKET INSTALLATION,AD-27-Z-80030,,DATA/METHODS/2631 - 7 JKT ADNOC Delivarables.xlsx,Setup Plans & Anchor Patterns,9,INCLUDE,,SDOC-842ba24014c512f42145a14c,GDOC-984ff97307f2661c0ca92b00
2631,METHODS,MARINE OPERATIONS,DRAWING,ANCHOR PATTERN,2631-AP-0002,DLB-1000 ANCHOR PATTERN DURING WHT-3 JACKET INSTALLATION,AD-27-Z-80031,,DATA/METHODS/2631 - 7 JKT ADNOC Delivarables.xlsx,Setup Plans & Anchor Patterns,12,INCLUDE,,SDOC-962183b4c00ef4f33c5e4283,GDOC-29156360f0bf1f9a16949b1c
2631,METHODS,MARINE OPERATIONS,DRAWING,ANCHOR PATTERN,2631-AP-0003,DLB-1000 ANCHOR PATTERN DURING WHT-3-1 JACKET PILES AND JACKET APPURTENANCES INSTALLATION,AD-26-Z-80198,,DATA/METHODS/2631 - 7 JKT ADNOC Delivarables.xlsx,Setup Plans & Anchor Patterns,16,INCLUDE,,SDOC-368d1c1964f16fb4c6d51198,GDOC-7c2a164c03fb185aa310d54e
2631,METHODS,MARINE OPERATIONS,DRAWING,ANCHOR PATTERN,2631-AP-0004,DLB-1000 ANCHOR PATTERN DURING WHT-3-2 JACKET PILES AND JACKET APPURTENANCES INSTALLATION,AD-26-Z-80199,,DATA/METHODS/2631 - 7 JKT ADNOC Delivarables.xlsx,Setup Plans & Anchor Patterns,19,INCLUDE,,SDOC-7805bf2690e7a618e4ae18a1,GDOC-a301d704f2ee096218143004
2631,METHODS,MARINE OPERATIONS,DRAWING,ANCHOR PATTERN,2631-AP-0005,DLB-1000 ANCHOR PATTERN DURING WHT-3-3 JACKET PILES AND JACKET APPURTENANCES INSTALLATION,AD-26-Z-80200,,DATA/METHODS/2631 - 7 JKT ADNOC Delivarables.xlsx,Setup Plans & Anchor Patterns,21,INCLUDE,,SDOC-04bb61da13673c7e03f38019,GDOC-43e3f83e50fa4cef9d194385
2631,METHODS,MARINE OPERATIONS,DRAWING,ANCHOR PATTERN,2631-AP-0006,DLB-1000 ANCHOR PATTERN DURING WHT-3-4 JACKET PILES AND JACKET APPURTENANCES INSTALLATION,AD-26-Z-80201,,DATA/METHODS/2631 - 7 JKT ADNOC Delivarables.xlsx,Setup Plans & Anchor Patterns,27,INCLUDE,,SDOC-28bf8783a7333bcdd0e0ca4b,GDOC-2f134bc191a010c1c0fd64d6
2631,METHODS,MARINE OPERATIONS,DRAWING,ANCHOR PATTERN,2631-AP-0007,DLB-1000 ANCHOR PATTERN DURING WHT-3-5 JACKET PILES AND JACKET APPURTENANCES INSTALLATION,AD-26-Z-80202,,DATA/METHODS/2631 - 7 JKT ADNOC Delivarables.xlsx,Setup Plans & Anchor Patterns,29,INCLUDE,,SDOC-f99d1c0c8bd31e57bec4cbfc,GDOC-6178665fd052847a6d037c7a
2631,METHODS,MARINE OPERATIONS,DRAWING,SETUP PLAN,2631-DP-0001,SAFEEN-3000 SETUP PLAN DURING WHT 3-1 JACKET INSTALLATION,AD-26-Z-80023,,DATA/METHODS/2631 - 7 JKT ADNOC Delivarables.xlsx,Setup Plans & Anchor Patterns,31,INCLUDE,,SDOC-1b760ebea29305fb9fa811b4,GDOC-7bf638f7ae619a6a3c8893ca
2631,METHODS,MARINE OPERATIONS,DRAWING,SETUP PLAN,2631-DP-0002,UMM SHAIF - EPC FOR SEVEN JACKETS INSTALLATION - SAFEEN-3000 SETUP PLAN DURING WHT 3-2 JACKET INSTALLATION,AD-26-Z-80024,,DATA/METHODS/2631 - 7 JKT ADNOC Delivarables.xlsx,Setup Plans & Anchor Patterns,33,INCLUDE,,SDOC-b91dda71abd7ce850f1c802d,GDOC-cdad8554558bd3d87ab704af
2631,METHODS,MARINE OPERATIONS,DRAWING,SETUP PLAN,2631-DP-0003,SAFEEN-3000 SETUP PLAN DURING WHT-3-3 JACKET INSTALLATION,AD-26-Z-80025,,DATA/METHODS/2631 - 7 JKT ADNOC Delivarables.xlsx,Setup Plans & Anchor Patterns,34,INCLUDE,,SDOC-065f4faaa2901a15ca4e6a25,GDOC-f9808b81b864e698fd34c693
2631,METHODS,MARINE OPERATIONS,DRAWING,SETUP PLAN,2631-DP-0004,UMM SHAIF - EPC FOR SEVEN JACKETS INSTALLATION - SAFEEN-3000 SETUP PLAN DURING WHT 3-4 JACKET INSTALLATION,AD-26-Z-80026,,DATA/METHODS/2631 - 7 JKT ADNOC Delivarables.xlsx,Setup Plans & Anchor Patterns,37,INCLUDE,,SDOC-3c6d9eb71d6cd9c9ad88ab4a,GDOC-cddeb6312bb6438cd5e33037
2631,METHODS,MARINE OPERATIONS,DRAWING,SETUP PLAN,2631-DP-0005,UMM SHAIF - EPC FOR SEVEN JACKETS INSTALLATION - SAFEEN-3000 SETUP PLAN DURING WHT 3-5 JACKET INSTALLATION,AD-26-Z-80027,,DATA/METHODS/2631 - 7 JKT ADNOC Delivarables.xlsx,Setup Plans & Anchor Patterns,38,INCLUDE,,SDOC-739f5f103d0ff5d86564b9ea,GDOC-bcbdbb899a149dd4eed43ebb
2631,METHODS,MARINE OPERATIONS,DRAWING,SETUP PLAN,2631-DP-0006,SAPURA-1200 SETUP PLAN DURING WHT-3-3 JACKET INSTALLATION,AD-26-Z-80316,,DATA/METHODS/2631 - 7 JKT ADNOC Delivarables.xlsx,Setup Plans & Anchor Patterns,39,INCLUDE,,SDOC-067e4fff99197912d4567d70,GDOC-98d1fe13bc39bc61832cfb0d
2631,METHODS,MARINE OPERATIONS,DRAWING,SETUP PLAN,2631-DP-0007,SAPURA-1200 SETUP PLAN DURING WHT-3-5 JACKET INSTALLATION,AD-26-Z-80343,,DATA/METHODS/2631 - 7 JKT ADNOC Delivarables.xlsx,Setup Plans & Anchor Patterns,41,INCLUDE,,SDOC-a8bb398e9d4e401195cedacf,GDOC-ff45d97586f9540d2e95c488
2631,METHODS,MARINE OPERATIONS,DRAWING,SETUP PLAN,2631-DP-0008,DLS-4200 SETUP PLAN DURING WHT 3-4 JACKET INSTALLATION,AD-26-Z-80344,,DATA/METHODS/2631 - 7 JKT ADNOC Delivarables.xlsx,Setup Plans & Anchor Patterns,44,INCLUDE,,SDOC-190e43c0450c177581c174f5,GDOC-99c131cff813ba285dc2fe17
2631,METHODS,MARINE OPERATIONS,DRAWING,SETUP PLAN,2631-DP-0009,DLS-4200 SETUP PLAN DURING WHT 3-2 JACKET INSTALLATION,AD-26-Z-80345,,DATA/METHODS/2631 - 7 JKT ADNOC Delivarables.xlsx,Setup Plans & Anchor Patterns,46,INCLUDE,,SDOC-ac41025e9aaec1d4e855e09e,GDOC-8fd6f404aafdb0e94259bcd2
2631,METHODS,MARINE OPERATIONS,DRAWING,SETUP PLAN,2631-DP-0010,MUTAWA-401 SETUP PLAN DURING WHT 3-1 PUNCH LIST CLEARANCE ACTIVITIES,AD-26-Z-80361,,DATA/METHODS/2631 - 7 JKT ADNOC Delivarables.xlsx,Setup Plans & Anchor Patterns,48,INCLUDE,,SDOC-5c2f63169ab3686925473d85,GDOC-60e51f7f0509223e2f85ea67
2631,METHODS,MARINE OPERATIONS,DRAWING,SETUP PLAN,2631-DP-0011,MUTAWA-401 SETUP PLAN DURING WHT 3-3 PUNCH LIST CLEARANCE ACTIVITIES,AD-26-Z-80362,,DATA/METHODS/2631 - 7 JKT ADNOC Delivarables.xlsx,Setup Plans & Anchor Patterns,51,INCLUDE,,SDOC-3f9ca686c2c35a6a7fc9a777,GDOC-d50f387f8b176fe2575af729
2631,METHODS,MARINE OPERATIONS,DRAWING,SETUP PLAN,2631-DP-0012,MUTAWA-401 SETUP PLAN DURING WHT 2 PUNCH LIST CLEARANCE ACTIVITIES,AD-26-Z-80363,,DATA/METHODS/2631 - 7 JKT ADNOC Delivarables.xlsx,Setup Plans & Anchor Patterns,54,INCLUDE,,SDOC-0c8437a01a0661395ba2ccac,GDOC-5ba7e7ff6748d58715862a2e
2631,METHODS,MARINE OPERATIONS,DRAWING,SETUP PLAN,2631-DP-0013,MUTAWA-401 SETUP PLAN DURING WHT 3 PUNCH LIST CLEARANCE ACTIVITIES,AD-26-Z-80364,,DATA/METHODS/2631 - 7 JKT ADNOC Delivarables.xlsx,Setup Plans & Anchor Patterns,56,INCLUDE,,SDOC-d0b05f6fe1f639c1b87e4cec,GDOC-4d2fcd9a9dc31954237444bb
2631,METHODS,MARINE OPERATIONS,DRAWING,SETUP PLAN,2631-DP-0014,MUTAWA-401 SETUP PLAN DURING WHT 3-2 PUNCH LIST CLEARANCE ACTIVITIES,AD-26-Z-80365,,DATA/METHODS/2631 - 7 JKT ADNOC Delivarables.xlsx,Setup Plans & Anchor Patterns,58,INCLUDE,,SDOC-f9f1c7c6484a9b181ecab56e,GDOC-e1607f9050170338dc530444
2631,METHODS,MARINE OPERATIONS,DRAWING,SETUP PLAN,2631-DP-0015,MUTAWA-401 SETUP PLAN DURING WHT 3-4 PUNCH LIST CLEARANCE ACTIVITIES,AD-26-Z-80366,,DATA/METHODS/2631 - 7 JKT ADNOC Delivarables.xlsx,Setup Plans & Anchor Patterns,61,INCLUDE,,SDOC-3c771cec9fceabd62e9231a0,GDOC-fb19ecd73d4948960c5cdb08
2631,METHODS,MARINE OPERATIONS,DRAWING,SETUP PLAN,2631-DP-0016,MUTAWA-401 SETUP PLAN DURING WHT 3-5 PUNCH LIST CLEARANCE ACTIVITIES,AD-26-Z-80367,,DATA/METHODS/2631 - 7 JKT ADNOC Delivarables.xlsx,Setup Plans & Anchor Patterns,64,INCLUDE,,SDOC-c43e235b61e64c5eb56c2f1a,GDOC-64880b2987c421a9d9d2b1ba
2631,METHODS,OFFSHORE INSTALLATION,SKETCH,ENGINEERING SKETCH,2631-AP-0001,(DLB-1000 AP during WHT-2 JKT Installation),,,DATA/METHODS/2631 - 7 JKT ADNOC Delivarables.xlsx,Sketches,9,INCLUDE,,SDOC-d57dfd6bcd7dcdad06f838df,GDOC-984ff97307f2661c0ca92b00
2631,METHODS,OFFSHORE INSTALLATION,SKETCH,ENGINEERING SKETCH,2631-AP-0002,(DLB-1000 AP during WHT-3 JKT Installation),,,DATA/METHODS/2631 - 7 JKT ADNOC Delivarables.xlsx,Sketches,10,INCLUDE,,SDOC-a39b814e9d6667cc278170c0,GDOC-29156360f0bf1f9a16949b1c
2631,METHODS,OFFSHORE INSTALLATION,SKETCH,ENGINEERING SKETCH,2631-A3-001,(Scaffolding Frame @ WHT-3),,,DATA/METHODS/2631 - 7 JKT ADNOC Delivarables.xlsx,Sketches,11,INCLUDE,,SDOC-9fa80fdaf8f71890e754836c,GDOC-18f764398a044bec9b40c00d
2631,METHODS,OFFSHORE INSTALLATION,SKETCH,ENGINEERING SKETCH,2631-A1-002,(Anchor line shfting sequence),,,DATA/METHODS/2631 - 7 JKT ADNOC Delivarables.xlsx,Sketches,14,INCLUDE,,SDOC-1b0126d8e685e5b5355139f6,GDOC-11ef441d1a4048a87d81fb45
2631,METHODS,OFFSHORE INSTALLATION,SKETCH,ENGINEERING SKETCH,2631-A1-003,(VESSEL PASSAGE PLAN TO WHT-2 & 3 Location),,,DATA/METHODS/2631 - 7 JKT ADNOC Delivarables.xlsx,Sketches,15,INCLUDE,,SDOC-c18b0e52e77697e09c3dee1e,GDOC-bc1ee96056ebafd3bfe8fbb2
2631,METHODS,OFFSHORE INSTALLATION,SKETCH,ENGINEERING SKETCH,2631-AP-0003,(DLB-1000 AP during WHT 3-1 JKT PILE & DRILL DECK Installation),,,DATA/METHODS/2631 - 7 JKT ADNOC Delivarables.xlsx,Sketches,17,INCLUDE,,SDOC-d9ea863922c62fc8f7750014,GDOC-7c2a164c03fb185aa310d54e
2631,METHODS,OFFSHORE INSTALLATION,SKETCH,ENGINEERING SKETCH,2631-AP-0004,(DLB-1000 AP during WHT 3-3 JKT PILE & DRILL DECK Installation),,,DATA/METHODS/2631 - 7 JKT ADNOC Delivarables.xlsx,Sketches,18,INCLUDE,,SDOC-d77c3dd61b9dbe2d56c0f554,GDOC-a301d704f2ee096218143004
2631,METHODS,OFFSHORE INSTALLATION,SKETCH,ENGINEERING SKETCH,2631-DP-0001,(SAFEEN-3000 DP Setup during WHT 3-1 JKT Installation),,,DATA/METHODS/2631 - 7 JKT ADNOC Delivarables.xlsx,Sketches,19,INCLUDE,,SDOC-9aec8b9b46080dfc37232681,GDOC-7bf638f7ae619a6a3c8893ca
2631,METHODS,OFFSHORE INSTALLATION,SKETCH,ENGINEERING SKETCH,2631-DP-0003,(SAFEEN-3000 DP Setup during WHT 3-3 JKT Installation),,,DATA/METHODS/2631 - 7 JKT ADNOC Delivarables.xlsx,Sketches,20,INCLUDE,,SDOC-97605c6e5f65a7ecdedae5d4,GDOC-f9808b81b864e698fd34c693
2631,METHODS,OFFSHORE INSTALLATION,SKETCH,ENGINEERING SKETCH,2631-AP-0005,(DLB-1000 AP during WHT 3-3 JKT PILES AND JACKET APPURTENANCES INSTALLATION),,,DATA/METHODS/2631 - 7 JKT ADNOC Delivarables.xlsx,Sketches,22,INCLUDE,,SDOC-3f7e3b2db606891d1735fa1f,GDOC-43e3f83e50fa4cef9d194385
2631,METHODS,OFFSHORE INSTALLATION,SKETCH,ENGINEERING SKETCH,2631-DP-0006,(SAPURA-1200 DP Setup during WHT 3-3 JKT Installation),,,DATA/METHODS/2631 - 7 JKT ADNOC Delivarables.xlsx,Sketches,23,INCLUDE,,SDOC-845642fae5d0e108984b145c,GDOC-98d1fe13bc39bc61832cfb0d
2631,METHODS,OFFSHORE INSTALLATION,SKETCH,ENGINEERING SKETCH,2631-DP-0007,(SAPURA 1200 setup during WHT3-5 JKT installation),,,DATA/METHODS/2631 - 7 JKT ADNOC Delivarables.xlsx,Sketches,24,INCLUDE,,SDOC-231d7dcb77a63113e41c27b9,GDOC-ff45d97586f9540d2e95c488
2631,METHODS,OFFSHORE INSTALLATION,SKETCH,ENGINEERING SKETCH,2631-DP-0008,(SAPURA 1200 setup during WHT3-4 JKT installation),,,DATA/METHODS/2631 - 7 JKT ADNOC Delivarables.xlsx,Sketches,25,INCLUDE,,SDOC-810b6d3c74b459b197bcb57a,GDOC-99c131cff813ba285dc2fe17
2631,METHODS,OFFSHORE INSTALLATION,SKETCH,ENGINEERING SKETCH,2631-DP-0009,(SAPURA 1200 setup during WHT3-2 JKT installation),,,DATA/METHODS/2631 - 7 JKT ADNOC Delivarables.xlsx,Sketches,26,INCLUDE,,SDOC-06551d76f52a3ea0c1afe0d2,GDOC-8fd6f404aafdb0e94259bcd2
2631,METHODS,OFFSHORE INSTALLATION,SKETCH,ENGINEERING SKETCH,2631-A1-005,(DLS-4200 PASSAGE PLAN TO WHT 3-4 Location),,,DATA/METHODS/2631 - 7 JKT ADNOC Delivarables.xlsx,Sketches,27,INCLUDE,,SDOC-f8b686244be9d47c95438022,GDOC-8a10577bc39e544a56819541
2631,METHODS,OFFSHORE INSTALLATION,SKETCH,ENGINEERING SKETCH,2631-DP-0017,(DLS-4200 DP Setup during WHT 3-3 JKT PILES AND JACKET APPURTENANCES INSTALLATION),,,DATA/METHODS/2631 - 7 JKT ADNOC Delivarables.xlsx,Sketches,28,INCLUDE,,SDOC-0cb5d4a9ab079aafa8278cda,GDOC-8e0db653276139dc21d9d53d
2631,TECH,NAVAL & MARINE,DOCUMENT,ANALYSIS,2631-ZZ-CL-0001,MOORING ANALYSIS DURING  INSTALLATION OF JACKET  WHT-2,AD-27-Z-80035,..\Documents\Naval\DLB-1000%20at%20WHT-2\REPORT-PDF,DATA/TECH/2631-DOCUMENT REGISTER.xlsx,Naval & Marine doc,9,INCLUDE,,SDOC-9f4ab124cb4858f52f212037,GDOC-cfa5371bd13a0a4cc50c81c4
2631,TECH,NAVAL & MARINE,DOCUMENT,ANALYSIS,2631-ZZ-CL-0002,MOORING ANALYSIS DURING  INSTALLATION OF JACKET  WHT-3,AD-27-Z-80036,..\Documents\Naval\DLB-1000%20at%20WHT-3\REPORT-PDF,DATA/TECH/2631-DOCUMENT REGISTER.xlsx,Naval & Marine doc,11,INCLUDE,,SDOC-7465d1aec015dddf4ed5a98b,GDOC-e68d1da10e393c31053cb532
2631,TECH,NAVAL & MARINE,DOCUMENT,ANALYSIS,2631-ZZ-CL-0003,MOORING ANALYSIS DURING  INSTALLATION OF JACKET WHT-3-1,TBA,,DATA/TECH/2631-DOCUMENT REGISTER.xlsx,Naval & Marine doc,13,INCLUDE,,SDOC-c6e0a7a82225502f6bb72173,GDOC-d0e88892fde6d7584b5d87fc
2631,TECH,NAVAL & MARINE,DOCUMENT,ANALYSIS,2631-ZZ-CL-0004,MOORING ANALYSIS DURING  INSTALLATION OF JACKET WHT-3-2 PILES AND APPURTENANCES,TBA,..\Documents\Naval\DLB-1000%20at%20WHT-3-2,DATA/TECH/2631-DOCUMENT REGISTER.xlsx,Naval & Marine doc,14,INCLUDE,,SDOC-87b5a553ebe5df67c70547b8,GDOC-b280a33fa2d81625c175e734
2631,TECH,NAVAL & MARINE,DOCUMENT,ANALYSIS,2631-ZZ-CL-0005,MOORING ANALYSIS DURING  INSTALLATION OF  WHT-3-3 PILES AND APPURTENANCES,TBA,..\Documents\Naval\DLB-1000%20at%20WHT3-3\Report,DATA/TECH/2631-DOCUMENT REGISTER.xlsx,Naval & Marine doc,15,INCLUDE,,SDOC-a47ad88a3a7bb20f6c5358d8,GDOC-c2b4eb3f1dcddf37a3368e64
2631,TECH,NAVAL & MARINE,DOCUMENT,ANALYSIS,2631-ZZ-CL-0006,MOORING ANALYSIS DURING WHT-3-4 JACKET INSTALLATION,TBA,..\Documents\Naval\DLB-1000%20at%20WHT-3-4\Rev%201\02-FINAL%20REPORT,DATA/TECH/2631-DOCUMENT REGISTER.xlsx,Naval & Marine doc,16,INCLUDE,,SDOC-cdb12675d702df619b85e19a,GDOC-6a60367e949f150d7711905b
2631,TECH,NAVAL & MARINE,DOCUMENT,ANALYSIS,2631-ZZ-CL-0007,MOORING ANALYSIS DURING  WHT-3-5 JACKET PILES AND JACKET APPURTENANCES INSTALLATION,TBA,..\Documents\Naval\DLB-1000%20at%20WHT-3-5,DATA/TECH/2631-DOCUMENT REGISTER.xlsx,Naval & Marine doc,17,INCLUDE,,SDOC-ae59dd075a16de390336afa1,GDOC-605546699065e6f30d835486
2631,TECH,GENERAL / MULTIDISCIPLINE,SKETCH,ENGINEERING SKETCH,OFO-P2631-SK-T-001,LOADING ARRANGEMENT OF MISC EQUIPMENTS ON CB-6,,..\sketches\OFO-P2631-SK-001,DATA/TECH/2631-DOCUMENT REGISTER.xlsx,Sketch,4,INCLUDE,,SDOC-13d26024384948f03e1f793c,GDOC-4df2ffe28bd4b854cda1f094
2631,TECH,GENERAL / MULTIDISCIPLINE,SKETCH,ENGINEERING SKETCH,OFO-P2631-SK-T-002,LOADING ARRANGEMENT OF MISC EQUIPMENTS ON SABINA CB,,..\sketches\OFO-P2631-SK-002,DATA/TECH/2631-DOCUMENT REGISTER.xlsx,Sketch,5,INCLUDE,,SDOC-04521ee8715061b0c237f610,GDOC-0dc0b2c788516ebf120d9995
2631,TECH,GENERAL / MULTIDISCIPLINE,SKETCH,ENGINEERING SKETCH,OFO-P2631-SK-T-003,PERSONNEL TRANSFER USING STEEL BASKET (SAFEEN-3000),,..\sketches\OFO-P2631-SK-003,DATA/TECH/2631-DOCUMENT REGISTER.xlsx,Sketch,6,INCLUDE,,SDOC-9a806cc7a34919d2906fd1fd,GDOC-98dc274ef25010f9597bf5e2
2631,TECH,GENERAL / MULTIDISCIPLINE,SKETCH,ENGINEERING SKETCH,OFO-P2631-SK-T-004,SAPURA 1200 DECK LAYOUT FOR JACKET INSTALLATION - SAPURA 1200,,,DATA/TECH/2631-DOCUMENT REGISTER.xlsx,Sketch,7,INCLUDE,,SDOC-a03d422c3b56ae1efc2d817a,GDOC-f48a70d8e1a94907428eacec
2631,TECH,GENERAL / MULTIDISCIPLINE,SKETCH,ENGINEERING SKETCH,OFO-P2631-SK-T-005,GANGWAY ARRANGEMENT FOR SAPURA-1200,,..\sketches\OFO-P2631-SK-005,DATA/TECH/2631-DOCUMENT REGISTER.xlsx,Sketch,8,INCLUDE,,SDOC-89107ae0794b3e6cda51aec9,GDOC-f6d3b5b7e468d6c873a7f683
2631,TECH,GENERAL / MULTIDISCIPLINE,SKETCH,ENGINEERING SKETCH,OFO-P2631-SK-T-006,PERSONNEL LIFTING & INSTALLATION FOR JACKETS - 7JKT CAMPAIGN BY MUTAWA - 401,,,DATA/TECH/2631-DOCUMENT REGISTER.xlsx,Sketch,9,INCLUDE,,SDOC-90de6e175a1f6c58f6ed85df,GDOC-1e49493f6791cb78b16a2978
2631,TECH,GENERAL / MULTIDISCIPLINE,SKETCH,ENGINEERING SKETCH,OFO-P2631-SK-T-007,GENERAL MATERIALS LIFTING & INSTALLATION FOR JACKETS - 7JKT CAMPAIGN BY MUTAWA - 401,,,DATA/TECH/2631-DOCUMENT REGISTER.xlsx,Sketch,10,INCLUDE,,SDOC-3e69781a7967cfb969897816,GDOC-6bb841b9bc57100f81b7103d
2631,TECH,GENERAL / MULTIDISCIPLINE,SKETCH,ENGINEERING SKETCH,OFO-P2631-SK-T-008,PERSONNEL TRANSFER USING STEEL BASKET (SAPURA-1200),,..\sketches\OFO-P2631-SK-008,DATA/TECH/2631-DOCUMENT REGISTER.xlsx,Sketch,11,INCLUDE,,SDOC-8047ff289af06131bff2aacb,GDOC-25a84740a685d23097e7e786
2631,TECH,GENERAL / MULTIDISCIPLINE,SKETCH,ENGINEERING SKETCH,OFO-P2631-SK-T-009,SAPURA 1200: GANGWAY LIFTING ARRANGEMENT,,..\sketches\OFO-P2631-SK-009,DATA/TECH/2631-DOCUMENT REGISTER.xlsx,Sketch,12,INCLUDE,,SDOC-9b1334f5205d7d433bbe2fe3,GDOC-9259cb1f1518b4f1d64dd73f
2631,TECH,GENERAL / MULTIDISCIPLINE,SKETCH,ENGINEERING SKETCH,OFO-P2631-SK-T-010,SADDLE DETAILS FOR GANGWAY,,..\sketches\OFO-P2631-SK-010,DATA/TECH/2631-DOCUMENT REGISTER.xlsx,Sketch,13,INCLUDE,,SDOC-2f769ed6b97c96839cd752f2,GDOC-d746410648df8e90a8fef2f9
2631,TECH,GENERAL / MULTIDISCIPLINE,SKETCH,ENGINEERING SKETCH,OFO-P2631-SK-T-011,SAPURA 1200: GANGWAY LIFTING AND INSTALLATION,,..\sketches\OFO-P2631-SK-011,DATA/TECH/2631-DOCUMENT REGISTER.xlsx,Sketch,14,INCLUDE,,SDOC-d0011418821a4c5aefd49933,GDOC-3da54097a7b4dd01213b203e
2631,TECH,GENERAL / MULTIDISCIPLINE,SKETCH,ENGINEERING SKETCH,OFO-P2631-SK-T-012,PERSONNEL TRANSFER USING STEEL BASKET (DLS4200),,..\sketches\OFO-P2631-SK-012,DATA/TECH/2631-DOCUMENT REGISTER.xlsx,Sketch,15,INCLUDE,,SDOC-3978ce001123fd8aa712ec2b,GDOC-bdbf9c79bd5c5c964f3fb9c7
2705,TECH,PIPELINE & CABLE,DOCUMENT,ANALYSIS,SDOC-1000482-GG-500-9500-F35-NMD-51-001,PIPE STACKING ANALYSIS AT YARD,,..\Documents\Pipeline\01%20Pipe%20Stacking\01%20RevA\01%20Report,DATA/TECH/2705 -DOCUMENT REGISTER.xlsx,Documents - Pipeline & Cable,9,INCLUDE,,SDOC-4a52ad89a22294997a26b16d,GDOC-8fad52c023a52fb20cb1d374
2705,TECH,GENERAL / MULTIDISCIPLINE,DRAWING,ENGINEERING DRAWING,2824-NN-0001,,,,DATA/TECH/2705 -DOCUMENT REGISTER.xlsx,Drawings,9,INCLUDE,,SDOC-f503674c8a2460e1f7c4e7fb,GDOC-78e327c1faa239b72049152b
2745,METHODS,OFFSHORE INSTALLATION,PROCEDURE,INSTALLATION PROCEDURE,2745-PP-OF-023,ANCHOR HANDLING PROCEDURE BY HAMMER HEAD CRANE VESSEL,AD-27-G-01044,,DATA/METHODS/2745  -EPS-2 and PDP Delivarables.xlsx,Installation Procedures ,9,INCLUDE,,SDOC-993dd5226490d204d05bf9be,GDOC-28a8e26736562733c66dc1b2
2745,METHODS,OFFSHORE INSTALLATION,PROCEDURE,INSTALLATION PROCEDURE,2745-PP-OF-024,ANCHOR HANDLING AND MOORING PROCEDURE FOR WORK BOATS,AD-27-G-01045,,DATA/METHODS/2745  -EPS-2 and PDP Delivarables.xlsx,Installation Procedures ,10,INCLUDE,,SDOC-430e3b75db3475f66ca77a86,GDOC-9140da8acd3938bcd534c751
2745,METHODS,OFFSHORE INSTALLATION,PROCEDURE,INSTALLATION PROCEDURE,2745-PP-OF-025,ANCHOR HANDLING AND MOORING PROCEDURE FOR FLOATING BARGES,AD-27-G-01046,,DATA/METHODS/2745  -EPS-2 and PDP Delivarables.xlsx,Installation Procedures ,11,INCLUDE,,SDOC-558df4009b0df30d0fe2b1af,GDOC-6789236dae76306ddebe04d8
2745,METHODS,OFFSHORE INSTALLATION,PROCEDURE,INSTALLATION PROCEDURE,2745-PP-OF-026,ANCHOR HANDLING PROCEDURE FOR JACK UP BARGES,AD-27-G-01047,,DATA/METHODS/2745  -EPS-2 and PDP Delivarables.xlsx,Installation Procedures ,15,INCLUDE,,SDOC-2101cb01e9e6ce5bd840da13,GDOC-8bf323f9ca73ecc5faa8301c
2745,METHODS,OFFSHORE INSTALLATION,PROCEDURE,INSTALLATION PROCEDURE,2745-PP-OF-027,FREE SPANS CORRECTION & GROUT BAG INSTALLATION PROCEURE,AD-27-G-01048,,DATA/METHODS/2745  -EPS-2 and PDP Delivarables.xlsx,Installation Procedures ,17,INCLUDE,,SDOC-dbfd5bf8f27780a4f3891c59,GDOC-f9d5885d48a4d95235b83ba3
2745,METHODS,OFFSHORE INSTALLATION,PROCEDURE,INSTALLATION PROCEDURE,2745-PP-OF-028,SLEEPERS INSTALLATION PROCEDURE,AD-27-G-01049,,DATA/METHODS/2745  -EPS-2 and PDP Delivarables.xlsx,Installation Procedures ,19,INCLUDE,,SDOC-fd81e06925b202d05fd458d8,GDOC-81c348ceb5e2d349c82714c7
2745,METHODS,OFFSHORE INSTALLATION,PROCEDURE,INSTALLATION PROCEDURE,2745-PP-OF-029,PIPELINE INFILL MATERIAL FIELD JOINT COATING PROCEDURE,AD-27-G-01050,,DATA/METHODS/2745  -EPS-2 and PDP Delivarables.xlsx,Installation Procedures ,24,INCLUDE,,SDOC-55619d1dd641c872b445a4f3,GDOC-1d013b33f35bb7a615ad63ed
2745,METHODS,OFFSHORE INSTALLATION,PROCEDURE,INSTALLATION PROCEDURE,2745-PP-OF-030,PIPELINE ANTI-CORROSION FIELD JOINT COATING PROCEDURE,AD-27-G-01051,,DATA/METHODS/2745  -EPS-2 and PDP Delivarables.xlsx,Installation Procedures ,25,INCLUDE,,SDOC-ac282bb3e033f7fdf7476d4f,GDOC-8cb9935a67ea83c7f2421e7c
2745,METHODS,OFFSHORE INSTALLATION,PROCEDURE,INSTALLATION PROCEDURE,2745-PP-OF-031,PIPELINES INSTALLATION MANUAL,AD-27-G-01052,,DATA/METHODS/2745  -EPS-2 and PDP Delivarables.xlsx,Installation Procedures ,26,INCLUDE,,SDOC-c1dc0354991adce37039ca98,GDOC-a1d2db1eef288b8df66090d1
2745,METHODS,OFFSHORE INSTALLATION,PROCEDURE,INSTALLATION PROCEDURE,2745-PP-OF-032,COMPOSITE CABLE INSTALLATION PROCEDURE,AD-27-G-01053,,DATA/METHODS/2745  -EPS-2 and PDP Delivarables.xlsx,Installation Procedures ,30,INCLUDE,,SDOC-359065b030c53cc2f20c97da,GDOC-e759fee6e9b835c552ddc2ac
2745,METHODS,OFFSHORE INSTALLATION,PROCEDURE,INSTALLATION PROCEDURE,2745-PP-OF-033,RISER INSTALLATION PROCEDURE,AD-27-G-01054,,DATA/METHODS/2745  -EPS-2 and PDP Delivarables.xlsx,Installation Procedures ,31,INCLUDE,,SDOC-5388fbd3f3229bb1d95c515c,GDOC-249cceee2a51d8c33dd02598
2745,METHODS,OFFSHORE INSTALLATION,PROCEDURE,INSTALLATION PROCEDURE,2745-PP-OF-034,J-TUBE AND RISER CLAMPS INSTALLATION PROCEDURE,AD-27-G-01055,,DATA/METHODS/2745  -EPS-2 and PDP Delivarables.xlsx,Installation Procedures ,32,INCLUDE,,SDOC-d2bfdb2a65c22d45ce422f02,GDOC-ec2abe78d8fca148d0720325
2745,METHODS,OFFSHORE INSTALLATION,PROCEDURE,INSTALLATION PROCEDURE,2745-PP-OF-035,J-TUBE INSTALLATION PROCEDURE,AD-27-G-01056,,DATA/METHODS/2745  -EPS-2 and PDP Delivarables.xlsx,Installation Procedures ,36,INCLUDE,,SDOC-417544b996953d0e084417a1,GDOC-8cc03221cbf491ff5cc5442b
2745,METHODS,OFFSHORE INSTALLATION,PROCEDURE,INSTALLATION PROCEDURE,2745-PP-OF-036,TOPSIDE INSTALLATION PROCEDURE,AD-27-G-01057,,DATA/METHODS/2745  -EPS-2 and PDP Delivarables.xlsx,Installation Procedures ,42,INCLUDE,,SDOC-0a84ab9c98ecfdeb79b2e439,GDOC-9a8d45981d09217cdc781219
2745,METHODS,OFFSHORE INSTALLATION,PROCEDURE,INSTALLATION PROCEDURE,2745-PP-OF-037,TOPSIDE INSTALLATION BY FLOATOVER METHOD PROCEDURE,AD-27-G-01058,,DATA/METHODS/2745  -EPS-2 and PDP Delivarables.xlsx,Installation Procedures ,43,INCLUDE,,SDOC-475987a8397b1e4944e1d146,GDOC-f5683f168b229e3e14f83f04
2745,METHODS,OFFSHORE INSTALLATION,PROCEDURE,INSTALLATION PROCEDURE,2745-PP-OF-038,TOPSIDE INSTALLATION BY LIFTING METHOD PROCEDURE,AD-27-G-01059,,DATA/METHODS/2745  -EPS-2 and PDP Delivarables.xlsx,Installation Procedures ,44,INCLUDE,,SDOC-ad1e58dbbc37a27a3fb87cff,GDOC-aa5b97545fe31bb292b89ef2
2745,METHODS,OFFSHORE INSTALLATION,PROCEDURE,INSTALLATION PROCEDURE,2745-PP-OF-039,JACKET INSTALLATION PROCEDURE,AD-27-G-01060,,DATA/METHODS/2745  -EPS-2 and PDP Delivarables.xlsx,Installation Procedures ,45,INCLUDE,,SDOC-fd05a07d7fa0cc7ea66ae46a,GDOC-3da95edec5ff41affb42b60d
2745,METHODS,OFFSHORE INSTALLATION,PROCEDURE,INSTALLATION PROCEDURE,2745-PP-OF-040,BRIDGE INSTALLATION PROCEDURE,AD-27-G-01061,,DATA/METHODS/2745  -EPS-2 and PDP Delivarables.xlsx,Installation Procedures ,46,INCLUDE,,SDOC-95b499cd62bad7c9e26eeed0,GDOC-90f9d544e50263e69aff627d
2745,METHODS,OFFSHORE INSTALLATION,PROCEDURE,INSTALLATION PROCEDURE,2745-PP-OF-041,"PIPELINES FLOODING, GAUGING, CLEANING AND HYDROTESTING PROCEDURE",AD-27-G-01062,,DATA/METHODS/2745  -EPS-2 and PDP Delivarables.xlsx,Installation Procedures ,47,INCLUDE,,SDOC-9a5952abd0712b9ba5291434,GDOC-e8b4505be224923aa7ec2bc6
2745,METHODS,OFFSHORE INSTALLATION,PROCEDURE,INSTALLATION PROCEDURE,2745-PP-OF-042,OFFSHORE HOOK-UP PROCEDURE,AD-27-G-01063,,DATA/METHODS/2745  -EPS-2 and PDP Delivarables.xlsx,Installation Procedures ,48,INCLUDE,,SDOC-1d743ea48eeb1e8790c84c21,GDOC-0ba955dce5eccdd2e77dfd19
2745,METHODS,OFFSHORE INSTALLATION,PROCEDURE,INSTALLATION PROCEDURE,2745-PP-OF-043,PIPELINES CALIPER PIGGING PROCEDURE,AD-27-G-01064,,DATA/METHODS/2745  -EPS-2 and PDP Delivarables.xlsx,Installation Procedures ,49,INCLUDE,,SDOC-f4084596a5a9c2092b0a7ae3,GDOC-470ae05c686cc496e28aaccf
2745,METHODS,OFFSHORE INSTALLATION,PROCEDURE,INSTALLATION PROCEDURE,2745-PP-OF-044,PIPELINES Intelligent  PIGGING & Preservation PROCEDURE,AD-27-G-01065,,DATA/METHODS/2745  -EPS-2 and PDP Delivarables.xlsx,Installation Procedures ,50,INCLUDE,,SDOC-b32983389e7981258cf7e1c2,GDOC-b752db125ef3d2f2e242f36f
2745,METHODS,OFFSHORE INSTALLATION,PROCEDURE,INSTALLATION PROCEDURE,2745-PP-OF-045,"PIPELINES DEWATERING, DRYING AND NITROGEN PURGING PROCEDURE",AD-27-G-01066,,DATA/METHODS/2745  -EPS-2 and PDP Delivarables.xlsx,Installation Procedures ,51,INCLUDE,,SDOC-2dcef5f58bddc9be9d38e25b,GDOC-d943ea3f385d7bc011ad3585
2745,METHODS,OFFSHORE INSTALLATION,PROCEDURE,INSTALLATION PROCEDURE,2745-PP-OF-046,COMPOSITE CABLE TRANSPOOLING PROCEDURE,AD-27-G-01067,,DATA/METHODS/2745  -EPS-2 and PDP Delivarables.xlsx,Installation Procedures ,52,INCLUDE,,SDOC-f419bc460a51449a38e5721d,GDOC-1b34e1ffc72f506c5eed2c7f
2745,METHODS,OFFSHORE INSTALLATION,PROCEDURE,INSTALLATION PROCEDURE,2745-PP-OF-058,6.6KV COMPOSITE CABLE INSTALLATION & PULL IN THROUGH J-TUBE PROCEDURE,AD-27-G-01460,,DATA/METHODS/2745  -EPS-2 and PDP Delivarables.xlsx,Installation Procedures ,53,INCLUDE,,SDOC-eecd5e29adfc27dfbba89dc0,GDOC-5c70d837eb1def4eff6438d5
2745,METHODS,OFFSHORE INSTALLATION,PROCEDURE,INSTALLATION PROCEDURE,2745-PP-OF-064,CABLE CROSSING SUPPORT INSTALLATION PROCEDURE (FLEXIBLE MATTRESS),AD-27-G-03213,,DATA/METHODS/2745  -EPS-2 and PDP Delivarables.xlsx,Installation Procedures ,57,INCLUDE,,SDOC-8fe8882f41a2b71db9afd0f9,GDOC-36d5df23ff37813e72556f66
2745,METHODS,OFFSHORE INSTALLATION,PROCEDURE,INSTALLATION PROCEDURE,2745-PP-OF-104,FREE SPAN CORRECTION PROCEDURE,AD-27-G-75091,,DATA/METHODS/2745  -EPS-2 and PDP Delivarables.xlsx,Installation Procedures ,58,INCLUDE,,SDOC-f971037225141af761b4e57b,GDOC-d2dcb5e6b225be2f4a432e06
2745,METHODS,OFFSHORE INSTALLATION,PROCEDURE,INSTALLATION PROCEDURE,2745-PP-OF-128,WHT-2 TOPSIDE INSTALLATION PROCEDURE,AD-27-G-75258,,DATA/METHODS/2745  -EPS-2 and PDP Delivarables.xlsx,Installation Procedures ,59,INCLUDE,,SDOC-47146bc62e4f73f22df87510,GDOC-52fa06af9f81deb80dc8d488
2745,METHODS,OFFSHORE INSTALLATION,PROCEDURE,INSTALLATION PROCEDURE,2745-PP-OF-130,METHOD STATEMENT FOR DLS-4200 SETUP SEQUENCE DURING WHT-3 TOPSIDE INSTALLATION ACTIVTIES,AD-849-PL-62512,,DATA/METHODS/2745  -EPS-2 and PDP Delivarables.xlsx,Installation Procedures ,61,INCLUDE,,SDOC-b77522c0b30aac037a6bb5e6,GDOC-ac8250b28859a9d9fde0cd7c
2745,METHODS,OFFSHORE INSTALLATION,PROCEDURE,INSTALLATION PROCEDURE,2745-PP-OF-134,ZWSC-PDP AND ZWSC PDP-BST JACKETS INSTALLATION PROCEDURE,AD-816-G-40108,,DATA/METHODS/2745  -EPS-2 and PDP Delivarables.xlsx,Installation Procedures ,62,INCLUDE,,SDOC-9be15a52722bdf3a5252bd67,GDOC-31749e78ff7f533b54e3ff21
2745,METHODS,OFFSHORE INSTALLATION,PROCEDURE,INSTALLATION PROCEDURE,2745-PP-OF-135,ZCSC-PDP AND ZCSC PDP-BST JACKETS INSTALLATION PROCEDURE,AD-814-G-40116,,DATA/METHODS/2745  -EPS-2 and PDP Delivarables.xlsx,Installation Procedures ,64,INCLUDE,,SDOC-22603e1bd7e3284e07eb7345,GDOC-2bbc7653f70e7a83e765385c
2745,METHODS,OFFSHORE INSTALLATION,PROCEDURE,INSTALLATION PROCEDURE,2745-PP-OF-136,GPF-II JACKET INSTALLATION MANUAL,AD-845-G-00230,,DATA/METHODS/2745  -EPS-2 and PDP Delivarables.xlsx,Installation Procedures ,65,INCLUDE,,SDOC-81a87f031a5e54ab0ebb7aee,GDOC-dac82500c671d55de8626761
2745,METHODS,OFFSHORE INSTALLATION,PROCEDURE,INSTALLATION PROCEDURE,2745-PP-OF-142,WHT-3 TOPSIDE INSTALLATION PROCEDURE,requested,,DATA/METHODS/2745  -EPS-2 and PDP Delivarables.xlsx,Installation Procedures ,66,INCLUDE,,SDOC-a0b65399c673e5b46a968a60,GDOC-a713c0cbe832c1285527bf7e
2745,METHODS,OFFSHORE INSTALLATION,PROCEDURE,INSTALLATION PROCEDURE,2745-PP-OF-143,ZWSC-PDP TOPSIDES INSTALLATION PROCEDURE,requested,,DATA/METHODS/2745  -EPS-2 and PDP Delivarables.xlsx,Installation Procedures ,68,INCLUDE,,SDOC-a7e9f61d7dba64952cd14785,GDOC-fbce2a392aeec877b5966ddf
2745,METHODS,OFFSHORE INSTALLATION,PROCEDURE,INSTALLATION PROCEDURE,2745-PP-OF-144,BRIDGE 18 INSTALLATION PROCEDURE AT ZWSC-PDP,requested,,DATA/METHODS/2745  -EPS-2 and PDP Delivarables.xlsx,Installation Procedures ,69,INCLUDE,,SDOC-4e491b5602318b70947033f3,GDOC-3f5843d0bba7c9d900fd1112
2745,METHODS,OFFSHORE INSTALLATION,PROCEDURE,INSTALLATION PROCEDURE,2745-PP-OF-147,BRIDGE 19 INSTALLATION PROCEDURE AT ZCSC-PDP,requested,,DATA/METHODS/2745  -EPS-2 and PDP Delivarables.xlsx,Installation Procedures ,70,INCLUDE,,SDOC-61debd1372944e9ecb87a67c,GDOC-701f00be1eb63cdfe6815375
2745,METHODS,MARINE OPERATIONS,DRAWING,METHOD DRAWING,2745-AP-0007,"ANCHORE PATTERN FOR BARGE DLB-750 DURING PIPELAY OF 16"" WI (WPL-2) FROM WHT-2 TO WHT-3",AD-27-PL-625103,,DATA/METHODS/2745  -EPS-2 and PDP Delivarables.xlsx,Setup Plans & Anchor Patterns,9,INCLUDE,,SDOC-320f3b4a4cc25f30e5e65c0c,GDOC-18d50b49b83af69117635351
2745,METHODS,MARINE OPERATIONS,DRAWING,METHOD DRAWING,2745-AP-0008,"ANCHORE PATTERN FOR BARGE DLB-750 DURING PIPELAY OF 16"" WF (OPL-2) FROM WHT-3 TO WHT-2",AD-27-PL-625104,,DATA/METHODS/2745  -EPS-2 and PDP Delivarables.xlsx,Setup Plans & Anchor Patterns,13,INCLUDE,,SDOC-fc445da9382479b791718021,GDOC-40122b92f88669107202d2fe
2745,METHODS,MARINE OPERATIONS,DRAWING,METHOD DRAWING,2745-AP-0009,"ANCHORE PATTERN FOR BARGE DLB-750 DURING PIPELAY OF 18"" WI FROM ZWSC (RP-1) TO WHT-2",AD-27-PL-625105,,DATA/METHODS/2745  -EPS-2 and PDP Delivarables.xlsx,Setup Plans & Anchor Patterns,17,INCLUDE,,SDOC-e00b16fb101f4fcd8d31f231,GDOC-42e305e5d23250b3dbe78d10
2745,METHODS,MARINE OPERATIONS,DRAWING,METHOD DRAWING,2745-AP-0010,"ANCHORE PATTERN FOR BARGE DLB-750 DURING PIPELAY OF 20"" WF FROM WHT-2 TO ZWSC (RP-1)",AD-27-PL-625106,,DATA/METHODS/2745  -EPS-2 and PDP Delivarables.xlsx,Setup Plans & Anchor Patterns,19,INCLUDE,,SDOC-7567e656d7367dc64618fb52,GDOC-c20ab65aa179cc7d6ed3d35b
2745,METHODS,MARINE OPERATIONS,DRAWING,ANCHOR PATTERN,2745-AP-0011,ANCHOR PATTERN FOR BARGE DLB-750 DURING PIPELAY OF 24'' WF(OPL-4) FROM ZCSC-CRP TO ZWSC-RP-1,AD-27-PL-625107,,DATA/METHODS/2745  -EPS-2 and PDP Delivarables.xlsx,Setup Plans & Anchor Patterns,21,INCLUDE,,SDOC-39ed8392a0056b6bb01eb078,GDOC-3badf6934541cd63b97284c0
2745,METHODS,MARINE OPERATIONS,DRAWING,ANCHOR PATTERN,2745-AP-0012,ANCHOR PATTERN FOR BARGE DLB-1000 DURING RISER GUARD REMOVAL AND 18'' & 20'' RISER INSTALLATION AT WHT-2 PLATFORM (WEST FACE),AD-27-PL-625108-SHT-001,,DATA/METHODS/2745  -EPS-2 and PDP Delivarables.xlsx,Setup Plans & Anchor Patterns,22,INCLUDE,,SDOC-b6c26cedbffdd42c353bf234,GDOC-8d31bd1897fbe0324f5eb1fa
2745,METHODS,MARINE OPERATIONS,DRAWING,ANCHOR PATTERN,2745-AP-0013,ANCHOR PATTERN FOR BARGE DLB-1000 DURING RISER GUARD REMOVAL AND 16'' & 16'' RISER INSTALLATION AT WHT-3 PLATFORM,AD-27-PL-625109-SHT-001,,DATA/METHODS/2745  -EPS-2 and PDP Delivarables.xlsx,Setup Plans & Anchor Patterns,23,INCLUDE,,SDOC-b2f205ea95bbda08116f0d0d,GDOC-f26919438d3133f283785f7c
2745,METHODS,MARINE OPERATIONS,DRAWING,ANCHOR PATTERN,2745-AP-0014,ANCHOR PATTERN FOR BARGE DLB-1000 DURING RISER GUARD REMOVAL AND 16'' & 16'' RISER INSTALLATION AT WHT-2 PLATFORM (EAST FACE),AD-27-PL-625110-SHT-001,,DATA/METHODS/2745  -EPS-2 and PDP Delivarables.xlsx,Setup Plans & Anchor Patterns,24,INCLUDE,,SDOC-a7192378ad4fe27370d7991f,GDOC-8313b0ceb8da2adc1288effe
2745,METHODS,MARINE OPERATIONS,DRAWING,ANCHOR PATTERN,2745-AP-0015,"ANCHOR PATTERN FOR BARGE DLB-750 DURING 18'' , 20'' AND 24'' WI RISERS INSTALLATION AND RISER GUARD REMOVAL AND AT ZWSC (RP-1)",AD-27-PL-625111-SHT-001,,DATA/METHODS/2745  -EPS-2 and PDP Delivarables.xlsx,Setup Plans & Anchor Patterns,25,INCLUDE,,SDOC-2f66dca7f15b15b215b85b85,GDOC-cd122e350e4349f6800f4cfd
2745,METHODS,MARINE OPERATIONS,DRAWING,ANCHOR PATTERN,2745-AP-0016,"ANCHOR PATTERN FOR BARGE DLB-750 DURING 24"" WF RISER INSTALLATION AND GUARD REMOVAL @CRP AT ZCSC PDP (OPL-4)",AD-27-PL-625112-SHT-001,,DATA/METHODS/2745  -EPS-2 and PDP Delivarables.xlsx,Setup Plans & Anchor Patterns,26,INCLUDE,,SDOC-a4431141abe52e27204a5f25,GDOC-0123c3e15c4e4b3fb866d2b2
2745,METHODS,MARINE OPERATIONS,DRAWING,ANCHOR PATTERN,2745-AP-0017,ANCHOR PATTERN FOR BARGE DLS-4200 DURING WHT-3 TOPSIDE INSTALLATION,AD-27-PL-625117-SHT-001,,DATA/METHODS/2745  -EPS-2 and PDP Delivarables.xlsx,Setup Plans & Anchor Patterns,27,INCLUDE,,SDOC-ced7622dd6f19a7d30183ed0,GDOC-285702b9314ae47543722b8b
2745,METHODS,MARINE OPERATIONS,DRAWING,METHOD DRAWING,2745-AP-0018,SET- UP DRAWING FOR WHT-2 TOPSIDE INSTALLATION,AD-27-PL-625118-SHT-001,,DATA/METHODS/2745  -EPS-2 and PDP Delivarables.xlsx,Setup Plans & Anchor Patterns,28,INCLUDE,,SDOC-6fc151a44b2a136f7639043c,GDOC-85b54e005beebb64168b9619
2745,METHODS,MARINE OPERATIONS,DRAWING,ANCHOR PATTERN,2745-AP-0019,DLS-4200 ANCHOR PATTERN DURING ZWSC PDP TOPSIDE INSTALLATION,AD-27-PL-625119-SHT-001,,DATA/METHODS/2745  -EPS-2 and PDP Delivarables.xlsx,Setup Plans & Anchor Patterns,29,INCLUDE,,SDOC-15d6d2cabae5a6a721e49e1c,GDOC-1e3ef7e20f10e074885628b6
2745,METHODS,MARINE OPERATIONS,DRAWING,ANCHOR PATTERN,2745-AP-0020,DLB-1000 ANCHOR PATTERN During ZCSC-PDP Installation,AD-27-PL-625120,,DATA/METHODS/2745  -EPS-2 and PDP Delivarables.xlsx,Setup Plans & Anchor Patterns,30,INCLUDE,,SDOC-7cd8f90ee79bbcae32f6463a,GDOC-ce7538bbb296637e94be7d34
2745,METHODS,MARINE OPERATIONS,DRAWING,METHOD DRAWING,2745-AP-0021,SET- UP DRAWING FOR ZWSC PDP JACKET INSTALLATION,AD-27-PL-625121-SHT-001,,DATA/METHODS/2745  -EPS-2 and PDP Delivarables.xlsx,Setup Plans & Anchor Patterns,31,INCLUDE,,SDOC-d26364242aaa14e96cd6e946,GDOC-66257fd98c2dd114a550343b
2745,METHODS,MARINE OPERATIONS,DRAWING,ANCHOR PATTERN,2745-AP-0022,DLS-4200 ANCHOR PATTERN During ZWSC-GPF-II Jacket Installation,AD-27-PL-625122,,DATA/METHODS/2745  -EPS-2 and PDP Delivarables.xlsx,Setup Plans & Anchor Patterns,32,INCLUDE,,SDOC-ccdcaedbff1fc4e614008db3,GDOC-b82526315ef34e42f76c811a
2745,METHODS,MARINE OPERATIONS,DRAWING,ANCHOR PATTERN,2745-AP-0023,ANCHOR PATTERN FOR BARGE DLB-1000 DURING ZWSC BST-1 INSTALLATION,AD-27-PL-625113-SHT-001,,DATA/METHODS/2745  -EPS-2 and PDP Delivarables.xlsx,Setup Plans & Anchor Patterns,33,INCLUDE,,SDOC-8db1bb33d6facc68848b31c4,GDOC-4ec3102bc4d0dfd4f4bbcc18
2745,METHODS,MARINE OPERATIONS,DRAWING,ANCHOR PATTERN,2745-AP-0024,DLB-1000 ANCHOR PATTERN During ZCSC PDP-BST Installation,AD-27-PL-625114,,DATA/METHODS/2745  -EPS-2 and PDP Delivarables.xlsx,Setup Plans & Anchor Patterns,34,INCLUDE,,SDOC-5f74d8b2c02c7ca54122dba7,GDOC-567afcca50f67a634201d537
2745,METHODS,MARINE OPERATIONS,DRAWING,ANCHOR PATTERN,2745-AP-0025,ANCHOR PATTERN FOR BARGE DLB-1000 DURING GPF-II BST INSTALLATION,AD-27-PL-625115-SHT-001,,DATA/METHODS/2745  -EPS-2 and PDP Delivarables.xlsx,Setup Plans & Anchor Patterns,35,INCLUDE,,SDOC-b7dcdb7490290f76400a4b18,GDOC-f4af6beeb1709eedb98f12e9
2745,METHODS,MARINE OPERATIONS,DRAWING,ANCHOR PATTERN,2745-AP-0026,ANCHOR PATTERN FOR BARGE DLB-1000 DURING ZWSC PDP JACKET INSTALLATION,AD-27-PL-625116-SHT-001,,DATA/METHODS/2745  -EPS-2 and PDP Delivarables.xlsx,Setup Plans & Anchor Patterns,36,INCLUDE,,SDOC-910d0fe463b5cd2791c16406,GDOC-b6f3b680805169e5d7d9d2d5
2745,METHODS,MARINE OPERATIONS,DRAWING,METHOD DRAWING,2745-AP-0027,SET- UP DRAWING FOR WHT-3 TOPSIDE INSTALLATION,AD-27-PL-625123-SHT-001,,DATA/METHODS/2745  -EPS-2 and PDP Delivarables.xlsx,Setup Plans & Anchor Patterns,37,INCLUDE,,SDOC-3df72d4da871b62ea9b401d1,GDOC-1d93918b6bbe0d16cab73aa0
2745,METHODS,MARINE OPERATIONS,DRAWING,METHOD DRAWING,2745-AP-0028,SET- UP DRAWING FOR WHT-2 TOPSIDE INSTALLATION,AD-27-PL-625124-SHT-001,,DATA/METHODS/2745  -EPS-2 and PDP Delivarables.xlsx,Setup Plans & Anchor Patterns,38,INCLUDE,,SDOC-032bbf21539fff86fc418045,GDOC-1b7416f11cbe889bb45627b3
2745,METHODS,MARINE OPERATIONS,DRAWING,METHOD DRAWING,2745-AP-0029,SET- UP DRAWING FOR ZWSC PDP TOPSIDE INSTALLATION,AD-27-PL-625125-SHT-001,,DATA/METHODS/2745  -EPS-2 and PDP Delivarables.xlsx,Setup Plans & Anchor Patterns,39,INCLUDE,,SDOC-d7b789bf2fd9585d3444b3a8,GDOC-5400fa4715be5e8f2b01ccb7
2745,METHODS,MARINE OPERATIONS,DRAWING,METHOD DRAWING,2745-AP-0030,SET- UP DRAWING FOR ZSCSC PDP TOPSIDE INSTALLATION,AD-27-PL-625126-SHT-001,,DATA/METHODS/2745  -EPS-2 and PDP Delivarables.xlsx,Setup Plans & Anchor Patterns,40,INCLUDE,,SDOC-d1f3f5b703a5f53fb601b09e,GDOC-2abf5356f57dc8c4bf254bf3
2745,METHODS,MARINE OPERATIONS,DRAWING,METHOD DRAWING,2745-AP-0031,SET- UP DRAWING FOR GPF-II JACKET INSTALLATION,AD-27-PL-625127-SHT-001,,DATA/METHODS/2745  -EPS-2 and PDP Delivarables.xlsx,Setup Plans & Anchor Patterns,41,INCLUDE,,SDOC-2db7369820de2a51e2377504,GDOC-3773c709f28d88e53d2c9cc1
2745,METHODS,MARINE OPERATIONS,DRAWING,METHOD DRAWING,2745-AP-0032,SET- UP DRAWING FOR ZWSC PDP JACKET INSTALLATION,AD-27-PL-625128-SHT-001,,DATA/METHODS/2745  -EPS-2 and PDP Delivarables.xlsx,Setup Plans & Anchor Patterns,42,INCLUDE,,SDOC-b73212d5c9e55ae27bad23ac,GDOC-1b1c2f1f5afdaea676ff836b
2745,METHODS,MARINE OPERATIONS,DRAWING,METHOD DRAWING,2745-AP-0033,SET- UP DRAWING FOR ZWSC PDP BRIDGE INSTALLATION,AD-27-PL-625129-SHT-001,,DATA/METHODS/2745  -EPS-2 and PDP Delivarables.xlsx,Setup Plans & Anchor Patterns,43,INCLUDE,,SDOC-d6bd94f9e51b6a82c87d0d50,GDOC-61551ac9b99cf0eb2abf60f4
2745,METHODS,MARINE OPERATIONS,DRAWING,ANCHOR PATTERN,2745-AP-0034,DLB-1000 ANCHOR PATTERN During Bridge-19 Installation at ZCSC PDP,AD-27-PL-625130-SHT-001,,DATA/METHODS/2745  -EPS-2 and PDP Delivarables.xlsx,Setup Plans & Anchor Patterns,44,INCLUDE,,SDOC-42c4cbdf1895d848f1745b21,GDOC-7c55bf3e69743bfcb444d2a5
2745,METHODS,MARINE OPERATIONS,DRAWING,METHOD DRAWING,2745-AP-0035,SET- UP DRAWING FOR GPF-II BRIDGES INSTALLATION,AD-27-PL-625131-SHT-001,,DATA/METHODS/2745  -EPS-2 and PDP Delivarables.xlsx,Setup Plans & Anchor Patterns,45,INCLUDE,,SDOC-6e96015fd8f476fcc43137e4,GDOC-9b91470965a1aad721f4c0c9
2745,METHODS,MARINE OPERATIONS,DRAWING,METHOD DRAWING,2745-AP-0036,SET- UP DRAWING FOR FLARE SUPPORT INSTALLATION,AD-27-PL-625132-SHT-001,,DATA/METHODS/2745  -EPS-2 and PDP Delivarables.xlsx,Setup Plans & Anchor Patterns,46,INCLUDE,,SDOC-f9465664c3f3c847b022f55c,GDOC-056984f3e1c720acb7b403ac
2745,METHODS,MARINE OPERATIONS,DRAWING,ANCHOR PATTERN,2745-AP-0037,ANCHOR PATTERN OF B-42 DURING GPF-II FLOATOVER,AD-27-PL-625133-SHT-001,,DATA/METHODS/2745  -EPS-2 and PDP Delivarables.xlsx,Setup Plans & Anchor Patterns,47,INCLUDE,,SDOC-4456d0b9e92ee553b84e1611,GDOC-6c8e7ef496b03e32f9d15367
2745,METHODS,MARINE OPERATIONS,DRAWING,METHOD DRAWING,2745-AP-0038,"ANCHORE PATTERN FOR BARGE DLB-750 DURING SLEEPER INSTALLATION AT CROSSING LOCATION FOR 20"" WF FROM WHT-2 TO ZWSC (RP-1)",AD-27-PL-625134-SHT-001,,DATA/METHODS/2745  -EPS-2 and PDP Delivarables.xlsx,Setup Plans & Anchor Patterns,48,INCLUDE,,SDOC-4f3207bad7e97a260e9e084f,GDOC-9f49097caf5b535016a0605b
2745,METHODS,MARINE OPERATIONS,DRAWING,METHOD DRAWING,2745-AP-0039,DLB-750 AP DURING RISER GUARD REMOVAL AND RISER INSTALLATION WHT-2 (EAST FACE),AD-848-PL-625044-SHT-001,,DATA/METHODS/2745  -EPS-2 and PDP Delivarables.xlsx,Setup Plans & Anchor Patterns,52,INCLUDE,,SDOC-8587376913fcfa5d5555fc2d,GDOC-a1f653d6aa7d805833f90b98
2745,METHODS,MARINE OPERATIONS,DRAWING,METHOD DRAWING,2745-AP-0040,DLB-750 AP DURING RISER GUARD REMOVAL AND RISER INSTALLATION WHT-2 (WEST FACE),AD-848-PL-625045-SHT-001,,DATA/METHODS/2745  -EPS-2 and PDP Delivarables.xlsx,Setup Plans & Anchor Patterns,54,INCLUDE,,SDOC-cd4a58b1a79e7a153f12e823,GDOC-77ea98d83efc98856031ef1f
2745,METHODS,MARINE OPERATIONS,DRAWING,METHOD DRAWING,2745-AP-0041,DLB-750 AP DURING RISER GUARD REMOVAL AND RISER INSTALLATION WHT-3,AD-849-PL-625027-SHT-001,,DATA/METHODS/2745  -EPS-2 and PDP Delivarables.xlsx,Setup Plans & Anchor Patterns,56,INCLUDE,,SDOC-b22b1989bf0692de5210dd37,GDOC-44d4c65adbd2b1c58e0273a7
2745,METHODS,MARINE OPERATIONS,DRAWING,ANCHOR PATTERN,2745-AP-0042,ANCHOR PATTERN FOR BARGE DLB-750 DURING SLEEPER INSTALLATION AT CROSSING LOCATIONS OPL2-CR04 & OPL2-CR05 FOR 16'' WF(OPL-2) FROM WHT-3 TO WHT-2,AD-849-PL-625028-SHT-001,,DATA/METHODS/2745  -EPS-2 and PDP Delivarables.xlsx,Setup Plans & Anchor Patterns,58,INCLUDE,,SDOC-8abf7e9e0f983b5f5b193e33,GDOC-d90c97c2cc1ef285c864c1cf
2745,METHODS,MARINE OPERATIONS,DRAWING,ANCHOR PATTERN,2745-AP-0043,DLB-750 STANDBY ANCHOR PATTERN DURING RISERS INSTALLATION AT ZWSC-RP1,AD-557-PL-625043-SHT-001,,DATA/METHODS/2745  -EPS-2 and PDP Delivarables.xlsx,Setup Plans & Anchor Patterns,60,INCLUDE,,SDOC-38f9db429c1469df57b4f519,GDOC-05c983085b772d1b249db893
2745,METHODS,MARINE OPERATIONS,DRAWING,ANCHOR PATTERN,2745-AP-0044,DLS-4200 ANCHOR PATTERN DURING WHT-2 TOPSIDE INSTALLATION,AD-848-PL-625046-SHT-001,,DATA/METHODS/2745  -EPS-2 and PDP Delivarables.xlsx,Setup Plans & Anchor Patterns,61,INCLUDE,,SDOC-ad98617a1227086371f0e658,GDOC-93dc3936c755d0cbdefa29e2
2745,METHODS,MARINE OPERATIONS,DRAWING,ANCHOR PATTERN,2745-AP-0045,LB-II ANCHOR PATTERN DURING FLOATOVER INSTTALLATION OF ZCSC-PDP DECK,,,DATA/METHODS/2745  -EPS-2 and PDP Delivarables.xlsx,Setup Plans & Anchor Patterns,62,INCLUDE,,SDOC-c240edfdb6fd3cf6a8421a4d,GDOC-9913602b7151dd9334a5296c
2745,METHODS,MARINE OPERATIONS,DRAWING,ANCHOR PATTERN,2745-AP-0046,DLB-1000 ANCHOR PATTERN During ZCSC-PDP Boatlanding Installation,,,DATA/METHODS/2745  -EPS-2 and PDP Delivarables.xlsx,Setup Plans & Anchor Patterns,63,INCLUDE,,SDOC-83555dc8a1f3a796aa2ac4d7,GDOC-25152753c15910bfbabf7a45
2745,METHODS,MARINE OPERATIONS,DRAWING,ANCHOR PATTERN,2745-AP-0047,DLB-750 STANDBY ANCHOR PATTERN DURING RISER INSTALLATION AT WHT-3,requested,,DATA/METHODS/2745  -EPS-2 and PDP Delivarables.xlsx,Setup Plans & Anchor Patterns,64,INCLUDE,,SDOC-766f35cdcb0ca8a848550df7,GDOC-01e1b794f417c7bb358cd199
2745,METHODS,MARINE OPERATIONS,DRAWING,SETUP PLAN,2745-AP-0201,MUTAWA-17 SET-UP PLAN AT ZWSC-RP1 BOATLANDING-OPTION-1,,,DATA/METHODS/2745  -EPS-2 and PDP Delivarables.xlsx,Setup Plans & Anchor Patterns,67,INCLUDE,,SDOC-4a4b1ca0b12a664b9d87c212,GDOC-0ff9db96923ee192b63a941a
2745,METHODS,MARINE OPERATIONS,DRAWING,SETUP PLAN,2745-AP-0202,MUTAWA-17 SET-UP PLAN AT ZWSC-RP1 BOATLANDING-OPTION-2,,,DATA/METHODS/2745  -EPS-2 and PDP Delivarables.xlsx,Setup Plans & Anchor Patterns,68,INCLUDE,,SDOC-c80820379325efaca3faef37,GDOC-7f61105be908c97391801248
2745,METHODS,MARINE OPERATIONS,DRAWING,SETUP PLAN,2745-DP-0001,HUAXIA HONGHU01 SETUP PLAN DURING HOOK-UP WORKS AT ZWSC RP1,AD-557-G-00102,,DATA/METHODS/2745  -EPS-2 and PDP Delivarables.xlsx,Setup Plans & Anchor Patterns,72,INCLUDE,,SDOC-44b8dbc660f7925af4d130e7,GDOC-ed281413832e7bb3314c943e
2745,METHODS,MARINE OPERATIONS,DRAWING,SETUP PLAN,2745-DP-0002,BLUE TITANIUM SETUP PLAN DURING HOOK-UP WORKS AT ZWSC RP1,AD-557-G-00103,,DATA/METHODS/2745  -EPS-2 and PDP Delivarables.xlsx,Setup Plans & Anchor Patterns,73,INCLUDE,,SDOC-ece010ea6918863901db5edc,GDOC-8597e6d5c8728bc8b0a32095
2745,METHODS,MARINE OPERATIONS,DRAWING,SETUP PLAN,2745-DP-0003,HUAXIA HONGHU01 SETUP PLAN DURING HOOK-UP WORKS AT ZWSC RP,AD-201-PL-625000-SHT-001,,DATA/METHODS/2745  -EPS-2 and PDP Delivarables.xlsx,Setup Plans & Anchor Patterns,74,INCLUDE,,SDOC-fadbae16c6311408e1f034a1,GDOC-2b9f783e68ff98549bd0055a
2745,METHODS,MARINE OPERATIONS,DRAWING,SETUP PLAN,2745-DP-0004,HEA VANTAGE SET-UP PLAN AT ZWSC-RP1,AD-557-PL-625011-SHT-001,,DATA/METHODS/2745  -EPS-2 and PDP Delivarables.xlsx,Setup Plans & Anchor Patterns,75,INCLUDE,,SDOC-a72e443e770775e0ba1b451a,GDOC-1ac40989886c3135cd3007da
2745,METHODS,MARINE OPERATIONS,DRAWING,SETUP PLAN,2745-DP-0005,HEA VANTAGE SETUP PLAN AT ZCSC CRP,AD-496-PL-625019-SHT-001,,DATA/METHODS/2745  -EPS-2 and PDP Delivarables.xlsx,Setup Plans & Anchor Patterns,79,INCLUDE,,SDOC-f086e541cf5a44cf83de18e3,GDOC-6b673f2928c59f841f799876
2745,METHODS,MARINE OPERATIONS,DRAWING,SETUP PLAN,2745-DP-0006,HEA VANTAGE SET-UP PLAN AT ZWSC-RP,AD-557-PL-625013-SHT-001,,DATA/METHODS/2745  -EPS-2 and PDP Delivarables.xlsx,Setup Plans & Anchor Patterns,83,INCLUDE,,SDOC-426705ef5cc24bf7409aac0a,GDOC-dd1b475d4455bae5e1a6eef1
2745,METHODS,MARINE OPERATIONS,DRAWING,SETUP PLAN,2745-DP-0007,HEA VANTAGE SET-UP PLAN AT ZWSC-S9,AD-557-PL-625014-SHT-001,,DATA/METHODS/2745  -EPS-2 and PDP Delivarables.xlsx,Setup Plans & Anchor Patterns,87,INCLUDE,,SDOC-31ccd8a5162fb29e40ff7a46,GDOC-5af60de09d83a220c2173920
2745,METHODS,MARINE OPERATIONS,DRAWING,SETUP PLAN,2745-DP-0008,HEA VANTAGE SET-UP PLAN AT ZWSC-RP1 WITH SUPPLY VESSEL MOORING ARRANGEMENT,AD-557-PL-625037-SHT-001,,DATA/METHODS/2745  -EPS-2 and PDP Delivarables.xlsx,Setup Plans & Anchor Patterns,88,INCLUDE,,SDOC-a6c22fa4ed9f21601d31eca4,GDOC-68e84f1a8fe598ad1013876b
2745,METHODS,MARINE OPERATIONS,DRAWING,METHOD DRAWING,2745-DP-0009,SEAFOX TRIDENT-1 SET-UP AT ZK-288,AD-311-PL-625005-SHT-001,,DATA/METHODS/2745  -EPS-2 and PDP Delivarables.xlsx,Setup Plans & Anchor Patterns,89,INCLUDE,,SDOC-b8e28a602b758f54324b042d,GDOC-eacdc48505ce41fcf34957a4
2745,METHODS,MARINE OPERATIONS,DRAWING,METHOD DRAWING,2745-DP-0010,SEAFOX TRIDENT-1 SET-UP AT ZK-235,AD-27-PL-625576-SHT-001,,DATA/METHODS/2745  -EPS-2 and PDP Delivarables.xlsx,Setup Plans & Anchor Patterns,91,INCLUDE,,SDOC-79173ba2e158af0e399b39a1,GDOC-7cfd6c7f5072f3614bc22aa5
2745,METHODS,MARINE OPERATIONS,DRAWING,METHOD DRAWING,2745-DP-0011,SEAFOX TRIDENT-1 SET-UP AT ZK-35,AD-27-PL-625577-SHT-001,,DATA/METHODS/2745  -EPS-2 and PDP Delivarables.xlsx,Setup Plans & Anchor Patterns,92,INCLUDE,,SDOC-9f909eb2a089f9327dfc79e3,GDOC-58afef8f2eeaedea61b24a03
2745,METHODS,MARINE OPERATIONS,DRAWING,METHOD DRAWING,2745-DP-0012,SEAFOX TRIDENT-1 SET-UP AT ZK-11,AD-27-PL-625578-SHT-001,,DATA/METHODS/2745  -EPS-2 and PDP Delivarables.xlsx,Setup Plans & Anchor Patterns,93,INCLUDE,,SDOC-be5910a4a31becfb053f872f,GDOC-a5c48c0ee9c642c649f3a666
2745,METHODS,MARINE OPERATIONS,DRAWING,SETUP PLAN,2745-DP-0013,LOWER ZAKUM - HEA KRAKEN SET-UP PLAN AT ZWSC RP1,AD-557-PL-625038-SHT-001,,DATA/METHODS/2745  -EPS-2 and PDP Delivarables.xlsx,Setup Plans & Anchor Patterns,94,INCLUDE,,SDOC-d99ae38a897cf779656de080,GDOC-76e5c0efcd693fc2c0a884b7
2745,METHODS,MARINE OPERATIONS,DRAWING,SETUP PLAN,2745-DP-0014,LOWER ZAKUM - HEA KRAKEN SET-UP PLAN AT ZWSC RP,AD-201-PL-625001-SHT-001,,DATA/METHODS/2745  -EPS-2 and PDP Delivarables.xlsx,Setup Plans & Anchor Patterns,95,INCLUDE,,SDOC-357a5c52164898ea43621ff4,GDOC-c1bc1665e75cb83ba602f1eb
2745,METHODS,MARINE OPERATIONS,DRAWING,SETUP PLAN,2745-DP-0015,SAFEEN-3000 SETUP PLAN DURING ZWSC-PDP JACKET INSTALLATION,AD-816-PL-625005-SHT-001,,DATA/METHODS/2745  -EPS-2 and PDP Delivarables.xlsx,Setup Plans & Anchor Patterns,98,INCLUDE,,SDOC-9cf82841ef223acdbaa917b6,GDOC-60224019d33354793ac00488
2745,METHODS,MARINE OPERATIONS,DRAWING,SETUP PLAN,2745-DP-0016,SAFEEN-3000 SETUP PLAN DURING ZWSC PDP-BST JACKET INSTALLATION,AD-816-PL-625006-SHT-001,,DATA/METHODS/2745  -EPS-2 and PDP Delivarables.xlsx,Setup Plans & Anchor Patterns,99,INCLUDE,,SDOC-472885950c5764905bb52231,GDOC-4aeb55d1c54ca51bf6eb2910
2745,METHODS,OFFSHORE INSTALLATION,SKETCH,ENGINEERING SKETCH,2745-A3-002,SEP-550 Setup Plans at ZWSC-GPF-II-RP-2_option,,,DATA/METHODS/2745  -EPS-2 and PDP Delivarables.xlsx,Sketches,9,INCLUDE,,SDOC-f9d2ad8bcf6d50efea899163,GDOC-dd119a23735863b5fa26c848
2745,METHODS,OFFSHORE INSTALLATION,SKETCH,ENGINEERING SKETCH,2745-A1-001,(UMM SHAIF AP during Cable (CL-3011) startup at AGI),,,DATA/METHODS/2745  -EPS-2 and PDP Delivarables.xlsx,Sketches,10,INCLUDE,,SDOC-bc16760a52e97ca637e3d8b7,GDOC-a42f0abba1ad2a7ff00dbdd1
2745,METHODS,OFFSHORE INSTALLATION,SKETCH,ENGINEERING SKETCH,2745-A1-002,(UMM SHAIF AP during Cable (CL-3141) startup at AGI),,,DATA/METHODS/2745  -EPS-2 and PDP Delivarables.xlsx,Sketches,11,INCLUDE,,SDOC-f4187ab110fe538459e61f26,GDOC-16d8e94a090310e719563b5c
2745,METHODS,OFFSHORE INSTALLATION,SKETCH,ENGINEERING SKETCH,2745-A3-007,(PESTO Setup Plans at ZCSC-PDP),,,DATA/METHODS/2745  -EPS-2 and PDP Delivarables.xlsx,Sketches,12,INCLUDE,,SDOC-d6583d61e94305868ce52995,GDOC-988f6f55db68afc1bd0d2cb6
2745,METHODS,OFFSHORE INSTALLATION,SKETCH,ENGINEERING SKETCH,2745-A3-008,(PILIPILI Setup Plans at ZCSC-PDP),,,DATA/METHODS/2745  -EPS-2 and PDP Delivarables.xlsx,Sketches,13,INCLUDE,,SDOC-cdf623ab9687a9c6bce94ad9,GDOC-924bbe907430c7566975d159
2745,METHODS,OFFSHORE INSTALLATION,SKETCH,ENGINEERING SKETCH,2745-A3-009,2745-A3-009 to 010_Rev-A (AL MARYAH Setup during mattress installation at Cable (CL2&CL3 & CL4) Crossing Location),,,DATA/METHODS/2745  -EPS-2 and PDP Delivarables.xlsx,Sketches,14,INCLUDE,,SDOC-3da813c902181bdb42c5100d,GDOC-820124d0fcdecf566407c647
2745,METHODS,OFFSHORE INSTALLATION,SKETCH,ENGINEERING SKETCH,2745-A3-015,2745-A3-015 to 016_Rev-A (SAFEEN PEARL Setup during mattress installation at Cable (CL2&CL3&CL4) Crossing Location),,,DATA/METHODS/2745  -EPS-2 and PDP Delivarables.xlsx,Sketches,15,INCLUDE,,SDOC-9cf674bc69b586a1238d527f,GDOC-55147be97f2d891a5a00a06d
2745,METHODS,OFFSHORE INSTALLATION,SKETCH,ENGINEERING SKETCH,2745-AP-0037,2745-AP-0037_Rev-A(B-42 AP during GPF-II Float over),,,DATA/METHODS/2745  -EPS-2 and PDP Delivarables.xlsx,Sketches,16,INCLUDE,,SDOC-2aef2402e5fac4e6a218d06a,GDOC-6c8e7ef496b03e32f9d15367
2745,METHODS,OFFSHORE INSTALLATION,SKETCH,ENGINEERING SKETCH,2745-A1-005,2745-A1-005_REV-A(DLB-1000 AP during OPL-4 Riser installation at ZWSC-RP1),,,DATA/METHODS/2745  -EPS-2 and PDP Delivarables.xlsx,Sketches,17,INCLUDE,,SDOC-8972ecd895c7de97a54f6179,GDOC-041e65f09416702466370ace
2745,METHODS,OFFSHORE INSTALLATION,SKETCH,ENGINEERING SKETCH,2745-A1-004,2745-A1-004 _REV-A(DLB-1000 AP during OPL-4 Riser installation at ZCSC CRP),,,DATA/METHODS/2745  -EPS-2 and PDP Delivarables.xlsx,Sketches,18,INCLUDE,,SDOC-6a51869d16c29a045b2e8084,GDOC-c12fd392d403ce5a392dc8c7
2745,METHODS,OFFSHORE INSTALLATION,SKETCH,ENGINEERING SKETCH,2745-A1-006,2745-A1-006_REV-A(DLB-750 AP during OPL-4 Start-up at ZCSC CRP),,,DATA/METHODS/2745  -EPS-2 and PDP Delivarables.xlsx,Sketches,20,INCLUDE,,SDOC-464ae0ea4fc7cb6274b1ef95,GDOC-16d153061f5741e6192b333c
2745,METHODS,OFFSHORE INSTALLATION,SKETCH,ENGINEERING SKETCH,2745-A1-007,2745-A1-007_REV-A(DLB-750 AP during OPL-4 Start-up at ZWSC-RP1),,,DATA/METHODS/2745  -EPS-2 and PDP Delivarables.xlsx,Sketches,21,INCLUDE,,SDOC-830915a61b362e16847160f1,GDOC-f7f434a818c953bb18f5f9d8
2745,METHODS,OFFSHORE INSTALLATION,SKETCH,ENGINEERING SKETCH,2745-A1-009,2745-A1-009_REV-A(DLB-750 AP during OPL-3 Start-up at ZWSC-RP1),,,DATA/METHODS/2745  -EPS-2 and PDP Delivarables.xlsx,Sketches,22,INCLUDE,,SDOC-1d78fe120906003b0f86eae4,GDOC-6bca3cb6667dd20784b494db
2745,METHODS,OFFSHORE INSTALLATION,SKETCH,ENGINEERING SKETCH,2745-A1-010,2745-A1-010_REV-A(DLB-750 AP during OPL-3 Laydown at WHT-2),,,DATA/METHODS/2745  -EPS-2 and PDP Delivarables.xlsx,Sketches,23,INCLUDE,,SDOC-14984da88e7c73d80f795ca6,GDOC-b85ca96f2458eb6eb8a03de3
2745,METHODS,OFFSHORE INSTALLATION,SKETCH,ENGINEERING SKETCH,2745-A1-011,2745-A1-011_REV-A(DLB-750 AP during WPL-3 Start-up at ZWSC-RP1),,,DATA/METHODS/2745  -EPS-2 and PDP Delivarables.xlsx,Sketches,24,INCLUDE,,SDOC-4b50d29d92f2a9ef7dad94b2,GDOC-68f6f276b3fadde42fc54ce6
2745,METHODS,OFFSHORE INSTALLATION,SKETCH,ENGINEERING SKETCH,2745-A1-012,2745-A1-012_REV-A(DLB-750 AP during WPL-3 Laydown at WHT-2),,,DATA/METHODS/2745  -EPS-2 and PDP Delivarables.xlsx,Sketches,25,INCLUDE,,SDOC-bed362b66734633758339c18,GDOC-945ab0042679218aaa3801e5
2745,METHODS,OFFSHORE INSTALLATION,SKETCH,ENGINEERING SKETCH,2745-A1-013,2745-A1-013-1 TO 4_REV-A(SHEERLEG AP during ZCSC PDP DECK INSTALLATION),,,DATA/METHODS/2745  -EPS-2 and PDP Delivarables.xlsx,Sketches,26,INCLUDE,,SDOC-a36967bfb4c70fd89a29b47f,GDOC-fe329b711bc53f1f204034f6
2745,METHODS,OFFSHORE INSTALLATION,SKETCH,ENGINEERING SKETCH,2745-A1-014,2745-A1-014_REV-A(DLS-4200 AP during ZWSC-GPF-2 Jacket Installation),,,DATA/METHODS/2745  -EPS-2 and PDP Delivarables.xlsx,Sketches,27,INCLUDE,,SDOC-9fc0da4f933a0332cfba1ff0,GDOC-88d8152e6eb9f687c4567144
2745,METHODS,OFFSHORE INSTALLATION,SKETCH,ENGINEERING SKETCH,2745-A1-015,2745-A1-015_REV-A(DLB-750 AP during OPL-4 Start-up at ZWSC-RP1),,,DATA/METHODS/2745  -EPS-2 and PDP Delivarables.xlsx,Sketches,30,INCLUDE,,SDOC-0e9f2fdad041bc58f5486a2a,GDOC-d200edfd50a85bc9287c2c0f
2745,METHODS,OFFSHORE INSTALLATION,SKETCH,ENGINEERING SKETCH,2745-A1-020,2745-A1-020_REV-A(DLS-4200 AP during ZCSC PDP DECK INSTALLATION)-STUDY-1,,,DATA/METHODS/2745  -EPS-2 and PDP Delivarables.xlsx,Sketches,33,INCLUDE,,SDOC-0c0b9d6cc9a468790a05df44,GDOC-b372732c3f8cb121f7a9572b
2745,METHODS,OFFSHORE INSTALLATION,SKETCH,ENGINEERING SKETCH,2745-A1-021,(SHEERLEG AP during ZCSC PDP DECK INSTALLATION),,,DATA/METHODS/2745  -EPS-2 and PDP Delivarables.xlsx,Sketches,36,INCLUDE,,SDOC-c3c9b1b33e14313697e62632,GDOC-47d83ff504174b18d508fc11
2745,METHODS,OFFSHORE INSTALLATION,SKETCH,ENGINEERING SKETCH,2745-A1-022,2745-A1-022-1 TO 4_REV-A(SHEERLEG AP during ZCSC PDP DECK INSTALLATION)-option,,,DATA/METHODS/2745  -EPS-2 and PDP Delivarables.xlsx,Sketches,37,INCLUDE,,SDOC-896f3ec1521c601f80ee2bc4,GDOC-8cf46708d1ee44cf15cdf9f1
2745,METHODS,OFFSHORE INSTALLATION,SKETCH,ENGINEERING SKETCH,2745-A3-020,2745-A3-020_R1 (PILIPILI Setup Plan at ZCSC-CSP),,,DATA/METHODS/2745  -EPS-2 and PDP Delivarables.xlsx,Sketches,41,INCLUDE,,SDOC-8d150d59e8d4526709979b8b,GDOC-61c53401020aa6fdc072a67c
2745,METHODS,OFFSHORE INSTALLATION,SKETCH,ENGINEERING SKETCH,2745-A3-047,2745-A3-047_R0 (PILIPILI Setup Plan at ZCSC-PDP),,,DATA/METHODS/2745  -EPS-2 and PDP Delivarables.xlsx,Sketches,42,INCLUDE,,SDOC-538f1539d1482c28e71c2859,GDOC-90b6a8323acf6dc3388b92a2
2745,METHODS,OFFSHORE INSTALLATION,SKETCH,ENGINEERING SKETCH,2745-A1-023,2745-A1-023_REV-B(PL-OPL-3 & WPL-3 Laydown at WHT-2),,,DATA/METHODS/2745  -EPS-2 and PDP Delivarables.xlsx,Sketches,43,INCLUDE,,SDOC-65bb386f07033db3a9f76d28,GDOC-67fd1f29e7da9d23286d5758
2745,METHODS,OFFSHORE INSTALLATION,SKETCH,ENGINEERING SKETCH,2745-A3-029,2745-A3-029_RevB(HUAXIA HONGHU01 Setup at ZWSC RP1),,,DATA/METHODS/2745  -EPS-2 and PDP Delivarables.xlsx,Sketches,44,INCLUDE,,SDOC-fcf37bace64de3a340615155,GDOC-52517278a26d07c31d1ee203
2745,METHODS,OFFSHORE INSTALLATION,SKETCH,ENGINEERING SKETCH,2745-A3-045,2745-A3-045_RevA(BLUE TITANIUM Setup at ZWSC RP1)OPTION-2,,,DATA/METHODS/2745  -EPS-2 and PDP Delivarables.xlsx,Sketches,45,INCLUDE,,SDOC-f9394df7971845b69539c469,GDOC-cda2964dea34052a365f48ef
2745,METHODS,OFFSHORE INSTALLATION,SKETCH,ENGINEERING SKETCH,2745-A1-024,2745-A1-024_REV-A(PLB-648 AP during Riser guard removal at ZCSC CRP),,,DATA/METHODS/2745  -EPS-2 and PDP Delivarables.xlsx,Sketches,46,INCLUDE,,SDOC-dcebc379029a7e65fa5f6b0a,GDOC-824d2da4d7bbe12bcf6fcf45
2745,METHODS,OFFSHORE INSTALLATION,SKETCH,ENGINEERING SKETCH,2745-A1-025,2745-A1-025_REV-A(PLB-648 AP during Riser guard removal at ZWSC-RP1),,,DATA/METHODS/2745  -EPS-2 and PDP Delivarables.xlsx,Sketches,47,INCLUDE,,SDOC-0a83c6604ba95bb350392b57,GDOC-d01ab3c39e841e5cf3ed6742
2745,METHODS,OFFSHORE INSTALLATION,SKETCH,ENGINEERING SKETCH,2745-AP-0010,2745-AP-0010-1 TO 3_R1(DLB-750 AP during OPL-3 pipelay),,,DATA/METHODS/2745  -EPS-2 and PDP Delivarables.xlsx,Sketches,50,INCLUDE,,SDOC-25a03e56fe179ace00fc204e,GDOC-c20ab65aa179cc7d6ed3d35b
2745,METHODS,OFFSHORE INSTALLATION,SKETCH,ENGINEERING SKETCH,2745-DP-0001,2745-DP-0001_R1(HUAXIA HONGHU01 Setup at ZWSC RP-1),,,DATA/METHODS/2745  -EPS-2 and PDP Delivarables.xlsx,Sketches,51,INCLUDE,,SDOC-7bfbc9904f68604c0b1162cb,GDOC-ed281413832e7bb3314c943e
2745,METHODS,OFFSHORE INSTALLATION,SKETCH,ENGINEERING SKETCH,2745-DP-0002,2745-DP-0002_R1(BLUE TITANIUM Setup at ZWSC RP-1),,,DATA/METHODS/2745  -EPS-2 and PDP Delivarables.xlsx,Sketches,52,INCLUDE,,SDOC-c0d932e83716407f47a96f4b,GDOC-8597e6d5c8728bc8b0a32095
2745,METHODS,OFFSHORE INSTALLATION,SKETCH,ENGINEERING SKETCH,2745-A1-026,2745-A1-026_Rev-A(HUAXIA HONGHU01 Setup at ZWSC GIP),,,DATA/METHODS/2745  -EPS-2 and PDP Delivarables.xlsx,Sketches,53,INCLUDE,,SDOC-0692a99906bbc2ef76dc4375,GDOC-b85900d555dd0db1de93e5f3
2745,METHODS,OFFSHORE INSTALLATION,SKETCH,ENGINEERING SKETCH,2745-AP-0007,2745-AP-0007-1 & 2_R1(DLB-750 AP during WPL-2 pipelay),,,DATA/METHODS/2745  -EPS-2 and PDP Delivarables.xlsx,Sketches,54,INCLUDE,,SDOC-e9df10b208ba1cc8bf35c3ed,GDOC-18d50b49b83af69117635351
2745,METHODS,OFFSHORE INSTALLATION,SKETCH,ENGINEERING SKETCH,2745-AP-0008,2745-AP-0008-1 & 2_R1(DLB-750 AP during OPL-2 pipelay),,,DATA/METHODS/2745  -EPS-2 and PDP Delivarables.xlsx,Sketches,55,INCLUDE,,SDOC-69cdd2758a9baa796a7a491e,GDOC-40122b92f88669107202d2fe
2745,METHODS,OFFSHORE INSTALLATION,SKETCH,ENGINEERING SKETCH,2745-DP-0004,2745-DP-0004_R1(HEA VANTAGE SET-UP @ ZWSC RP-1),,,DATA/METHODS/2745  -EPS-2 and PDP Delivarables.xlsx,Sketches,56,INCLUDE,,SDOC-e10273b162c80cd61a10a255,GDOC-1ac40989886c3135cd3007da
2745,METHODS,OFFSHORE INSTALLATION,SKETCH,ENGINEERING SKETCH,2745-DP-0005,2745-DP-0005_R1(HEA VANTAGE SET-UP @ ZCSC-CRP),,,DATA/METHODS/2745  -EPS-2 and PDP Delivarables.xlsx,Sketches,57,INCLUDE,,SDOC-de57146f4b4c1247155d4aef,GDOC-6b673f2928c59f841f799876
2745,METHODS,OFFSHORE INSTALLATION,SKETCH,ENGINEERING SKETCH,2745-AP-0009,2745-AP-0009-1 TO 3_R2(DLB-750 AP during WPL-3 pipelay),,,DATA/METHODS/2745  -EPS-2 and PDP Delivarables.xlsx,Sketches,58,INCLUDE,,SDOC-7047a1789c4e01b2af69293b,GDOC-42e305e5d23250b3dbe78d10
2745,METHODS,OFFSHORE INSTALLATION,SKETCH,ENGINEERING SKETCH,2745-A1-030,2745-A1-030_Rev-A(SAFEEN-3000 AP during PDP JKT installation),,,DATA/METHODS/2745  -EPS-2 and PDP Delivarables.xlsx,Sketches,60,INCLUDE,,SDOC-30c3a6dbfe631c06fac76df3,GDOC-33a4cd294956578a9d5a7492
2745,METHODS,OFFSHORE INSTALLATION,SKETCH,ENGINEERING SKETCH,2745-A1-029,2745-A1-029-1 TO 4_Rev-A(LB-11 Setup during PDP Deck installation_Floatover),,,DATA/METHODS/2745  -EPS-2 and PDP Delivarables.xlsx,Sketches,61,INCLUDE,,SDOC-60c5e045590b06b2214ab1f2,GDOC-f01cdbb4bb804cd266a6f441
2745,METHODS,OFFSHORE INSTALLATION,SKETCH,ENGINEERING SKETCH,2745-AP-XXXX,2745-AP-XXXX-1 TO 5_R1(DLB-750 AP during Sleeper installation at crossing for OPL-3 PL),,,DATA/METHODS/2745  -EPS-2 and PDP Delivarables.xlsx,Sketches,62,INCLUDE,,SDOC-7a539a2bb3b27a6b6d73ce9e,GDOC-714392e651cebaf4d5afc364
2745,METHODS,OFFSHORE INSTALLATION,SKETCH,ENGINEERING SKETCH,2745-AP-0000,2745-AP-0000-1 OF 4_R1(DLB-750 AP during Riser Guard Removal and Riser installation at RP-1),,,DATA/METHODS/2745  -EPS-2 and PDP Delivarables.xlsx,Sketches,63,INCLUDE,,SDOC-fb232c0f7de2356b653ec7eb,GDOC-7b3fc692e6f41f6e1ff71036
2745,METHODS,OFFSHORE INSTALLATION,SKETCH,ENGINEERING SKETCH,2745-AP-0019,2745-AP-0019_R1(DLS-4200 AP during ZWSC PDP Topside Instllation),,,DATA/METHODS/2745  -EPS-2 and PDP Delivarables.xlsx,Sketches,66,INCLUDE,,SDOC-e94b1d4b3da4eda33ab53304,GDOC-1e3ef7e20f10e074885628b6
2745,METHODS,OFFSHORE INSTALLATION,SKETCH,ENGINEERING SKETCH,2745-A1-031,2745-A1-031_Rev-A(Details for DLB-750 Mooring line connection to jkt leg during WPL-3 Pipelay),,,DATA/METHODS/2745  -EPS-2 and PDP Delivarables.xlsx,Sketches,67,INCLUDE,,SDOC-d6f829cb10ffbae0a3830a9e,GDOC-95b2cbee9f109d37d3f2d376
2745,METHODS,OFFSHORE INSTALLATION,SKETCH,ENGINEERING SKETCH,2745-AP-0038,2745-AP-0038-1 TO 5_R2(DLB-750 AP during Sleeper installation at crossing for OPL-3 PL),,,DATA/METHODS/2745  -EPS-2 and PDP Delivarables.xlsx,Sketches,68,INCLUDE,,SDOC-465b6d823e01f45eba74b7e5,GDOC-9f49097caf5b535016a0605b
2745,METHODS,OFFSHORE INSTALLATION,SKETCH,ENGINEERING SKETCH,2745-A1-034,2745-A1-034_Rev-A(DLB-1000 AP during ZCSC PDP JKT Installation),,,DATA/METHODS/2745  -EPS-2 and PDP Delivarables.xlsx,Sketches,69,INCLUDE,,SDOC-7484daa89456af4616041a21,GDOC-ed7cd4581559cd0005bef9cd
2745,METHODS,OFFSHORE INSTALLATION,SKETCH,ENGINEERING SKETCH,2745-A1-035,2745-A1-035_Rev-A (Sequence for WHT-2 Topside Installation),,,DATA/METHODS/2745  -EPS-2 and PDP Delivarables.xlsx,Sketches,76,INCLUDE,,SDOC-602bfd5f9ee43039db94b1a8,GDOC-584d4d2ff731f0ec580366b0
2745,METHODS,OFFSHORE INSTALLATION,SKETCH,ENGINEERING SKETCH,2745-A3-053,2745-A3-053_Rev-A(CB&SPACER BARGE Mooring arrangemetn with SHEERLEG during Topside Installation),,,DATA/METHODS/2745  -EPS-2 and PDP Delivarables.xlsx,Sketches,77,INCLUDE,,SDOC-afb42c4e759031929d097a62,GDOC-9b83cc2398e1a3d9b5e82ee2
2745,METHODS,OFFSHORE INSTALLATION,SKETCH,ENGINEERING SKETCH,2745-AP-0028,2745-AP-0028_R1(SHEERLEG AP during WHT-2 Topside Installation),,,DATA/METHODS/2745  -EPS-2 and PDP Delivarables.xlsx,Sketches,78,INCLUDE,,SDOC-695a1b393d8e94629d8e02d5,GDOC-1b7416f11cbe889bb45627b3
2745,METHODS,OFFSHORE INSTALLATION,SKETCH,ENGINEERING SKETCH,2745-A3-017,2745-A3-017_Rev-B(SAFEEN PEARL SETUP DURING (CL-4) 6.6kV CABLE LAYDOWN AT WHT-3),,,DATA/METHODS/2745  -EPS-2 and PDP Delivarables.xlsx,Sketches,79,INCLUDE,,SDOC-d33574dff5e3df9395e38272,GDOC-a7ddac8c5c7980085a9c006a
2745,METHODS,OFFSHORE INSTALLATION,SKETCH,ENGINEERING SKETCH,2745-A3-018,2745-A3-018_Rev-B(SAFEEN PEARL SETUP DURING (CL-3) 6.6kV CABLE LAYDOWN AT WHT-3),,,DATA/METHODS/2745  -EPS-2 and PDP Delivarables.xlsx,Sketches,80,INCLUDE,,SDOC-b13bff0a677be76b9e1f525b,GDOC-007ea18976fc923707efce81
2745,METHODS,OFFSHORE INSTALLATION,SKETCH,ENGINEERING SKETCH,2745-A3-055,2745-A3-055_Rev-A(SAFEEN PEARL SETUP DURING (CL-2) 6.6kV CABLE LAYDOWN AT WHT-2),,,DATA/METHODS/2745  -EPS-2 and PDP Delivarables.xlsx,Sketches,81,INCLUDE,,SDOC-d99f461f64b875118328dc7d,GDOC-b251c342359258c1ff796474
2745,METHODS,OFFSHORE INSTALLATION,SKETCH,ENGINEERING SKETCH,2745-A1-036,2745-A1-036_Rev-A (DLS-4200 PASSAGE PLAN TO WHT-2 & 3 Location),,,DATA/METHODS/2745  -EPS-2 and PDP Delivarables.xlsx,Sketches,84,INCLUDE,,SDOC-53b30acbea254d4d542e3a3d,GDOC-8eea665e005bc2f1e7f57252
2745,METHODS,OFFSHORE INSTALLATION,SKETCH,ENGINEERING SKETCH,2745-A1-0037,2745-A1-0037_Rev-A(DLS-4200 AP during WHT-3 Topside Installation),,,DATA/METHODS/2745  -EPS-2 and PDP Delivarables.xlsx,Sketches,85,INCLUDE,,SDOC-97ab433f24254c6096affa2c,GDOC-a947d5b7bdaaf48b176df362
2745,METHODS,OFFSHORE INSTALLATION,SKETCH,ENGINEERING SKETCH,2745-A3-056,2745-A3-056 _Rev-A(UMM SHAIF SETUP DURING (CL-5 & 6) 132kV CABLE LAYDOWN AT GPF-2),,,DATA/METHODS/2745  -EPS-2 and PDP Delivarables.xlsx,Sketches,86,INCLUDE,,SDOC-a66cb2329478a5f4e8030930,GDOC-2944b8f9e770117df0c7d723
2745,METHODS,OFFSHORE INSTALLATION,SKETCH,ENGINEERING SKETCH,2745-A3- 057,2745-A3- 057_Rev-A(UMM SHAIF SETUP DURING (CL-5 & 6) 132kV CABLE LAYDOWN AT GPF-2),,,DATA/METHODS/2745  -EPS-2 and PDP Delivarables.xlsx,Sketches,87,INCLUDE,,SDOC-fc45d9cca071f2e9f4c1829c,GDOC-036f6a29a4b37f67c96d93e8
2745,METHODS,OFFSHORE INSTALLATION,SKETCH,ENGINEERING SKETCH,2745-A3-059,2745-A3-059_Rev-A(SAFEEN PEARL SETUP DURING (CL-3) 6.6kV CABLE START-UP AT ZK-11),,,DATA/METHODS/2745  -EPS-2 and PDP Delivarables.xlsx,Sketches,92,INCLUDE,,SDOC-d6ea3c3b320dfbddd18cbb61,GDOC-8b1e4ba083ee465819fc393d
2745,METHODS,OFFSHORE INSTALLATION,SKETCH,ENGINEERING SKETCH,2745-AP-0039,2745-AP-0039-1 TO 3_R1(DLB-750 AP during Riser Guard Removal and Riser installation AT WHT-2 (EAST FACE),,,DATA/METHODS/2745  -EPS-2 and PDP Delivarables.xlsx,Sketches,94,INCLUDE,,SDOC-e6cd6bc3184faa746438beb9,GDOC-a1f653d6aa7d805833f90b98
2745,METHODS,OFFSHORE INSTALLATION,SKETCH,ENGINEERING SKETCH,2745-AP-0040,2745-AP-0040-1 TO 3_R1(DLB-750 AP during Riser Guard Removal and Riser installation AT WHT-2 (WEST FACE),,,DATA/METHODS/2745  -EPS-2 and PDP Delivarables.xlsx,Sketches,95,INCLUDE,,SDOC-1d1d47053185bf62e1a873a2,GDOC-77ea98d83efc98856031ef1f
2745,METHODS,OFFSHORE INSTALLATION,SKETCH,ENGINEERING SKETCH,2745-AP-0041,2745-AP-0041-1 TO 3_R1(DLB-750 AP during Riser Guard Removal and Riser installation AT WHT-3),,,DATA/METHODS/2745  -EPS-2 and PDP Delivarables.xlsx,Sketches,96,INCLUDE,,SDOC-13d06bc384d2046d43c7ff81,GDOC-44d4c65adbd2b1c58e0273a7
2745,METHODS,OFFSHORE INSTALLATION,SKETCH,ENGINEERING SKETCH,2745-A1-039,2745-A1-039_Rev-A(DLS-4200 AP during WHT-2 Topside Installation),,,DATA/METHODS/2745  -EPS-2 and PDP Delivarables.xlsx,Sketches,97,INCLUDE,,SDOC-bbb48fca178aedb0cb1424c0,GDOC-2599df367ca1fb77eea0ded3
2745,METHODS,OFFSHORE INSTALLATION,SKETCH,ENGINEERING SKETCH,2745-AP-0011,2745-AP-0011_R1(DLB-750 AP during OPL-4 pipelay)_SEGMENT-1,,,DATA/METHODS/2745  -EPS-2 and PDP Delivarables.xlsx,Sketches,98,INCLUDE,,SDOC-809c52f3bfae44fa3c126dc1,GDOC-3badf6934541cd63b97284c0
2745,METHODS,OFFSHORE INSTALLATION,SKETCH,ENGINEERING SKETCH,2745-A3-066,2745-A3-066-1 TO 3_Rev-A (SEAFOX TRIDENT-1 AVIATION CLEARANCE AT ZK-288) Model,,,DATA/METHODS/2745  -EPS-2 and PDP Delivarables.xlsx,Sketches,100,INCLUDE,,SDOC-0b484913f8f417923efcb0aa,GDOC-d5b843feb2ce4f5a90b41787
2745,METHODS,OFFSHORE INSTALLATION,SKETCH,ENGINEERING SKETCH,2745-DP-0010,2745-DP-0010_R1(SEAFOX TRIDENT-1 SET-UP @ ZK-235),,,DATA/METHODS/2745  -EPS-2 and PDP Delivarables.xlsx,Sketches,102,INCLUDE,,SDOC-e964ac59437a9746ff3aa530,GDOC-7cfd6c7f5072f3614bc22aa5
2745,METHODS,OFFSHORE INSTALLATION,SKETCH,ENGINEERING SKETCH,2745-DP-0011,2745-DP-0011_R1(SEAFOX TRIDENT-1 SET-UP @ ZK-35),,,DATA/METHODS/2745  -EPS-2 and PDP Delivarables.xlsx,Sketches,103,INCLUDE,,SDOC-1c76f270ff9dee9a5231c595,GDOC-58afef8f2eeaedea61b24a03
2745,METHODS,OFFSHORE INSTALLATION,SKETCH,ENGINEERING SKETCH,2745-DP-0012,2745-DP-0012_R1(SEAFOX TRIDENT-1 SET-UP @ ZK-11),,,DATA/METHODS/2745  -EPS-2 and PDP Delivarables.xlsx,Sketches,104,INCLUDE,,SDOC-350315e0ccd76df07230d099,GDOC-a5c48c0ee9c642c649f3a666
2745,METHODS,OFFSHORE INSTALLATION,SKETCH,ENGINEERING SKETCH,2745-AP-0026,2745-AP-0026_R1(DLB-1000 AP during ZWSC PDP Jacket Installation),,,DATA/METHODS/2745  -EPS-2 and PDP Delivarables.xlsx,Sketches,105,INCLUDE,,SDOC-b27db781e39599bac954266d,GDOC-b6f3b680805169e5d7d9d2d5
2745,METHODS,OFFSHORE INSTALLATION,SKETCH,ENGINEERING SKETCH,2745-AP-0023,2745-AP-0023_R1(DLB-1000 AP during ZWSC BST-1 Jacket Instllation),,,DATA/METHODS/2745  -EPS-2 and PDP Delivarables.xlsx,Sketches,107,INCLUDE,,SDOC-509fe6057c9cb05c7ee385bf,GDOC-4ec3102bc4d0dfd4f4bbcc18
2745,METHODS,OFFSHORE INSTALLATION,SKETCH,ENGINEERING SKETCH,2745-AP-0042,2745-AP-0042_R1(DLB-750 AP during SLEEPER INSTALLATION for OPL-2 PL.),,,DATA/METHODS/2745  -EPS-2 and PDP Delivarables.xlsx,Sketches,109,INCLUDE,,SDOC-f61970b5b7fe4249c16f40fa,GDOC-d90c97c2cc1ef285c864c1cf
2745,METHODS,OFFSHORE INSTALLATION,SKETCH,ENGINEERING SKETCH,2745-DP-0014,2745-DP-0014_R1(SAFEEN-3000 Setup during ZWSC BST-1 Jacket Instllation),,,DATA/METHODS/2745  -EPS-2 and PDP Delivarables.xlsx,Sketches,111,INCLUDE,,SDOC-de5cb1e5eb983caa95f9fa3d,GDOC-c1bc1665e75cb83ba602f1eb
2745,METHODS,OFFSHORE INSTALLATION,SKETCH,ENGINEERING SKETCH,2745-DP-0015,2745-DP-0015_R1(SAFEEN-3000 Setup during ZWSC PDP Jacket Instllation),,,DATA/METHODS/2745  -EPS-2 and PDP Delivarables.xlsx,Sketches,112,INCLUDE,,SDOC-2cb75c0fa047e38c71051224,GDOC-60224019d33354793ac00488
2745,METHODS,OFFSHORE INSTALLATION,SKETCH,ENGINEERING SKETCH,2745-AP-0043,2745-AP-0043_R1(DLB-750 Standby AP during Risers installation at ZWSC RP-1),,,DATA/METHODS/2745  -EPS-2 and PDP Delivarables.xlsx,Sketches,113,INCLUDE,,SDOC-eeee069ec4d4dfea04731cd0,GDOC-05c983085b772d1b249db893
2745,METHODS,OFFSHORE INSTALLATION,SKETCH,ENGINEERING SKETCH,2745-AP-0033,2745-AP-0033_R1(DLS-4200 AP during ZWSC PDP Bridge Instllation),,,DATA/METHODS/2745  -EPS-2 and PDP Delivarables.xlsx,Sketches,114,INCLUDE,,SDOC-3c2178b31e0f23df4097f6a7,GDOC-61551ac9b99cf0eb2abf60f4
2745,METHODS,OFFSHORE INSTALLATION,SKETCH,ENGINEERING SKETCH,2745-AP-0044,2745-AP-0044_R1(DLS-4200 AP during WHT-2 Topside Installation),,,DATA/METHODS/2745  -EPS-2 and PDP Delivarables.xlsx,Sketches,119,INCLUDE,,SDOC-17dcb60f4d3984786ced5043,GDOC-93dc3936c755d0cbdefa29e2
2745,METHODS,OFFSHORE INSTALLATION,SKETCH,ENGINEERING SKETCH,2745-A3-076,2745-A3-076_Rev-A(UMM SHAIF SETUP DURING (CL-3011) 132kV CABLE LAYDOWN AT ZWSC PDP),,,DATA/METHODS/2745  -EPS-2 and PDP Delivarables.xlsx,Sketches,122,INCLUDE,,SDOC-7086219511c30d43670f1bdf,GDOC-f0ea078b97eec3178665af37
2745,METHODS,OFFSHORE INSTALLATION,SKETCH,ENGINEERING SKETCH,2745-A3-077,2745-A3-077_Rev-A(UMM SHAIF SETUP DURING (CL-3012) 132kV CABLE LAYDOWN AT ZWSC PDP),,,DATA/METHODS/2745  -EPS-2 and PDP Delivarables.xlsx,Sketches,123,INCLUDE,,SDOC-e305cf85cbca6ca2b16f582a,GDOC-7b69befec63326668c7d4b1e
2745,METHODS,OFFSHORE INSTALLATION,SKETCH,ENGINEERING SKETCH,2745-A3-078,2745-A3-078_Rev-A(CABLE ROUTE CL-5 & 6 & 3011 & 3012 at ZWSC PDP & GPF-2),,,DATA/METHODS/2745  -EPS-2 and PDP Delivarables.xlsx,Sketches,124,INCLUDE,,SDOC-36886576cad18847e1c85da8,GDOC-22a023c8c9fa42fc3ec275b2
2745,METHODS,OFFSHORE INSTALLATION,SKETCH,ENGINEERING SKETCH,2745-A1-047,2745-A1-047_Rev-A (Under Keel Clearance during cable laying),,,DATA/METHODS/2745  -EPS-2 and PDP Delivarables.xlsx,Sketches,125,INCLUDE,,SDOC-2d4aa30ded106844346af191,GDOC-809dfc0846a0ea97a4e9b3c3
2745,TECH,GENERAL / MULTIDISCIPLINE,DRAWING,CUT LIST,OFO-P2745-SK-T-010,DETAILS OF STANCHION SUPPORTS AND STOPPER BEAM ON PRESTIGE-282 CB,,..\Cutlist%20drgs\OFO-P2745-SK-T-010-CTL,DATA/TECH/2745-DOCUMENT REGISTER-REV-4-.xlsx,Cut-lists ,5,INCLUDE,,SDOC-315cb5ff8adf6d5f18629758,GDOC-231cc5fbb85a67b602bf02a7
2745,TECH,NAVAL & MARINE,DOCUMENT,ANALYSIS,2745-ZZ-CL-001,LOWER ZAKUM – LTDP-1 STABILITY ANALYSIS DURING TRANSPORTATION OF CONCRETE COATED PIPE ON CARGO BARGE - TRIP-1 FOR WHT-2 & WHT-3,AD-27-G-01703,,DATA/TECH/2745-DOCUMENT REGISTER-REV-4-.xlsx,Documents - Naval Marine,9,INCLUDE,,SDOC-3c3394a0c680a5fb522bcba9,GDOC-07e40b0d6c434622c4a19a61
2745,TECH,NAVAL & MARINE,DOCUMENT,ANALYSIS,2745-ZZ-CL-002,LOWER ZAKUM – LTDP-1 STABILITY ANALYSIS DURING TRANSPORTATION OF CONCRETE COATED PIPE ON CARGO BARGE - TRIP-2,,,DATA/TECH/2745-DOCUMENT REGISTER-REV-4-.xlsx,Documents - Naval Marine,10,INCLUDE,,SDOC-cc6614a381660dd3a3035370,GDOC-0d289f4097d3ea68cd35d4f5
2745,TECH,NAVAL & MARINE,DOCUMENT,ANALYSIS,2745-ZZ-CL-003,LOWER ZAKUM – LTDP-1 STABILITY ANALYSIS DURING TRANSPORTATION OF CONCRETE COATED PIPE ON CARGO BARGE - TRIP-3,,,DATA/TECH/2745-DOCUMENT REGISTER-REV-4-.xlsx,Documents - Naval Marine,11,INCLUDE,,SDOC-90243fe8a9bdc312ae117ab4,GDOC-c7b1f97529d7dd764f818c40
2745,TECH,NAVAL & MARINE,DOCUMENT,ANALYSIS,2745-ZZ-CL-004,LOWER ZAKUM – LTDP-1 STABILITY ANALYSIS DURING TRANSPORTATION OF CONCRETE COATED PIPE ON CARGO BARGE - TRIP-4,,,DATA/TECH/2745-DOCUMENT REGISTER-REV-4-.xlsx,Documents - Naval Marine,12,INCLUDE,,SDOC-8ada5578e986e3ea43e0602c,GDOC-7ef13a6aa05721df1dd1c111
2745,TECH,NAVAL & MARINE,DOCUMENT,ANALYSIS,2745-ZZ-CL-005,LOWER ZAKUM – LTDP-1 STABILITY ANALYSIS DURING TRANSPORTATION OF CONCRETE COATED PIPE ON CARGO BARGE - TRIP-5,,,DATA/TECH/2745-DOCUMENT REGISTER-REV-4-.xlsx,Documents - Naval Marine,13,INCLUDE,,SDOC-fce7f45261fda4dad3d798b0,GDOC-400d2fa87a077545210d9af7
2745,TECH,NAVAL & MARINE,DOCUMENT,ANALYSIS,2745-ZZ-CL-006,LOWER ZAKUM – LTDP-1 STABILITY ANALYSIS DURING TRANSPORTATION OF CONCRETE COATED PIPE ON CARGO BARGE - TRIP-6,,,DATA/TECH/2745-DOCUMENT REGISTER-REV-4-.xlsx,Documents - Naval Marine,14,INCLUDE,,SDOC-f054d9d5d06598bd496925d7,GDOC-eb6ca8c382ab7f7527ac9fbe
2745,TECH,NAVAL & MARINE,DOCUMENT,ANALYSIS,2745-ZZ-CL-007,LOWER ZAKUM – LTDP-1 STABILITY ANALYSIS DURING TRANSPORTATION OF CONCRETE COATED PIPE ON CARGO BARGE - TRIP-7,,,DATA/TECH/2745-DOCUMENT REGISTER-REV-4-.xlsx,Documents - Naval Marine,15,INCLUDE,,SDOC-9dcd98911cc6cfea9bff8356,GDOC-068ed1d3979db5c2c27be03c
2745,TECH,NAVAL & MARINE,DOCUMENT,ANALYSIS,2745-ZZ-CL-008,LOWER ZAKUM – LTDP-1 STABILITY ANALYSIS DURING TRANSPORTATION OF CONCRETE COATED PIPE ON CARGO BARGE - TRIP-8,,,DATA/TECH/2745-DOCUMENT REGISTER-REV-4-.xlsx,Documents - Naval Marine,16,INCLUDE,,SDOC-3b006663b166aa33cb3eff02,GDOC-4df69b62be8b28b78bfaa39c
2745,TECH,NAVAL & MARINE,DOCUMENT,ANALYSIS,2745-ZZ-CL-026,"LOWER ZAKUM – LTDP-1 MOORING ANALYSIS DURING LATERAL SHIFTING & STALK-ON RISER INSTALLATION FOR 16"" WI - WHT2",AD-818-G-00107,,DATA/TECH/2745-DOCUMENT REGISTER-REV-4-.xlsx,Documents - Naval Marine,17,INCLUDE,,SDOC-12050f5ac1e604223996aa18,GDOC-d27ed567436b33c46304d55d
2745,TECH,NAVAL & MARINE,DOCUMENT,ANALYSIS,2745-ZZ-CL-027,"LOWER ZAKUM – LTDP-1 MOORING ANALYSIS DURING LATERAL SHIFTING & STALK-ON RISER INSTALLATION FOR 16"" OIL - WHT2",AD-818-G-00108,,DATA/TECH/2745-DOCUMENT REGISTER-REV-4-.xlsx,Documents - Naval Marine,18,INCLUDE,,SDOC-f53b4f79e1313fe01cb159a2,GDOC-14e2e390c37156eeae10239e
2745,TECH,NAVAL & MARINE,DOCUMENT,ANALYSIS,2745-ZZ-CL-028,"LOWER ZAKUM – LTDP-1 MOORING ANALYSIS DURING LATERAL SHIFTING & STALK-ON RISER INSTALLATION FOR 18"" - WHT2",AD-818-G-00109,,DATA/TECH/2745-DOCUMENT REGISTER-REV-4-.xlsx,Documents - Naval Marine,19,INCLUDE,,SDOC-3891f549b7ee9d71437cae42,GDOC-8664b52464f03f21552b74ab
2745,TECH,NAVAL & MARINE,DOCUMENT,ANALYSIS,2745-ZZ-CL-029,"LOWER ZAKUM – LTDP-1 MOORING ANALYSIS DURING LATERAL SHIFTING & STALK-ON RISER INSTALLATION FOR 20"" - WHT2",AD-818-G-00110,,DATA/TECH/2745-DOCUMENT REGISTER-REV-4-.xlsx,Documents - Naval Marine,20,INCLUDE,,SDOC-66e9b1f952f52cd714521c66,GDOC-3c1c41d7c167dec5232068c1
2745,TECH,NAVAL & MARINE,DOCUMENT,ANALYSIS,2745-ZZ-CL-030,"LOWER ZAKUM – LTDP-1 MOORING ANALYSIS DURING LATERAL SHIFTING & STALK-ON RISER INSTALLATION FOR 24"" - ZCSC CSP",AD-814-G-00132,,DATA/TECH/2745-DOCUMENT REGISTER-REV-4-.xlsx,Documents - Naval Marine,21,INCLUDE,,SDOC-38722f7f03bc5e0f4ce6a3ec,GDOC-e4bea11e789163d99e39b7f5
2745,TECH,NAVAL & MARINE,DOCUMENT,ANALYSIS,2745-ZZ-CL-014,"LOWER ZAKUM – LTDP-1 STABILITY ANALYSIS DURING TRANSPORTATION OF SUBSEA SPOOLS, J-TUBES AND RISERS - TRIP-1",,,DATA/TECH/2745-DOCUMENT REGISTER-REV-4-.xlsx,Documents - Naval Marine,22,INCLUDE,,SDOC-2a7e59d0f0aa1ee15bae6e2b,GDOC-38bb72aa5b1c5db93055c8d7
2745,TECH,NAVAL & MARINE,DOCUMENT,ANALYSIS,2745-ZZ-CL-015,"LOWER ZAKUM – LTDP-1 STABILITY ANALYSIS DURING TRANSPORTATION OF SUBSEA SPOOLS, J-TUBES AND RISERS - TRIP-2",,,DATA/TECH/2745-DOCUMENT REGISTER-REV-4-.xlsx,Documents - Naval Marine,23,INCLUDE,,SDOC-8f1963e9f1de5e664fd00608,GDOC-bd50e21a81305ee31f335450
2745,TECH,NAVAL & MARINE,DOCUMENT,ANALYSIS,2745-ZZ-CL-016,"LOWER ZAKUM – LTDP-1 STABILITY ANALYSIS DURING TRANSPORTATION OF SUBSEA SPOOLS, J-TUBES AND RISERS - TRIP-3",,,DATA/TECH/2745-DOCUMENT REGISTER-REV-4-.xlsx,Documents - Naval Marine,24,INCLUDE,,SDOC-1c7042894cdcbfb2b6f64b28,GDOC-188d9c6148cd4cf317d195f7
2745,TECH,NAVAL & MARINE,DOCUMENT,ANALYSIS,2745-ZZ-CL-017,"LOWER ZAKUM – LTDP-1 STABILITY ANALYSIS DURING TRANSPORTATION OF SUBSEA SPOOLS, J-TUBES AND RISERS - TRIP-4",,,DATA/TECH/2745-DOCUMENT REGISTER-REV-4-.xlsx,Documents - Naval Marine,25,INCLUDE,,SDOC-f7c7edec25f01081e09d2286,GDOC-53121821cf0969ea8594032a
2745,TECH,NAVAL & MARINE,DOCUMENT,ANALYSIS,2745-ZZ-CL-021,"LOWER ZAKUM – LTDP-1 MOORING ANALYSIS DURING  LAYING OF 16"" WI - WHT2 WHT3",AD-27-G-01704,,DATA/TECH/2745-DOCUMENT REGISTER-REV-4-.xlsx,Documents - Naval Marine,26,INCLUDE,,SDOC-09975ef11ad872ec540051f6,GDOC-b141baefd0ebb00778120745
2745,TECH,NAVAL & MARINE,DOCUMENT,ANALYSIS,2745-ZZ-CL-022,"LOWER ZAKUM – LTDP-1 MOORING ANALYSIS DURING  LAYING OF 16"" OIL - WHT2 WHT3",AD-27-G-01705,,DATA/TECH/2745-DOCUMENT REGISTER-REV-4-.xlsx,Documents - Naval Marine,27,INCLUDE,,SDOC-57e425a6cdcfcf3af5f1ed88,GDOC-60af1b365967f1ee103e17a7
2745,TECH,NAVAL & MARINE,DOCUMENT,ANALYSIS,2745-ZZ-CL-011,STABILITY ANALYSIS DURING TRANSPORTATION OF CONCRETE SLEEPERS & MATTRESSES  PRESTIGE-281 (TRIP-1),AD-27-G-01706,..\Documents\Naval\Stability\Sleepers\04-Trip-1%20Prestige-281-edition5\Report,DATA/TECH/2745-DOCUMENT REGISTER-REV-4-.xlsx,Documents - Naval Marine,28,INCLUDE,,SDOC-62058d5ae24aa41baf2a62d9,GDOC-edadf330439a3a68bd4dafc3
2745,TECH,NAVAL & MARINE,DOCUMENT,ANALYSIS,2745-ZZ-CL-012,LOWER ZAKUM – LTDP-1 STABILITY ANALYSIS DURING TRANSPORTATION OF CONCRETE SLEEPERS & MATTRESSES - TRIP-2,AD-27-G-01707,..\Documents\Naval\Stability\Sleepers\05-%20Trip-2%20prestige-282-edition3,DATA/TECH/2745-DOCUMENT REGISTER-REV-4-.xlsx,Documents - Naval Marine,29,INCLUDE,,SDOC-113257c069ffbfa88099dddd,GDOC-30cf7a71e5f10937440ec492
2745,TECH,NAVAL & MARINE,DOCUMENT,ANALYSIS,2745-ZZ-CL-013,LOWER ZAKUM – LTDP-1 STABILITY ANALYSIS DURING TRANSPORTATION OF CONCRETE SLEEPERS @ PRESTIGE-281 - TRIP-3,,..\Documents\Naval\Stability\Sleepers\06-Trip-3%20Prestige-281\Report,DATA/TECH/2745-DOCUMENT REGISTER-REV-4-.xlsx,Documents - Naval Marine,30,INCLUDE,,SDOC-7d2231442fa028b863e99be1,GDOC-7e0d6ce11672fd2f01d727b6
2745,TECH,NAVAL & MARINE,DOCUMENT,ANALYSIS,2745-ZZ-CL-023,"LOWER ZAKUM – LTDP-1 MOORING ANALYSIS DURING  LAYING OF 18""",AD-27-G-01708,,DATA/TECH/2745-DOCUMENT REGISTER-REV-4-.xlsx,Documents - Naval Marine,34,INCLUDE,,SDOC-d6408f7a5f79b9e891e9f700,GDOC-ac873a41b92a0040dd605f9c
2745,TECH,NAVAL & MARINE,DOCUMENT,ANALYSIS,2745-ZZ-CL-024,"LOWER ZAKUM – LTDP-1 MOORING ANALYSIS DURING  LAYING OF 20""",AD-27-G-01709,,DATA/TECH/2745-DOCUMENT REGISTER-REV-4-.xlsx,Documents - Naval Marine,35,INCLUDE,,SDOC-54dda0ab3df172a83740578f,GDOC-333440b343f83fd11e23284b
2745,TECH,NAVAL & MARINE,DOCUMENT,ANALYSIS,2745-ZZ-CL-025,"LOWER ZAKUM – LTDP-1 MOORING ANALYSIS DURING  LAYING OF 24""",AD-27-G-01710,,DATA/TECH/2745-DOCUMENT REGISTER-REV-4-.xlsx,Documents - Naval Marine,36,INCLUDE,,SDOC-0503a91d09de710ad469b7b4,GDOC-8d382765027faabae4df3c29
2745,TECH,NAVAL & MARINE,DOCUMENT,ANALYSIS,2745-ZZ-CL-035,LOWER ZAKUM – LTDP-1 MOORING ANALYSIS DURING ZCSC PDP JACKET INSTALLATION,AD-27-G-01711,,DATA/TECH/2745-DOCUMENT REGISTER-REV-4-.xlsx,Documents - Naval Marine,37,INCLUDE,,SDOC-30b8956fc7d4f5327ce4116a,GDOC-dae25119cbf33dda4fd01b4f
2745,TECH,NAVAL & MARINE,DOCUMENT,ANALYSIS,2745-ZZ-CL-031,LOWER ZAKUM – LTDP-1 MOORING ANALYSIS DURING BST JACKET INSTALLATION -2,AD-27-G-01713,,DATA/TECH/2745-DOCUMENT REGISTER-REV-4-.xlsx,Documents - Naval Marine,39,INCLUDE,,SDOC-1dc36ebaabf1c8e28493e818,GDOC-ae2b9d9e7de46849b2fa7edf
2745,TECH,NAVAL & MARINE,DOCUMENT,ANALYSIS,2745-ZZ-CL-033,LOWER ZAKUM – LTDP-1 MOORING ANALYSIS DURING ZCSC BST INSTALLATION– ZWSC (PDP-GPF-II) ZCSC (PDP),AD-27-G-01715,,DATA/TECH/2745-DOCUMENT REGISTER-REV-4-.xlsx,Documents - Naval Marine,40,INCLUDE,,SDOC-9c8474221a6b48041549e58a,GDOC-3db1ad1822862f80473b5b5a
2745,TECH,NAVAL & MARINE,DOCUMENT,ANALYSIS,2745-ZZ-CL-034,LOWER ZAKUM – LTDP-1 MOORING ANALYSIS DURING ZWSC GPF-II BST INSTALLATION– ZWSC (PDP-GPF-II) ZCSC (PDP),AD-27-G-01716,,DATA/TECH/2745-DOCUMENT REGISTER-REV-4-.xlsx,Documents - Naval Marine,41,INCLUDE,,SDOC-556c8afb0aeadea418958583,GDOC-6407a03289ba52644a0c2cb7
2745,TECH,NAVAL & MARINE,DOCUMENT,ANALYSIS,2745-ZZ-CL-036,LOWER ZAKUM – LTDP-1 MOORING ANALYSIS DURING FLARE BST-5 INSTALLATION FOR ZWSC (PDP-GPF-II),AD-27-G-01719,,DATA/TECH/2745-DOCUMENT REGISTER-REV-4-.xlsx,Documents - Naval Marine,44,INCLUDE,,SDOC-97c8afd816b9b49d867bfe42,GDOC-ef2dd970faa988ba05f91e5b
2745,TECH,NAVAL & MARINE,DOCUMENT,ANALYSIS,2745-ZZ-CL-038,LOWER ZAKUM – LTDP-1 MOORING ANALYSIS DURING BST DECK INSTALLATION -1 FOR ZWSC (PDP-GPF-II),AD-27-G-01720,,DATA/TECH/2745-DOCUMENT REGISTER-REV-4-.xlsx,Documents - Naval Marine,46,INCLUDE,,SDOC-22f48616c9de8d89089d27b3,GDOC-07e07da2991034b547475eb0
2745,TECH,NAVAL & MARINE,DOCUMENT,ANALYSIS,2745-ZZ-CL-039,LOWER ZAKUM – LTDP-1 MOORING ANALYSIS DURING BST DECK INSTALLATION -2 FOR ZWSC (PDP-GPF-II),AD-27-G-01721,,DATA/TECH/2745-DOCUMENT REGISTER-REV-4-.xlsx,Documents - Naval Marine,47,INCLUDE,,SDOC-f38759eb5cebc7a2893f27dc,GDOC-1eacb77f67408ee97cf5b436
2745,TECH,NAVAL & MARINE,DOCUMENT,ANALYSIS,2745-ZZ-CL-040,LOWER ZAKUM – LTDP-1 MOORING ANALYSIS DURING BST DECK INSTALLATION -3 FOR ZWSC (PDP-GPF-II),AD-27-G-01722,,DATA/TECH/2745-DOCUMENT REGISTER-REV-4-.xlsx,Documents - Naval Marine,48,INCLUDE,,SDOC-0cd625f144c53d19347e61ce,GDOC-dbb1534f84cb8f36ee2921ee
2745,TECH,NAVAL & MARINE,DOCUMENT,ANALYSIS,2745-ZZ-CL-041,LOWER ZAKUM – LTDP-1 MOORING ANALYSIS DURING BST DECK INSTALLATION -4 FOR ZWSC (PDP-GPF-II),AD-27-G-01723,,DATA/TECH/2745-DOCUMENT REGISTER-REV-4-.xlsx,Documents - Naval Marine,49,INCLUDE,,SDOC-7ba1d13b21f3e08d3e36d2b7,GDOC-1d21c2d19b1cbc85510c22fc
2745,TECH,NAVAL & MARINE,DOCUMENT,ANALYSIS,2745-ZZ-CL-042,LOWER ZAKUM – LTDP-1 MOORING ANALYSIS DURING BST DECK INSTALLATION -5 FOR ZWSC (PDP-GPF-II),AD-27-G-01724,,DATA/TECH/2745-DOCUMENT REGISTER-REV-4-.xlsx,Documents - Naval Marine,50,INCLUDE,,SDOC-9037caf8d456512fbf4275e4,GDOC-609eeb8da88a3da51932b2cd
2745,TECH,NAVAL & MARINE,DOCUMENT,ANALYSIS,2745-ZZ-CL-043,LOWER ZAKUM – LTDP-1 MOORING ANALYSIS DURING BST BRIDGE INSTALLATION -1 FOR ZWSC (PDP-GPF-II),AD-27-G-01725,,DATA/TECH/2745-DOCUMENT REGISTER-REV-4-.xlsx,Documents - Naval Marine,51,INCLUDE,,SDOC-5f9a473ed2694d140816afd1,GDOC-2374e7babd0fce05580340fe
2745,TECH,NAVAL & MARINE,DOCUMENT,ANALYSIS,2745-ZZ-CL-044,LOWER ZAKUM – LTDP-1 MOORING ANALYSIS DURING BST BRIDGE INSTALLATION -2 FOR ZWSC (PDP-GPF-II),AD-27-G-01726,,DATA/TECH/2745-DOCUMENT REGISTER-REV-4-.xlsx,Documents - Naval Marine,52,INCLUDE,,SDOC-a585bf22067797fd26fdd507,GDOC-c90653eee6f08d65549fb411
2745,TECH,NAVAL & MARINE,DOCUMENT,ANALYSIS,2745-ZZ-CL-045,LOWER ZAKUM – LTDP-1 MOORING ANALYSIS DURING BST BRIDGE INSTALLATION -3 FOR ZWSC (PDP-GPF-II),AD-27-G-01727,,DATA/TECH/2745-DOCUMENT REGISTER-REV-4-.xlsx,Documents - Naval Marine,53,INCLUDE,,SDOC-20b902f38d863a51a8f4fe92,GDOC-281202f2f5faa77ef0ec4faa
2745,TECH,NAVAL & MARINE,DOCUMENT,ANALYSIS,2745-ZZ-CL-046,LOWER ZAKUM – LTDP-1 MOORING ANALYSIS DURING BST BRIDGE INSTALLATION -4 FOR ZWSC (PDP-GPF-II),AD-27-G-01728,,DATA/TECH/2745-DOCUMENT REGISTER-REV-4-.xlsx,Documents - Naval Marine,54,INCLUDE,,SDOC-349d46f1558a8b6365b245fa,GDOC-a4948922968d0f92073625c6
2745,TECH,NAVAL & MARINE,DOCUMENT,ANALYSIS,2745-ZZ-CL-047,LOWER ZAKUM – LTDP-1 MOORING ANALYSIS DURING BST BRIDGE INSTALLATION -5 FOR ZWSC (PDP-GPF-II),AD-27-G-01729,,DATA/TECH/2745-DOCUMENT REGISTER-REV-4-.xlsx,Documents - Naval Marine,55,INCLUDE,,SDOC-edfbd1f8249f1b4fefaf7043,GDOC-83e550f4fc3b2a807d3f391c
2745,TECH,NAVAL & MARINE,DOCUMENT,ANALYSIS,2745-ZZ-CL-048,"LOWER ZAKUM – LTDP-1 MOORING ANALYSIS DURING LATERAL SHIFTING & STALK-ON RISER INSTALLATION FOR 16"" WI - WHT3",AD-819-G-00002,,DATA/TECH/2745-DOCUMENT REGISTER-REV-4-.xlsx,Documents - Naval Marine,56,INCLUDE,,SDOC-0a9aecb1b31d957e4d748608,GDOC-66169b735fb208775aa9b085
2745,TECH,NAVAL & MARINE,DOCUMENT,ANALYSIS,2745-ZZ-CL-049,"LOWER ZAKUM – LTDP-1 MOORING ANALYSIS DURING LATERAL SHIFTING & STALK-ON RISER INSTALLATION FOR 16"" OIL - WHT3",AD-819-G-00003,https://edms.npcc.ae/ndms/DocumentProfileView.aspx?WorkID=598&WorkDocuID=4648415,DATA/TECH/2745-DOCUMENT REGISTER-REV-4-.xlsx,Documents - Naval Marine,57,INCLUDE,,SDOC-3901f5d0d97d990bbe2c6384,GDOC-2739ca1974e84d44c7e23e54
2745,TECH,NAVAL & MARINE,DOCUMENT,ANALYSIS,2745-ZZ-CL-050,"LOWER ZAKUM – LTDP-1 MOORING ANALYSIS DURING LATERAL SHIFTING & STALK-ON RISER INSTALLATION FOR 18"" - ZWSC RP1",AD-27-G-01730,https://edms.npcc.ae/ndms/DocumentProfileView.aspx?WorkID=598&WorkDocuID=4648416,DATA/TECH/2745-DOCUMENT REGISTER-REV-4-.xlsx,Documents - Naval Marine,58,INCLUDE,,SDOC-451f1853baf0d15cf85634e1,GDOC-3cb7f290ede855fe4d03c1cf
2745,TECH,NAVAL & MARINE,DOCUMENT,ANALYSIS,2745-ZZ-CL-051,"LOWER ZAKUM – LTDP-1 - MOORING ANALYSIS DURING LATERAL SHIFTING & STALK-ON RISER INSTALLATION FOR 20"" - ZWSC RP1",AD-27-G-01731,https://edms.npcc.ae/ndms/DocumentProfileView.aspx?WorkID=598&WorkDocuID=4648417,DATA/TECH/2745-DOCUMENT REGISTER-REV-4-.xlsx,Documents - Naval Marine,59,INCLUDE,,SDOC-143da1988cda1a8f0a83d892,GDOC-a41f5c9715a77afbf9630a2b
2745,TECH,NAVAL & MARINE,DOCUMENT,ANALYSIS,2745-ZZ-CL-052,"LOWER ZAKUM – LTDP-1 MOORING ANALYSIS DURING LATERAL SHIFTING & STALK-ON RISER INSTALLATION FOR 24"" - ZWSC RP1",AD-27-G-01732,https://edms.npcc.ae/ndms/DocumentProfileView.aspx?WorkID=598&WorkDocuID=4648420,DATA/TECH/2745-DOCUMENT REGISTER-REV-4-.xlsx,Documents - Naval Marine,60,INCLUDE,,SDOC-a8d27dbc6c5477b0b25962a5,GDOC-175a80925acc32950d3e4f00
2745,TECH,PIPELINE & CABLE,DOCUMENT,ANALYSIS REPORT,2745-NN-RP-001,LOWER ZAKUM – LTDP-1 PIPE STACKING ANALYSIS REPORT FOR ZWSC (PDP-GPF-II) ZCSC (PDP),AD-27-G-01692,..\Documents\Pipeline\Pipe%20Stacking\Rev.1\1.%20RPT,DATA/TECH/2745-DOCUMENT REGISTER-REV-4-.xlsx,Documents - Pipeline & Cable,9,INCLUDE,,SDOC-4e7ddc5070a0c6ab7c58ecea,GDOC-7d4b62b1ef6ae3e500be6365
2745,TECH,PIPELINE & CABLE,DOCUMENT,ANALYSIS REPORT,2745-NN-RP-006,LOWER ZAKUM – LTDP-1 PIPELAY ANALYSIS REPORT FOR OPL-2 16in WF FROM WHT-3 TO WHT-2,AD-27-G-01693,,DATA/TECH/2745-DOCUMENT REGISTER-REV-4-.xlsx,Documents - Pipeline & Cable,10,INCLUDE,,SDOC-fcef69a8e559625f764961a8,GDOC-08ff5c7fd129143113f5c5ad
2745,TECH,PIPELINE & CABLE,DOCUMENT,ANALYSIS REPORT,2745-NN-RP-004,LOWER ZAKUM – LTDP-1 PIPELAY ANALYSIS REPORT FOR OPL-3 20in WF FROM WHT-2 TO ZWSC (RP-1),AD-27-G-01694,,DATA/TECH/2745-DOCUMENT REGISTER-REV-4-.xlsx,Documents - Pipeline & Cable,11,INCLUDE,,SDOC-9db5fcb342852170cdf3495b,GDOC-977fe7da6a59951df76f8f25
2745,TECH,PIPELINE & CABLE,DOCUMENT,ANALYSIS REPORT,2745-NN-RP-005,LOWER ZAKUM – LTDP-1 PIPELAY ANALYSIS REPORT FOR OPL-4 24in WF FROM ZCSC (CRP) TO ZWSC (RP-1),AD-27-G-01695,,DATA/TECH/2745-DOCUMENT REGISTER-REV-4-.xlsx,Documents - Pipeline & Cable,12,INCLUDE,,SDOC-852830636b4ccc22c4826ee8,GDOC-66f09b686099cb536e45b691
2745,TECH,PIPELINE & CABLE,DOCUMENT,ANALYSIS REPORT,2745-NN-RP-002,LOWER ZAKUM – LTDP-1 PIPELAY ANALYSIS REPORT FOR WPL-2 16in WI FROM WHT-2 TO WHT-3,AD-27-G-01696,,DATA/TECH/2745-DOCUMENT REGISTER-REV-4-.xlsx,Documents - Pipeline & Cable,13,INCLUDE,,SDOC-2b32ed453f0687e56d99b406,GDOC-49d5f9bb15306678e02d8a77
2745,TECH,PIPELINE & CABLE,DOCUMENT,ANALYSIS REPORT,2745-NN-RP-003,LOWER ZAKUM – LTDP-1 PIPELAY ANALYSIS REPORT FOR WPL-3 18in WI FROM ZWSC (RP-1)TO WHT-2,AD-27-G-01697,,DATA/TECH/2745-DOCUMENT REGISTER-REV-4-.xlsx,Documents - Pipeline & Cable,14,INCLUDE,,SDOC-6f6c7bf82fd7424d4b00cdef,GDOC-493bb96cd425abbcf0f2493b
2745,TECH,PIPELINE & CABLE,DOCUMENT,ANALYSIS REPORT,2745-NN-RP-007,"LOWER ZAKUM – LTDP-1 INSTALLATION ANALYSIS REPORT FOR 132KV CABLES AT AGI, ZWSC(PDP), ZWSC (GPF-ll) & ZCSC(PDP)",AD-27-G-01698,,DATA/TECH/2745-DOCUMENT REGISTER-REV-4-.xlsx,Documents - Pipeline & Cable,15,INCLUDE,,SDOC-0c0c0d488fcc4ed7fb71067c,GDOC-950c9b230169773ab076773d
2745,TECH,PIPELINE & CABLE,DOCUMENT,ANALYSIS REPORT,2745-NN-RP-008,LOWER ZAKUM – LTDP-1 INSTALLATION ANALYSIS REPORT FOR 6.6KV CABLES,AD-27-G-01699,..\Documents\Pipeline\6.6kV%20cable,DATA/TECH/2745-DOCUMENT REGISTER-REV-4-.xlsx,Documents - Pipeline & Cable,16,INCLUDE,DATE_TEXT_PRESERVED,SDOC-ed20415118123d814df75162,GDOC-22d816d12f3cc718bc9d7d68
2745,TECH,PIPELINE & CABLE,DOCUMENT,ANALYSIS REPORT,2745-NN-RP-031,"LOWER ZAKUM – LTDP-1 SEAFASTENING ANALYSIS REPORT FOR TRANSPORTATION OF SUBSEA SPOOLS, JTUBES & RISERS (TRIP-1)",,,DATA/TECH/2745-DOCUMENT REGISTER-REV-4-.xlsx,Documents - Pipeline & Cable,17,INCLUDE,,SDOC-a4d456b74a1204eff3ddf231,GDOC-cb0ae334569da1aedba97dde
2745,TECH,PIPELINE & CABLE,DOCUMENT,ANALYSIS REPORT,2745-NN-RP-032,"LOWER ZAKUM – LTDP-1 SEAFASTENING ANALYSIS REPORT FOR TRANSPORTATION OF SUBSEA SPOOLS, JTUBES & RISERS (TRIP-2)",,,DATA/TECH/2745-DOCUMENT REGISTER-REV-4-.xlsx,Documents - Pipeline & Cable,18,INCLUDE,,SDOC-848a20ebfc9fe3ce78678253,GDOC-ebbfefc01c0a31ae751f1916
2745,TECH,PIPELINE & CABLE,DOCUMENT,ANALYSIS REPORT,2745-NN-RP-011,"LOWER ZAKUM – LTDP-1 SEAFASTENING ANALYSIS REPORT FOR TRANSPORTATION OF SUBSEA SPOOLS, JTUBES & RISERS (TRIP-3)",,,DATA/TECH/2745-DOCUMENT REGISTER-REV-4-.xlsx,Documents - Pipeline & Cable,19,INCLUDE,,SDOC-cc4c3d6fd99d78160353d402,GDOC-546445a78f8bfa5e86441916
2745,TECH,PIPELINE & CABLE,DOCUMENT,ANALYSIS REPORT,2745-NN-RP-012,"LOWER ZAKUM – LTDP-1 SEAFASTENING ANALYSIS REPORT FOR TRANSPORTATION OF SUBSEA SPOOLS, JTUBES & RISERS (TRIP-4)",,,DATA/TECH/2745-DOCUMENT REGISTER-REV-4-.xlsx,Documents - Pipeline & Cable,20,INCLUDE,,SDOC-c026e36c8f51971d096fbad5,GDOC-e366bf6655053d1e160ae1a8
2745,TECH,PIPELINE & CABLE,DOCUMENT,REPORT,2745-NN-RP-016,LOWER ZAKUM – LTDP-1 SEAFASTENING DESIGN REPORT FOR TRANSPORTATION OF CONCRETE SLEEPERS AT PRESTIGE-281 (TRIP-1),AD-27-G-01700,..\Documents\Structural\01.%20Seafastening%20Design%20for%20Concrete%20Sleepers%20and%20Matress%20Transportation%20at%20PRESTIGE-281%20(trip%201),DATA/TECH/2745-DOCUMENT REGISTER-REV-4-.xlsx,Documents - Pipeline & Cable,21,INCLUDE,,SDOC-50f3687239efad8983df31f0,GDOC-1cf13cc0d5370f99c771b398
2745,TECH,PIPELINE & CABLE,DOCUMENT,REPORT,2745-NN-RP-017,LOWER ZAKUM – LTDP-1 SEAFASTENING DESIGN REPORT FOR TRANSPORTATION OF CONCRETE SLEEPERS ON PRESTIGE-282 (TRIP 2),AD-27-G-01701,..\Documents\Structural\02.%20SF%20of%20Concrete%20Sleepers%20at%20PRESTIGE-282%20(trip%202)\2.%20Report,DATA/TECH/2745-DOCUMENT REGISTER-REV-4-.xlsx,Documents - Pipeline & Cable,22,INCLUDE,,SDOC-63e3d1991ce91224a020e22d,GDOC-f4db01840e57fbe956ae2a7d
2745,TECH,PIPELINE & CABLE,DOCUMENT,REPORT,2745-NN-RP-018,SEAFASTENING DESIGN REPORT FOR TRANSPORTATION OF CONCRETE SLEEPERS ON PRESTIGE-281 (TRIP 3),AD-27-G-01087,..\Documents\Structural\03.%20SF%20of%20Concrete%20Sleepers%20at%20PRESTIGE-281%20(Trip%203)\2.%20Report,DATA/TECH/2745-DOCUMENT REGISTER-REV-4-.xlsx,Documents - Pipeline & Cable,23,INCLUDE,,SDOC-7afc03478a98e6f7c6e0102d,GDOC-d5cf707da8ddf08528d46e84
2745,TECH,PIPELINE & CABLE,DOCUMENT,REPORT,2745-NN-RP-019,LOWER ZAKUM – LTDP-1 SEAFASTENING DESIGN REPORT FOR TRANSPORTATION OF CONCRETE SLEEPERS AND MATTRESSES ON CB 4,,,DATA/TECH/2745-DOCUMENT REGISTER-REV-4-.xlsx,Documents - Pipeline & Cable,24,INCLUDE,,SDOC-81efa0bf8887738d1e440fca,GDOC-9f8b8aa25efbd3dc0c43cad5
2745,TECH,PIPELINE & CABLE,DOCUMENT,REPORT,2745-NN-RP-020,LOWER ZAKUM – LTDP-1 SEAFASTENING DESIGN REPORT FOR TRANSPORTATION OF CONCRETE SLEEPERS AND MATTRESSES ON CB 5,,,DATA/TECH/2745-DOCUMENT REGISTER-REV-4-.xlsx,Documents - Pipeline & Cable,25,INCLUDE,,SDOC-c9ad9666248ec612ff15b4cb,GDOC-a80975c297747819cbdfbdba
2745,TECH,PIPELINE & CABLE,DOCUMENT,REPORT,2745-NN-RP-021,LOWER ZAKUM – LTDP-1 SEAFASTENING DESIGN REPORT FOR TRANSPORTATION OF CONCRETE SLEEPERS AND MATTRESSES ON CB 6,,,DATA/TECH/2745-DOCUMENT REGISTER-REV-4-.xlsx,Documents - Pipeline & Cable,26,INCLUDE,,SDOC-c6cc9f43efd1dd6de45d3b99,GDOC-92fcc7fb780b46c225fadcff
2745,TECH,PIPELINE & CABLE,DOCUMENT,REPORT,2745-NN-RP-022,LOWER ZAKUM – LTDP-1 SEAFASTENING DESIGN REPORT FOR TRANSPORTATION OF CONCRETE SLEEPERS AND MATTRESSES ON CB 7,,,DATA/TECH/2745-DOCUMENT REGISTER-REV-4-.xlsx,Documents - Pipeline & Cable,27,INCLUDE,,SDOC-a8aa5b7a47b023662f2ff20a,GDOC-b8de72ffc69e385bb0af47cd
2745,TECH,PIPELINE & CABLE,DOCUMENT,REPORT,2745-NN-RP-009,LOWER ZAKUM – LTDP-1 SEAFASTENING DESIGN REPORT FOR TRANSPORTATION OF CC PIPES ON CARGO BARGE 3,,,DATA/TECH/2745-DOCUMENT REGISTER-REV-4-.xlsx,Documents - Pipeline & Cable,30,INCLUDE,,SDOC-a38f30a2055c54d2bf3cb629,GDOC-e3137c5d8d7bc85ca12ec176
2745,TECH,PIPELINE & CABLE,DOCUMENT,REPORT,2745-NN-RP-010,LOWER ZAKUM – LTDP-1 SEAFASTENING DESIGN REPORT FOR TRANSPORTATION OF CC PIPES ON CARGO BARGE 4,,,DATA/TECH/2745-DOCUMENT REGISTER-REV-4-.xlsx,Documents - Pipeline & Cable,31,INCLUDE,,SDOC-c3f1d1c860306eb7343aa1b0,GDOC-3e7e8140184a25f65e8cbe12
2745,TECH,PIPELINE & CABLE,DOCUMENT,REPORT,2745-NN-RP-013,LOWER ZAKUM – LTDP-1 SEAFASTENING DESIGN REPORT FOR TRANSPORTATION OF CC PIPES ON CARGO BARGE 7,,,DATA/TECH/2745-DOCUMENT REGISTER-REV-4-.xlsx,Documents - Pipeline & Cable,34,INCLUDE,,SDOC-71272df408b202f2ef55189a,GDOC-7d6676dff88160e9337b9475
2745,TECH,PIPELINE & CABLE,DOCUMENT,ANALYSIS REPORT,2745-NN-RP-027,LOWER ZAKUM – LTDP-1 DAVIT LIFT ANALYSIS REPORT FOR OPL-2 16in WF FROM WHT-3 TO WHT-2,,,DATA/TECH/2745-DOCUMENT REGISTER-REV-4-.xlsx,Documents - Pipeline & Cable,35,INCLUDE,,SDOC-a30ba10ffa919024fd197ce2,GDOC-6af27029e02fa25c34d6f8f1
2745,TECH,PIPELINE & CABLE,DOCUMENT,ANALYSIS REPORT,2745-NN-RP-028,LOWER ZAKUM – LTDP-1 DAVIT LIFT ANALYSIS REPORT FOR OPL-3 20in WF FROM WHT-2 TO ZWSC (RP-1),,,DATA/TECH/2745-DOCUMENT REGISTER-REV-4-.xlsx,Documents - Pipeline & Cable,36,INCLUDE,,SDOC-c59b5c4ab0045a376a22b9b8,GDOC-08251c3d2cbe7ab1630ddd24
2745,TECH,PIPELINE & CABLE,DOCUMENT,ANALYSIS REPORT,2745-NN-RP-029,LOWER ZAKUM – LTDP-1 DAVIT LIFT ANALYSIS REPORT FOR OPL-4 24in WF FROM ZCSC (CRP) TO ZWSC (RP-1),,,DATA/TECH/2745-DOCUMENT REGISTER-REV-4-.xlsx,Documents - Pipeline & Cable,37,INCLUDE,,SDOC-171d1f3c6530b990ab0911d0,GDOC-e2768d42f59e5a15a472f72c
2745,TECH,PIPELINE & CABLE,DOCUMENT,ANALYSIS REPORT,2745-NN-RP-030,LOWER ZAKUM – LTDP-1 DAVIT LIFT ANALYSIS REPORT FOR WPL-2 16in WI FROM WHT-2 TO WHT-3,,,DATA/TECH/2745-DOCUMENT REGISTER-REV-4-.xlsx,Documents - Pipeline & Cable,38,INCLUDE,,SDOC-07ab48dfcc0146843345baa4,GDOC-c895b2fd2bcc8ed6c4eea1cf
2745,TECH,GENERAL / MULTIDISCIPLINE,DRAWING,ENGINEERING DRAWING,2745-NN-0001,LOWER ZAKUM – LTDP-1 START UP HEAD DETAILS FOR 16'' PIPELINES FOR WHT-2 & WHT-3,AD-27-PL-625231-SHT-001,,DATA/TECH/2745-DOCUMENT REGISTER-REV-4-.xlsx,Drawings,9,INCLUDE,,SDOC-5cf6ab3e139fd8a3a4c31e1f,GDOC-9a1d159e86d3d3d98bedd5cd
2745,TECH,GENERAL / MULTIDISCIPLINE,DRAWING,ENGINEERING DRAWING,2745-NN-0002,"LOWER ZAKUM – LTDP-1 START UP HEAD DETAILS FOR 18"" PIPELINES FOR WHT-2 & ZWSC(RP1)",AD-27-PL-625232-SHT-001,,DATA/TECH/2745-DOCUMENT REGISTER-REV-4-.xlsx,Drawings,10,INCLUDE,,SDOC-dff3de1ede2d031bad3dbd97,GDOC-3a1c14527496b04975121b9e
2745,TECH,GENERAL / MULTIDISCIPLINE,DRAWING,ENGINEERING DRAWING,2745-NN-0003,"LOWER ZAKUM – LTDP-1 START UP HEAD DETAILS FOR 20"" PIPELINES FOR WHT-2 & ZWSC(RP1)",AD-27-PL-625233-SHT-001,,DATA/TECH/2745-DOCUMENT REGISTER-REV-4-.xlsx,Drawings,11,INCLUDE,,SDOC-a1d3d05412d2225a059eb7e5,GDOC-e7851b6590a86b966748172d
2745,TECH,GENERAL / MULTIDISCIPLINE,DRAWING,ENGINEERING DRAWING,2745-NN-0004,"LOWER ZAKUM – LTDP-1 START UP HEAD DETAILS FOR 24"" PIPELINES FOR ZCSC CRP & RP1",AD-27-PL-625234-SHT-001,,DATA/TECH/2745-DOCUMENT REGISTER-REV-4-.xlsx,Drawings,12,INCLUDE,,SDOC-9c6268abec4c67ffbffea24d,GDOC-055673aeb8fefa1a19a7042e
2745,TECH,GENERAL / MULTIDISCIPLINE,DRAWING,ENGINEERING DRAWING,2745-NN-0005,"LOWER ZAKUM – LTDP-1 LAYDOWN HEAD DETAILS FOR 16"" PIPELINES FOR WHT-2 & WHT-3",AD-27-PL-625235-SHT-001,,DATA/TECH/2745-DOCUMENT REGISTER-REV-4-.xlsx,Drawings,13,INCLUDE,,SDOC-40de4143992c130ca3464415,GDOC-7d6f7c3cd6e9b4d29da56665
2745,TECH,GENERAL / MULTIDISCIPLINE,DRAWING,ENGINEERING DRAWING,2745-NN-0006,"LOWER ZAKUM – LTDP-1 LAYDOWN HEAD DETAILS FOR 18"" PIPELINES FOR ZWSC(RP1) & WHT-2",AD-27-PL-625236-SHT-001,,DATA/TECH/2745-DOCUMENT REGISTER-REV-4-.xlsx,Drawings,14,INCLUDE,,SDOC-e7a4c2dcff7738c3fb0450fe,GDOC-cabb96347e9468339ca6e28a
2745,TECH,GENERAL / MULTIDISCIPLINE,DRAWING,ENGINEERING DRAWING,2745-NN-0007,"LOWER ZAKUM – LTDP-1 LAYDOWN HEAD DETAILS FOR 20"" PIPELINES FOR WHT-2 & ZWSC(RP1)",AD-27-PL-625237-SHT-001,,DATA/TECH/2745-DOCUMENT REGISTER-REV-4-.xlsx,Drawings,15,INCLUDE,,SDOC-1390d60440d1d6cae3018953,GDOC-60b50838b0673187828bf609
2745,TECH,GENERAL / MULTIDISCIPLINE,DRAWING,ENGINEERING DRAWING,2745-NN-0008,"LOWER ZAKUM – LTDP-1 LAYDOWN HEAD DETAILS FOR 24"" PIPELINES FOR ZCSC CRP & ZWSC(RP1)",AD-27-PL-625238-SHT-001,,DATA/TECH/2745-DOCUMENT REGISTER-REV-4-.xlsx,Drawings,16,INCLUDE,,SDOC-41fefd9f6e399d3d67162ee0,GDOC-05ec71991a9ffc78b7e8b72b
2745,TECH,GENERAL / MULTIDISCIPLINE,DRAWING,ENGINEERING DRAWING,2745-NN-0009,"LOWER ZAKUM – LTDP-1 EMERGENCY LAYDOWN HEAD DETAILS FOR 16"" PIPELINES FOR WHT-2 & WHT-3",AD-27-PL-625239-SHT-001,,DATA/TECH/2745-DOCUMENT REGISTER-REV-4-.xlsx,Drawings,17,INCLUDE,,SDOC-7f9f9229775da4293b25bc9a,GDOC-6ee60793f5daf78c54a36926
2745,TECH,GENERAL / MULTIDISCIPLINE,DRAWING,ENGINEERING DRAWING,2745-NN-0010,"LOWER ZAKUM – LTDP-1 EMERGENCY LAYDOWN HEAD DETAILS FOR 18"" PIPELINES FOR ZWSC(RP1)  & WHT-2",AD-27-PL-625240-SHT-001,,DATA/TECH/2745-DOCUMENT REGISTER-REV-4-.xlsx,Drawings,18,INCLUDE,,SDOC-8e2c2644c4b8cf8b775615a2,GDOC-b1c52e29eecde224b1ce5a51
2745,TECH,GENERAL / MULTIDISCIPLINE,DRAWING,ENGINEERING DRAWING,2745-NN-0011,"LOWER ZAKUM – LTDP-1 EMERGENCY LAYDOWN HEAD DETAILS FOR 20"" PIPELINES FOR WHT-2 & ZWSC(RP1)",AD-27-PL-625241-SHT-001,,DATA/TECH/2745-DOCUMENT REGISTER-REV-4-.xlsx,Drawings,19,INCLUDE,,SDOC-5186110d12cfb09470e981ae,GDOC-55bc052dc0d1c75d14e30563
2745,TECH,GENERAL / MULTIDISCIPLINE,DRAWING,ENGINEERING DRAWING,2745-NN-0012,"LOWER ZAKUM – LTDP-1 EMERGENCY LAYDOWN HEAD DETAILS FOR 24"" PIPELINES FOR ZCSC CRP & ZWSC(RP1)",AD-27-PL-625242-SHT-001,,DATA/TECH/2745-DOCUMENT REGISTER-REV-4-.xlsx,Drawings,20,INCLUDE,,SDOC-efc4186761416c43dd3a9e01,GDOC-3db51a951e14bbab3eb1c8ef
2745,TECH,GENERAL / MULTIDISCIPLINE,DRAWING,ENGINEERING DRAWING,2745-NN-0044,"LOWER ZAKUM – LTDP-1 TEMPORARY PIG LAUNCHER/ RECEVIER FOR 16"" PIPELINES WHT-2 & WHT-3",AD-27-PL-625247-SHT-001,,DATA/TECH/2745-DOCUMENT REGISTER-REV-4-.xlsx,Drawings,25,INCLUDE,,SDOC-949972e0df639de614611a6a,GDOC-aabbc4769247bbdc92515255
2745,TECH,GENERAL / MULTIDISCIPLINE,DRAWING,ENGINEERING DRAWING,2745-NN-0045,"LOWER ZAKUM – LTDP-1 TEMPORARY PIG LAUNCHER/ RECEVIER FOR 18"" PIPELINES FOR ZWSC(RP1) & WHT-2",AD-27-PL-625248-SHT-001,,DATA/TECH/2745-DOCUMENT REGISTER-REV-4-.xlsx,Drawings,26,INCLUDE,,SDOC-611a5555aa929c9a7c2f1ff6,GDOC-3319ff3feb465b32e7de3261
2745,TECH,GENERAL / MULTIDISCIPLINE,DRAWING,ENGINEERING DRAWING,2745-NN-0046,"LOWER ZAKUM – LTDP-1 TEMPORARY PIG LAUNCHER/ RECEVIER FOR 20"" PIPELINES FOR WHT-2 & ZWSC(RP1)",AD-27-PL-625249-SHT-001,,DATA/TECH/2745-DOCUMENT REGISTER-REV-4-.xlsx,Drawings,27,INCLUDE,,SDOC-10c013cad41e8b7d5f6e8c73,GDOC-db423961daf5267891e1e6a7
2745,TECH,GENERAL / MULTIDISCIPLINE,DRAWING,ENGINEERING DRAWING,2745-NN-0047,"LOWER ZAKUM – LTDP-1 TEMPORARY PIG LAUNCHER/ RECEVIER FOR 24"" PIPELINES FOR ZCSC CRP & ZWSC(RP1)",AD-27-PL-625250-SHT-001,,DATA/TECH/2745-DOCUMENT REGISTER-REV-4-.xlsx,Drawings,28,INCLUDE,,SDOC-7db7dc3ce4811a29780c4cd6,GDOC-dd6669ca8818665deb284c9a
2745,TECH,GENERAL / MULTIDISCIPLINE,DRAWING,ENGINEERING DRAWING,2745-NN-0021,LOWER ZAKUM – LTDP-1  LIFTING & INSTALLATION OF J-TUBE BY SAFEEN PEARL AT WHT-ZK-11,AD-27-PL-625251-SHT-001,..\Drawings\2745-NN-0021,DATA/TECH/2745-DOCUMENT REGISTER-REV-4-.xlsx,Drawings,29,INCLUDE,,SDOC-594a1aaae24b469e2dc37d2a,GDOC-d4448b4121e3c359b82a61b7
2745,TECH,GENERAL / MULTIDISCIPLINE,DRAWING,ENGINEERING DRAWING,2745-NN-0022,LOWER ZAKUM – LTDP-1 LIFTING & INSTALLATION OF J-TUBE BY SAFEEN PEARL AT WHT-ZK-235,AD-27-PL-625252-SHT-001,..\Drawings\2745-NN-0022,DATA/TECH/2745-DOCUMENT REGISTER-REV-4-.xlsx,Drawings,30,INCLUDE,,SDOC-c53053871b385a142b3afca2,GDOC-01adb6f4c6f6fe3615919a18
2745,TECH,GENERAL / MULTIDISCIPLINE,DRAWING,ENGINEERING DRAWING,2745-NN-0023,LOWER ZAKUM – LTDP-1 LIFTING & INSTALLATION OF J-TUBE CLAMPS BY SAFEEN PEARL AT WHT-ZK-235,AD-27-PL-625253-SHT-001,..\Drawings\2745-NN-0023,DATA/TECH/2745-DOCUMENT REGISTER-REV-4-.xlsx,Drawings,31,INCLUDE,,SDOC-0b1a985dc94d296cc5209803,GDOC-0fc358725bb465a79c067a24
2745,TECH,GENERAL / MULTIDISCIPLINE,DRAWING,ENGINEERING DRAWING,2745-NN-0024,LOWER ZAKUM – LTDP-1 LIFTING & INSTALLATION OF J-TUBE CLAMPS BY SAFEEN PEARL AT WHT-ZK-11,AD-27-PL-625254-SHT-001,..\Drawings\2745-NN-0024,DATA/TECH/2745-DOCUMENT REGISTER-REV-4-.xlsx,Drawings,32,INCLUDE,,SDOC-6a1289df60c7c129e793c391,GDOC-bf8258a4de02c90dc1267cdd
2745,TECH,GENERAL / MULTIDISCIPLINE,DRAWING,ENGINEERING DRAWING,2745-NN-0025,LOWER ZAKUM – LTDP-1 LIFTING & INSTALLATION OF J-TUBE AT ZK-288,AD-27-PL-625255-SHT-001,,DATA/TECH/2745-DOCUMENT REGISTER-REV-4-.xlsx,Drawings,33,INCLUDE,,SDOC-317cd5effd7a348fc31dfe9b,GDOC-7907f4605a1906bd89abe1b7
2745,TECH,GENERAL / MULTIDISCIPLINE,DRAWING,ENGINEERING DRAWING,2745-NN-0026,LOWER ZAKUM – LTDP-1 LIFTING & INSTALLATION OF J-TUBE CLAMPS AT ZK-288,AD-27-PL-625256-SHT-001,,DATA/TECH/2745-DOCUMENT REGISTER-REV-4-.xlsx,Drawings,34,INCLUDE,,SDOC-a29bbfc71b7bf9574d096218,GDOC-8251206b988ab14dfa11b6b4
2745,TECH,GENERAL / MULTIDISCIPLINE,DRAWING,ENGINEERING DRAWING,2745-NN-0048,LOWER ZAKUM – LTDP-1 LIFTING & INSTALLATION OF RISER CLAMPS AT WHT-2,AD-27-PL-625257-SHT-001,,DATA/TECH/2745-DOCUMENT REGISTER-REV-4-.xlsx,Drawings,35,INCLUDE,,SDOC-9482f92a14f39b1eb5da831e,GDOC-cee3ddac0f245be3d3d261e8
2745,TECH,GENERAL / MULTIDISCIPLINE,DRAWING,ENGINEERING DRAWING,2745-NN-0028,LOWER ZAKUM – LIFTING & INSTALLATION OF RISER CLAMPS AT WHT-3,AD-27-PL-625258-SHT-001,,DATA/TECH/2745-DOCUMENT REGISTER-REV-4-.xlsx,Drawings,36,INCLUDE,,SDOC-142758282d036d2841f1d1f9,GDOC-0a36d8ab50d03e7dd2846d38
2745,TECH,GENERAL / MULTIDISCIPLINE,DRAWING,ENGINEERING DRAWING,2745-NN-0013,LOWER ZAKUM – LTDP-1 TYPICAL LIFTING AND INSTALLATION OF CONCRETE SLEEPER FOR ZWSC (PDP-GPF-II) ZCSC (PDP),AD-27-PL-625259-SHT-001,,DATA/TECH/2745-DOCUMENT REGISTER-REV-4-.xlsx,Drawings,37,INCLUDE,,SDOC-274fb756a77a077ad54315c4,GDOC-a0b452ec67726278b359c876
2745,TECH,GENERAL / MULTIDISCIPLINE,DRAWING,ENGINEERING DRAWING,2745-NN-0014,LOWER ZAKUM – LTDP-1 TYPICAL LIFTING OF CONCRETE MATTRESS FOR ZWSC (PDP-GPF-II) ZCSC (PDP),AD-27-PL-625260-SHT-001,,DATA/TECH/2745-DOCUMENT REGISTER-REV-4-.xlsx,Drawings,38,INCLUDE,,SDOC-25053e156c4fb5416a50ffd5,GDOC-a1ae1bdc43820db5e88c7eac
2745,TECH,GENERAL / MULTIDISCIPLINE,DRAWING,ENGINEERING DRAWING,2745-NN-0031,"LOWER ZAKUM – LTDP-1 STALK ON RISER INSTALLATION FOR 16"" WI PL - WHT2",AD-27-PL-625261-SHT-001,,DATA/TECH/2745-DOCUMENT REGISTER-REV-4-.xlsx,Drawings,39,INCLUDE,,SDOC-dffd8db8a208cbd181c5ec81,GDOC-e43a844539fefadca3fba99b
2745,TECH,GENERAL / MULTIDISCIPLINE,DRAWING,ENGINEERING DRAWING,2745-NN-0032,"LOWER ZAKUM – LTDP-1 STALK ON RISER INSTALLATION FOR 16"" WI PL - WHT3",AD-27-PL-625262-SHT-001,,DATA/TECH/2745-DOCUMENT REGISTER-REV-4-.xlsx,Drawings,40,INCLUDE,,SDOC-abd87125fba40c6e41f29190,GDOC-68ec3658902a1b67a6fde313
2745,TECH,GENERAL / MULTIDISCIPLINE,DRAWING,ENGINEERING DRAWING,2745-NN-0033,"LOWER ZAKUM – LTDP-1 STALK ON RISER INSTALLATION FOR 16"" OIL PL - WHT2",AD-27-PL-625263-SHT-001,,DATA/TECH/2745-DOCUMENT REGISTER-REV-4-.xlsx,Drawings,41,INCLUDE,,SDOC-cd2a642970062f6f9014aa18,GDOC-9db4cff48e75eb8cf84b9fbe
2745,TECH,GENERAL / MULTIDISCIPLINE,DRAWING,ENGINEERING DRAWING,2745-NN-0034,"LOWER ZAKUM – LTDP-1 STALK ON RISER INSTALLATION FOR 16"" OIL PL - WHT 3",AD-27-PL-625264-SHT-001,,DATA/TECH/2745-DOCUMENT REGISTER-REV-4-.xlsx,Drawings,42,INCLUDE,,SDOC-abf990564c83e7aa9b1619ab,GDOC-99d873819938a4e73e6b5a17
2745,TECH,GENERAL / MULTIDISCIPLINE,DRAWING,ENGINEERING DRAWING,2745-NN-0019,"LOWER ZAKUM – LTDP-1 TEMPORARY KNEE BRACE DETAILS FOR RISER/SPOOL LIFTING OF 16""",AD-27-PL-625265-SHT-001,,DATA/TECH/2745-DOCUMENT REGISTER-REV-4-.xlsx,Drawings,43,INCLUDE,,SDOC-1a22b8798eae73857c482f3e,GDOC-097dde49b990df68e3c624be
2745,TECH,GENERAL / MULTIDISCIPLINE,DRAWING,ENGINEERING DRAWING,2745-NN-0020,"LOWER ZAKUM – LTDP-1 TEMPORARY KNEE BRACE DETAILS FOR RISER/SPOOL LIFTING OF 18""",AD-27-PL-625266-SHT-001,,DATA/TECH/2745-DOCUMENT REGISTER-REV-4-.xlsx,Drawings,44,INCLUDE,,SDOC-48e3b1988458a55bc559e5aa,GDOC-09c9b7005e2bd2b1ffb457a2
2745,TECH,GENERAL / MULTIDISCIPLINE,DRAWING,ENGINEERING DRAWING,2745-NN-0027,LOWER ZAKUM – LTDP-1 LOADING ARRANGEMENT & SEAFASTENING DETAILS OF CC PIPES  (TRIP-5),,,DATA/TECH/2745-DOCUMENT REGISTER-REV-4-.xlsx,Drawings,51,INCLUDE,,SDOC-1b74a0eff600004737c8aa57,GDOC-f3f043f97c4a9138c81346c2
2745,TECH,GENERAL / MULTIDISCIPLINE,DRAWING,ENGINEERING DRAWING,2745-NN-0029,LOWER ZAKUM – LTDP-1 LOADING ARRANGEMENT & SEAFASTENING DETAILS OF CC PIPES  (TRIP-7),,,DATA/TECH/2745-DOCUMENT REGISTER-REV-4-.xlsx,Drawings,53,INCLUDE,,SDOC-412ec85282f20a2977d4ea1f,GDOC-8648918512e54a0b904c9bce
2745,TECH,GENERAL / MULTIDISCIPLINE,DRAWING,ENGINEERING DRAWING,2745-NN-0035,LOWER ZAKUM – LTDP-1 LOADING ARRANGMENT & SEAFASTENING DETAILS OF CONCRETE SLEEPERS  ON PRESTIGE-281 CB (TRIP-3),,..\Drawings\2745-NN-0048,DATA/TECH/2745-DOCUMENT REGISTER-REV-4-.xlsx,Drawings,56,INCLUDE,,SDOC-6fa2e01873d4e8e1fcacf0dd,GDOC-95da7710e21457d8f44fc74b
2745,TECH,GENERAL / MULTIDISCIPLINE,DRAWING,ENGINEERING DRAWING,2745-NN-0036,LOADING ARRANGEMENT AND SEAFASTENING DETAILS OF CONCRETE SLEEPERS ON PRESTIGE-282 CB (TRIP-4),,,DATA/TECH/2745-DOCUMENT REGISTER-REV-4-.xlsx,Drawings,57,INCLUDE,,SDOC-019d5d5a7b41175281b7618c,GDOC-256607918f0ece253f959bd5
2745,TECH,GENERAL / MULTIDISCIPLINE,DRAWING,ENGINEERING DRAWING,2745-NN-0037,LOWER ZAKUM – LTDP-1 LOADING ARRANGMENT & SEAFASTENING DETAILS OF CONCRETE SLEEPERS & MATTRESSES (TRIP-5),,,DATA/TECH/2745-DOCUMENT REGISTER-REV-4-.xlsx,Drawings,58,INCLUDE,,SDOC-15808f5e2d3a895943432c08,GDOC-158d54f30f927262e6aa26f5
2745,TECH,GENERAL / MULTIDISCIPLINE,DRAWING,ENGINEERING DRAWING,2745-NN-0038,LOWER ZAKUM – LTDP-1 LOADING ARRANGMENT & SEAFASTENING DETAILS OF CONCRETE SLEEPERS & MATTRESSES (TRIP-6),,,DATA/TECH/2745-DOCUMENT REGISTER-REV-4-.xlsx,Drawings,59,INCLUDE,,SDOC-6ea78b90be10f13a346b5d5c,GDOC-07e25ef7d494c8f8e87d2655
2745,TECH,GENERAL / MULTIDISCIPLINE,DRAWING,ENGINEERING DRAWING,2745-NN-0052,"LOWER ZAKUM – LTDP-1 LOADING ARRANGMENT & SEAFASTENING DETAILS OF SUBSEA SPOOLS, JTUBES & RISERS (TRIP-1)",,,DATA/TECH/2745-DOCUMENT REGISTER-REV-4-.xlsx,Drawings,60,INCLUDE,,SDOC-4798b2c67b055adafe2ee331,GDOC-9f7e70253dc0d786c720d2db
2745,TECH,GENERAL / MULTIDISCIPLINE,DRAWING,ENGINEERING DRAWING,2745-NN-0053,"LOWER ZAKUM – LTDP-1 LOADING ARRANGMENT & SEAFASTENING DETAILS OF SUBSEA SPOOLS, JTUBES & RISERS (TRIP-2)",,,DATA/TECH/2745-DOCUMENT REGISTER-REV-4-.xlsx,Drawings,61,INCLUDE,,SDOC-7eaedfca2ffe1293d6774460,GDOC-b181591065b4bcf9fb5d54aa
2745,TECH,GENERAL / MULTIDISCIPLINE,DRAWING,ENGINEERING DRAWING,2745-NN-0054,"LOWER ZAKUM – LTDP-1 LOADING ARRANGMENT & SEAFASTENING DETAILS OF SUBSEA SPOOLS, JTUBES & RISERS (TRIP-3)",,,DATA/TECH/2745-DOCUMENT REGISTER-REV-4-.xlsx,Drawings,62,INCLUDE,,SDOC-7074f37a1794e5381f30b568,GDOC-4dd8b5536650342604a579fe
2745,TECH,GENERAL / MULTIDISCIPLINE,DRAWING,ENGINEERING DRAWING,2745-NN-0055,LOWER ZAKUM – LTDP-1 ANODE DEMOLITION AND OFFLODING ARRANGEMENT AT ZK-235,AD-27-PL-625271-SHT-001,..\Drawings\2745-NN-0055,DATA/TECH/2745-DOCUMENT REGISTER-REV-4-.xlsx,Drawings,63,INCLUDE,,SDOC-25c3e2867bb3e4a6f0864199,GDOC-da05974ad9c0e3f2bd4d3fc9
2745,TECH,GENERAL / MULTIDISCIPLINE,DRAWING,ENGINEERING DRAWING,2745-NN-0056,LOWER ZAKUM – LTDP-1 TYPICAL LIFTING AND INSTALLATION ARRANGEMENT FOR CONCRETE SLEEPERS (USING MP-02) FOR ZWSC (PDP-GPF-II) ZCSC (PDP),AD-27-PL-625272-SHT-001,..\Drawings\2745-NN-0056,DATA/TECH/2745-DOCUMENT REGISTER-REV-4-.xlsx,Drawings,65,INCLUDE,,SDOC-ef7ecfec6afe81a56397a7da,GDOC-c5e976efc54ae79f72fa6b4a
2745,TECH,GENERAL / MULTIDISCIPLINE,DRAWING,ENGINEERING DRAWING,2745-NN-0057,LOWER ZAKUM – LTDP-1 TYPICAL LIFTING AND INSTALLATION ARRANGEMENT FOR MATTRESSES USING MP-02  FOR ZWSC (PDP-GPF-II) ZCSC (PDP),AD-27-PL-625273-SHT-001,..\Drawings\2745-NN-0057,DATA/TECH/2745-DOCUMENT REGISTER-REV-4-.xlsx,Drawings,66,INCLUDE,,SDOC-e1cf2f8c085985aa92f30673,GDOC-413f5adb5233215a1fa8897d
2745,TECH,GENERAL / MULTIDISCIPLINE,DRAWING,ENGINEERING DRAWING,2745-NN-0058,"LOWER ZAKUM – LTDP-1 LOADING ARRANGEMENT AND SEAFASTENING DETAILS OF CONCRETE SLEEPERS ON PRESTIGE-281 CB FOR WHT-2, WHT-3",AD-27-PL-625274-SHT-001,..\Drawings\2745-NN-0058,DATA/TECH/2745-DOCUMENT REGISTER-REV-4-.xlsx,Drawings,67,INCLUDE,,SDOC-89825788d038e46884511d47,GDOC-39e12b40c1c99675b329b7a5
2745,TECH,GENERAL / MULTIDISCIPLINE,DRAWING,ENGINEERING DRAWING,2745-NN-0059,LOWER ZAKUM – LTDP-1 TYPICAL LIFTING AND INSTALLATION OF CONCRETE MATTRESS (USING MP-01) FOR ZWSC (PDP-GPF-II) ZCSC (PDP),AD-27-PL-625275-SHT-001,..\Drawings\2745-NN-0059,DATA/TECH/2745-DOCUMENT REGISTER-REV-4-.xlsx,Drawings,68,INCLUDE,,SDOC-74453e0eb65b7e52e78629fd,GDOC-4298b8723a02fe163639ce4e
2745,TECH,GENERAL / MULTIDISCIPLINE,DRAWING,ENGINEERING DRAWING,2745-NN-0060,LOWER ZAKUM – LTDP-1 TYPICAL LIFTING AND INSTALLATION OF CONCRETE SLEEPERS (USING MP-01) FOR ZWSC (PDP-GPF-II) ZCSC (PDP),AD-27-PL-625276-SHT-001,..\Drawings\2745-NN-0060,DATA/TECH/2745-DOCUMENT REGISTER-REV-4-.xlsx,Drawings,69,INCLUDE,,SDOC-6e02daffd9c77e6710c134af,GDOC-323a3c305c66b89205136897
2745,TECH,GENERAL / MULTIDISCIPLINE,DRAWING,ENGINEERING DRAWING,2745-NN-0061,"OWER ZAKUM – LTDP-1 STALK ON RISER INSTALLATION FOR 18"" WI PL - WHT2",AD-27-PL-625277-SHT-001,,DATA/TECH/2745-DOCUMENT REGISTER-REV-4-.xlsx,Drawings,71,INCLUDE,,SDOC-1692e4805e69068b1740b18c,GDOC-d42e3a9831ca9fc60afb3f42
2745,TECH,GENERAL / MULTIDISCIPLINE,DRAWING,ENGINEERING DRAWING,2745-NN-0062,LOWER ZAKUM - WHT-ZK-288 LIFTING & INSTALLATION OF J-TUBE BY MP-01 (SHT. 1 TO 5),AD-27-PL-625278-SHT-001,..\Drawings\2745-NN-0062,DATA/TECH/2745-DOCUMENT REGISTER-REV-4-.xlsx,Drawings,72,INCLUDE,,SDOC-3c888b6f5915226369aa3709,GDOC-019a364a41688bd6a96af155
2745,TECH,GENERAL / MULTIDISCIPLINE,DRAWING,ENGINEERING DRAWING,2745-NN-0063,LOWER ZAKUM - WHT-ZK-288 LIFTING & INSTALLATION OF J-TUBE CLAMPS BY MP-01 (SHT. 1 TO 3),AD-27-PL-625279-SHT-001,..\Drawings\2745-NN-0063,DATA/TECH/2745-DOCUMENT REGISTER-REV-4-.xlsx,Drawings,73,INCLUDE,,SDOC-373ff6563fae1374a28408ca,GDOC-96f04a58f4ed78a493d92655
2745,TECH,GENERAL / MULTIDISCIPLINE,DRAWING,ENGINEERING DRAWING,2745-NN-0064,"LOWER ZAKUM – LTDP-1 STALK ON RISER INSTALLATION FOR 18"" WI PL - ZWSC RP1",AD-27-PL-625280-SHT-001,..\Drawings\2745-NN-0064,DATA/TECH/2745-DOCUMENT REGISTER-REV-4-.xlsx,Drawings,74,INCLUDE,,SDOC-0810aa87a0b456e15b59c63a,GDOC-1ac62805926b5ac5eb4525fc
2745,TECH,GENERAL / MULTIDISCIPLINE,DRAWING,ENGINEERING DRAWING,2745-NN-0065,"LOWER ZAKUM – LTDP-1 STALK ON RISER INSTALLATION FOR 20"" OIL PL - WHT2",AD-27-PL-625281-SHT-001,,DATA/TECH/2745-DOCUMENT REGISTER-REV-4-.xlsx,Drawings,76,INCLUDE,,SDOC-3b7a4e7df1f4c07291fe3bdb,GDOC-9b9a80fda28a2b6f0de5eeb9
2745,TECH,GENERAL / MULTIDISCIPLINE,DRAWING,ENGINEERING DRAWING,2745-NN-0066,"LOWER ZAKUM – LTDP-1 STALK ON RISER INSTALLATION FOR 20"" OIL PL - ZWSC RP1",AD-27-PL-625282-SHT-001,,DATA/TECH/2745-DOCUMENT REGISTER-REV-4-.xlsx,Drawings,77,INCLUDE,,SDOC-45720e55c5eaa7bd43b3641f,GDOC-6aa421b09de42aa71f38814c
2745,TECH,GENERAL / MULTIDISCIPLINE,DRAWING,ENGINEERING DRAWING,2745-NN-0067,"LOWER ZAKUM – LTDP-1 STALK ON RISER INSTALLATION FOR 24"" OIL PL - ZCSC CSP",AD-27-PL-625283-SHT-001,,DATA/TECH/2745-DOCUMENT REGISTER-REV-4-.xlsx,Drawings,78,INCLUDE,,SDOC-19207ea35feb6e3d0837db41,GDOC-add54a8010f8afe0cb9edb39
2745,TECH,GENERAL / MULTIDISCIPLINE,DRAWING,ENGINEERING DRAWING,2745-NN-0068,"LOWER ZAKUM – LTDP-1 STALK ON RISER INSTALLATION FOR 24"" OIL PL - ZWSC RP1",AD-27-PL-625284-SHT-001,,DATA/TECH/2745-DOCUMENT REGISTER-REV-4-.xlsx,Drawings,79,INCLUDE,,SDOC-e00b1d5acee90faf87bb7788,GDOC-a131bfb5df73207fd86dcb16
2745,TECH,GENERAL / MULTIDISCIPLINE,SKETCH,ENGINEERING SKETCH,OFO-P2745-SK-T-001,TEMPORARY HANG OFF CLAMP FOR 89.9DIA CABLE,,,DATA/TECH/2745-DOCUMENT REGISTER-REV-4-.xlsx,Sketch ,5,INCLUDE,,SDOC-375f85dc7328a053703cca70,GDOC-b1f83190f623fe3487da8c9f
2745,TECH,GENERAL / MULTIDISCIPLINE,SKETCH,ENGINEERING SKETCH,OFO-P2745-SK-T-002,TYPICAL CABLE PULLING ARRANGEMENT AT WHT ZK-235,,,DATA/TECH/2745-DOCUMENT REGISTER-REV-4-.xlsx,Sketch ,6,INCLUDE,,SDOC-b250d5a5046fd4bd3b1fe866,GDOC-b6eeef1f2f5315a7d3401392
2745,TECH,GENERAL / MULTIDISCIPLINE,SKETCH,ENGINEERING SKETCH,OFO-P2745-SK-T-003,TYPICAL CABLE PULLING ARRANGEMENT AT WHT ZK-288,,,DATA/TECH/2745-DOCUMENT REGISTER-REV-4-.xlsx,Sketch ,7,INCLUDE,,SDOC-178b7c57f8924a4adb8d3c44,GDOC-2f286507bdde1b45c8596d17
2745,TECH,GENERAL / MULTIDISCIPLINE,SKETCH,ENGINEERING SKETCH,OFO-P2745-SK-T-004,TYPICAL CABLE PULLING ARRANGEMENT AT WHT-2,,,DATA/TECH/2745-DOCUMENT REGISTER-REV-4-.xlsx,Sketch ,8,INCLUDE,,SDOC-54de0d643151be663aa45fc0,GDOC-96fc32e73ea38256136b49c0
2745,TECH,GENERAL / MULTIDISCIPLINE,SKETCH,ENGINEERING SKETCH,OFO-P2745-SK-T-005,TYPICAL CABLE PULLING ARRANGEMENT AT WHT-3,,,DATA/TECH/2745-DOCUMENT REGISTER-REV-4-.xlsx,Sketch ,9,INCLUDE,,SDOC-5e4cafa075affb10bbe3143f,GDOC-166bdd924eb4d594a7834dca
2745,TECH,GENERAL / MULTIDISCIPLINE,SKETCH,ENGINEERING SKETCH,OFO-P2745-SK-T-006,TYPICAL CABLE PULLING ARRANGEMENT AT WHT ZK-11,,,DATA/TECH/2745-DOCUMENT REGISTER-REV-4-.xlsx,Sketch ,10,INCLUDE,,SDOC-71f55341a114c77350ca5cbc,GDOC-fc4df2203f2a3f8690801143
2745,TECH,GENERAL / MULTIDISCIPLINE,SKETCH,ENGINEERING SKETCH,OFO-P2745-SK-T-007,TYPICAL LIFTING AND INSTALLATION OF FLEXIBLE MATTRESSES BY AL MARYAH FOR CABLE CROSSING LOCATIONS,,..\Sketches\OFO-P2745-SK-T-007,DATA/TECH/2745-DOCUMENT REGISTER-REV-4-.xlsx,Sketch ,11,INCLUDE,,SDOC-0f99d83fb533a104f4fdc3a4,GDOC-9abd3f1308aa4ac2ca1c5bf1
2745,TECH,GENERAL / MULTIDISCIPLINE,SKETCH,ENGINEERING SKETCH,OFO-P2745-SK-T-008,SAFEEN PEARL CABLE LAYOUT ARRANGEMENT,,..\Sketches\OFO-P2745-SK-T-008,DATA/TECH/2745-DOCUMENT REGISTER-REV-4-.xlsx,Sketch ,12,INCLUDE,,SDOC-b249332115a3c65bc0e48427,GDOC-2b9f21b106f2a10df21b0d5b
2745,TECH,GENERAL / MULTIDISCIPLINE,SKETCH,ENGINEERING SKETCH,OFO-P2745-SK-T-009,STORAGE QUADRANT 1.5M RADIUS FOR 14’’ J-TUBE,,..\Sketches\OFO-P2745-SK-T-009,DATA/TECH/2745-DOCUMENT REGISTER-REV-4-.xlsx,Sketch ,13,INCLUDE,,SDOC-72d56fcfde6bbb6a6a5a2395,GDOC-71edd219ce2c30a23d2f633b
2745,TECH,GENERAL / MULTIDISCIPLINE,SKETCH,ENGINEERING SKETCH,OFO-P2745-SK-T-010,DETAILS OF STANCHION SUPPORT AND STOPPER BEAM ON  PRESTIGE-282 CB,,..\Sketches\OFO-P2745-SK-T-010,DATA/TECH/2745-DOCUMENT REGISTER-REV-4-.xlsx,Sketch ,14,INCLUDE,,SDOC-9ed8f6291f784b35c90eec6c,GDOC-231cc5fbb85a67b602bf02a7
2745,TECH,GENERAL / MULTIDISCIPLINE,SKETCH,ENGINEERING SKETCH,OFO-P2745-SK-T-011,A-FRAME ARRANGEMENT FOR CABLE PULLING IN WHT-2,,..\Sketches\OFO-P2745-SK-T-011,DATA/TECH/2745-DOCUMENT REGISTER-REV-4-.xlsx,Sketch ,15,INCLUDE,,SDOC-134116f8ee33d4c216f8428e,GDOC-180793a1eb6b60555660e312
2745,TECH,GENERAL / MULTIDISCIPLINE,SKETCH,ENGINEERING SKETCH,OFO-P2745-SK-T-012,A-FRAME ARRANGEMENT FOR CABLE PULLING IN WHT-3,,..\Sketches\OFO-P2745-SK-T-012,DATA/TECH/2745-DOCUMENT REGISTER-REV-4-.xlsx,Sketch ,16,INCLUDE,,SDOC-437934922ded2dfaf60dc75b,GDOC-6b0de0ebef56a68edb0ed12d
2745,TECH,GENERAL / MULTIDISCIPLINE,SKETCH,ENGINEERING SKETCH,OFO-P2745-SK-T-013,TYPICAL CABLE STORAGE ARRANGEMENT ON WALKWAY,,..\Sketches\OFO-P2745-SK-T-013,DATA/TECH/2745-DOCUMENT REGISTER-REV-4-.xlsx,Sketch ,17,INCLUDE,,SDOC-d8c47c6ba7fb39293d815b87,GDOC-26a1dc1f8208565d7df8f01e
2745,TECH,GENERAL / MULTIDISCIPLINE,SKETCH,ENGINEERING SKETCH,OFO-P2745-SK-T-014,"DECK LAYOUT OF MP-01 WITH CONCRETE MATTRESS, J-TUBE & CLAMPS",,,DATA/TECH/2745-DOCUMENT REGISTER-REV-4-.xlsx,Sketch ,18,INCLUDE,,SDOC-97d9a900697e37d9004385fb,GDOC-813e1fc52129e3d16f40926c
2745,TECH,COMMISSIONING,PROCEDURE,OPERATIONAL TEST PROCEDURE,8405-BH0091-100-0001,"OTP for BH-03 to Arzanah 16"" Gas Producer Sebsea Pipeline",BH0091-54-PRO-100-0001,,DATA/TECH/2745-PP-GE-001-MDR Rev_2.xlsx,COMMISSION  - List of OTP ,16,INCLUDE,,SDOC-fabe10d7fb13f2d1837b2781,GDOC-5d00a2383ba6ede1891c1606
2745,TECH,COMMISSIONING,PROCEDURE,OPERATIONAL TEST PROCEDURE,8405-HB0101-110-0001,OTP for Wellhead Control Panel (WHCP) & Wellheads,BH0101-54-PRO-110-0001,,DATA/TECH/2745-PP-GE-001-MDR Rev_2.xlsx,COMMISSION  - List of OTP ,17,INCLUDE,,SDOC-01c23f72389397bd633cdea6,GDOC-881906dd6127f147c1af1e89
2745,TECH,COMMISSIONING,PROCEDURE,OPERATIONAL TEST PROCEDURE,8405-BH0101-401-0001,OTP for Production Manifold & MPFM,BH0101-54-PRO-401-0001,,DATA/TECH/2745-PP-GE-001-MDR Rev_2.xlsx,COMMISSION  - List of OTP ,19,INCLUDE,,SDOC-760b4b23e13136cc6ca080d7,GDOC-d9b8451a0d670d4db86c8287
2745,TECH,COMMISSIONING,PROCEDURE,OPERATIONAL TEST PROCEDURE,8405-BH0101-501-0001,OTP for Nitrogen Distribution,BH0101-54-PRO-501-0001,,DATA/TECH/2745-PP-GE-001-MDR Rev_2.xlsx,COMMISSION  - List of OTP ,20,INCLUDE,,SDOC-f7e7511f3f81eb8590f9c922,GDOC-d2b4534f0874813748c72ca8
2745,TECH,COMMISSIONING,PROCEDURE,OPERATIONAL TEST PROCEDURE,8405-BH0101-502-0001,OTP for Chemical Injection,BH0101-54-PRO-502-0001,,DATA/TECH/2745-PP-GE-001-MDR Rev_2.xlsx,COMMISSION  - List of OTP ,21,INCLUDE,,SDOC-11ff14b9cbb85da8ec9401ea,GDOC-a882217bbd5799a121d4c192
2745,TECH,COMMISSIONING,PROCEDURE,OPERATIONAL TEST PROCEDURE,8405-BH0101-511-0001,OTP for Hazardous Open Drains,BH0101-54-PRO-511-0001,,DATA/TECH/2745-PP-GE-001-MDR Rev_2.xlsx,COMMISSION  - List of OTP ,22,INCLUDE,,SDOC-74d4ecafd6c08c12aec0fac0,GDOC-8d9b88472843d8c91843755a
2745,TECH,COMMISSIONING,PROCEDURE,OPERATIONAL TEST PROCEDURE,8405-BH0101-512-0001,OTP for Closed Drains,BH0101-54-PRO-512-0001,,DATA/TECH/2745-PP-GE-001-MDR Rev_2.xlsx,COMMISSION  - List of OTP ,23,INCLUDE,,SDOC-7b3b492e8768df700c8dee1a,GDOC-7b6a29b12540e4b3b4e3133c
2745,TECH,COMMISSIONING,PROCEDURE,OPERATIONAL TEST PROCEDURE,8405-BH0101-601-0001,OTP for DCS System,BH0101-54-PRO-601-0001,,DATA/TECH/2745-PP-GE-001-MDR Rev_2.xlsx,COMMISSION  - List of OTP ,24,INCLUDE,,SDOC-15a4ab6644fed2a4c50e5283,GDOC-4d8ee6311c99af9ab2c8f7f7
2745,TECH,COMMISSIONING,PROCEDURE,OPERATIONAL TEST PROCEDURE,8405-BH0101-602-0001,OTP for ESD System and Cause & Effect,BH0101-54-PRO-602-0001,,DATA/TECH/2745-PP-GE-001-MDR Rev_2.xlsx,COMMISSION  - List of OTP ,25,INCLUDE,,SDOC-2204318cc3c1c7c17fc5e079,GDOC-4a5e68db27254d132fc4094a
2745,TECH,COMMISSIONING,PROCEDURE,OPERATIONAL TEST PROCEDURE,8405-BH0101-603-0001,OTP for F&G System and Cause & Effect,BH0101-54-PRO-603-0001,,DATA/TECH/2745-PP-GE-001-MDR Rev_2.xlsx,COMMISSION  - List of OTP ,26,INCLUDE,,SDOC-148963a2ca2df4400ec617b0,GDOC-48e577532a90ccd0d6efb528
2745,TECH,COMMISSIONING,PROCEDURE,OPERATIONAL TEST PROCEDURE,8405-BH0101-620-0001,OTP for HIPPS System,BH0101-54-PRO-620-0001,,DATA/TECH/2745-PP-GE-001-MDR Rev_2.xlsx,COMMISSION  - List of OTP ,27,INCLUDE,,SDOC-4539bc767af6b44f7f72f6f4,GDOC-011725283f5be0b01a13d6e7
2745,TECH,COMMISSIONING,PROCEDURE,OPERATIONAL TEST PROCEDURE,8405-BH0101-652-0001,OTP for Telephone & Tetra System,BH0101-54-PRO-652-0001,,DATA/TECH/2745-PP-GE-001-MDR Rev_2.xlsx,COMMISSION  - List of OTP ,28,INCLUDE,,SDOC-2b1e1ee2db39b48ede593853,GDOC-5b6f58e4fb5e0eb868d467f0
2745,TECH,COMMISSIONING,PROCEDURE,OPERATIONAL TEST PROCEDURE,8405-BH0101-653-0001,OTP for CCTV System,BH0101-54-PRO-653-0001,,DATA/TECH/2745-PP-GE-001-MDR Rev_2.xlsx,COMMISSION  - List of OTP ,29,INCLUDE,,SDOC-12bdc69ae3522fe8dd52678e,GDOC-8d5b2cbd98c7b56b2ce7c209
2745,TECH,COMMISSIONING,PROCEDURE,OPERATIONAL TEST PROCEDURE,8405-BH0101-701-0001,OTP for Firefighting System,BH0101-54-PRO-701-0001,,DATA/TECH/2745-PP-GE-001-MDR Rev_2.xlsx,COMMISSION  - List of OTP ,30,INCLUDE,,SDOC-ca96a111691408754c290485,GDOC-c83c5fff5363c6623082e60e
2745,TECH,COMMISSIONING,PROCEDURE,OPERATIONAL TEST PROCEDURE,8405-BH0091-800-0001,OTP for BH-03 to Arzanah Subsea Umbilical,BH0091-54-PRO-8000-0001,,DATA/TECH/2745-PP-GE-001-MDR Rev_2.xlsx,COMMISSION  - List of OTP ,31,INCLUDE,,SDOC-4c8ce7e5b81aed0ab005b57e,GDOC-571facac06a00911f86dbd9e
2745,TECH,COMMISSIONING,PROCEDURE,OPERATIONAL TEST PROCEDURE,8405-BH0101-820-0001,OTP for 6.6 KV Ring Main Unit,BH0101-54-PRO-820-0001,,DATA/TECH/2745-PP-GE-001-MDR Rev_2.xlsx,COMMISSION  - List of OTP ,34,INCLUDE,,SDOC-ed12e1da8acc7ce4b73038db,GDOC-a077c68c4f90e71e24323fb4
2745,TECH,COMMISSIONING,PROCEDURE,OPERATIONAL TEST PROCEDURE,8405-BH0101-821-0001,OTP for 6.6 KV / 433 V Transformer,BH0101-54-PRO-821-0001,,DATA/TECH/2745-PP-GE-001-MDR Rev_2.xlsx,COMMISSION  - List of OTP ,35,INCLUDE,,SDOC-028b46860c5d62dce89883a6,GDOC-acda453942f788126f1885c8
2745,TECH,COMMISSIONING,PROCEDURE,OPERATIONAL TEST PROCEDURE,8405-BH0101-830-0001,OTP for 415 V Switchboard & Small Power,BH0101-54-PRO-830-0001,,DATA/TECH/2745-PP-GE-001-MDR Rev_2.xlsx,COMMISSION  - List of OTP ,36,INCLUDE,,SDOC-cc581a585f5e07bb5132f508,GDOC-0fe349e374972aaa3e6c48bc
2745,TECH,COMMISSIONING,PROCEDURE,OPERATIONAL TEST PROCEDURE,8405-BH0101-840-0001,OTP for 24 V DC UPS,BH0101-54-PRO-840-0001,,DATA/TECH/2745-PP-GE-001-MDR Rev_2.xlsx,COMMISSION  - List of OTP ,37,INCLUDE,,SDOC-1a4c57cc52691b8f12e38c34,GDOC-9079e860ae9ebf7c6f7e5820
2745,TECH,COMMISSIONING,PROCEDURE,OPERATIONAL TEST PROCEDURE,8405-BH0101-850-0001,OTP for Electrical Control & Monitoring System (ECMS),BH0101-54-PRO-850-0001,,DATA/TECH/2745-PP-GE-001-MDR Rev_2.xlsx,COMMISSION  - List of OTP ,38,INCLUDE,,SDOC-f89a38778d56de602dbf1f36,GDOC-854e403618a2375f48b38c35
2745,TECH,COMMISSIONING,PROCEDURE,OPERATIONAL TEST PROCEDURE,8405-BH0101-860-0001,OTP for Navaids System,BH0101-54-PRO-860-0001,,DATA/TECH/2745-PP-GE-001-MDR Rev_2.xlsx,COMMISSION  - List of OTP ,39,INCLUDE,,SDOC-619bccae5f306e503a051533,GDOC-6c0698daee0fdc6c6fecafce
2745,TECH,COMMISSIONING,PROCEDURE,OPERATIONAL TEST PROCEDURE,8405-BH0101-861-0001,OTP for Bird Deterrent System,BH0101-54-PRO-861-0001,,DATA/TECH/2745-PP-GE-001-MDR Rev_2.xlsx,COMMISSION  - List of OTP ,40,INCLUDE,,SDOC-35a48a121e06871f1491a875,GDOC-35dcf93091021e4f9ecce4cc
2745,TECH,COMMISSIONING,PROCEDURE,OPERATIONAL TEST PROCEDURE,OTPs - PLATFORM : HD-03,OTPs - PLATFORM : HD-03,OTPs - PLATFORM : HD-03,,DATA/TECH/2745-PP-GE-001-MDR Rev_2.xlsx,COMMISSION  - List of OTP ,41,INCLUDE,,SDOC-1c7e96fbad9849d5b29ddca0,GDOC-f11d20f410d5ae5dfa2f3dae
2745,TECH,COMMISSIONING,PROCEDURE,OPERATIONAL TEST PROCEDURE,8405-HD0091-100-0001,"OTP for HD-03 to HD-T4 12"" Gas Producer Sebsea Pipeline",HD0091-54-PRO-100-0001,,DATA/TECH/2745-PP-GE-001-MDR Rev_2.xlsx,COMMISSION  - List of OTP ,43,INCLUDE,,SDOC-f4664adf679998d8cc22dda5,GDOC-24e02c369df61cc9ae010a82
2745,TECH,COMMISSIONING,PROCEDURE,OPERATIONAL TEST PROCEDURE,8405-HD0101-110-0001,OTP for Wellhead Control Panel (WHCP) & Wellheads,HD0101-54-PRO-110-0001,,DATA/TECH/2745-PP-GE-001-MDR Rev_2.xlsx,COMMISSION  - List of OTP ,44,INCLUDE,,SDOC-606a1c0616d02d141e8bdc25,GDOC-efd3f0bccd2001ab47056046
2745,TECH,COMMISSIONING,PROCEDURE,OPERATIONAL TEST PROCEDURE,8405-HD0101-401-0001,OTP for Production Manifold & MPFM,HD0101-54-PRO-401-0001,,DATA/TECH/2745-PP-GE-001-MDR Rev_2.xlsx,COMMISSION  - List of OTP ,46,INCLUDE,,SDOC-f18eccdd2250a5cfa4ae1be4,GDOC-1f92e0be99d7881edadae7c2
2745,TECH,COMMISSIONING,PROCEDURE,OPERATIONAL TEST PROCEDURE,8405-HD0101-501-0001,OTP for Nitrogen Distribution,HD0101-54-PRO-501-0001,,DATA/TECH/2745-PP-GE-001-MDR Rev_2.xlsx,COMMISSION  - List of OTP ,47,INCLUDE,,SDOC-62ef59ac6b10af8b0dece0ec,GDOC-894a279a56afd52f701bd4fe
2745,TECH,COMMISSIONING,PROCEDURE,OPERATIONAL TEST PROCEDURE,8405-HD0101-502-0001,OTP for Chemical Injection,HD0101-54-PRO-502-0001,,DATA/TECH/2745-PP-GE-001-MDR Rev_2.xlsx,COMMISSION  - List of OTP ,48,INCLUDE,,SDOC-a53a4e0d05f414299eb3dccf,GDOC-de5cd76ff3f7dc5d14f584be
2745,TECH,COMMISSIONING,PROCEDURE,OPERATIONAL TEST PROCEDURE,8405-HD0101-511-0001,OTP for Hazardous Open Drains,HD0101-54-PRO-511-0001,,DATA/TECH/2745-PP-GE-001-MDR Rev_2.xlsx,COMMISSION  - List of OTP ,49,INCLUDE,,SDOC-5f38f4a47cb2ca2b52896ea6,GDOC-1abcc6627cd3c7a3a7ffd8ad
2745,TECH,COMMISSIONING,PROCEDURE,OPERATIONAL TEST PROCEDURE,8405-HD0101-512-0001,OTP for Closed Drains,HD0101-54-PRO-512-0001,,DATA/TECH/2745-PP-GE-001-MDR Rev_2.xlsx,COMMISSION  - List of OTP ,50,INCLUDE,,SDOC-65253d8f2317578e19083b28,GDOC-689e145d8941abe552dc3bce
2745,TECH,COMMISSIONING,PROCEDURE,OPERATIONAL TEST PROCEDURE,8405-HD0101-601-0001,OTP for DCS System,HD0101-54-PRO-601-0001,,DATA/TECH/2745-PP-GE-001-MDR Rev_2.xlsx,COMMISSION  - List of OTP ,51,INCLUDE,,SDOC-407089070e63999fbd68671e,GDOC-d2262c455723a3851511a9bf
2745,TECH,COMMISSIONING,PROCEDURE,OPERATIONAL TEST PROCEDURE,8405-HD0101-602-0001,OTP for ESD System and Cause & Effect,HD0101-54-PRO-602-0001,,DATA/TECH/2745-PP-GE-001-MDR Rev_2.xlsx,COMMISSION  - List of OTP ,52,INCLUDE,,SDOC-20252a4837313f9c5b364874,GDOC-207b4f30de441c6102f9d38c
2745,TECH,COMMISSIONING,PROCEDURE,OPERATIONAL TEST PROCEDURE,8405-HD0101-603-0001,OTP for F&G System and Cause & Effect,HD0101-54-PRO-603-0001,,DATA/TECH/2745-PP-GE-001-MDR Rev_2.xlsx,COMMISSION  - List of OTP ,53,INCLUDE,,SDOC-0065ac4cc1f5ec186fad4017,GDOC-2f15fc944badb71828da0390
2745,TECH,COMMISSIONING,PROCEDURE,OPERATIONAL TEST PROCEDURE,8405-HD0101-620-0001,OTP for HIPPS System,HD0101-54-PRO-620-0001,,DATA/TECH/2745-PP-GE-001-MDR Rev_2.xlsx,COMMISSION  - List of OTP ,54,INCLUDE,,SDOC-1f27526f19c2927eef8b2f2f,GDOC-e5773c92117a33b047a77ec3
2745,TECH,COMMISSIONING,PROCEDURE,OPERATIONAL TEST PROCEDURE,8405-HD0101-652-0001,OTP for Telephone & Tetra System,HD0101-54-PRO-652-0001,,DATA/TECH/2745-PP-GE-001-MDR Rev_2.xlsx,COMMISSION  - List of OTP ,55,INCLUDE,,SDOC-8254ddab0b95b7b9c462bcce,GDOC-05b0873ef206d7533a2dd687
2745,TECH,COMMISSIONING,PROCEDURE,OPERATIONAL TEST PROCEDURE,8405-HD0101-653-0001,OTP for CCTV System,HD0101-54-PRO-653-0001,,DATA/TECH/2745-PP-GE-001-MDR Rev_2.xlsx,COMMISSION  - List of OTP ,56,INCLUDE,,SDOC-4408246db92c9ff3c5a13e80,GDOC-61d88fe5f9fc3b98f27c44f8
2745,TECH,COMMISSIONING,PROCEDURE,OPERATIONAL TEST PROCEDURE,8405-HD0101-701-0001,OTP for Firefighting System,HD0101-54-PRO-701-0001,,DATA/TECH/2745-PP-GE-001-MDR Rev_2.xlsx,COMMISSION  - List of OTP ,57,INCLUDE,,SDOC-15c5005026fbace15ac4f78a,GDOC-3f0f8fd681b2a0462f368f35
2745,TECH,COMMISSIONING,PROCEDURE,OPERATIONAL TEST PROCEDURE,8405-HD0091-800-0001,OTP for HD-03 to HD-T4 Subsea Umbilical,HD0091-54-PRO-800-0001,,DATA/TECH/2745-PP-GE-001-MDR Rev_2.xlsx,COMMISSION  - List of OTP ,58,INCLUDE,,SDOC-80f82cd649ec99af1118360c,GDOC-2f1e13d0ecc2c0e21a39c351
2745,TECH,COMMISSIONING,PROCEDURE,OPERATIONAL TEST PROCEDURE,8405-HD0101-820-0001,OTP for 6.6 KV Ring Main Unit,HD0101-54-PRO-820-0001,,DATA/TECH/2745-PP-GE-001-MDR Rev_2.xlsx,COMMISSION  - List of OTP ,61,INCLUDE,,SDOC-a22bb1e6bc0e3c231bce9a24,GDOC-c4eab1a9825f512cfc8312c8
2745,TECH,COMMISSIONING,PROCEDURE,OPERATIONAL TEST PROCEDURE,8405-HD0101-821-0001,OTP for 6.6 KV / 433 V Transformer,HD0101-54-PRO-821-0001,,DATA/TECH/2745-PP-GE-001-MDR Rev_2.xlsx,COMMISSION  - List of OTP ,62,INCLUDE,,SDOC-609deb1d39a43f84e322fefe,GDOC-fb8b1a500f27c7711f1c9151
2745,TECH,COMMISSIONING,PROCEDURE,OPERATIONAL TEST PROCEDURE,8405-HD0101-830-0001,OTP for 415 V Switchboard & Small Power,HD0101-54-PRO-830-0001,,DATA/TECH/2745-PP-GE-001-MDR Rev_2.xlsx,COMMISSION  - List of OTP ,63,INCLUDE,,SDOC-01287bcd69586365f6012bef,GDOC-753c7a3fbd7431f794f9c54b
2745,TECH,COMMISSIONING,PROCEDURE,OPERATIONAL TEST PROCEDURE,8405-HD0101-840-0001,OTP for 24 V DC UPS,HD0101-54-PRO-840-0001,,DATA/TECH/2745-PP-GE-001-MDR Rev_2.xlsx,COMMISSION  - List of OTP ,64,INCLUDE,,SDOC-ad33eb4d42752de644e422c3,GDOC-b4be86172969a784616e7ddd
2745,TECH,COMMISSIONING,PROCEDURE,OPERATIONAL TEST PROCEDURE,8405-HD0101-850-0001,OTP for Electrical Control & Monitoring System (ECMS),HD0101-54-PRO-850-0001,,DATA/TECH/2745-PP-GE-001-MDR Rev_2.xlsx,COMMISSION  - List of OTP ,65,INCLUDE,,SDOC-8a488a2599bac5feebfc7827,GDOC-fdd917e1b6ddfe8dd089e2a2
2745,TECH,COMMISSIONING,PROCEDURE,OPERATIONAL TEST PROCEDURE,8405-HD0101-860-0001,OTP for Navaids System,HD0101-54-PRO-860-0001,,DATA/TECH/2745-PP-GE-001-MDR Rev_2.xlsx,COMMISSION  - List of OTP ,66,INCLUDE,,SDOC-6ca944b59e56e336f08a7dba,GDOC-1d666d6c38414f899cfec9d8
2745,TECH,COMMISSIONING,PROCEDURE,OPERATIONAL TEST PROCEDURE,8405-HD0101-861-0001,OTP for Bird Deterrent System,HD0101-54-PRO-861-0001,,DATA/TECH/2745-PP-GE-001-MDR Rev_2.xlsx,COMMISSION  - List of OTP ,67,INCLUDE,,SDOC-ef6623505556233b2e838c23,GDOC-2ba48c0b2b2fc29ffaef259e
2745,TECH,COMMISSIONING,PROCEDURE,OPERATIONAL TEST PROCEDURE,OTPs - PLATFORM : HD-T4,OTPs - PLATFORM : HD-T4,OTPs - PLATFORM : HD-T4,,DATA/TECH/2745-PP-GE-001-MDR Rev_2.xlsx,COMMISSION  - List of OTP ,68,INCLUDE,,SDOC-10258e7ee4db5c206542f7a6,GDOC-09ae27ac013d16f3bda01c54
2745,TECH,COMMISSIONING,PROCEDURE,OPERATIONAL TEST PROCEDURE,8405-HD0091-101-0001,"OTP for HD-T4 to Arzanah 16"" Gas Producer Sebsea Pipeline",HD0091-54-PRO-101-0001,,DATA/TECH/2745-PP-GE-001-MDR Rev_2.xlsx,COMMISSION  - List of OTP ,70,INCLUDE,,SDOC-f60bd880a8e0a4c4d181c5e0,GDOC-990180d35f6ecd2624d2cd3f
2745,TECH,COMMISSIONING,PROCEDURE,OPERATIONAL TEST PROCEDURE,8405-HD0201-110-0001,OTP for Wellhead Control Panel (WHCP) & Wellheads,HD0201-54-PRO-110-0001,,DATA/TECH/2745-PP-GE-001-MDR Rev_2.xlsx,COMMISSION  - List of OTP ,71,INCLUDE,,SDOC-89f3e44ebcd31ebc4bb1fcab,GDOC-dd8480ee966054eccf6d6161
2745,TECH,COMMISSIONING,PROCEDURE,OPERATIONAL TEST PROCEDURE,8405-HD0201-401-0001,OTP for Production Manifold & MPFM,HD0201-54-PRO-401-0001,,DATA/TECH/2745-PP-GE-001-MDR Rev_2.xlsx,COMMISSION  - List of OTP ,73,INCLUDE,,SDOC-eb230b9e739a1d0a3b9b8ecf,GDOC-69e34a42114c4e0632193685
2745,TECH,COMMISSIONING,PROCEDURE,OPERATIONAL TEST PROCEDURE,8405-HD0201-501-0001,OTP for Nitrogen Distribution,HD0201-54-PRO-501-0001,,DATA/TECH/2745-PP-GE-001-MDR Rev_2.xlsx,COMMISSION  - List of OTP ,74,INCLUDE,,SDOC-1efdc04aad43f44d3f1f0bdf,GDOC-2d1caf0fdcb3de0f07ff6d81
2745,TECH,COMMISSIONING,PROCEDURE,OPERATIONAL TEST PROCEDURE,8405-HD0201-502-0001,OTP for Chemical Injection,HD0201-54-PRO-502-0001,,DATA/TECH/2745-PP-GE-001-MDR Rev_2.xlsx,COMMISSION  - List of OTP ,75,INCLUDE,,SDOC-ed4f30fe4f6e2b95037608f6,GDOC-aef91773e00b5e3bd50ac759
2745,TECH,COMMISSIONING,PROCEDURE,OPERATIONAL TEST PROCEDURE,8405-HD0201-511-0001,OTP for Hazardous Open Drains,HD0201-54-PRO-511-0001,,DATA/TECH/2745-PP-GE-001-MDR Rev_2.xlsx,COMMISSION  - List of OTP ,76,INCLUDE,,SDOC-3f9768ed0711e12f1582cdf5,GDOC-7f5eacdd490892d24c3c4180
2745,TECH,COMMISSIONING,PROCEDURE,OPERATIONAL TEST PROCEDURE,8405-HD0201-512-0001,OTP for Closed Drains,HD0201-54-PRO-512-0001,,DATA/TECH/2745-PP-GE-001-MDR Rev_2.xlsx,COMMISSION  - List of OTP ,77,INCLUDE,,SDOC-4a06f57dca325069fa6b9ce0,GDOC-212f8c5d5c636befe64a602c
2745,TECH,COMMISSIONING,PROCEDURE,OPERATIONAL TEST PROCEDURE,8405-HD0201-601-0001,OTP for DCS System,HD0201-54-PRO-601-0001,,DATA/TECH/2745-PP-GE-001-MDR Rev_2.xlsx,COMMISSION  - List of OTP ,78,INCLUDE,,SDOC-bd52a8c6b4c191153cfa9b9f,GDOC-2bb760573b554803e44a4bf7
2745,TECH,COMMISSIONING,PROCEDURE,OPERATIONAL TEST PROCEDURE,8405-HD0201-602-0001,OTP for ESD System and Cause & Effect,HD0201-54-PRO-602-0001,,DATA/TECH/2745-PP-GE-001-MDR Rev_2.xlsx,COMMISSION  - List of OTP ,79,INCLUDE,,SDOC-6d3c90a96f1517471adb467f,GDOC-50ed902184e5efd8dea3e4c0
2745,TECH,COMMISSIONING,PROCEDURE,OPERATIONAL TEST PROCEDURE,8405-HD0201-603-0001,OTP for F&G System and Cause & Effect,HD0201-54-PRO-603-0001,,DATA/TECH/2745-PP-GE-001-MDR Rev_2.xlsx,COMMISSION  - List of OTP ,80,INCLUDE,,SDOC-cd4f2f4ceb42c221f2010ecf,GDOC-2a257b7d53456868b9fa9a6d
2745,TECH,COMMISSIONING,PROCEDURE,OPERATIONAL TEST PROCEDURE,8405-HD0201-620-0001,OTP for HIPPS System,HD0201-54-PRO-620-0001,,DATA/TECH/2745-PP-GE-001-MDR Rev_2.xlsx,COMMISSION  - List of OTP ,81,INCLUDE,,SDOC-7bc1c38b33ed789ff9d58a75,GDOC-cdd9f25f688ea23bde11d73d
2745,TECH,COMMISSIONING,PROCEDURE,OPERATIONAL TEST PROCEDURE,8405-HD0201-652-0001,OTP for Telephone & Tetra System,HD0201-54-PRO-652-0001,,DATA/TECH/2745-PP-GE-001-MDR Rev_2.xlsx,COMMISSION  - List of OTP ,82,INCLUDE,,SDOC-edb62e3e77af78271f20dd6f,GDOC-69ed4169cd64bfdc7b630a68
2745,TECH,COMMISSIONING,PROCEDURE,OPERATIONAL TEST PROCEDURE,8405-HD0201-653-0001,OTP for CCTV System,HD0201-54-PRO-653-0001,,DATA/TECH/2745-PP-GE-001-MDR Rev_2.xlsx,COMMISSION  - List of OTP ,83,INCLUDE,,SDOC-2c7abaf6776673eab27a73cf,GDOC-aa9f34e433868d72e30beffd
2745,TECH,COMMISSIONING,PROCEDURE,OPERATIONAL TEST PROCEDURE,8405-HD0201-701-0001,OTP for Firefighting System,HD0201-54-PRO-701-0001,,DATA/TECH/2745-PP-GE-001-MDR Rev_2.xlsx,COMMISSION  - List of OTP ,84,INCLUDE,,SDOC-b0b548222f72ee2f51fb18db,GDOC-9240653ef18496bb89f6d3fd
2745,TECH,COMMISSIONING,PROCEDURE,OPERATIONAL TEST PROCEDURE,8405-HD0091-801-0001,OTP for HD-T4 to Arzanah Subsea Umbilical,HD0091-54-PRO-801-0001,,DATA/TECH/2745-PP-GE-001-MDR Rev_2.xlsx,COMMISSION  - List of OTP ,85,INCLUDE,,SDOC-e0d6668121e20b5525f8eba4,GDOC-94048b86971c0c11919e93fb
2745,TECH,COMMISSIONING,PROCEDURE,OPERATIONAL TEST PROCEDURE,8405-HD0201-820-0001,OTP for 6.6 KV Ring Main Unit,HD0201-54-PRO-820-0001,,DATA/TECH/2745-PP-GE-001-MDR Rev_2.xlsx,COMMISSION  - List of OTP ,88,INCLUDE,,SDOC-e1d1eacd4f8e785ab3cb0ee7,GDOC-57b29927b55beb4ac6077f34
2745,TECH,COMMISSIONING,PROCEDURE,OPERATIONAL TEST PROCEDURE,8405-HD0201-821-0001,OTP for 6.6 KV / 433 V Transformer,HD0201-54-PRO-821-0001,,DATA/TECH/2745-PP-GE-001-MDR Rev_2.xlsx,COMMISSION  - List of OTP ,89,INCLUDE,,SDOC-4c12e8a61fefc6f2103b0e79,GDOC-0f525816ec34aafc69c896de
2745,TECH,COMMISSIONING,PROCEDURE,OPERATIONAL TEST PROCEDURE,8405-HD0201-830-0001,OTP for 415 V Switchboard & Small Power,HD0201-54-PRO-830-0001,,DATA/TECH/2745-PP-GE-001-MDR Rev_2.xlsx,COMMISSION  - List of OTP ,90,INCLUDE,,SDOC-ed4bf6d85072a86c389d4084,GDOC-de60c58d347b65ee8d0045ee
2745,TECH,COMMISSIONING,PROCEDURE,OPERATIONAL TEST PROCEDURE,8405-HD0201-840-0001,OTP for 24 V DC UPS,HD0201-54-PRO-840-0001,,DATA/TECH/2745-PP-GE-001-MDR Rev_2.xlsx,COMMISSION  - List of OTP ,91,INCLUDE,,SDOC-8e57772e37caefcbaae453b1,GDOC-8feaa94b61cda90a74d5e0d4
2745,TECH,COMMISSIONING,PROCEDURE,OPERATIONAL TEST PROCEDURE,8405-HD0201-850-0001,OTP for Electrical Control & Monitoring System (ECMS),HD0201-54-PRO-850-0001,,DATA/TECH/2745-PP-GE-001-MDR Rev_2.xlsx,COMMISSION  - List of OTP ,92,INCLUDE,,SDOC-8c4dc3e9fff73c765b1e16d2,GDOC-d9d7a867774f74f761abd929
2745,TECH,COMMISSIONING,PROCEDURE,OPERATIONAL TEST PROCEDURE,8405-HD0201-860-0001,OTP for Navaids System,HD0201-54-PRO-860-0001,,DATA/TECH/2745-PP-GE-001-MDR Rev_2.xlsx,COMMISSION  - List of OTP ,93,INCLUDE,,SDOC-fa9d71c6f1339471b475bb73,GDOC-c426f3c5de1d5a020a693077
2745,TECH,COMMISSIONING,PROCEDURE,OPERATIONAL TEST PROCEDURE,8405-HD0201-861-0001,OTP for Bird Deterrent System,HD0201-54-PRO-861-0001,,DATA/TECH/2745-PP-GE-001-MDR Rev_2.xlsx,COMMISSION  - List of OTP ,94,INCLUDE,,SDOC-05c9575ea03328947fba6a4a,GDOC-fa1201f7fdff5cc087b51b10
2745,TECH,COMMISSIONING,PROCEDURE,OPERATIONAL TEST PROCEDURE,OTPs - PLATFORM : SATAH WHP-10,OTPs - PLATFORM : SATAH WHP-10,OTPs - PLATFORM : SATAH WHP-10,,DATA/TECH/2745-PP-GE-001-MDR Rev_2.xlsx,COMMISSION  - List of OTP ,95,INCLUDE,,SDOC-7c99ea0592ed5a2443f6ba02,GDOC-a5d6e0b0c10b7889c673ecaa
2745,TECH,COMMISSIONING,PROCEDURE,OPERATIONAL TEST PROCEDURE,8405-ST0091-100-0001,"OTP for WHP10 to Arzanah 16"" Gas Producer Sebsea Pipeline",ST0091-54-PRO-100-0001,,DATA/TECH/2745-PP-GE-001-MDR Rev_2.xlsx,COMMISSION  - List of OTP ,97,INCLUDE,,SDOC-de6fa8bf5f40b79e0043d020,GDOC-57f76bbec1e2ff05e2f94ab8
2745,TECH,COMMISSIONING,PROCEDURE,OPERATIONAL TEST PROCEDURE,8405-ST0101-110-0001,OTP for Wellhead Control Panel (WHCP) & Wellheads,ST0101-54-PRO-110-0001,,DATA/TECH/2745-PP-GE-001-MDR Rev_2.xlsx,COMMISSION  - List of OTP ,98,INCLUDE,,SDOC-544ebdfc738a924be1079cce,GDOC-31bf3257f5ab690dbfd5fdbb
2745,TECH,COMMISSIONING,PROCEDURE,OPERATIONAL TEST PROCEDURE,8405-ST0101-401-0001,OTP for Production Manifold & MPFM,ST0101-54-PRO-401-0001,,DATA/TECH/2745-PP-GE-001-MDR Rev_2.xlsx,COMMISSION  - List of OTP ,100,INCLUDE,,SDOC-d10fea6e55677cb89626ea19,GDOC-aca0d6908b039562083f6e56
2745,TECH,COMMISSIONING,PROCEDURE,OPERATIONAL TEST PROCEDURE,8405-ST0101-501-0001,OTP for Nitrogen Distribution,ST0101-54-PRO-501-0001,,DATA/TECH/2745-PP-GE-001-MDR Rev_2.xlsx,COMMISSION  - List of OTP ,101,INCLUDE,,SDOC-8ef9a10c55b5bb591e29a700,GDOC-7e337fa68d5d43f75c178f75
2745,TECH,COMMISSIONING,PROCEDURE,OPERATIONAL TEST PROCEDURE,8405-ST0101-502-0001,OTP for Chemical Injection,ST0101-54-PRO-502-0001,,DATA/TECH/2745-PP-GE-001-MDR Rev_2.xlsx,COMMISSION  - List of OTP ,102,INCLUDE,,SDOC-f7792a0fa3ce3eeb31a05cc8,GDOC-afde150a3e7f86797ca886ed
2745,TECH,COMMISSIONING,PROCEDURE,OPERATIONAL TEST PROCEDURE,8405-ST0101-511-0001,OTP for Hazardous Open Drains,ST0101-54-PRO-511-0001,,DATA/TECH/2745-PP-GE-001-MDR Rev_2.xlsx,COMMISSION  - List of OTP ,103,INCLUDE,,SDOC-4c1d84332b05123e3c24416d,GDOC-04bc9026f1929f449fa6f4ad
2745,TECH,COMMISSIONING,PROCEDURE,OPERATIONAL TEST PROCEDURE,8405-ST0101-512-0001,OTP for Closed Drains,ST0101-54-PRO-512-0001,,DATA/TECH/2745-PP-GE-001-MDR Rev_2.xlsx,COMMISSION  - List of OTP ,104,INCLUDE,,SDOC-3bba5b796a322046508cab87,GDOC-4bbf138516c2fc554eec708b
2745,TECH,COMMISSIONING,PROCEDURE,OPERATIONAL TEST PROCEDURE,8405-ST0101-601-0001,OTP for DCS System,ST0101-54-PRO-601-0001,,DATA/TECH/2745-PP-GE-001-MDR Rev_2.xlsx,COMMISSION  - List of OTP ,105,INCLUDE,,SDOC-4b9c2a25105c869833138e36,GDOC-6ae408dad3976f6b2f09d8ba
2745,TECH,COMMISSIONING,PROCEDURE,OPERATIONAL TEST PROCEDURE,8405-ST0101-602-0001,OTP for ESD System and Cause & Effect,ST0101-54-PRO-602-0001,,DATA/TECH/2745-PP-GE-001-MDR Rev_2.xlsx,COMMISSION  - List of OTP ,106,INCLUDE,,SDOC-6f167f6fb509c91bc31ef252,GDOC-9b8f7f5392b6f7cd054804fc
2745,TECH,COMMISSIONING,PROCEDURE,OPERATIONAL TEST PROCEDURE,8405-ST0101-603-0001,OTP for F&G System and Cause & Effect,ST0101-54-PRO-603-0001,,DATA/TECH/2745-PP-GE-001-MDR Rev_2.xlsx,COMMISSION  - List of OTP ,107,INCLUDE,,SDOC-e572c5e805611a477371a8a9,GDOC-c9fc6dcf806c04ac9e866062
2745,TECH,COMMISSIONING,PROCEDURE,OPERATIONAL TEST PROCEDURE,8405-ST0101-620-0001,OTP for HIPPS System,ST0101-54-PRO-620-0001,,DATA/TECH/2745-PP-GE-001-MDR Rev_2.xlsx,COMMISSION  - List of OTP ,108,INCLUDE,,SDOC-eb6bf204cf0a4ca83ddf14f2,GDOC-ffc3588db0dbf5c3c4668cb6
2745,TECH,COMMISSIONING,PROCEDURE,OPERATIONAL TEST PROCEDURE,8405-ST0101-652-0001,OTP for Telephone & Tetra System,ST0101-54-PRO-652-0001,,DATA/TECH/2745-PP-GE-001-MDR Rev_2.xlsx,COMMISSION  - List of OTP ,109,INCLUDE,,SDOC-b5db335796e84246639c02dd,GDOC-a3f818e483f63cd8afff9300
2745,TECH,COMMISSIONING,PROCEDURE,OPERATIONAL TEST PROCEDURE,8405-ST0101-653-0001,OTP for CCTV System,ST0101-54-PRO-653-0001,,DATA/TECH/2745-PP-GE-001-MDR Rev_2.xlsx,COMMISSION  - List of OTP ,110,INCLUDE,,SDOC-05cd08db7774fd848e8b4c35,GDOC-0ffa717f15959c384dccf49a
2745,TECH,COMMISSIONING,PROCEDURE,OPERATIONAL TEST PROCEDURE,8405-ST0101-701-0001,OTP for Firefighting System,ST0101-54-PRO-701-0001,,DATA/TECH/2745-PP-GE-001-MDR Rev_2.xlsx,COMMISSION  - List of OTP ,111,INCLUDE,,SDOC-9037d57c0bcd2091782ac7ec,GDOC-e38c3e0136db8ca7a3bc0a42
2745,TECH,COMMISSIONING,PROCEDURE,OPERATIONAL TEST PROCEDURE,8405-ST0091-800-0001,OTP for BH-03 to Arzanah Subsea Umbilical,ST0091-54-PRO-800-0001,,DATA/TECH/2745-PP-GE-001-MDR Rev_2.xlsx,COMMISSION  - List of OTP ,112,INCLUDE,,SDOC-c124b21a02a02597f9bcfe9b,GDOC-e0c175f3ba94d17c7e2b9c40
2745,TECH,COMMISSIONING,PROCEDURE,OPERATIONAL TEST PROCEDURE,8405-ST0101-820-0001,OTP for 6.6 KV Ring Main Unit,ST0101-54-PRO-820-0001,,DATA/TECH/2745-PP-GE-001-MDR Rev_2.xlsx,COMMISSION  - List of OTP ,115,INCLUDE,,SDOC-1125cedc546a3dc0f154fa3a,GDOC-0d054c010c41e4360e6ca581
2745,TECH,COMMISSIONING,PROCEDURE,OPERATIONAL TEST PROCEDURE,8405-ST0101-821-0001,OTP for 6.6 KV / 433 V Transformer,ST0101-54-PRO-821-0001,,DATA/TECH/2745-PP-GE-001-MDR Rev_2.xlsx,COMMISSION  - List of OTP ,116,INCLUDE,,SDOC-b82e05fa53dce5324495c378,GDOC-d02c71034d4ce2959088e463
2745,TECH,COMMISSIONING,PROCEDURE,OPERATIONAL TEST PROCEDURE,8405-ST0101-830-0001,OTP for 415 V Switchboard & Small Power,ST0101-54-PRO-830-0001,,DATA/TECH/2745-PP-GE-001-MDR Rev_2.xlsx,COMMISSION  - List of OTP ,117,INCLUDE,,SDOC-751d699853f3b939acca319a,GDOC-762f92c30f3a33c9a8efbcfb
2745,TECH,COMMISSIONING,PROCEDURE,OPERATIONAL TEST PROCEDURE,8405-ST0101-840-0001,OTP for 24 V DC UPS,ST0101-54-PRO-840-0001,,DATA/TECH/2745-PP-GE-001-MDR Rev_2.xlsx,COMMISSION  - List of OTP ,118,INCLUDE,,SDOC-39728ce5d88ab01cb2cb2a52,GDOC-0d96c1e311ea14dedee0ba55
2745,TECH,COMMISSIONING,PROCEDURE,OPERATIONAL TEST PROCEDURE,8405-ST0101-850-0001,OTP for Electrical Control & Monitoring System (ECMS),ST0101-54-PRO-850-0001,,DATA/TECH/2745-PP-GE-001-MDR Rev_2.xlsx,COMMISSION  - List of OTP ,119,INCLUDE,,SDOC-8e86e3d5ca34765ec77c2324,GDOC-824a245d2aedc7174e46d4ca
2745,TECH,COMMISSIONING,PROCEDURE,OPERATIONAL TEST PROCEDURE,8405-ST0101-860-0001,OTP for Navaids System,ST0101-54-PRO-860-0001,,DATA/TECH/2745-PP-GE-001-MDR Rev_2.xlsx,COMMISSION  - List of OTP ,120,INCLUDE,,SDOC-c95e1822c6888b89e21c5f85,GDOC-16e04ae177b07c004b0779de
2745,TECH,COMMISSIONING,PROCEDURE,OPERATIONAL TEST PROCEDURE,8405-ST0101-861-0001,OTP for Bird Deterrent System,ST0101-54-PRO-861-0001,,DATA/TECH/2745-PP-GE-001-MDR Rev_2.xlsx,COMMISSION  - List of OTP ,121,INCLUDE,,SDOC-9a07be48eaec20bbb010fee1,GDOC-96dd1fa77afa2a9ce21bde57
2745,TECH,COMMISSIONING,PROCEDURE,OPERATIONAL TEST PROCEDURE,8405-KP3891-101-0001,"OTP for Arzanah to IGD-E 24"" Gas Export Sebsea Pipeline",KP3891-54-PRO-101-0001,,DATA/TECH/2745-PP-GE-001-MDR Rev_2.xlsx,COMMISSION  - List of OTP ,124,INCLUDE,,SDOC-4fb580477b75a765038e3593,GDOC-6fdbad830bd49e0155efcabd
2745,TECH,COMMISSIONING,PROCEDURE,OPERATIONAL TEST PROCEDURE,8405-KP3801-402-0001,OTP for Export Gas Header & Receiver,KP3801-54-PRO-402-0001,,DATA/TECH/2745-PP-GE-001-MDR Rev_2.xlsx,COMMISSION  - List of OTP ,125,INCLUDE,,SDOC-f8897d487420128df5f81811,GDOC-d205c3e3de204a1b2160d970
2745,TECH,COMMISSIONING,PROCEDURE,OPERATIONAL TEST PROCEDURE,8405-KP3801-511-0001,OTP for Hazardous Open Drains,KP3801-54-PRO-511-0001,,DATA/TECH/2745-PP-GE-001-MDR Rev_2.xlsx,COMMISSION  - List of OTP ,126,INCLUDE,,SDOC-2e58165100cca14d095bdc13,GDOC-d7b0bb09da9c29aff3afa0af
2745,TECH,COMMISSIONING,PROCEDURE,OPERATIONAL TEST PROCEDURE,8405-KP3801-512-0001,OTP for Closed Drains,KP3801-54-PRO-512-0001,,DATA/TECH/2745-PP-GE-001-MDR Rev_2.xlsx,COMMISSION  - List of OTP ,127,INCLUDE,,SDOC-4fc07e1a0c42ec1b56301c20,GDOC-ccf5f14fcd3a6e06837e06ba
2745,TECH,COMMISSIONING,PROCEDURE,OPERATIONAL TEST PROCEDURE,8405-KP3801-601-0001,OTP for DCS System,KP3801-54-PRO-601-0001,,DATA/TECH/2745-PP-GE-001-MDR Rev_2.xlsx,COMMISSION  - List of OTP ,128,INCLUDE,,SDOC-05b5152369f9e79a537b3816,GDOC-eaf1a8f39df77ae44eb4c371
2745,TECH,COMMISSIONING,PROCEDURE,OPERATIONAL TEST PROCEDURE,8405-KP3801-602-0001,OTP for ESD System and Cause & Effect,KP3801-54-PRO-602-0001,,DATA/TECH/2745-PP-GE-001-MDR Rev_2.xlsx,COMMISSION  - List of OTP ,129,INCLUDE,,SDOC-8a625e9e952de62a57c99a5d,GDOC-e83eb2a947b68295cdf82a3f
2745,TECH,COMMISSIONING,PROCEDURE,OPERATIONAL TEST PROCEDURE,8405-KP3801-603-0001,OTP for F&G System and Cause & Effect,KP3801-54-PRO-603-0001,,DATA/TECH/2745-PP-GE-001-MDR Rev_2.xlsx,COMMISSION  - List of OTP ,130,INCLUDE,,SDOC-6273a6aeda98c5902a0dac2a,GDOC-34c06e71d83ffa613b4f57e4
2745,TECH,COMMISSIONING,PROCEDURE,OPERATIONAL TEST PROCEDURE,8405-KP3801-611-0001,OTP for Hydraulic Pump Unit,KP3801-54-PRO-611-0001,,DATA/TECH/2745-PP-GE-001-MDR Rev_2.xlsx,COMMISSION  - List of OTP ,131,INCLUDE,,SDOC-841b110bc74bc3ddc6f08bca,GDOC-8f157350f836d05f7096fd4d
2745,TECH,COMMISSIONING,PROCEDURE,OPERATIONAL TEST PROCEDURE,8405-KP3801-652-0001,OTP for Telephone & Tetra System,KP3801-54-PRO-652-0001,,DATA/TECH/2745-PP-GE-001-MDR Rev_2.xlsx,COMMISSION  - List of OTP ,132,INCLUDE,,SDOC-2c53659f35a8eb222659dbf5,GDOC-67470d282b5f0a00a1721972
2745,TECH,COMMISSIONING,PROCEDURE,OPERATIONAL TEST PROCEDURE,8405-KP3801-653-0001,OTP for CCTV System,KP3801-54-PRO-653-0001,,DATA/TECH/2745-PP-GE-001-MDR Rev_2.xlsx,COMMISSION  - List of OTP ,133,INCLUDE,,SDOC-d2ba3b42589ad7159056834e,GDOC-94c6de610081eec0ca7e3a97
2745,TECH,COMMISSIONING,PROCEDURE,OPERATIONAL TEST PROCEDURE,8405-KP3801-701-0001,OTP for Firefighting System,KP3801-54-PRO-701-0001,,DATA/TECH/2745-PP-GE-001-MDR Rev_2.xlsx,COMMISSION  - List of OTP ,134,INCLUDE,,SDOC-635e95097a10f05db3ea84b8,GDOC-a7ca85d9aa27907847750e70
2745,TECH,COMMISSIONING,PROCEDURE,OPERATIONAL TEST PROCEDURE,8405-KP3891-800-0001,OTP for Arzanah to IGD-E Subsea Composite Cable,KP3891-54-PRO-800-0001,,DATA/TECH/2745-PP-GE-001-MDR Rev_2.xlsx,COMMISSION  - List of OTP ,135,INCLUDE,,SDOC-037c4b401b3bf5b90f781bd7,GDOC-b3cec2835bc4d47700c7dadf
2745,TECH,COMMISSIONING,PROCEDURE,OPERATIONAL TEST PROCEDURE,8405-KP3801-820-0001,OTP for 6.6 KV Ring Main Unit,KP3801-54-PRO-820-0001,,DATA/TECH/2745-PP-GE-001-MDR Rev_2.xlsx,COMMISSION  - List of OTP ,138,INCLUDE,,SDOC-f267649d9aed6dc0a0a27e1a,GDOC-8fb939fa3c11a2f6bb556b9e
2745,TECH,COMMISSIONING,PROCEDURE,OPERATIONAL TEST PROCEDURE,8405-KP3801-821-0001,OTP for 6.6 KV / 433 V Transformer,KP3801-54-PRO-821-0001,,DATA/TECH/2745-PP-GE-001-MDR Rev_2.xlsx,COMMISSION  - List of OTP ,139,INCLUDE,,SDOC-9517afa0d0493a5ed5cbff46,GDOC-6a2666ca57c22c67a4fcbe4f
2745,TECH,COMMISSIONING,PROCEDURE,OPERATIONAL TEST PROCEDURE,8405-KP3801-830-0001,OTP for 415 V Switchboard & Small Power,KP3801-54-PRO-830-0001,,DATA/TECH/2745-PP-GE-001-MDR Rev_2.xlsx,COMMISSION  - List of OTP ,140,INCLUDE,,SDOC-279014d5d8ccb134b2908b0c,GDOC-0f5328823af5053607fd231c
2745,TECH,COMMISSIONING,PROCEDURE,OPERATIONAL TEST PROCEDURE,8405-KP3801-840-0001,OTP for 24 V DC UPS,KP3801-54-PRO-840-0001,,DATA/TECH/2745-PP-GE-001-MDR Rev_2.xlsx,COMMISSION  - List of OTP ,141,INCLUDE,,SDOC-9c8ea45839f2d978a113a93c,GDOC-26c7fd9cb42ef5d9c5058ac7
2745,TECH,COMMISSIONING,PROCEDURE,OPERATIONAL TEST PROCEDURE,8405-KP3801-850-0001,OTP for Electrical Control & Monitoring System (ECMS),KP3801-54-PRO-850-0001,,DATA/TECH/2745-PP-GE-001-MDR Rev_2.xlsx,COMMISSION  - List of OTP ,142,INCLUDE,,SDOC-9166b3d22a000f7a2c35da51,GDOC-e7077f517337b96042df89bc
2745,TECH,COMMISSIONING,PROCEDURE,OPERATIONAL TEST PROCEDURE,8405-KP3801-860-0001,OTP for Navaids System,KP3801-54-PRO-860-0001,,DATA/TECH/2745-PP-GE-001-MDR Rev_2.xlsx,COMMISSION  - List of OTP ,143,INCLUDE,,SDOC-0dca8bcab4c5d57a0811686b,GDOC-00e472f0b960ccfc96bbb8f2
2745,TECH,COMMISSIONING,PROCEDURE,OPERATIONAL TEST PROCEDURE,8405-KP3801-861-0001,OTP for Bird Deterrent System,KP3801-54-PRO-861-0001,,DATA/TECH/2745-PP-GE-001-MDR Rev_2.xlsx,COMMISSION  - List of OTP ,144,INCLUDE,,SDOC-5f398eb9ac21c5a5221f13a9,GDOC-c2748561224c629b5651ce12
2745,TECH,COMMISSIONING,PROCEDURE,OPERATIONAL TEST PROCEDURE,8405-CF0091-102-0001,"OTP for Arzanah to IGD-E 6"" Condensate Export Sebsea Pipeline",CF0091-54-PRO-102-0001,,DATA/TECH/2745-PP-GE-001-MDR Rev_2.xlsx,COMMISSION  - List of OTP ,147,INCLUDE,,SDOC-b76d1dd3b7eae69331d56e26,GDOC-51fcc7189dacc9c686552f17
2745,TECH,GENERAL / MULTIDISCIPLINE,DRAWING,ENGINEERING DRAWING,8405-NN-0001,"SHOREPULL HEAD FOR PL-1( 16"" GAS-CONDENSTAE FROM SATAH WHP-10 TO ARZANAH ISLAND )",AZ0091-32-LAY-0001,,DATA/TECH/2745-PP-GE-001-MDR Rev_2.xlsx,DRAWINGS,9,INCLUDE,,SDOC-2cb3fb1ec5d9238fc36e3645,GDOC-4da74779793ecbb184c8500f
2745,TECH,GENERAL / MULTIDISCIPLINE,DRAWING,ENGINEERING DRAWING,8405-NN-0002,"SHOREPULL HEAD FOR PL-4  ( 18"" GAS-CONDENSTAE) FROM WHP BH-3 SATAH WHP-10 TO ARZANAH ISLAND",AZ0091-32-LAY-0002,,DATA/TECH/2745-PP-GE-001-MDR Rev_2.xlsx,DRAWINGS,10,INCLUDE,,SDOC-850cda2918544ce80b8a24ed,GDOC-81f26402999f84170ece5bba
2745,TECH,GENERAL / MULTIDISCIPLINE,DRAWING,ENGINEERING DRAWING,8405-NN-0003,"SHOREPULL HEAD FOR PL-6 (  ( 6"" EXPORT-CONDENSTAE & FOC PIGGY BACKED)",CF0000-32-LAY-0003,,DATA/TECH/2745-PP-GE-001-MDR Rev_2.xlsx,DRAWINGS,11,INCLUDE,,SDOC-7639062a2ae814191fead087,GDOC-530ace6f076f26c94db3d980
2745,TECH,GENERAL / MULTIDISCIPLINE,DRAWING,ENGINEERING DRAWING,8405-NN-0004,"SHOREPULL HEAD FOR PL-5 ( 24"" EXPORT GAS ) FROM ARZANAH ISLAND TO IGD-E(AT KP-38)",KP3801-32-LAY-0004,,DATA/TECH/2745-PP-GE-001-MDR Rev_2.xlsx,DRAWINGS,12,INCLUDE,,SDOC-0500e1f77f012910686f1762,GDOC-53294bcf1ae757adb556fd4a
2745,TECH,GENERAL / MULTIDISCIPLINE,DRAWING,ENGINEERING DRAWING,8405-NN-0005,"SHOREPULL HEAD FOR PL-3 ( 18"" GAS-CONDENSTAE) FROM HD WHP-T4 TO ARZANAH ISLAND",AZ0091-32-LAY-0005,,DATA/TECH/2745-PP-GE-001-MDR Rev_2.xlsx,DRAWINGS,13,INCLUDE,,SDOC-6fc4841e98e59c9484fe190b,GDOC-241fba6e2eacabd24d6bb099
2745,TECH,GENERAL / MULTIDISCIPLINE,DRAWING,ENGINEERING DRAWING,8405-NN-0006,"SHORE PULL HEAD FOR 24"" CONDUIT",CF0000-32-LAY-0006,,DATA/TECH/2745-PP-GE-001-MDR Rev_2.xlsx,DRAWINGS,14,INCLUDE,,SDOC-b110d3db3e4878b996863f05,GDOC-548eff0eda05e75a2070bf47
2745,TECH,GENERAL / MULTIDISCIPLINE,DRAWING,ENGINEERING DRAWING,8405-NN-0007,"SHORE PULL HEAD FOR 16"" CONDUIT",CF0000-32-LAY-0007,,DATA/TECH/2745-PP-GE-001-MDR Rev_2.xlsx,DRAWINGS,15,INCLUDE,,SDOC-8bb2babc847d1644e12dac86,GDOC-dbc8526ff6d29a227a37e937
2745,TECH,GENERAL / MULTIDISCIPLINE,DRAWING,ENGINEERING DRAWING,8405-NN-0008,"LAYDOWN HEAD FOR PL-1 ( 16"" GAS-CONDENSTAE)",CF0000-32-LAY-0008,,DATA/TECH/2745-PP-GE-001-MDR Rev_2.xlsx,DRAWINGS,16,INCLUDE,,SDOC-8ac5c7b3c0f0b285aabd938b,GDOC-53b6f6c656ae9b184fa49542
2745,TECH,GENERAL / MULTIDISCIPLINE,DRAWING,ENGINEERING DRAWING,8405-NN-0009,"LAYDOWN HEAD FOR  PL-2 ( 14"" GAS-CONDENSTAE) FROM HD-3 TO HD WHP-T4",HD0201-32-LAY-0009,,DATA/TECH/2745-PP-GE-001-MDR Rev_2.xlsx,DRAWINGS,17,INCLUDE,,SDOC-fc5d5e4a732eed13496d9c84,GDOC-80201e75a615fa829efe2ac2
2745,TECH,GENERAL / MULTIDISCIPLINE,DRAWING,ENGINEERING DRAWING,8405-NN-0010,"LAYDOWN HEAD FOR  PL-3 ( 18"" GAS-CONDENSTAE) FROM HD WHP-T4 TO ARZANAH ISLAND",AZ0091-32-LAY-0010,,DATA/TECH/2745-PP-GE-001-MDR Rev_2.xlsx,DRAWINGS,18,INCLUDE,,SDOC-28bbfe1ff59c2a5ede202188,GDOC-2c6dc420f79ad7fa40af7dc4
2745,TECH,GENERAL / MULTIDISCIPLINE,DRAWING,ENGINEERING DRAWING,8405-NN-0011,"LAYDOWN HEAD FOR   PL-4 ( 18"" GAS-CONDENSTAE) FROM WHP BH-3 SATAH WHP-10 TO ARZANAH ISLAND",AZ0091-32-LAY-0011,,DATA/TECH/2745-PP-GE-001-MDR Rev_2.xlsx,DRAWINGS,19,INCLUDE,,SDOC-b9005883106db1cfd6fc3004,GDOC-cbfc45a635d71c02abcabd7a
2745,TECH,GENERAL / MULTIDISCIPLINE,DRAWING,ENGINEERING DRAWING,8405-NN-0012,"LAYDOWN HEAD FOR  PL-5 ( 24"" EXPORT GAS ) FROM ARZANAH ISLAND TO IGD-E(AT KP-38)",KP3801-32-LAY-0012,,DATA/TECH/2745-PP-GE-001-MDR Rev_2.xlsx,DRAWINGS,20,INCLUDE,,SDOC-896c23434781bc0ce9431916,GDOC-50e8fa2e8d59827e96fb9615
2745,TECH,GENERAL / MULTIDISCIPLINE,DRAWING,ENGINEERING DRAWING,8405-NN-0013,"LAYDOWN HEAD FOR  FOR PL-6 ( 6"" EXPORT-CONDENSTAE & FOC PIGGY BACKED) FROM ARZANAH ISLAND TO ZIRKU ISLAND",AZ0091-32-LAY-0013,,DATA/TECH/2745-PP-GE-001-MDR Rev_2.xlsx,DRAWINGS,21,INCLUDE,,SDOC-b1f980366947f285c932275d,GDOC-b7687e7ba98381accc368348
2745,TECH,GENERAL / MULTIDISCIPLINE,DRAWING,ENGINEERING DRAWING,8405-NN-0014,"LAYDOWN HEAD FOR 24"" CONDUIT",CF0000-32-LAY-0014,,DATA/TECH/2745-PP-GE-001-MDR Rev_2.xlsx,DRAWINGS,22,INCLUDE,,SDOC-80f1b5539895f7bb835414bc,GDOC-350fcd8b22cf9fb55ba1a7ea
2745,TECH,GENERAL / MULTIDISCIPLINE,DRAWING,ENGINEERING DRAWING,8405-NN-0015,"LAYDOWN HEAD FOR 16"" CONDUIT",CF0000-32-LAY-0015,,DATA/TECH/2745-PP-GE-001-MDR Rev_2.xlsx,DRAWINGS,23,INCLUDE,,SDOC-79f84b9dfada55bfd40ce102,GDOC-e29edb7a069a2f42fe1c4e7e
2745,TECH,GENERAL / MULTIDISCIPLINE,DRAWING,ENGINEERING DRAWING,8405-NN-0016,"TYPICAL BUCKLE DETECTOR DETAIL FOR PL-1( 16"" GAS-CONDENSTAE FROM SATAH WHP-10 TO ARZANAH ISLAND )",AZ0091-32-LAY-0016,,DATA/TECH/2745-PP-GE-001-MDR Rev_2.xlsx,DRAWINGS,24,INCLUDE,,SDOC-c96fd3c9baf8e1b2498bdf3c,GDOC-58e08bb756160e9e75e49aa1
2745,TECH,GENERAL / MULTIDISCIPLINE,DRAWING,ENGINEERING DRAWING,8405-NN-0017,"TYPICAL BUCKLE DETECTOR DETAIL FORPL-2 ( 14"" GAS-CONDENSTAE) FROM HD-3 TO HD WHP-T4",HD0201-32-LAY-0017,,DATA/TECH/2745-PP-GE-001-MDR Rev_2.xlsx,DRAWINGS,25,INCLUDE,,SDOC-56e5e2b1eda297df3ab2323a,GDOC-557c306380b61e5f6a8e9b50
2745,TECH,GENERAL / MULTIDISCIPLINE,DRAWING,ENGINEERING DRAWING,8405-NN-0018,"TYPICAL BUCKLE DETECTOR DETAILPL-3 ( 18"" GAS-CONDENSTAE) FROM HD WHP-T4 TO ARZANAH ISLAND",AZ0091-32-LAY-0018,,DATA/TECH/2745-PP-GE-001-MDR Rev_2.xlsx,DRAWINGS,26,INCLUDE,,SDOC-107616982a9fb2d4d92a0298,GDOC-e0ffe885da7f50750dac0970
2745,TECH,GENERAL / MULTIDISCIPLINE,DRAWING,ENGINEERING DRAWING,8405-NN-0019,"TYPICAL BUCKLE DETECTOR DETAIL FOR PL-4 ( 18"" GAS-CONDENSTAE) FROM WHP BH-3 SATAH WHP-10 TO ARZANAH ISLAND",AZ0091-32-LAY-0019,,DATA/TECH/2745-PP-GE-001-MDR Rev_2.xlsx,DRAWINGS,27,INCLUDE,,SDOC-34bfd11072f6983f0d73e1e3,GDOC-60099a8e92218aa3c86ec9bb
2745,TECH,GENERAL / MULTIDISCIPLINE,DRAWING,ENGINEERING DRAWING,8405-NN-0020,"TYPICAL BUCKLE DETECTOR DETAIL FOR PL-5 ( 24"" EXPORT GAS ) FROM ARZANAH ISLAND TO IGD-E(AT KP-38)",KP3801-32-LAY-0020,,DATA/TECH/2745-PP-GE-001-MDR Rev_2.xlsx,DRAWINGS,28,INCLUDE,,SDOC-6c9ecbbb4a5044d9bfcb9f7d,GDOC-745cf9368925d025c98c3e86
2745,TECH,GENERAL / MULTIDISCIPLINE,DRAWING,ENGINEERING DRAWING,8405-NN-0021,"TYPICAL BUCKLE DETECTOR DETAILPL-6 ( 6"" EXPORT-CONDENSTAE & FOC PIGGY BACKED) FROM ARZANAH ISLAND TO ZIRKU ISLAND",AZ0091-32-LAY-0021,,DATA/TECH/2745-PP-GE-001-MDR Rev_2.xlsx,DRAWINGS,29,INCLUDE,,SDOC-edfecdc2ef3cb96313497f1c,GDOC-c318d6a36796c28f611ca652
2745,TECH,GENERAL / MULTIDISCIPLINE,DRAWING,ENGINEERING DRAWING,8405-NN-0022,TYPICAL LIFTING OF CONCRETE SLEEPERS,CF0000-32-LAY-0022,,DATA/TECH/2745-PP-GE-001-MDR Rev_2.xlsx,DRAWINGS,30,INCLUDE,,SDOC-96d4000b5049dc3af89b52ae,GDOC-4fa7149fee0947f102c35335
2745,TECH,GENERAL / MULTIDISCIPLINE,DRAWING,ENGINEERING DRAWING,8405-NN-0023,TYPICAL LIFTING OF CONCRETE SLEEPERS,Duplicate,,DATA/TECH/2745-PP-GE-001-MDR Rev_2.xlsx,DRAWINGS,31,INCLUDE,,SDOC-a0a9e1042d81654ca802a4a7,GDOC-23783b32ff931ea091dd53ef
2745,TECH,GENERAL / MULTIDISCIPLINE,DRAWING,ENGINEERING DRAWING,8405-NN-0024,RISER/SPOOL LIFTING AT SATAH WHP-10,ST0101-32-LAY-0023,,DATA/TECH/2745-PP-GE-001-MDR Rev_2.xlsx,DRAWINGS,32,INCLUDE,,SDOC-2dff3da3c7b3ac10333bae3a,GDOC-4639c6681271e9178c504ca2
2745,TECH,GENERAL / MULTIDISCIPLINE,DRAWING,ENGINEERING DRAWING,8405-NN-0025,RISER/SPOOL LIFTING AT BU HASSER WHP BH3,BH0101-32-LAY-0024,,DATA/TECH/2745-PP-GE-001-MDR Rev_2.xlsx,DRAWINGS,33,INCLUDE,,SDOC-03b3401cd0ea2993a322bdb8,GDOC-ac7048aaaa5aab3010a1f22b
2745,TECH,GENERAL / MULTIDISCIPLINE,DRAWING,ENGINEERING DRAWING,8405-NN-0026,RISER/SPOOL LIFTING AT IGD-E,KP3801-32-LAY-0025,,DATA/TECH/2745-PP-GE-001-MDR Rev_2.xlsx,DRAWINGS,34,INCLUDE,,SDOC-be28b4abde428e8b17e26e7a,GDOC-c3b74ae56c5a04e6cba240b3
2745,TECH,GENERAL / MULTIDISCIPLINE,DRAWING,ENGINEERING DRAWING,8405-NN-0027,RISER/SPOOL LIFTING AT HD-3,HD0101-32-LAY-0026,,DATA/TECH/2745-PP-GE-001-MDR Rev_2.xlsx,DRAWINGS,35,INCLUDE,,SDOC-aee0d5ac506bf00b94b927c6,GDOC-41168d79d3edc03887dfc06d
2745,TECH,GENERAL / MULTIDISCIPLINE,DRAWING,ENGINEERING DRAWING,8405-NN-0028,RISER/SPOOL LIFITNG AT HD-WHP T4,HD0201-32-LAY-0027,,DATA/TECH/2745-PP-GE-001-MDR Rev_2.xlsx,DRAWINGS,36,INCLUDE,,SDOC-d945fb1d7503940561f8173e,GDOC-ac63766c50235ba80f0b88c5
2745,TECH,GENERAL / MULTIDISCIPLINE,DRAWING,ENGINEERING DRAWING,8405-NN-0029,TEMPORARY KNEE BRACE DETAILS FOR RISER/SPOOL LIFTING AT SATAH WHP-10,ST0101-32-LAY-0028,,DATA/TECH/2745-PP-GE-001-MDR Rev_2.xlsx,DRAWINGS,37,INCLUDE,,SDOC-a46b77e26f831cf301bfb4f1,GDOC-26c2618fb444aeab79545a4d
2745,TECH,GENERAL / MULTIDISCIPLINE,DRAWING,ENGINEERING DRAWING,8405-NN-0030,TEMPORARY KNEE BRACE DETAILS FOR RISER/SPOOL LIFTING AT BU HASSER WHP BH3,BH0101-32-LAY-0029,,DATA/TECH/2745-PP-GE-001-MDR Rev_2.xlsx,DRAWINGS,38,INCLUDE,,SDOC-47849121d15e272e299a93ce,GDOC-7c0f16da301251ad40b57eee
2745,TECH,GENERAL / MULTIDISCIPLINE,DRAWING,ENGINEERING DRAWING,8405-NN-0031,TEMPORARY KNEE BRACE DETAILS FORRISER/SPOOL LIFTING AT IGD-E,KP3801-32-LAY-0030,,DATA/TECH/2745-PP-GE-001-MDR Rev_2.xlsx,DRAWINGS,39,INCLUDE,,SDOC-fdb059f60eb911aa1d3417cf,GDOC-a674da40caea80c5726277e0
2745,TECH,GENERAL / MULTIDISCIPLINE,DRAWING,ENGINEERING DRAWING,8405-NN-0032,TEMPORARY KNEE BRACE DETAILS FOR RISER/SPOOL LIFTING AT HD-3,HD0101-32-LAY-0031,,DATA/TECH/2745-PP-GE-001-MDR Rev_2.xlsx,DRAWINGS,40,INCLUDE,,SDOC-6873b97cea49dd138ab1c5bb,GDOC-be89426485a1220fba3b22f2
2745,TECH,GENERAL / MULTIDISCIPLINE,DRAWING,ENGINEERING DRAWING,8405-NN-0033,TEMPORARY KNEE BRACE DETAILS FOR RISER/SPOOL LIFITNG AT HD-WHP T4,HD0201-32-LAY-0032,,DATA/TECH/2745-PP-GE-001-MDR Rev_2.xlsx,DRAWINGS,41,INCLUDE,,SDOC-b1064b03fd61e292de58ca52,GDOC-b44f7e973115f5db4471850c
2745,TECH,GENERAL / MULTIDISCIPLINE,DRAWING,ENGINEERING DRAWING,8405-NN-0034,LOADING ARRANGEMENT & SEAFASTENING DETAILS OF CC PIPES  (TRIP-1),CF0000-32-LAY-0033,,DATA/TECH/2745-PP-GE-001-MDR Rev_2.xlsx,DRAWINGS,42,INCLUDE,,SDOC-20b33b99dbe37970a1398391,GDOC-7dcff1caa8effeb01f8a4e29
2745,TECH,GENERAL / MULTIDISCIPLINE,DRAWING,ENGINEERING DRAWING,8405-NN-0035,LOADING ARRANGEMENT & SEAFASTENING DETAILS OF CC PIPES  (TRIP-2),CF0000-32-LAY-0034,,DATA/TECH/2745-PP-GE-001-MDR Rev_2.xlsx,DRAWINGS,43,INCLUDE,,SDOC-4c7ee89c04125a836335e55f,GDOC-b5559eae1533abc8b39da91a
2745,TECH,GENERAL / MULTIDISCIPLINE,DRAWING,ENGINEERING DRAWING,8405-NN-0036,LOADING ARRANGEMENT & SEAFASTENING DETAILS OF CC PIPES  (TRIP-3),CF0000-32-LAY-0035,,DATA/TECH/2745-PP-GE-001-MDR Rev_2.xlsx,DRAWINGS,44,INCLUDE,,SDOC-942b97f1b8a7b37bc8525a43,GDOC-6775c0cbf26ba04edfe9b4e7
2745,TECH,GENERAL / MULTIDISCIPLINE,DRAWING,ENGINEERING DRAWING,8405-NN-0037,LOADING ARRANGEMENT & SEAFASTENING DETAILS OF CC PIPES  (TRIP-4),CF0000-32-LAY-0036,,DATA/TECH/2745-PP-GE-001-MDR Rev_2.xlsx,DRAWINGS,45,INCLUDE,,SDOC-55e3aa6e783488f597d8c50f,GDOC-d3a1dba133e29497a0d7eee1
2745,TECH,GENERAL / MULTIDISCIPLINE,DRAWING,ENGINEERING DRAWING,8405-NN-0038,LOADING ARRANGEMENT & SEAFASTENING DETAILS OF CC PIPES  (TRIP-5),CF0000-32-LAY-0037,,DATA/TECH/2745-PP-GE-001-MDR Rev_2.xlsx,DRAWINGS,46,INCLUDE,,SDOC-ecdc16225e48f71709e47884,GDOC-d29b7fac416a351afabdc297
2745,TECH,GENERAL / MULTIDISCIPLINE,DRAWING,ENGINEERING DRAWING,8405-NN-0039,LOADING ARRANGEMENT & SEAFASTENING DETAILS OF CC PIPES  (TRIP-6),CF0000-32-LAY-0038,,DATA/TECH/2745-PP-GE-001-MDR Rev_2.xlsx,DRAWINGS,47,INCLUDE,,SDOC-c176b9d944e13c58bb70448e,GDOC-f5fdedf654bad2e5db37e916
2745,TECH,GENERAL / MULTIDISCIPLINE,DRAWING,ENGINEERING DRAWING,8405-NN-0040,LOADING ARRANGEMENT & SEAFASTENING DETAILS OF CC PIPES  (TRIP-7),CF0000-32-LAY-0039,,DATA/TECH/2745-PP-GE-001-MDR Rev_2.xlsx,DRAWINGS,48,INCLUDE,,SDOC-0f0bbb53d6f9a4d5519f428f,GDOC-ad38fa6bf8a911069cd54f44
2745,TECH,GENERAL / MULTIDISCIPLINE,DRAWING,ENGINEERING DRAWING,8405-NN-0041,LOADING ARRANGEMENT & SEAFASTENING DETAILS OF CC PIPES  (TRIP-8),CF0000-32-LAY-0040,,DATA/TECH/2745-PP-GE-001-MDR Rev_2.xlsx,DRAWINGS,49,INCLUDE,,SDOC-39a01ca34691d2e880dc6c44,GDOC-8e7c70c4fe72f399e032a893
2745,TECH,GENERAL / MULTIDISCIPLINE,DRAWING,ENGINEERING DRAWING,8405-NN-0042,LOADING ARRANGEMENT & SEAFASTENING DETAILS OF CC PIPES  (TRIP-9),CF0000-32-LAY-0041,,DATA/TECH/2745-PP-GE-001-MDR Rev_2.xlsx,DRAWINGS,50,INCLUDE,,SDOC-ee90ef506ee70d120e4e6fa5,GDOC-3adc78c0e0e4c25063868137
2745,TECH,GENERAL / MULTIDISCIPLINE,DRAWING,ENGINEERING DRAWING,8405-NN-0043,LOADING ARRANGEMENT & SEAFASTENING DETAILS OF CC PIPES  (TRIP-10),CF0000-32-LAY-0042,,DATA/TECH/2745-PP-GE-001-MDR Rev_2.xlsx,DRAWINGS,51,INCLUDE,,SDOC-4d6cd602fcc700ab835837a1,GDOC-1564d9423df333709d02110c
2745,TECH,GENERAL / MULTIDISCIPLINE,DRAWING,ENGINEERING DRAWING,8405-NN-0044,LOADING ARRANGEMENT & SEAFASTENING DETAILS OF CC PIPES  (TRIP-11),CF0000-32-LAY-0043,,DATA/TECH/2745-PP-GE-001-MDR Rev_2.xlsx,DRAWINGS,52,INCLUDE,,SDOC-2ea20198c67b40aaf2c53fe3,GDOC-17850ab08a0425c7474fa472
2745,TECH,GENERAL / MULTIDISCIPLINE,DRAWING,ENGINEERING DRAWING,8405-NN-0045,LOADING ARRANGEMENT & SEAFASTENING DETAILS OF CC PIPES  (TRIP-12),CF0000-32-LAY-0044,,DATA/TECH/2745-PP-GE-001-MDR Rev_2.xlsx,DRAWINGS,53,INCLUDE,,SDOC-0cdb9638a426f50c3b1bf6a9,GDOC-fb97c9c16e0dfddfb932904f
2745,TECH,GENERAL / MULTIDISCIPLINE,DRAWING,ENGINEERING DRAWING,8405-NN-0046,LOADING ARRANGEMENT & SEAFASTENING DETAILS OF CC PIPES  (TRIP-13),CF0000-32-LAY-0045,,DATA/TECH/2745-PP-GE-001-MDR Rev_2.xlsx,DRAWINGS,54,INCLUDE,,SDOC-4290c557640cf535894705f6,GDOC-b3192a4da7f49721b8bfcab2
2745,TECH,GENERAL / MULTIDISCIPLINE,DRAWING,ENGINEERING DRAWING,8405-NN-0047,LOADING ARRANGEMENT & SEAFASTENING DETAILS OF CC PIPES  (TRIP-14),CF0000-32-LAY-0046,,DATA/TECH/2745-PP-GE-001-MDR Rev_2.xlsx,DRAWINGS,55,INCLUDE,,SDOC-fd87e665c097270cec92e2fa,GDOC-5134983ea662c4e471faf283
2745,TECH,GENERAL / MULTIDISCIPLINE,DRAWING,ENGINEERING DRAWING,8405-NN-0048,LOADING ARRANGEMENT & SEAFASTENING DETAILS OF CC PIPES  (TRIP-15),CF0000-32-LAY-0047,,DATA/TECH/2745-PP-GE-001-MDR Rev_2.xlsx,DRAWINGS,56,INCLUDE,,SDOC-fd2359a71fc1a57866962f48,GDOC-ce7a60b6ae6d6513899c5e4e
2745,TECH,GENERAL / MULTIDISCIPLINE,DRAWING,ENGINEERING DRAWING,8405-NN-0049,LOADING ARRANGEMENT & SEAFASTENING DETAILS OF CC PIPES  (TRIP-16),CF0000-32-LAY-0048,,DATA/TECH/2745-PP-GE-001-MDR Rev_2.xlsx,DRAWINGS,57,INCLUDE,,SDOC-a8c5f579db7e93fc995b7a82,GDOC-f2d5123cc1a99fd55569bc5e
2745,TECH,GENERAL / MULTIDISCIPLINE,DRAWING,ENGINEERING DRAWING,8405-NN-0050,LOADING ARRANGEMENT & SEAFASTENING DETAILS OF CC PIPES  (TRIP-17),CF0000-32-LAY-0049,,DATA/TECH/2745-PP-GE-001-MDR Rev_2.xlsx,DRAWINGS,58,INCLUDE,,SDOC-b4f1a444db685ba467f0b1d8,GDOC-26fa159af7d0ecf2b1776547
2745,TECH,GENERAL / MULTIDISCIPLINE,DRAWING,ENGINEERING DRAWING,8405-NN-0051,LOADING ARRANGEMENT & SEAFASTENING DETAILS OF CC PIPES  (TRIP-18),CF0000-32-LAY-0050,,DATA/TECH/2745-PP-GE-001-MDR Rev_2.xlsx,DRAWINGS,59,INCLUDE,,SDOC-d35da41fb8e840a090bea24e,GDOC-03f2b784f0fd4d065d52e622
2745,TECH,GENERAL / MULTIDISCIPLINE,DRAWING,ENGINEERING DRAWING,8405-NN-0052,LOADING ARRANGEMENT & SEAFASTENING DETAILS OF CC PIPES  (TRIP-19),CF0000-32-LAY-0051,,DATA/TECH/2745-PP-GE-001-MDR Rev_2.xlsx,DRAWINGS,60,INCLUDE,,SDOC-8ec4737d0b6344c5a08bd14d,GDOC-2c720bb6f0855a216d824a36
2745,TECH,GENERAL / MULTIDISCIPLINE,DRAWING,ENGINEERING DRAWING,8405-NN-0053,LOADING ARRANGEMENT & SEAFASTENING DETAILS OF CC PIPES  (TRIP-20),CF0000-32-LAY-0052,,DATA/TECH/2745-PP-GE-001-MDR Rev_2.xlsx,DRAWINGS,61,INCLUDE,,SDOC-e4075f539b93c73f93776be2,GDOC-435c70e74ad6019c62ca44a6
2745,TECH,GENERAL / MULTIDISCIPLINE,DRAWING,ENGINEERING DRAWING,8405-NN-0054,LOADING ARRANGEMENT & SEAFASTENING DETAILS OF CC PIPES  (TRIP-21),CF0000-32-LAY-0053,,DATA/TECH/2745-PP-GE-001-MDR Rev_2.xlsx,DRAWINGS,62,INCLUDE,,SDOC-39e06420afe7cd8f585019ee,GDOC-d2974084f5868a2644cb77a5
2745,TECH,GENERAL / MULTIDISCIPLINE,DRAWING,ENGINEERING DRAWING,8405-NN-0055,LOADING ARRANGEMENT & SEAFASTENING DETAILS OF CC PIPES  (TRIP-22),CF0000-32-LAY-0054,,DATA/TECH/2745-PP-GE-001-MDR Rev_2.xlsx,DRAWINGS,63,INCLUDE,,SDOC-7c2ee5cc9637ce9ccd3fdb6d,GDOC-cdb6e06cfc52fab8de9bb9a8
2745,TECH,GENERAL / MULTIDISCIPLINE,DRAWING,ENGINEERING DRAWING,8405-NN-0056,LOADING ARRANGEMENT & SEAFASTENING DETAILS OF CC PIPES  (TRIP-23),CF0000-32-LAY-0055,,DATA/TECH/2745-PP-GE-001-MDR Rev_2.xlsx,DRAWINGS,64,INCLUDE,,SDOC-dcd7e906a1cc875f7b2ca88e,GDOC-e6624880b985f422098a04b4
2745,TECH,GENERAL / MULTIDISCIPLINE,DRAWING,ENGINEERING DRAWING,8405-NN-0057,LOADING ARRANGEMENT & SEAFASTENING DETAILS OF CC PIPES  (TRIP-24),CF0000-32-LAY-0056,,DATA/TECH/2745-PP-GE-001-MDR Rev_2.xlsx,DRAWINGS,65,INCLUDE,,SDOC-1851fca07ca7d8f4e5ff74b8,GDOC-c6aede69f84389363202ba5c
2745,TECH,GENERAL / MULTIDISCIPLINE,DRAWING,ENGINEERING DRAWING,8405-NN-0058,LOADING ARRANGEMENT & SEAFASTENING DETAILS OF CC PIPES  (TRIP-25),CF0000-32-LAY-0057,,DATA/TECH/2745-PP-GE-001-MDR Rev_2.xlsx,DRAWINGS,66,INCLUDE,,SDOC-6730d8e64485aa70ad5861d3,GDOC-29aac3047fcdea4341c45765
2745,TECH,GENERAL / MULTIDISCIPLINE,DRAWING,ENGINEERING DRAWING,8405-NN-0059,LOADING ARRANGEMENT & SEAFASTENING DETAILS OF CC PIPES  (TRIP-26),CF0000-32-LAY-0058,,DATA/TECH/2745-PP-GE-001-MDR Rev_2.xlsx,DRAWINGS,67,INCLUDE,,SDOC-c4382dfabf982a386ec4e898,GDOC-56f7043cf09cbf5c351e5820
2745,TECH,GENERAL / MULTIDISCIPLINE,DRAWING,ENGINEERING DRAWING,8405-NN-0060,LOADING ARRANGEMENT & SEAFASTENING DETAILS OF CC PIPES  (TRIP-27),CF0000-32-LAY-0059,,DATA/TECH/2745-PP-GE-001-MDR Rev_2.xlsx,DRAWINGS,68,INCLUDE,,SDOC-35c883da2686e57a7c544ea6,GDOC-12bbeaf67a671afef595f6d3
2745,TECH,GENERAL / MULTIDISCIPLINE,DRAWING,ENGINEERING DRAWING,8405-NN-0061,LOADING ARRANGEMENT & SEAFASTENING DETAILS OF CC PIPES  (TRIP-28),CF0000-32-LAY-0060,,DATA/TECH/2745-PP-GE-001-MDR Rev_2.xlsx,DRAWINGS,69,INCLUDE,,SDOC-81fcdcf133050f3b3caa1885,GDOC-837996fc49c74a54139a6a4a
2745,TECH,GENERAL / MULTIDISCIPLINE,DRAWING,ENGINEERING DRAWING,8405-NN-0062,LOADING ARRANGEMENT & SEAFASTENING DETAILS OF CC PIPES  (TRIP-29),CF0000-32-LAY-0061,,DATA/TECH/2745-PP-GE-001-MDR Rev_2.xlsx,DRAWINGS,70,INCLUDE,,SDOC-4053f5eacc91c1acef8e3599,GDOC-596285039d643a3030419fc8
2745,TECH,GENERAL / MULTIDISCIPLINE,DRAWING,ENGINEERING DRAWING,8405-NN-0063,LOADING ARRANGEMENT & SEAFASTENING DETAILS OF CC PIPES  (TRIP-30),CF0000-32-LAY-0062,,DATA/TECH/2745-PP-GE-001-MDR Rev_2.xlsx,DRAWINGS,71,INCLUDE,,SDOC-034e8bf9cd8643b879aa54c6,GDOC-52385dc9a19a042f29c3e8c1
2745,TECH,GENERAL / MULTIDISCIPLINE,DRAWING,ENGINEERING DRAWING,8405-NN-0064,LOADING ARRANGMENT & SEAFASTENING DETAILS OF CONSRETE SLEEPERS(TRIP-1),CF0000-32-LAY-0063,,DATA/TECH/2745-PP-GE-001-MDR Rev_2.xlsx,DRAWINGS,72,INCLUDE,,SDOC-ee13bd754276847476a35bb1,GDOC-fb16d4587a771c2ba4dce4ba
2745,TECH,GENERAL / MULTIDISCIPLINE,DRAWING,ENGINEERING DRAWING,8405-NN-0065,LOADING ARRANGMENT & SEAFASTENING DETAILS OF CONSRETE SLEEPERS(TRIP-2),CF0000-32-LAY-0064,,DATA/TECH/2745-PP-GE-001-MDR Rev_2.xlsx,DRAWINGS,73,INCLUDE,,SDOC-1439196f2a4e8a407359f3fc,GDOC-396b97d590f6434e88db57ad
2745,TECH,GENERAL / MULTIDISCIPLINE,DRAWING,ENGINEERING DRAWING,8405-NN-0066,LOADING ARRANGMENT & SEAFASTENING DETAILS OF CONSRETE SLEEPERS(TRIP-3),CF0000-32-LAY-0065,,DATA/TECH/2745-PP-GE-001-MDR Rev_2.xlsx,DRAWINGS,74,INCLUDE,,SDOC-c14c5452aeb1c523e1345c89,GDOC-13a2ef69db029be642427dc3
2745,TECH,GENERAL / MULTIDISCIPLINE,DRAWING,ENGINEERING DRAWING,8405-NN-0067,LOADING ARRANGMENT & SEAFASTENING DETAILS OF CONSRETE SLEEPERS(TRIP-4),CF0000-32-LAY-0066,,DATA/TECH/2745-PP-GE-001-MDR Rev_2.xlsx,DRAWINGS,75,INCLUDE,,SDOC-a2c10eeb1bba22d5f08e9b29,GDOC-2c9ff184ac186922de586fdc
2745,TECH,GENERAL / MULTIDISCIPLINE,DRAWING,ENGINEERING DRAWING,8405-NN-0068,LOADING ARRANGMENT & SEAFASTENING DETAILS OF CONSRETE SLEEPERS(TRIP-5),CF0000-32-LAY-0067,,DATA/TECH/2745-PP-GE-001-MDR Rev_2.xlsx,DRAWINGS,76,INCLUDE,,SDOC-5911535a869e81173323ae46,GDOC-1d48bb240ef0160af985b7ae
2745,TECH,GENERAL / MULTIDISCIPLINE,DRAWING,ENGINEERING DRAWING,8405-NN-0069,LOADING ARRANGMENT & SEAFASTENING DETAILS OF CONSRETE SLEEPERS(TRIP-6),CF0000-32-LAY-0068,,DATA/TECH/2745-PP-GE-001-MDR Rev_2.xlsx,DRAWINGS,77,INCLUDE,,SDOC-c3e200355f9a4af5f82db23c,GDOC-7e36ffe445cd54bb03dc1b40
2745,TECH,GENERAL / MULTIDISCIPLINE,DRAWING,ENGINEERING DRAWING,8405-NN-0070,LOADING ARRANGMENT & SEAFASTENING DETAILS OF CONSRETE SLEEPERS(TRIP-7),CF0000-32-LAY-0069,,DATA/TECH/2745-PP-GE-001-MDR Rev_2.xlsx,DRAWINGS,78,INCLUDE,,SDOC-eeec3522f4fed893a2eebfc3,GDOC-e54aafa2c1a9c46d924d12c7
2745,TECH,GENERAL / MULTIDISCIPLINE,DRAWING,ENGINEERING DRAWING,8405-NN-0071,LOADING ARRANGMENT & SEAFASTENING DETAILS OF CONSRETE SLEEPERS(TRIP-8),CF0000-32-LAY-0070,,DATA/TECH/2745-PP-GE-001-MDR Rev_2.xlsx,DRAWINGS,79,INCLUDE,,SDOC-19d8353c253b7bcbbdb0912a,GDOC-a5664a295edd53b700be25cf
2745,TECH,GENERAL / MULTIDISCIPLINE,DRAWING,ENGINEERING DRAWING,8405-NN-0072,LOADING ARRANGMENT & SEAFASTENING DETAILS OF CONSRETE SLEEPERS(TRIP-9),CF0000-32-LAY-0071,,DATA/TECH/2745-PP-GE-001-MDR Rev_2.xlsx,DRAWINGS,80,INCLUDE,,SDOC-0dba11866da9a40db41a24fc,GDOC-48c5f139ed50ba22b7d9b44d
2745,TECH,GENERAL / MULTIDISCIPLINE,DRAWING,ENGINEERING DRAWING,8405-NN-0073,"FLANGE PROTECTOR DETAILS FOR 16"" CONDUIT",CF0000-32-LAY-0072,,DATA/TECH/2745-PP-GE-001-MDR Rev_2.xlsx,DRAWINGS,81,INCLUDE,,SDOC-7154f5f99c5747a81be4c5dd,GDOC-7e7c40e024a01c5e9bdf7430
2745,TECH,GENERAL / MULTIDISCIPLINE,DRAWING,ENGINEERING DRAWING,8405-NN-0074,"FLANGE PROTECTOR DETAILS FOR 24"" CONDUIT (TYPE-1)",CF0000-32-LAY-0073,,DATA/TECH/2745-PP-GE-001-MDR Rev_2.xlsx,DRAWINGS,82,INCLUDE,,SDOC-90affd556148c94bd50e782d,GDOC-a1a65e986d57df1475ce7c5c
2745,TECH,GENERAL / MULTIDISCIPLINE,DRAWING,ENGINEERING DRAWING,8405-NN-0075,"FLANGE PROTECTOR DETAILS FOR 24"" CONDUIT (TYPE-2)",CF0000-32-LAY-0074,,DATA/TECH/2745-PP-GE-001-MDR Rev_2.xlsx,DRAWINGS,83,INCLUDE,,SDOC-681f55396bfcce568cc883da,GDOC-71a7a4f313d1904674fb46bb
2745,TECH,GENERAL / MULTIDISCIPLINE,DRAWING,ENGINEERING DRAWING,8405-NN-0076,"START UP HEAD DETAILS  PL-2 (12"" GAS-CONDENSATE) FROM HD-3 TO HD WHP-T4",HD0201-32-LAY-0075,,DATA/TECH/2745-PP-GE-001-MDR Rev_2.xlsx,DRAWINGS,84,INCLUDE,,SDOC-19285b049fc873ac5325cafb,GDOC-dbc6105db61c1348e9d5a84c
2745,TECH,NAVAL & MARINE,DOCUMENT,ANALYSIS,8405-ZZ-CL-001,STABILITY ANALYSIS DURING TRANSPORTATION OF CONCRETE COATED PIPEPIPE AT CARGO BAGE,CF0000-32-REP-0021,,DATA/TECH/2745-PP-GE-001-MDR Rev_2.xlsx,Naval & Marine doc,9,INCLUDE,,SDOC-af13b306f1528627bb3d4e94,GDOC-e4a5467a07f8ba8a64c46f82
2745,TECH,NAVAL & MARINE,DOCUMENT,ANALYSIS,8405-ZZ-CL-002,STABILITY ANALYSIS DURING TRANSPORTATION OF CONCRETE COATED PIPEPIPE AT CARGO BAGE,Duplicate,,DATA/TECH/2745-PP-GE-001-MDR Rev_2.xlsx,Naval & Marine doc,10,INCLUDE,,SDOC-2748c2362786a23839a3e330,GDOC-fd080d46e989dc98e502d0bf
2745,TECH,NAVAL & MARINE,DOCUMENT,ANALYSIS,8405-ZZ-CL-003,STABILITY ANALYSIS DURING TRANSPORTATION OF CONCRETE COATED PIPEPIPE AT CARGO BAGE,Duplicate,,DATA/TECH/2745-PP-GE-001-MDR Rev_2.xlsx,Naval & Marine doc,11,INCLUDE,,SDOC-dfce21f2cb6d02e5bb4c24d7,GDOC-460e684ec14e3f0dd5637795
2745,TECH,NAVAL & MARINE,DOCUMENT,ANALYSIS,8405-ZZ-CL-004,STABILITY ANALYSIS DURING TRANSPORTATION OF CONCRETE COATED PIPEPIPE AT CARGO BAGE,Duplicate,,DATA/TECH/2745-PP-GE-001-MDR Rev_2.xlsx,Naval & Marine doc,12,INCLUDE,,SDOC-dccc670140d4ab27fe9761e2,GDOC-91183964dcb6b9473aa4290b
2745,TECH,NAVAL & MARINE,DOCUMENT,ANALYSIS,8405-ZZ-CL-005,STABILITY ANALYSIS DURING TRANSPORTATION OF CONCRETE SLEEPERS AT CARGO BAGE,Duplicate,,DATA/TECH/2745-PP-GE-001-MDR Rev_2.xlsx,Naval & Marine doc,13,INCLUDE,,SDOC-c5c0747e867ce10ae725156b,GDOC-e4a94faab27f207cdf682e03
2745,TECH,NAVAL & MARINE,DOCUMENT,ANALYSIS,8405-ZZ-CL-006,STABILITY ANALYSIS DURING TRANSPORTATION OF CONCRETE MATTRESS AT CARGO BAGE,CF0000-32-REP-0022,,DATA/TECH/2745-PP-GE-001-MDR Rev_2.xlsx,Naval & Marine doc,14,INCLUDE,,SDOC-d18ab841112b9d140a1df016,GDOC-17862665249f43e07ce2704e
2745,TECH,NAVAL & MARINE,DOCUMENT,ANALYSIS,8405-ZZ-CL-007,STABILITY ANALYSIS DURING TRANSPORTATION OF CONCRETE SLEEPERS AT CARGO BAGE,Duplicate,,DATA/TECH/2745-PP-GE-001-MDR Rev_2.xlsx,Naval & Marine doc,15,INCLUDE,,SDOC-0e9ac7be6c1aeae138c31856,GDOC-1bbb9fa55a6efc863fb0a4fe
2745,TECH,NAVAL & MARINE,DOCUMENT,ANALYSIS,8405-ZZ-CL-008,"MOORING ANALYSIS DURING  LAYING PL-1 ( 16"" GAS-CONDENSTAE) FROM SATAH WHP-10 TO ARZANAH ISLAND",AZ0091-32-REP-0023,,DATA/TECH/2745-PP-GE-001-MDR Rev_2.xlsx,Naval & Marine doc,16,INCLUDE,,SDOC-be0bbb79a20427a6fc8fdde4,GDOC-7c5f24665c4584553e492f4d
2745,TECH,NAVAL & MARINE,DOCUMENT,ANALYSIS,8405-ZZ-CL-009,"MOORING ANALYSIS DURING  LAYING PL-2 ( 14"" GAS-CONDENSTAE) FROM HD-3 TO HD WHP-T4",HD0201-32-REP-0024,,DATA/TECH/2745-PP-GE-001-MDR Rev_2.xlsx,Naval & Marine doc,17,INCLUDE,,SDOC-545b76004ef585aec4b324ae,GDOC-23ab0625eb1fd6bb25bd3a09
2745,TECH,NAVAL & MARINE,DOCUMENT,ANALYSIS,8405-ZZ-CL-010,"MOORING ANALYSIS DURING  LAYING PL-3 ( 18"" GAS-CONDENSTAE) FROM HD WHP-T4 TO ARZANAH ISLAND",AZ0091-32-REP-0025,,DATA/TECH/2745-PP-GE-001-MDR Rev_2.xlsx,Naval & Marine doc,18,INCLUDE,,SDOC-735f07ef118c4891aa83c307,GDOC-780a4462454365b6b01f92f6
2745,TECH,NAVAL & MARINE,DOCUMENT,ANALYSIS,8405-ZZ-CL-011,"MOORING ANALYSIS DURING  LAYING PL-4 ( 18"" GAS-CONDENSTAE) FROM WHP BH-3 SATAH WHP-10 TO ARZANAH ISLAND",AZ0091-32-REP-0026,,DATA/TECH/2745-PP-GE-001-MDR Rev_2.xlsx,Naval & Marine doc,19,INCLUDE,,SDOC-54a097b1a3edbacb71a63a88,GDOC-7046dbbf5f2e9452e80a59ed
2745,TECH,NAVAL & MARINE,DOCUMENT,ANALYSIS,8405-ZZ-CL-012,"MOORING ANALYSIS DURING  LAYING PL-5 ( 24"" EXPORT GAS ) FROM ARZANAH ISLAND TO IGD-E(AT KP-38)",KP3801-32-REP-0027,,DATA/TECH/2745-PP-GE-001-MDR Rev_2.xlsx,Naval & Marine doc,20,INCLUDE,,SDOC-8b4d807ab738a963511f8bc0,GDOC-9aa614021d2d351db70dc319
2745,TECH,NAVAL & MARINE,DOCUMENT,ANALYSIS,8405-ZZ-CL-013,MOORING ANALYSIS DURING SHORE PULL AT ARZANAH EAST,AZ0091-32-REP-0028,,DATA/TECH/2745-PP-GE-001-MDR Rev_2.xlsx,Naval & Marine doc,21,INCLUDE,,SDOC-e0908f035d9924fa0ae15cd3,GDOC-7dee0691275c77ab6e1da915
2745,TECH,NAVAL & MARINE,DOCUMENT,ANALYSIS,8405-ZZ-CL-014,MOORING ANALYSIS DURING SHORE PULL AT ARZANAH SOUTH.,AZ0091-32-REP-0029,,DATA/TECH/2745-PP-GE-001-MDR Rev_2.xlsx,Naval & Marine doc,22,INCLUDE,,SDOC-1a35122167b90518f78817fa,GDOC-3407e0bb84ba1c29db94f52a
2745,TECH,NAVAL & MARINE,DOCUMENT,ANALYSIS,8405-ZZ-CL-015,MOORING ANALYSIS DURING SHORE PULL AT ZIRKU ISLAND,AZ0091-32-REP-0030,,DATA/TECH/2745-PP-GE-001-MDR Rev_2.xlsx,Naval & Marine doc,23,INCLUDE,,SDOC-2c3a1aa1094014eafb5ee43c,GDOC-3dc9a247813d3f1650840dfe
2745,TECH,NAVAL & MARINE,DOCUMENT,ANALYSIS,8405-ZZ-CL-016,MOORING ANALYSIS DURING MIDLINE TIE-IN,CF0000-32-REP-0031,,DATA/TECH/2745-PP-GE-001-MDR Rev_2.xlsx,Naval & Marine doc,24,INCLUDE,,SDOC-588763a2cfddba6cb4bfc659,GDOC-11f3a0490244c870cfc4277a
2745,TECH,NAVAL & MARINE,DOCUMENT,ANALYSIS,8405-ZZ-CL-017,MOORING ANALYSIS DURING MIDLINE TIE-IN,CF0000-32-REP-0032,,DATA/TECH/2745-PP-GE-001-MDR Rev_2.xlsx,Naval & Marine doc,25,INCLUDE,,SDOC-e6bb823da0677d03aa313ba8,GDOC-356085453c42c56584cb4ba8
2745,TECH,NAVAL & MARINE,DOCUMENT,ANALYSIS,8405-ZZ-CL-018,MOORING ANALYSIS DURING LATERAL SHIFTING & STALK-ON RISER INSTALLATION FOR PL1,CF0000-32-REP-0033,,DATA/TECH/2745-PP-GE-001-MDR Rev_2.xlsx,Naval & Marine doc,26,INCLUDE,,SDOC-56c6bdd26af8552335816326,GDOC-727640c364b7278b19f4bd28
2745,TECH,NAVAL & MARINE,DOCUMENT,ANALYSIS,8405-ZZ-CL-019,MOORING ANALYSIS DURING LATERAL SHIFTING & STALK-ON RISER INSTALLATION FOR PL2,CF0000-32-REP-0034,,DATA/TECH/2745-PP-GE-001-MDR Rev_2.xlsx,Naval & Marine doc,27,INCLUDE,,SDOC-58a38425fa52685b25954263,GDOC-fe97ba999a409ac1e7f472e6
2745,TECH,NAVAL & MARINE,DOCUMENT,ANALYSIS,8405-ZZ-CL-020,MOORING ANALYSIS DURING LATERAL SHIFTING & STALK-ON RISER INSTALLATION FOR PL3,CF0000-32-REP-0035,,DATA/TECH/2745-PP-GE-001-MDR Rev_2.xlsx,Naval & Marine doc,28,INCLUDE,,SDOC-2720e115c672c5dd8e255138,GDOC-4400d278a2e00d24396c2ce9
2745,TECH,NAVAL & MARINE,DOCUMENT,ANALYSIS,8405-ZZ-CL-021,MOORING ANALYSIS DURING LATERAL SHIFTING & STALK-ON RISER INSTALLATION FOR PL4,CF0000-32-REP-0036,,DATA/TECH/2745-PP-GE-001-MDR Rev_2.xlsx,Naval & Marine doc,29,INCLUDE,,SDOC-63493a9c551ef7281bc427ce,GDOC-ac220d41309a2f163de87fa0
2745,TECH,NAVAL & MARINE,DOCUMENT,ANALYSIS,8405-ZZ-CL-022,MOORING ANALYSIS DURING LATERAL SHIFTING & STALK-ON RISER INSTALLATION FOR PL5,CF0000-32-REP-0037,,DATA/TECH/2745-PP-GE-001-MDR Rev_2.xlsx,Naval & Marine doc,30,INCLUDE,,SDOC-4ca3e38cfce325ac15473e68,GDOC-7f8b73e7e80885c636d8d31a
2745,TECH,PIPELINE & CABLE,DOCUMENT,ANALYSIS REPORT,8405-NN-RP-001,PIPE STACKING ANALYSIS REPORT,CF0000-32-REP-0001,,DATA/TECH/2745-PP-GE-001-MDR Rev_2.xlsx,PIPELINE & CABLE doc,10,INCLUDE,,SDOC-c63c680cbbcb28d1a6feb42f,GDOC-94f779e01b8b8e291c145f71
2745,TECH,PIPELINE & CABLE,DOCUMENT,ANALYSIS REPORT,8405-NN-RP-002,"PIPELAY ANALYSIS REPORT FOR PL-1 ( 16"" GAS-CONDENSTAE) FROM SATAH WHP-10 TO ARZANAH ISLAND",AZ0091-32-REP-0002,,DATA/TECH/2745-PP-GE-001-MDR Rev_2.xlsx,PIPELINE & CABLE doc,11,INCLUDE,,SDOC-b30ca008e73eed6d8ddb15ab,GDOC-5e42aa034e43ede860b47765
2745,TECH,PIPELINE & CABLE,DOCUMENT,ANALYSIS REPORT,8405-NN-RP-003,"PIPELAY ANALYSIS REPORT FOR PL-2 ( 14"" GAS-CONDENSTAE) FROM HD-3 TO HD WHP-T4",HD0201-32-REP-0003,,DATA/TECH/2745-PP-GE-001-MDR Rev_2.xlsx,PIPELINE & CABLE doc,12,INCLUDE,,SDOC-3cb0d333e618f77491f47b57,GDOC-482b5960b85d97169db40173
2745,TECH,PIPELINE & CABLE,DOCUMENT,ANALYSIS REPORT,8405-NN-RP-004,"PIPELAY ANALYSIS REPORT FOR PL-3 ( 18"" GAS-CONDENSTAE) FROM HD WHP-T4 TO ARZANAH ISLAND",AZ0091-32-REP-0004,,DATA/TECH/2745-PP-GE-001-MDR Rev_2.xlsx,PIPELINE & CABLE doc,13,INCLUDE,,SDOC-b3661dbfa9a3b67d031c5b07,GDOC-621d75259d4eaea68611077b
2745,TECH,PIPELINE & CABLE,DOCUMENT,ANALYSIS REPORT,8405-NN-RP-005,"PIPELAY ANALYSIS REPORT FOR PL-4 ( 18"" GAS-CONDENSTAE) FROM WHP BH-3 SATAH WHP-10 TO ARZANAH ISLAND",AZ0091-32-REP-0005,,DATA/TECH/2745-PP-GE-001-MDR Rev_2.xlsx,PIPELINE & CABLE doc,14,INCLUDE,,SDOC-959c4f7e43b1fb6e68218be3,GDOC-102d76c1f5ce817c0550061a
2745,TECH,PIPELINE & CABLE,DOCUMENT,ANALYSIS REPORT,8405-NN-RP-006,"PIPELAY ANALYSIS REPORT FOR PL-5 ( 24"" EXPORT GAS ) FROM ARZANAH ISLAND TO IGD-E(AT KP-38)",KP3801-34-REP-0006,,DATA/TECH/2745-PP-GE-001-MDR Rev_2.xlsx,PIPELINE & CABLE doc,15,INCLUDE,,SDOC-39324d104e895e911a860050,GDOC-3949fc9d40fcb6320e9556f7
2745,TECH,PIPELINE & CABLE,DOCUMENT,ANALYSIS REPORT,8405-NN-RP-007,"PIPELAY ANALYSIS REPORT FOR PL-6 ( 6"" EXPORT-CONDENSTAE & FOC PIGGY BACKED) FROM ARZANAH ISLAND TO ZIRKU ISLAND",AZ0091-32-REP-0007,,DATA/TECH/2745-PP-GE-001-MDR Rev_2.xlsx,PIPELINE & CABLE doc,16,INCLUDE,,SDOC-b1933ef79037a50946403167,GDOC-6441204aa94f3d9eebd1daf3
2745,TECH,PIPELINE & CABLE,DOCUMENT,REPORT,8405-NN-RP-008,SHORE PULL ANALYSES REPORT AT ARZANAH EAST,AZ0091-32-REP-0008,,DATA/TECH/2745-PP-GE-001-MDR Rev_2.xlsx,PIPELINE & CABLE doc,17,INCLUDE,,SDOC-b4f14f21ca90dcc961906eb6,GDOC-28be4efed3d749e0ea520a92
2745,TECH,PIPELINE & CABLE,DOCUMENT,REPORT,8405-NN-RP-009,SHORE PULL ANALYSES REPORT AT ARZANAH SOUTH,AZ0091-32-REP-0009,,DATA/TECH/2745-PP-GE-001-MDR Rev_2.xlsx,PIPELINE & CABLE doc,18,INCLUDE,,SDOC-c74efc3e6f98e7d584459fe2,GDOC-0885769ef3cb6b3802eb20f6
2745,TECH,PIPELINE & CABLE,DOCUMENT,ANALYSIS REPORT,8405-NN-RP-010,SHORE PULL ANALYSIS REPORT AT ZIRKU ISLAND,AZ0091-32-REP-0010,,DATA/TECH/2745-PP-GE-001-MDR Rev_2.xlsx,PIPELINE & CABLE doc,19,INCLUDE,,SDOC-f6dcf188a172f8aaf462ec52,GDOC-3a09048e481c3d4340afac8f
2745,TECH,PIPELINE & CABLE,DOCUMENT,ANALYSIS REPORT,8405-NN-RP-011,MIDLINE TIE-IN ANALYSIS REPORT,CF0000-32-REP-0011,,DATA/TECH/2745-PP-GE-001-MDR Rev_2.xlsx,PIPELINE & CABLE doc,20,INCLUDE,,SDOC-86b23cfd8a896a941a3f5ee2,GDOC-055f6677be9ee0749405a0f0
2745,TECH,PIPELINE & CABLE,DOCUMENT,REPORT,8405-NN-RP-012,SEAFASTENING DESIGN REPORT FOR TRANSPORTATION OF CC PIPES ON CARGO BARGE,CF0000-32-REP-0012,,DATA/TECH/2745-PP-GE-001-MDR Rev_2.xlsx,PIPELINE & CABLE doc,21,INCLUDE,,SDOC-ac8c990a0ad3e40e377ddbf4,GDOC-118cee05f61a35f036e1a143
2745,TECH,PIPELINE & CABLE,DOCUMENT,REPORT,8405-NN-RP-013,SEAFASTENING DESIGN REPORT FOR TRANSPORTATION OF CC PIPES ON CARGO BARGE,Duplicate,,DATA/TECH/2745-PP-GE-001-MDR Rev_2.xlsx,PIPELINE & CABLE doc,22,INCLUDE,,SDOC-96c5985ac4d0168d133efd35,GDOC-d3f34da3aeacea9bfcb503e9
2745,TECH,PIPELINE & CABLE,DOCUMENT,REPORT,8405-NN-RP-014,SEAFASTENING DESIGN REPORT FOR TRANSPORTATION OF CC PIPES ON CARGO BARGE,Duplicate,,DATA/TECH/2745-PP-GE-001-MDR Rev_2.xlsx,PIPELINE & CABLE doc,23,INCLUDE,,SDOC-b89a941351fe52c5197c7c17,GDOC-4b42883e39d9318d99915e8f
2745,TECH,PIPELINE & CABLE,DOCUMENT,REPORT,8405-NN-RP-015,SEAFASTENING DESIGN REPORT FOR TRANSPORTATION OF CC PIPES ON CARGO BARGE,Duplicate,,DATA/TECH/2745-PP-GE-001-MDR Rev_2.xlsx,PIPELINE & CABLE doc,24,INCLUDE,,SDOC-d01bfc6a0eb89dd6a92de59c,GDOC-ebf13fff05607372fcaadf7b
2745,TECH,PIPELINE & CABLE,DOCUMENT,REPORT,8405-NN-RP-016,SEAFASTENING DESGIN REPORT FOR TRANSPORTATION OF CONCRETE SLEEPERS,Duplicate,,DATA/TECH/2745-PP-GE-001-MDR Rev_2.xlsx,PIPELINE & CABLE doc,25,INCLUDE,,SDOC-a0409a4b391d9641edbf9b03,GDOC-28eaf1219c378de560e293cc
2745,TECH,PIPELINE & CABLE,DOCUMENT,REPORT,8405-NN-RP-017,SEAFASTENING DESGIN REPORT FOR TRANSPORTATION OF CONCRETE SLEEPERS,Duplicate,,DATA/TECH/2745-PP-GE-001-MDR Rev_2.xlsx,PIPELINE & CABLE doc,26,INCLUDE,,SDOC-23b7dc6f1ee6e3df68a61f25,GDOC-5452558db75dbfd9105bf0ac
2745,TECH,PIPELINE & CABLE,DOCUMENT,REPORT,8405-NN-RP-018,SEAFASTENING DESGIN REPORT FOR TRANSPORTATION OF CONCRETE SLEEPERS,Duplicate,,DATA/TECH/2745-PP-GE-001-MDR Rev_2.xlsx,PIPELINE & CABLE doc,27,INCLUDE,,SDOC-19662e7acfc5d690da716b09,GDOC-6169c8bab9c5058a5fe8b10c
2745,TECH,PIPELINE & CABLE,DOCUMENT,REPORT,8405-NN-RP-019,SEAFASTENING DESGIN REPORT FOR TRANSPORTATION OF CONCRETE SLEEPERS,Duplicate,,DATA/TECH/2745-PP-GE-001-MDR Rev_2.xlsx,PIPELINE & CABLE doc,28,INCLUDE,,SDOC-6e59a52c2f4f584ce844e358,GDOC-d4152d74d89e2c2858c638cf
2745,TECH,PIPELINE & CABLE,DOCUMENT,REPORT,8405-NN-RP-020,SEAFASTENING DESGIN REPORT FOR TRANSPORTATION OF CONCRETE MATTRESSES,Duplicate,,DATA/TECH/2745-PP-GE-001-MDR Rev_2.xlsx,PIPELINE & CABLE doc,29,INCLUDE,,SDOC-f54e4c24fa30138d25d420dd,GDOC-6b51ec4966ebaf8268ce0942
2745,TECH,PIPELINE & CABLE,DOCUMENT,REPORT,8405-NN-RP-021,SEAFASTENING DESGIN REPORT FOR TRANSPORTATION OF CONCRETE MATTRESSES,Duplicate,,DATA/TECH/2745-PP-GE-001-MDR Rev_2.xlsx,PIPELINE & CABLE doc,30,INCLUDE,,SDOC-da54b4619ea443860acc905d,GDOC-abc958bedf5317f497a5c760
2745,TECH,PIPELINE & CABLE,DOCUMENT,ANALYSIS REPORT,8405-NN-RP-022,RISER/SPOOL LIFTING ANALYSIS REPORT AT WHP BH3,BH0101-32-REP-0013,,DATA/TECH/2745-PP-GE-001-MDR Rev_2.xlsx,PIPELINE & CABLE doc,31,INCLUDE,,SDOC-bbb9431413a563dcaa5cf46e,GDOC-865ffbe900f88bbc592f7d4c
2745,TECH,PIPELINE & CABLE,DOCUMENT,ANALYSIS REPORT,8405-NN-RP-023,RISER/SPOOL LIFTING ANALYSIS REPORT AT SATAH WHP-10,ST0101-32-REP-0014,,DATA/TECH/2745-PP-GE-001-MDR Rev_2.xlsx,PIPELINE & CABLE doc,32,INCLUDE,,SDOC-897be55c6b911d2c24022ca9,GDOC-03d986f95b0f8632049a2cb8
2745,TECH,PIPELINE & CABLE,DOCUMENT,ANALYSIS REPORT,8405-NN-RP-024,RISER/SPOOL LIFTING ANALYSIS REPORT AT IGD-E,KP3801-32-REP-0015,,DATA/TECH/2745-PP-GE-001-MDR Rev_2.xlsx,PIPELINE & CABLE doc,33,INCLUDE,,SDOC-ca0980ee754a6d74ac0fca49,GDOC-ed05d4a90cda8268002621c7
2745,TECH,PIPELINE & CABLE,DOCUMENT,ANALYSIS REPORT,8405-NN-RP-025,RISER/SPOOL LIFTING ANALYSIS REPORT AT WHP HD3,BH0101-32-REP-0016,,DATA/TECH/2745-PP-GE-001-MDR Rev_2.xlsx,PIPELINE & CABLE doc,34,INCLUDE,,SDOC-e889712e7ad6eedc28540ff9,GDOC-704e45e5a078cc991e6cfde1
2745,TECH,PIPELINE & CABLE,DOCUMENT,ANALYSIS REPORT,8405-NN-RP-026,RISER/SPOOL LIFTING ANALYSIS REPORT AT HD WHP-T4,BH0201-32-REP-0017,,DATA/TECH/2745-PP-GE-001-MDR Rev_2.xlsx,PIPELINE & CABLE doc,35,INCLUDE,,SDOC-4c293e09f4a01ff65d2f2fbd,GDOC-618d8027e3f38f3ff0efb834
2745,TECH,PIPELINE & CABLE,DOCUMENT,ANALYSIS REPORT,8405-NN-RP-027,SEAFASTENING ANALYSIS REPORT FOR TRANSPORTATION OF SUBSEA SPOOLS (TRIP-1),CF0000-32-REP-0018,,DATA/TECH/2745-PP-GE-001-MDR Rev_2.xlsx,PIPELINE & CABLE doc,36,INCLUDE,,SDOC-a156b26aa4e32788b1335c5c,GDOC-82be2c35eba4a28a3d605b4c
2745,TECH,PIPELINE & CABLE,DOCUMENT,ANALYSIS REPORT,8405-NN-RP-028,SEAFASTENING ANALYSIS REPORT FOR TRANSPORTATION OF SUBSEA SPOOLS (TRIP-2),CF0000-32-REP-0019,,DATA/TECH/2745-PP-GE-001-MDR Rev_2.xlsx,PIPELINE & CABLE doc,37,INCLUDE,,SDOC-201bf96d12ad5181583a875d,GDOC-a6b5211c43ca8ae9e15053f0
2745,TECH,PIPELINE & CABLE,DOCUMENT,ANALYSIS REPORT,8405-NN-RP-029,INSTALLATION ANALYSIS REPORT FOR CC-1( COMPOSITE CABLES FROM ARZANAH ISLAND TO IGD-E),KP3801-32-REP-0020,,DATA/TECH/2745-PP-GE-001-MDR Rev_2.xlsx,PIPELINE & CABLE doc,38,INCLUDE,,SDOC-45be26ff57d3a75cdf20e5c0,GDOC-3326477b2420bc5e229765e1
2745,TECH,PIPELINE & CABLE,DOCUMENT,ANALYSIS REPORT,8405-NN-RP-30,Composite Cable Installation analysis report,CF0000-32-REP-0021,,DATA/TECH/2745-PP-GE-001-MDR Rev_2.xlsx,PIPELINE & CABLE doc,39,INCLUDE,,SDOC-c6df7dd921ce27da2e0a5b01,GDOC-7f9125fd54a95ece58242398
2745,TECH,PIPELINE & CABLE,DOCUMENT,ANALYSIS REPORT,8405-NN-RP-31,Umbilical Installation analysis report,CF0000-32-REP-0022,,DATA/TECH/2745-PP-GE-001-MDR Rev_2.xlsx,PIPELINE & CABLE doc,40,INCLUDE,,SDOC-6016db147cd275829bdcf9b1,GDOC-c151a1ca529ce0fa078273d9
