Project No.,Source Family,Discipline,Category,Subcategory,Document No.,Document Title,Revision,Event Date,Event Status,Source File,Source Sheet,Source Row,Parsing Status,Warnings,Revision_Key,Source_Document_Key
2035,METHODS,OFFSHORE INSTALLATION,PROCEDURE,INSTALLATION PROCEDURE,2035-PP-OF-0004,PRE-ENGINEERING JACKET FACE DIVING SURVEY PROCEDURE,1,2022-03-15,,DATA/METHODS/2035 - UMM Shaif Delivarables.xlsx,Installation Procedures ,9,INCLUDE,,REV-ce49480220682686527bb7a3,SDOC-62457768ce5f66d16f26816a
2035,METHODS,OFFSHORE INSTALLATION,PROCEDURE,INSTALLATION PROCEDURE,2035-PP-OF-0004,PRE-ENGINEERING JACKET FACE DIVING SURVEY PROCEDURE,2,2022-06-03,2-Approved with Comments,DATA/METHODS/2035 - UMM Shaif Delivarables.xlsx,Installation Procedures ,10,INCLUDE,,REV-3eca3c109f47a79730c05a27,SDOC-62457768ce5f66d16f26816a
2035,METHODS,OFFSHORE INSTALLATION,PROCEDURE,INSTALLATION PROCEDURE,2035-PP-OF-0004,PRE-ENGINEERING JACKET FACE DIVING SURVEY PROCEDURE,3,2022-07-07,,DATA/METHODS/2035 - UMM Shaif Delivarables.xlsx,Installation Procedures ,11,INCLUDE,,REV-dd2536c101e142c34e9b6abb,SDOC-62457768ce5f66d16f26816a
2035,METHODS,OFFSHORE INSTALLATION,PROCEDURE,INSTALLATION PROCEDURE,2035-PP-OF-0018,ANCHOR HANDLING PROCEDURE FOR GRAVITY ANCHORS BY HAMMER HEAD CRANE VESSEL,1,2022-03-17,,DATA/METHODS/2035 - UMM Shaif Delivarables.xlsx,Installation Procedures ,12,INCLUDE,,REV-0fb48e7e7182023cbeb8d965,SDOC-d29a7b5e678d6820d8bd241a
2035,METHODS,OFFSHORE INSTALLATION,PROCEDURE,INSTALLATION PROCEDURE,2035-PP-OF-0018,ANCHOR HANDLING PROCEDURE FOR GRAVITY ANCHORS BY HAMMER HEAD CRANE VESSEL,2,2023-05-21,3-Not Accepted. Revise and re-submit,DATA/METHODS/2035 - UMM Shaif Delivarables.xlsx,Installation Procedures ,13,INCLUDE,,REV-5ae31ab0f151fed5fef88902,SDOC-d29a7b5e678d6820d8bd241a
2035,METHODS,OFFSHORE INSTALLATION,PROCEDURE,INSTALLATION PROCEDURE,2035-PP-OF-0019,ANCHOR HANDLING AND MOORING PROCEDURE FOR FLOATING BARGES,A1,2023-08-15,,DATA/METHODS/2035 - UMM Shaif Delivarables.xlsx,Installation Procedures ,14,INCLUDE,,REV-93fab7aed184428ab8731e92,SDOC-ff0fecfc8157b83bb4ece2d3
2035,METHODS,OFFSHORE INSTALLATION,PROCEDURE,INSTALLATION PROCEDURE,2035-PP-OF-0019,ANCHOR HANDLING AND MOORING PROCEDURE FOR FLOATING BARGES,1,2023-08-30,,DATA/METHODS/2035 - UMM Shaif Delivarables.xlsx,Installation Procedures ,15,INCLUDE,,REV-53b5289a70fa5ca7673ee978,SDOC-ff0fecfc8157b83bb4ece2d3
2035,METHODS,OFFSHORE INSTALLATION,PROCEDURE,INSTALLATION PROCEDURE,2035-PP-OF-0019,ANCHOR HANDLING AND MOORING PROCEDURE FOR FLOATING BARGES,2,2024-11-02,,DATA/METHODS/2035 - UMM Shaif Delivarables.xlsx,Installation Procedures ,16,INCLUDE,,REV-c3bf6fe9f9976e4c72ccb38b,SDOC-ff0fecfc8157b83bb4ece2d3
2035,METHODS,OFFSHORE INSTALLATION,PROCEDURE,INSTALLATION PROCEDURE,2035-PP-OF-0019,ANCHOR HANDLING AND MOORING PROCEDURE FOR FLOATING BARGES,3,2024-12-05,1-Approved,DATA/METHODS/2035 - UMM Shaif Delivarables.xlsx,Installation Procedures ,17,INCLUDE,,REV-5314fbe32116acb1e7cd68e5,SDOC-ff0fecfc8157b83bb4ece2d3
2035,METHODS,OFFSHORE INSTALLATION,PROCEDURE,INSTALLATION PROCEDURE,2035-PP-OF-0019,ANCHOR HANDLING AND MOORING PROCEDURE FOR FLOATING BARGES,4,2025-04-14,,DATA/METHODS/2035 - UMM Shaif Delivarables.xlsx,Installation Procedures ,18,INCLUDE,,REV-166d70230e1f80f524bb36c2,SDOC-ff0fecfc8157b83bb4ece2d3
2035,METHODS,OFFSHORE INSTALLATION,PROCEDURE,INSTALLATION PROCEDURE,2035-PP-OF-0019,ANCHOR HANDLING AND MOORING PROCEDURE FOR FLOATING BARGES,5,2025-09-17,,DATA/METHODS/2035 - UMM Shaif Delivarables.xlsx,Installation Procedures ,19,INCLUDE,,REV-21f97864a0517c3f998ccaf2,SDOC-ff0fecfc8157b83bb4ece2d3
2035,METHODS,OFFSHORE INSTALLATION,PROCEDURE,INSTALLATION PROCEDURE,2035-PP-OF-0019,ANCHOR HANDLING AND MOORING PROCEDURE FOR FLOATING BARGES,6,,,DATA/METHODS/2035 - UMM Shaif Delivarables.xlsx,Installation Procedures ,20,INCLUDE,,REV-0ffa8a6ca52001a2d5581b44,SDOC-ff0fecfc8157b83bb4ece2d3
2035,METHODS,OFFSHORE INSTALLATION,PROCEDURE,INSTALLATION PROCEDURE,2035-PP-OF-0019,ANCHOR HANDLING AND MOORING PROCEDURE FOR FLOATING BARGES,7,2005-12-08,1-Approved,DATA/METHODS/2035 - UMM Shaif Delivarables.xlsx,Installation Procedures ,21,INCLUDE,,REV-f350a5ee1453a5e2f33fb097,SDOC-ff0fecfc8157b83bb4ece2d3
2035,METHODS,OFFSHORE INSTALLATION,PROCEDURE,INSTALLATION PROCEDURE,2035-PP-OF-0019,ANCHOR HANDLING AND MOORING PROCEDURE FOR FLOATING BARGES,8,2026-03-13,,DATA/METHODS/2035 - UMM Shaif Delivarables.xlsx,Installation Procedures ,22,INCLUDE,,REV-42f7e505d6c804fab76b9304,SDOC-ff0fecfc8157b83bb4ece2d3
2035,METHODS,OFFSHORE INSTALLATION,PROCEDURE,INSTALLATION PROCEDURE,2035-PP-OF-0019,ANCHOR HANDLING AND MOORING PROCEDURE FOR FLOATING BARGES,9,2026-03-24,,DATA/METHODS/2035 - UMM Shaif Delivarables.xlsx,Installation Procedures ,23,INCLUDE,,REV-4d472711102e6e178719c6f8,SDOC-ff0fecfc8157b83bb4ece2d3
2035,METHODS,OFFSHORE INSTALLATION,PROCEDURE,INSTALLATION PROCEDURE,2035-PP-OF-0019,ANCHOR HANDLING AND MOORING PROCEDURE FOR FLOATING BARGES,10,2026-09-08,,DATA/METHODS/2035 - UMM Shaif Delivarables.xlsx,Installation Procedures ,24,INCLUDE,,REV-2ce020c197ab9fc02daa8c80,SDOC-ff0fecfc8157b83bb4ece2d3
2035,METHODS,OFFSHORE INSTALLATION,PROCEDURE,INSTALLATION PROCEDURE,2035-PP-OF-0020,ANCHOR HANDLING AND MOORING PROCEDURE FOR JACK UP BARGES,A1,,,DATA/METHODS/2035 - UMM Shaif Delivarables.xlsx,Installation Procedures ,25,INCLUDE,,REV-0db9def071aa4bac7dbea905,SDOC-e7ff9a8c7ce1b8a6e0a6bd8f
2035,METHODS,OFFSHORE INSTALLATION,PROCEDURE,INSTALLATION PROCEDURE,2035-PP-OF-0020,ANCHOR HANDLING AND MOORING PROCEDURE FOR JACK UP BARGES,1,2023-06-19,,DATA/METHODS/2035 - UMM Shaif Delivarables.xlsx,Installation Procedures ,26,INCLUDE,,REV-b82b302b64e6cd04c2649069,SDOC-e7ff9a8c7ce1b8a6e0a6bd8f
2035,METHODS,OFFSHORE INSTALLATION,PROCEDURE,INSTALLATION PROCEDURE,2035-PP-OF-0020,ANCHOR HANDLING AND MOORING PROCEDURE FOR JACK UP BARGES,2,2024-12-12,1-Approved,DATA/METHODS/2035 - UMM Shaif Delivarables.xlsx,Installation Procedures ,27,INCLUDE,,REV-a8130582cfcfd1f4aeba2167,SDOC-e7ff9a8c7ce1b8a6e0a6bd8f
2035,METHODS,OFFSHORE INSTALLATION,PROCEDURE,INSTALLATION PROCEDURE,2035-PP-OF-0021,GROUT BAGS INSTALLATION AND FREE SPANS CORRECTION PROCEDURE,A1,2024-05-21,,DATA/METHODS/2035 - UMM Shaif Delivarables.xlsx,Installation Procedures ,28,INCLUDE,,REV-288325c1098c181d99cebc21,SDOC-1533909ba4fe73eff41d4eca
2035,METHODS,OFFSHORE INSTALLATION,PROCEDURE,INSTALLATION PROCEDURE,2035-PP-OF-0021,GROUT BAGS INSTALLATION AND FREE SPANS CORRECTION PROCEDURE,1,2024-06-26,,DATA/METHODS/2035 - UMM Shaif Delivarables.xlsx,Installation Procedures ,29,INCLUDE,,REV-b81c51d2eb50361bbb5ca023,SDOC-1533909ba4fe73eff41d4eca
2035,METHODS,OFFSHORE INSTALLATION,PROCEDURE,INSTALLATION PROCEDURE,2035-PP-OF-0021,GROUT BAGS INSTALLATION AND FREE SPANS CORRECTION PROCEDURE,2,2024-08-19,,DATA/METHODS/2035 - UMM Shaif Delivarables.xlsx,Installation Procedures ,30,INCLUDE,,REV-e01848eadc3c3696219e3e57,SDOC-1533909ba4fe73eff41d4eca
2035,METHODS,OFFSHORE INSTALLATION,PROCEDURE,INSTALLATION PROCEDURE,2035-PP-OF-0021,GROUT BAGS INSTALLATION AND FREE SPANS CORRECTION PROCEDURE,3,2024-12-19,1-Approved,DATA/METHODS/2035 - UMM Shaif Delivarables.xlsx,Installation Procedures ,31,INCLUDE,,REV-bd6e4cd6926491cbd0f5baa8,SDOC-1533909ba4fe73eff41d4eca
2035,METHODS,OFFSHORE INSTALLATION,PROCEDURE,INSTALLATION PROCEDURE,2035-PP-OF-0021,GROUT BAGS INSTALLATION AND FREE SPANS CORRECTION PROCEDURE,4,2025-12-25,,DATA/METHODS/2035 - UMM Shaif Delivarables.xlsx,Installation Procedures ,32,INCLUDE,,REV-666bd1d2b5e383e944584c6b,SDOC-1533909ba4fe73eff41d4eca
2035,METHODS,OFFSHORE INSTALLATION,PROCEDURE,INSTALLATION PROCEDURE,2035-PP-OF-0022,SLEEPERS AND FLEXIBLE MATTRESSES INSTALLATION PROCEDURE,1,2023-06-09,,DATA/METHODS/2035 - UMM Shaif Delivarables.xlsx,Installation Procedures ,33,INCLUDE,,REV-35a09e89353d3724625c630c,SDOC-1ac33881ac7234995eb9076f
2035,METHODS,OFFSHORE INSTALLATION,PROCEDURE,INSTALLATION PROCEDURE,2035-PP-OF-0022,SLEEPERS AND FLEXIBLE MATTRESSES INSTALLATION PROCEDURE,2,2023-10-20,,DATA/METHODS/2035 - UMM Shaif Delivarables.xlsx,Installation Procedures ,34,INCLUDE,,REV-9406de9133cf5399951ce573,SDOC-1ac33881ac7234995eb9076f
2035,METHODS,OFFSHORE INSTALLATION,PROCEDURE,INSTALLATION PROCEDURE,2035-PP-OF-0022,SLEEPERS AND FLEXIBLE MATTRESSES INSTALLATION PROCEDURE,3,2023-12-28,,DATA/METHODS/2035 - UMM Shaif Delivarables.xlsx,Installation Procedures ,35,INCLUDE,,REV-4aacdd6d1e5b5f5e8bad72d6,SDOC-1ac33881ac7234995eb9076f
2035,METHODS,OFFSHORE INSTALLATION,PROCEDURE,INSTALLATION PROCEDURE,2035-PP-OF-0022,SLEEPERS AND FLEXIBLE MATTRESSES INSTALLATION PROCEDURE,4,2024-03-26,1-Approved,DATA/METHODS/2035 - UMM Shaif Delivarables.xlsx,Installation Procedures ,36,INCLUDE,,REV-09f71e844653ec96a38ebd61,SDOC-1ac33881ac7234995eb9076f
2035,METHODS,OFFSHORE INSTALLATION,PROCEDURE,INSTALLATION PROCEDURE,2035-PP-OF-0022,SLEEPERS AND FLEXIBLE MATTRESSES INSTALLATION PROCEDURE,5,2024-03-22,,DATA/METHODS/2035 - UMM Shaif Delivarables.xlsx,Installation Procedures ,37,INCLUDE,,REV-1c785f66bf12966e5e50d32e,SDOC-1ac33881ac7234995eb9076f
2035,METHODS,OFFSHORE INSTALLATION,PROCEDURE,INSTALLATION PROCEDURE,2035-PP-OF-0022,SLEEPERS AND FLEXIBLE MATTRESSES INSTALLATION PROCEDURE,6,2026-01-06,3-Reviewed with Comments,DATA/METHODS/2035 - UMM Shaif Delivarables.xlsx,Installation Procedures ,38,INCLUDE,,REV-47b5733a1a3df62930f634f4,SDOC-1ac33881ac7234995eb9076f
2035,METHODS,OFFSHORE INSTALLATION,PROCEDURE,INSTALLATION PROCEDURE,2035-PP-OF-0022,SLEEPERS AND FLEXIBLE MATTRESSES INSTALLATION PROCEDURE,7,2026-01-21,2-Approved with Comments,DATA/METHODS/2035 - UMM Shaif Delivarables.xlsx,Installation Procedures ,39,INCLUDE,,REV-42c4784cbcd0b0af66f56d33,SDOC-1ac33881ac7234995eb9076f
2035,METHODS,OFFSHORE INSTALLATION,PROCEDURE,INSTALLATION PROCEDURE,2035-PP-OF-0022,SLEEPERS AND FLEXIBLE MATTRESSES INSTALLATION PROCEDURE,8,2026-02-13,,DATA/METHODS/2035 - UMM Shaif Delivarables.xlsx,Installation Procedures ,40,INCLUDE,,REV-d104fea41169e8c963979215,SDOC-1ac33881ac7234995eb9076f
2035,METHODS,OFFSHORE INSTALLATION,PROCEDURE,INSTALLATION PROCEDURE,2035-PP-OF-0022,SLEEPERS AND FLEXIBLE MATTRESSES INSTALLATION PROCEDURE,9,2026-09-02,,DATA/METHODS/2035 - UMM Shaif Delivarables.xlsx,Installation Procedures ,41,INCLUDE,,REV-65378653eaf58043dadbb8f6,SDOC-1ac33881ac7234995eb9076f
2035,METHODS,OFFSHORE INSTALLATION,PROCEDURE,INSTALLATION PROCEDURE,2035-PP-OF-0025,PIPELINES INSTALLATION MANUAL,A1,2023-10-30,,DATA/METHODS/2035 - UMM Shaif Delivarables.xlsx,Installation Procedures ,42,INCLUDE,,REV-a9eedf4c744262ef2da744eb,SDOC-4be55a8e9644431e23057b4b
2035,METHODS,OFFSHORE INSTALLATION,PROCEDURE,INSTALLATION PROCEDURE,2035-PP-OF-0025,PIPELINES INSTALLATION MANUAL,1,2024-04-15,3-Reviewed with Comments,DATA/METHODS/2035 - UMM Shaif Delivarables.xlsx,Installation Procedures ,43,INCLUDE,,REV-4f553e24efc28fc7a1e34731,SDOC-4be55a8e9644431e23057b4b
2035,METHODS,OFFSHORE INSTALLATION,PROCEDURE,INSTALLATION PROCEDURE,2035-PP-OF-0025,PIPELINES INSTALLATION MANUAL,2,2024-05-27,,DATA/METHODS/2035 - UMM Shaif Delivarables.xlsx,Installation Procedures ,44,INCLUDE,,REV-3d4acf985975da6480c4acf2,SDOC-4be55a8e9644431e23057b4b
2035,METHODS,OFFSHORE INSTALLATION,PROCEDURE,INSTALLATION PROCEDURE,2035-PP-OF-0025,PIPELINES INSTALLATION MANUAL,3,2024-08-29,1-Approved,DATA/METHODS/2035 - UMM Shaif Delivarables.xlsx,Installation Procedures ,45,INCLUDE,,REV-ddcd2007ff18d2b164db347d,SDOC-4be55a8e9644431e23057b4b
2035,METHODS,OFFSHORE INSTALLATION,PROCEDURE,INSTALLATION PROCEDURE,2035-PP-OF-0025,PIPELINES INSTALLATION MANUAL,4,2024-11-06,,DATA/METHODS/2035 - UMM Shaif Delivarables.xlsx,Installation Procedures ,46,INCLUDE,,REV-d7085f2517ab990a6ed7c16b,SDOC-4be55a8e9644431e23057b4b
2035,METHODS,OFFSHORE INSTALLATION,PROCEDURE,INSTALLATION PROCEDURE,2035-PP-OF-0025,PIPELINES INSTALLATION MANUAL,5,2025-03-07,2-Approved with Comments,DATA/METHODS/2035 - UMM Shaif Delivarables.xlsx,Installation Procedures ,47,INCLUDE,,REV-6e157fb961aeac40e26f7184,SDOC-4be55a8e9644431e23057b4b
2035,METHODS,OFFSHORE INSTALLATION,PROCEDURE,INSTALLATION PROCEDURE,2035-PP-OF-0025,PIPELINES INSTALLATION MANUAL,6,2025-06-10,,DATA/METHODS/2035 - UMM Shaif Delivarables.xlsx,Installation Procedures ,48,INCLUDE,,REV-d0e41a2f5625b7c756dfff8a,SDOC-4be55a8e9644431e23057b4b
2035,METHODS,OFFSHORE INSTALLATION,PROCEDURE,INSTALLATION PROCEDURE,2035-PP-OF-0025,PIPELINES INSTALLATION MANUAL,7,2025-08-29,2-Approved with Comments,DATA/METHODS/2035 - UMM Shaif Delivarables.xlsx,Installation Procedures ,49,INCLUDE,,REV-ccbb1377ec61128a9546b707,SDOC-4be55a8e9644431e23057b4b
2035,METHODS,OFFSHORE INSTALLATION,PROCEDURE,INSTALLATION PROCEDURE,2035-PP-OF-0025,PIPELINES INSTALLATION MANUAL,8,2025-09-30,,DATA/METHODS/2035 - UMM Shaif Delivarables.xlsx,Installation Procedures ,50,INCLUDE,,REV-a62c9607f022ccec0fb0e6c7,SDOC-4be55a8e9644431e23057b4b
2035,METHODS,OFFSHORE INSTALLATION,PROCEDURE,INSTALLATION PROCEDURE,2035-PP-OF-0025,PIPELINES INSTALLATION MANUAL,9,2025-12-11,,DATA/METHODS/2035 - UMM Shaif Delivarables.xlsx,Installation Procedures ,51,INCLUDE,,REV-04e6f16f512577e76311225f,SDOC-4be55a8e9644431e23057b4b
2035,METHODS,OFFSHORE INSTALLATION,PROCEDURE,INSTALLATION PROCEDURE,2035-PP-OF-0025,PIPELINES INSTALLATION MANUAL,10,2026-05-01,1-Approved,DATA/METHODS/2035 - UMM Shaif Delivarables.xlsx,Installation Procedures ,52,INCLUDE,,REV-3e14b8ca00d058a90d1f890b,SDOC-4be55a8e9644431e23057b4b
2035,METHODS,OFFSHORE INSTALLATION,PROCEDURE,INSTALLATION PROCEDURE,2035-PP-OF-0026,JACKETS INSTALLATION MANUAL,A1,2023-03-16,,DATA/METHODS/2035 - UMM Shaif Delivarables.xlsx,Installation Procedures ,53,INCLUDE,,REV-a99c0075e8ad4207f11d5d05,SDOC-f387e65453a6f978585f9919
2035,METHODS,OFFSHORE INSTALLATION,PROCEDURE,INSTALLATION PROCEDURE,2035-PP-OF-0026,JACKETS INSTALLATION MANUAL,1,2023-04-07,,DATA/METHODS/2035 - UMM Shaif Delivarables.xlsx,Installation Procedures ,54,INCLUDE,,REV-5776663363495e669b43fe0b,SDOC-f387e65453a6f978585f9919
2035,METHODS,OFFSHORE INSTALLATION,PROCEDURE,INSTALLATION PROCEDURE,2035-PP-OF-0026,JACKETS INSTALLATION MANUAL,2,2023-04-07,,DATA/METHODS/2035 - UMM Shaif Delivarables.xlsx,Installation Procedures ,55,INCLUDE,,REV-03d3201407ab204d0bb8c9a4,SDOC-f387e65453a6f978585f9919
2035,METHODS,OFFSHORE INSTALLATION,PROCEDURE,INSTALLATION PROCEDURE,2035-PP-OF-0026,JACKETS INSTALLATION MANUAL,3,2023-07-13,1-Approved,DATA/METHODS/2035 - UMM Shaif Delivarables.xlsx,Installation Procedures ,56,INCLUDE,,REV-259c0022a29b6ed900b0931c,SDOC-f387e65453a6f978585f9919
2035,METHODS,OFFSHORE INSTALLATION,PROCEDURE,INSTALLATION PROCEDURE,2035-PP-OF-0026,JACKETS INSTALLATION MANUAL,4,2023-07-13,,DATA/METHODS/2035 - UMM Shaif Delivarables.xlsx,Installation Procedures ,57,INCLUDE,,REV-8ba1ab85fdd507ec857622fc,SDOC-f387e65453a6f978585f9919
2035,METHODS,OFFSHORE INSTALLATION,PROCEDURE,INSTALLATION PROCEDURE,2035-PP-OF-0026,JACKETS INSTALLATION MANUAL,5,2023-07-28,1-Approved,DATA/METHODS/2035 - UMM Shaif Delivarables.xlsx,Installation Procedures ,58,INCLUDE,,REV-9aefd60cc4600890d520f46b,SDOC-f387e65453a6f978585f9919
2035,METHODS,OFFSHORE INSTALLATION,PROCEDURE,INSTALLATION PROCEDURE,2035-PP-OF-0027,RISER (STALK-IN) INSTALLATION PROCEDURE,1,2024-09-21,,DATA/METHODS/2035 - UMM Shaif Delivarables.xlsx,Installation Procedures ,59,INCLUDE,,REV-6ceef3f7347e6455337abd56,SDOC-5440ec1352b06c1c9637d9cf
2035,METHODS,OFFSHORE INSTALLATION,PROCEDURE,INSTALLATION PROCEDURE,2035-PP-OF-0027,RISER (STALK-IN) INSTALLATION PROCEDURE,2,2025-11-19,1-Approved,DATA/METHODS/2035 - UMM Shaif Delivarables.xlsx,Installation Procedures ,60,INCLUDE,,REV-739ef64e07600bcf38c922a2,SDOC-5440ec1352b06c1c9637d9cf
2035,METHODS,OFFSHORE INSTALLATION,PROCEDURE,INSTALLATION PROCEDURE,2035-PP-OF-0027,RISER (STALK-IN) INSTALLATION PROCEDURE,3,2025-11-20,,DATA/METHODS/2035 - UMM Shaif Delivarables.xlsx,Installation Procedures ,61,INCLUDE,,REV-5ac89ac91e40af3e8758cfd5,SDOC-5440ec1352b06c1c9637d9cf
2035,METHODS,OFFSHORE INSTALLATION,PROCEDURE,INSTALLATION PROCEDURE,2035-PP-OF-0027,RISER (STALK-IN) INSTALLATION PROCEDURE,4,2026-07-16,,DATA/METHODS/2035 - UMM Shaif Delivarables.xlsx,Installation Procedures ,62,INCLUDE,,REV-18737950a25d64fbaf111a8e,SDOC-5440ec1352b06c1c9637d9cf
2035,METHODS,OFFSHORE INSTALLATION,PROCEDURE,INSTALLATION PROCEDURE,2035-PP-OF-0028,J-TUBE AND ASSOCIATED CLAMPS INSTALLATION PROCEDURE,1,2023-11-09,1-Approved,DATA/METHODS/2035 - UMM Shaif Delivarables.xlsx,Installation Procedures ,63,INCLUDE,,REV-cf36db524943e2ee4b9132ad,SDOC-d75156ad147041064ffd594a
2035,METHODS,OFFSHORE INSTALLATION,PROCEDURE,INSTALLATION PROCEDURE,2035-PP-OF-0028,J-TUBE AND ASSOCIATED CLAMPS INSTALLATION PROCEDURE,2,2023-10-17,,DATA/METHODS/2035 - UMM Shaif Delivarables.xlsx,Installation Procedures ,64,INCLUDE,,REV-c0d7931bea591d392304d007,SDOC-d75156ad147041064ffd594a
2035,METHODS,OFFSHORE INSTALLATION,PROCEDURE,INSTALLATION PROCEDURE,2035-PP-OF-0028,J-TUBE AND ASSOCIATED CLAMPS INSTALLATION PROCEDURE,3,2023-11-20,1-Approved,DATA/METHODS/2035 - UMM Shaif Delivarables.xlsx,Installation Procedures ,65,INCLUDE,,REV-0e160052796537b2c2110995,SDOC-d75156ad147041064ffd594a
2035,METHODS,OFFSHORE INSTALLATION,PROCEDURE,INSTALLATION PROCEDURE,2035-PP-OF-0028,J-TUBE AND ASSOCIATED CLAMPS INSTALLATION PROCEDURE,4,2023-11-23,,DATA/METHODS/2035 - UMM Shaif Delivarables.xlsx,Installation Procedures ,66,INCLUDE,,REV-451bcb83a3de8baa9d327595,SDOC-d75156ad147041064ffd594a
2035,METHODS,OFFSHORE INSTALLATION,PROCEDURE,INSTALLATION PROCEDURE,2035-PP-OF-0028,J-TUBE AND ASSOCIATED CLAMPS INSTALLATION PROCEDURE,5,2023-12-06,,DATA/METHODS/2035 - UMM Shaif Delivarables.xlsx,Installation Procedures ,67,INCLUDE,,REV-18a4c0036880f6dd0b3875d3,SDOC-d75156ad147041064ffd594a
2035,METHODS,OFFSHORE INSTALLATION,PROCEDURE,INSTALLATION PROCEDURE,2035-PP-OF-0028,J-TUBE AND ASSOCIATED CLAMPS INSTALLATION PROCEDURE,6,2024-01-08,,DATA/METHODS/2035 - UMM Shaif Delivarables.xlsx,Installation Procedures ,68,INCLUDE,,REV-67ef8b9a2380993dc2e7473c,SDOC-d75156ad147041064ffd594a
2035,METHODS,OFFSHORE INSTALLATION,PROCEDURE,INSTALLATION PROCEDURE,2035-PP-OF-0029,NEW DECK INSTALLATION PROCEDURE,A1,2024-04-05,,DATA/METHODS/2035 - UMM Shaif Delivarables.xlsx,Installation Procedures ,69,INCLUDE,,REV-226cb104dde0923e6c4ae549,SDOC-3c18bed8586aeb48ae36a17c
2035,METHODS,OFFSHORE INSTALLATION,PROCEDURE,INSTALLATION PROCEDURE,2035-PP-OF-0029,NEW DECK INSTALLATION PROCEDURE,1,2024-09-06,,DATA/METHODS/2035 - UMM Shaif Delivarables.xlsx,Installation Procedures ,70,INCLUDE,,REV-078251eff125062a8bb3c3d0,SDOC-3c18bed8586aeb48ae36a17c
2035,METHODS,OFFSHORE INSTALLATION,PROCEDURE,INSTALLATION PROCEDURE,2035-PP-OF-0029,NEW DECK INSTALLATION PROCEDURE,2,2024-11-07,1-Approved,DATA/METHODS/2035 - UMM Shaif Delivarables.xlsx,Installation Procedures ,71,INCLUDE,,REV-d0b74c92bbdb4ad3488332fa,SDOC-3c18bed8586aeb48ae36a17c
2035,METHODS,OFFSHORE INSTALLATION,PROCEDURE,INSTALLATION PROCEDURE,2035-PP-OF-0029,NEW DECK INSTALLATION PROCEDURE,3,2024-11-19,1-Approved,DATA/METHODS/2035 - UMM Shaif Delivarables.xlsx,Installation Procedures ,72,INCLUDE,,REV-d2af8e9cf1b7e37404e96258,SDOC-3c18bed8586aeb48ae36a17c
2035,METHODS,OFFSHORE INSTALLATION,PROCEDURE,INSTALLATION PROCEDURE,2035-PP-OF-0029,NEW DECK INSTALLATION PROCEDURE,4,2025-03-05,,DATA/METHODS/2035 - UMM Shaif Delivarables.xlsx,Installation Procedures ,73,INCLUDE,,REV-63abaeca675fdea941e9f8b9,SDOC-3c18bed8586aeb48ae36a17c
2035,METHODS,OFFSHORE INSTALLATION,PROCEDURE,INSTALLATION PROCEDURE,2035-PP-OF-0029,NEW DECK INSTALLATION PROCEDURE,5,2025-04-18,,DATA/METHODS/2035 - UMM Shaif Delivarables.xlsx,Installation Procedures ,74,INCLUDE,,REV-6874dc58aff783c57d6dab82,SDOC-3c18bed8586aeb48ae36a17c
2035,METHODS,OFFSHORE INSTALLATION,PROCEDURE,INSTALLATION PROCEDURE,2035-PP-OF-0029,NEW DECK INSTALLATION PROCEDURE,6,2025-07-28,1-Approved,DATA/METHODS/2035 - UMM Shaif Delivarables.xlsx,Installation Procedures ,75,INCLUDE,,REV-69781c78283feb1643261cdf,SDOC-3c18bed8586aeb48ae36a17c
2035,METHODS,OFFSHORE INSTALLATION,PROCEDURE,INSTALLATION PROCEDURE,2035-PP-OF-0030,RP1 DECK FLOAT OVER INSTALLATION PROCEDURE,A1,2024-05-11,,DATA/METHODS/2035 - UMM Shaif Delivarables.xlsx,Installation Procedures ,76,INCLUDE,,REV-3f37571dd6d14880e329d546,SDOC-b9d7967c3e8d2e97009f0250
2035,METHODS,OFFSHORE INSTALLATION,PROCEDURE,INSTALLATION PROCEDURE,2035-PP-OF-0030,RP1 DECK FLOAT OVER INSTALLATION PROCEDURE,1,2025-02-05,1-Approved,DATA/METHODS/2035 - UMM Shaif Delivarables.xlsx,Installation Procedures ,77,INCLUDE,,REV-8ecd43de9f7c37b4bde59db6,SDOC-b9d7967c3e8d2e97009f0250
2035,METHODS,OFFSHORE INSTALLATION,PROCEDURE,INSTALLATION PROCEDURE,2035-PP-OF-0030,RP1 DECK FLOAT OVER INSTALLATION PROCEDURE,2,2025-04-11,,DATA/METHODS/2035 - UMM Shaif Delivarables.xlsx,Installation Procedures ,78,INCLUDE,,REV-7d0615aa0c60d13a065dff92,SDOC-b9d7967c3e8d2e97009f0250
2035,METHODS,OFFSHORE INSTALLATION,PROCEDURE,INSTALLATION PROCEDURE,2035-PP-OF-0030,RP1 DECK FLOAT OVER INSTALLATION PROCEDURE,3,2025-07-16,,DATA/METHODS/2035 - UMM Shaif Delivarables.xlsx,Installation Procedures ,79,INCLUDE,,REV-92cea3ce49b7c194081dcc18,SDOC-b9d7967c3e8d2e97009f0250
2035,METHODS,OFFSHORE INSTALLATION,PROCEDURE,INSTALLATION PROCEDURE,2035-PP-OF-0031,"PIPELINES FLOODING, GAUGING, CLEANING AND HYDROTESTING PROCEDURE",A1,2024-04-25,,DATA/METHODS/2035 - UMM Shaif Delivarables.xlsx,Installation Procedures ,80,INCLUDE,,REV-ce80ead60a8ed74c33780f20,SDOC-07d544412573b80e1d0b0313
2035,METHODS,OFFSHORE INSTALLATION,PROCEDURE,INSTALLATION PROCEDURE,2035-PP-OF-0031,"PIPELINES FLOODING, GAUGING, CLEANING AND HYDROTESTING PROCEDURE",1,2024-06-10,,DATA/METHODS/2035 - UMM Shaif Delivarables.xlsx,Installation Procedures ,81,INCLUDE,,REV-19e7bb888374c49af5cace51,SDOC-07d544412573b80e1d0b0313
2035,METHODS,OFFSHORE INSTALLATION,PROCEDURE,INSTALLATION PROCEDURE,2035-PP-OF-0031,"PIPELINES FLOODING, GAUGING, CLEANING AND HYDROTESTING PROCEDURE",2,2026-01-02,1-Approved,DATA/METHODS/2035 - UMM Shaif Delivarables.xlsx,Installation Procedures ,82,INCLUDE,,REV-366f3f647504a3e99cd37c7c,SDOC-07d544412573b80e1d0b0313
2035,METHODS,OFFSHORE INSTALLATION,PROCEDURE,INSTALLATION PROCEDURE,2035-PP-OF-0031,"PIPELINES FLOODING, GAUGING, CLEANING AND HYDROTESTING PROCEDURE",3,2026-05-19,,DATA/METHODS/2035 - UMM Shaif Delivarables.xlsx,Installation Procedures ,83,INCLUDE,,REV-07248e40d392e16f91498669,SDOC-07d544412573b80e1d0b0313
2035,METHODS,OFFSHORE INSTALLATION,PROCEDURE,INSTALLATION PROCEDURE,2035-PP-OF-0031,"PIPELINES FLOODING, GAUGING, CLEANING AND HYDROTESTING PROCEDURE",4,2026-06-10,,DATA/METHODS/2035 - UMM Shaif Delivarables.xlsx,Installation Procedures ,84,INCLUDE,,REV-2e062d85772d9d8f84c2c5bc,SDOC-07d544412573b80e1d0b0313
2035,METHODS,OFFSHORE INSTALLATION,PROCEDURE,INSTALLATION PROCEDURE,2035-PP-OF-0031,"PIPELINES FLOODING, GAUGING, CLEANING AND HYDROTESTING PROCEDURE",5,2026-08-26,,DATA/METHODS/2035 - UMM Shaif Delivarables.xlsx,Installation Procedures ,85,INCLUDE,,REV-c294966e19b4946dc4c5d2ff,SDOC-07d544412573b80e1d0b0313
2035,METHODS,OFFSHORE INSTALLATION,PROCEDURE,INSTALLATION PROCEDURE,2035-PP-OF-0032,COMPOSITE CABLE INSTALLATION & PULL IN THROUGH J-TUBE PROCEDURE,A1,2025-09-18,,DATA/METHODS/2035 - UMM Shaif Delivarables.xlsx,Installation Procedures ,86,INCLUDE,,REV-e37b6b46bc98e5d0242cf2b1,SDOC-c5ba85bbbab582d805935634
2035,METHODS,OFFSHORE INSTALLATION,PROCEDURE,INSTALLATION PROCEDURE,2035-PP-OF-0032,COMPOSITE CABLE INSTALLATION & PULL IN THROUGH J-TUBE PROCEDURE,1,2025-03-21,3-Reviewed with Comments,DATA/METHODS/2035 - UMM Shaif Delivarables.xlsx,Installation Procedures ,87,INCLUDE,,REV-3ccb133564f051900301207d,SDOC-c5ba85bbbab582d805935634
2035,METHODS,OFFSHORE INSTALLATION,PROCEDURE,INSTALLATION PROCEDURE,2035-PP-OF-0032,COMPOSITE CABLE INSTALLATION & PULL IN THROUGH J-TUBE PROCEDURE,2,2025-05-19,,DATA/METHODS/2035 - UMM Shaif Delivarables.xlsx,Installation Procedures ,88,INCLUDE,,REV-3c3946f113b44f2c2f8cb707,SDOC-c5ba85bbbab582d805935634
2035,METHODS,OFFSHORE INSTALLATION,PROCEDURE,INSTALLATION PROCEDURE,2035-PP-OF-0032,COMPOSITE CABLE INSTALLATION & PULL IN THROUGH J-TUBE PROCEDURE,3,2025-08-25,1-Approved,DATA/METHODS/2035 - UMM Shaif Delivarables.xlsx,Installation Procedures ,89,INCLUDE,,REV-54b3958b43b3ee45ef79fc03,SDOC-c5ba85bbbab582d805935634
2035,METHODS,OFFSHORE INSTALLATION,PROCEDURE,INSTALLATION PROCEDURE,2035-PP-OF-0033,OFFSHORE HOOK-UP PROCEDURE,,,,DATA/METHODS/2035 - UMM Shaif Delivarables.xlsx,Installation Procedures ,90,INCLUDE,,REV-3250669970c5bf442d80ff77,SDOC-ba6ce19031460e620925fb10
2035,METHODS,OFFSHORE INSTALLATION,PROCEDURE,INSTALLATION PROCEDURE,2035-PP-OF-0034,PIPELINES CALIPER PIGGING PROCEDURE,,,,DATA/METHODS/2035 - UMM Shaif Delivarables.xlsx,Installation Procedures ,91,INCLUDE,,REV-c62baf8cf497c91e232ddf99,SDOC-cbe28fa0190925a3c7b084f7
2035,METHODS,OFFSHORE INSTALLATION,PROCEDURE,INSTALLATION PROCEDURE,2035-PP-OF-0035,PIPELINES INTELLIGANT PIGGING PROCEDURE,,,,DATA/METHODS/2035 - UMM Shaif Delivarables.xlsx,Installation Procedures ,92,INCLUDE,,REV-85b5c4a3d7290db68c3d252e,SDOC-85915112c9df2a10ef0c099b
2035,METHODS,OFFSHORE INSTALLATION,PROCEDURE,INSTALLATION PROCEDURE,2035-PP-OF-0038,SUBSEA SPOOL INSTALLATION MANUAL,1,2025-06-02,,DATA/METHODS/2035 - UMM Shaif Delivarables.xlsx,Installation Procedures ,93,INCLUDE,,REV-d13583ae865b6592db679991,SDOC-05a62746079ec2f39a51e66b
2035,METHODS,OFFSHORE INSTALLATION,PROCEDURE,INSTALLATION PROCEDURE,2035-PP-OF-0038,SUBSEA SPOOL INSTALLATION MANUAL,2,2025-11-14,,DATA/METHODS/2035 - UMM Shaif Delivarables.xlsx,Installation Procedures ,94,INCLUDE,,REV-4ae928c7523810f3bbc05efb,SDOC-05a62746079ec2f39a51e66b
2035,METHODS,OFFSHORE INSTALLATION,PROCEDURE,INSTALLATION PROCEDURE,2035-PP-OF-0038,SUBSEA SPOOL INSTALLATION MANUAL,3,2025-11-24,,DATA/METHODS/2035 - UMM Shaif Delivarables.xlsx,Installation Procedures ,95,INCLUDE,,REV-315c4d4cb8c835040c651dda,SDOC-05a62746079ec2f39a51e66b
2035,METHODS,OFFSHORE INSTALLATION,PROCEDURE,INSTALLATION PROCEDURE,2035-PP-OF-0042,SURVEY PROCEDURE FOR EXISTING J-TUBE AT PDP,A1,2023-05-15,,DATA/METHODS/2035 - UMM Shaif Delivarables.xlsx,Installation Procedures ,96,INCLUDE,,REV-68ff6c48bf69f70de8d49de7,SDOC-314a81e4207bb60e9c34f46f
2035,METHODS,OFFSHORE INSTALLATION,PROCEDURE,INSTALLATION PROCEDURE,2035-PP-OF-0042,SURVEY PROCEDURE FOR EXISTING J-TUBE AT PDP,1,2023-05-17,,DATA/METHODS/2035 - UMM Shaif Delivarables.xlsx,Installation Procedures ,97,INCLUDE,,REV-508eb558953f22fc844c4af3,SDOC-314a81e4207bb60e9c34f46f
2035,METHODS,OFFSHORE INSTALLATION,PROCEDURE,INSTALLATION PROCEDURE,2035-PP-OF-0042,SURVEY PROCEDURE FOR EXISTING J-TUBE AT PDP,2,2023-07-17,,DATA/METHODS/2035 - UMM Shaif Delivarables.xlsx,Installation Procedures ,98,INCLUDE,,REV-d323cc8b4a968f7430937f81,SDOC-314a81e4207bb60e9c34f46f
2035,METHODS,OFFSHORE INSTALLATION,PROCEDURE,INSTALLATION PROCEDURE,2035-PP-OF-0042,SURVEY PROCEDURE FOR EXISTING J-TUBE AT PDP,3,2023-09-21,,DATA/METHODS/2035 - UMM Shaif Delivarables.xlsx,Installation Procedures ,99,INCLUDE,,REV-bc78cdc84c72a9e481ea2ff6,SDOC-314a81e4207bb60e9c34f46f
2035,METHODS,OFFSHORE INSTALLATION,PROCEDURE,INSTALLATION PROCEDURE,2035-PP-OF-0042,SURVEY PROCEDURE FOR EXISTING J-TUBE AT PDP,4,2023-10-06,,DATA/METHODS/2035 - UMM Shaif Delivarables.xlsx,Installation Procedures ,100,INCLUDE,,REV-a95abcaa3cd68dd971d545c3,SDOC-314a81e4207bb60e9c34f46f
2035,METHODS,OFFSHORE INSTALLATION,PROCEDURE,INSTALLATION PROCEDURE,2035-PP-OF-0042,SURVEY PROCEDURE FOR EXISTING J-TUBE AT PDP,5,2024-01-11,,DATA/METHODS/2035 - UMM Shaif Delivarables.xlsx,Installation Procedures ,101,INCLUDE,,REV-021ca46f0284a613f39caec3,SDOC-314a81e4207bb60e9c34f46f
2035,METHODS,OFFSHORE INSTALLATION,PROCEDURE,INSTALLATION PROCEDURE,2035-PP-OF-0044,FLANGE MANAGEMENT PROCEDURE FOR SUBSEA FLANGES,1,2023-10-31,,DATA/METHODS/2035 - UMM Shaif Delivarables.xlsx,Installation Procedures ,102,INCLUDE,,REV-004837b3444493325be8f6b8,SDOC-7f938bd2fd0cd9f05bcd887e
2035,METHODS,OFFSHORE INSTALLATION,PROCEDURE,INSTALLATION PROCEDURE,2035-PP-OF-0044,FLANGE MANAGEMENT PROCEDURE FOR SUBSEA FLANGES,2,2025-11-17,,DATA/METHODS/2035 - UMM Shaif Delivarables.xlsx,Installation Procedures ,103,INCLUDE,,REV-d11e66fb96a56a7802573a33,SDOC-7f938bd2fd0cd9f05bcd887e
2035,METHODS,OFFSHORE INSTALLATION,PROCEDURE,INSTALLATION PROCEDURE,2035-PP-OF-0044,FLANGE MANAGEMENT PROCEDURE FOR SUBSEA FLANGES,3,2026-01-06,1-Approved,DATA/METHODS/2035 - UMM Shaif Delivarables.xlsx,Installation Procedures ,104,INCLUDE,,REV-0bff2cb08c8005cded0f053c,SDOC-7f938bd2fd0cd9f05bcd887e
2035,METHODS,OFFSHORE INSTALLATION,PROCEDURE,INSTALLATION PROCEDURE,2035-PP-OF-0045,MOORING OF CARGO BARGE ALONGSIDE SAFEEN-3000 PROCEDURE,A1,2023-07-13,,DATA/METHODS/2035 - UMM Shaif Delivarables.xlsx,Installation Procedures ,105,INCLUDE,,REV-dd037c0c529ac6a9021c5e56,SDOC-d8bc02486654edda09fa7599
2035,METHODS,OFFSHORE INSTALLATION,PROCEDURE,INSTALLATION PROCEDURE,2035-PP-OF-0045,MOORING OF CARGO BARGE ALONGSIDE SAFEEN-3000 PROCEDURE,1,2023-07-24,2-Approved with Comments,DATA/METHODS/2035 - UMM Shaif Delivarables.xlsx,Installation Procedures ,106,INCLUDE,,REV-9074f8e02540aac09b8f1472,SDOC-d8bc02486654edda09fa7599
2035,METHODS,OFFSHORE INSTALLATION,PROCEDURE,INSTALLATION PROCEDURE,2035-PP-OF-0045,MOORING OF CARGO BARGE ALONGSIDE SAFEEN-3000 PROCEDURE,2,2023-07-19,,DATA/METHODS/2035 - UMM Shaif Delivarables.xlsx,Installation Procedures ,107,INCLUDE,,REV-0cf538007d2a8466b7d124ca,SDOC-d8bc02486654edda09fa7599
2035,METHODS,OFFSHORE INSTALLATION,PROCEDURE,INSTALLATION PROCEDURE,2035-PP-OF-0053,NEW DECK INSTALLATION PROCEDURE (SAFEEN 3000 & DLS 4200),A1,2024-05-08,,DATA/METHODS/2035 - UMM Shaif Delivarables.xlsx,Installation Procedures ,109,INCLUDE,,REV-65edcc148f13dd48ef89efdd,SDOC-70fafe05c9d341bc24ee07d8
2035,METHODS,OFFSHORE INSTALLATION,PROCEDURE,INSTALLATION PROCEDURE,2035-PP-OF-0053,NEW DECK INSTALLATION PROCEDURE (SAFEEN 3000 & DLS 4200),1,2025-03-19,,DATA/METHODS/2035 - UMM Shaif Delivarables.xlsx,Installation Procedures ,110,INCLUDE,,REV-b6139ca4561fa5b98476869d,SDOC-70fafe05c9d341bc24ee07d8
2035,METHODS,OFFSHORE INSTALLATION,PROCEDURE,INSTALLATION PROCEDURE,2035-PP-OF-0053,NEW DECK INSTALLATION PROCEDURE (SAFEEN 3000 & DLS 4200),2,2025-07-11,2-Approved with Comments,DATA/METHODS/2035 - UMM Shaif Delivarables.xlsx,Installation Procedures ,111,INCLUDE,,REV-ec45500b8e5edb8eeb91a1cb,SDOC-70fafe05c9d341bc24ee07d8
2035,METHODS,OFFSHORE INSTALLATION,PROCEDURE,INSTALLATION PROCEDURE,2035-PP-OF-0053,NEW DECK INSTALLATION PROCEDURE (SAFEEN 3000 & DLS 4200),3,2025-07-28,1-Approved,DATA/METHODS/2035 - UMM Shaif Delivarables.xlsx,Installation Procedures ,112,INCLUDE,,REV-23dac8a6ab88b15a32a8b28c,SDOC-70fafe05c9d341bc24ee07d8
2035,METHODS,OFFSHORE INSTALLATION,PROCEDURE,INSTALLATION PROCEDURE,2035-PP-OF-0054,MOORING OF CARGO BARGE ALONGSIDE TELFORD-31 PROCEDURE,A1,2024-05-09,,DATA/METHODS/2035 - UMM Shaif Delivarables.xlsx,Installation Procedures ,113,INCLUDE,,REV-dbec49d8a43803753b6c08f0,SDOC-d4ddd5ee1ea2f3a76284109d
2035,METHODS,OFFSHORE INSTALLATION,PROCEDURE,INSTALLATION PROCEDURE,2035-PP-OF-0054,MOORING OF CARGO BARGE ALONGSIDE TELFORD-31 PROCEDURE,1,2024-05-17,,DATA/METHODS/2035 - UMM Shaif Delivarables.xlsx,Installation Procedures ,114,INCLUDE,,REV-611c15563df3fd1c66438b3d,SDOC-d4ddd5ee1ea2f3a76284109d
2035,METHODS,OFFSHORE INSTALLATION,PROCEDURE,INSTALLATION PROCEDURE,2035-PP-OF-0054,MOORING OF CARGO BARGE ALONGSIDE TELFORD-31 PROCEDURE,2,2024-06-05,,DATA/METHODS/2035 - UMM Shaif Delivarables.xlsx,Installation Procedures ,115,INCLUDE,,REV-af6b6953c6c2418c927c73af,SDOC-d4ddd5ee1ea2f3a76284109d
2035,METHODS,OFFSHORE INSTALLATION,PROCEDURE,INSTALLATION PROCEDURE,2035-PP-OF-0054,MOORING OF CARGO BARGE ALONGSIDE TELFORD-31 PROCEDURE,3,2026-02-27,4-Information Only,DATA/METHODS/2035 - UMM Shaif Delivarables.xlsx,Installation Procedures ,116,INCLUDE,,REV-9ce3674e7c9cdec41a5bb440,SDOC-d4ddd5ee1ea2f3a76284109d
2035,METHODS,OFFSHORE INSTALLATION,PROCEDURE,INSTALLATION PROCEDURE,2035-PP-OF-0062,METHOD OF STATEMENT FOR SEABED SURVEY FOR JACK-UP BARGE SETUP LOCATION,1,2024-08-15,,DATA/METHODS/2035 - UMM Shaif Delivarables.xlsx,Installation Procedures ,117,INCLUDE,,REV-0f1fcfec57f0bcd5bbfb2775,SDOC-95147c7de7d211e172c1a54f
2035,METHODS,OFFSHORE INSTALLATION,PROCEDURE,INSTALLATION PROCEDURE,2035-PP-OF-0062,METHOD OF STATEMENT FOR SEABED SURVEY FOR JACK-UP BARGE SETUP LOCATION,2,2024-09-25,1-Approved,DATA/METHODS/2035 - UMM Shaif Delivarables.xlsx,Installation Procedures ,118,INCLUDE,,REV-92cc32b892762027b9fcc65a,SDOC-95147c7de7d211e172c1a54f
2035,METHODS,OFFSHORE INSTALLATION,PROCEDURE,INSTALLATION PROCEDURE,2035-PP-OF-0077,METHOD STATEMENT FOR PREPARATORY WORKS ON RP-1 JACKET PRIOR TOPSIDE FLOAT-OVER,1,2025-03-17,,DATA/METHODS/2035 - UMM Shaif Delivarables.xlsx,Installation Procedures ,119,INCLUDE,,REV-93cd357e982f10075d89bf67,SDOC-44679b9597babc121148e32b
2035,METHODS,OFFSHORE INSTALLATION,PROCEDURE,INSTALLATION PROCEDURE,2035-PP-OF-0077,METHOD STATEMENT FOR PREPARATORY WORKS ON RP-1 JACKET PRIOR TOPSIDE FLOAT-OVER,2,2025-04-25,,DATA/METHODS/2035 - UMM Shaif Delivarables.xlsx,Installation Procedures ,120,INCLUDE,,REV-cf7d3fd0b912a59583513bb7,SDOC-44679b9597babc121148e32b
2035,METHODS,OFFSHORE INSTALLATION,PROCEDURE,INSTALLATION PROCEDURE,2035-PP-OF-0077,METHOD STATEMENT FOR PREPARATORY WORKS ON RP-1 JACKET PRIOR TOPSIDE FLOAT-OVER,3,2025-05-01,,DATA/METHODS/2035 - UMM Shaif Delivarables.xlsx,Installation Procedures ,121,INCLUDE,,REV-46d6a8a5c7f64f29e8eca693,SDOC-44679b9597babc121148e32b
2035,METHODS,OFFSHORE INSTALLATION,PROCEDURE,INSTALLATION PROCEDURE,2035-PP-OF-0095,"METHOD STATEMENT FOR RETRIEVAL, REPAIR AND REINSTATEMENT OF 2"" PIGGYBACK CORRIDOR SPOOL",1,2026-08-31,,DATA/METHODS/2035 - UMM Shaif Delivarables.xlsx,Installation Procedures ,122,INCLUDE,,REV-e018feaa6a2b17062b2e0d6d,SDOC-702c1d8ecae444d69c472ce7
2035,METHODS,OFFSHORE INSTALLATION,PROCEDURE,INSTALLATION PROCEDURE,2035-PP-OF-0096,BASELINE SURVEY PROCEDURE (CALIPER AND INTELLIGENT PIGGING FOR USLTDP-1 PIPELINES),1,,,DATA/METHODS/2035 - UMM Shaif Delivarables.xlsx,Installation Procedures ,123,INCLUDE,,REV-8020c53f29bb6dc34725a336,SDOC-069ae8011e0cf1c67917b577
2035,METHODS,OFFSHORE INSTALLATION,SKETCH,ENGINEERING SKETCH,2035-A1-016,(SAFEEN 3000 Setup during PL-1 Laydown at US-12B),3,,,DATA/METHODS/2035 - UMM Shaif Delivarables.xlsx,Sketches,9,INCLUDE,,REV-0531f3b9b4b9cfa1b188e155,SDOC-3a89b0040b49b3271289a4ed
2035,METHODS,OFFSHORE INSTALLATION,SKETCH,ENGINEERING SKETCH,2035-A1-019,(SAFEEN 3000 Setup during PL-4 Start-up at US-19B),2,,,DATA/METHODS/2035 - UMM Shaif Delivarables.xlsx,Sketches,10,INCLUDE,,REV-f59be4ef6e17d9f45dfd6057,SDOC-cb3dd246098f94ed3d4497ed
2035,METHODS,OFFSHORE INSTALLATION,SKETCH,ENGINEERING SKETCH,2035-DP-0000,(Safeen Pearl Setup at US 142A),1,,,DATA/METHODS/2035 - UMM Shaif Delivarables.xlsx,Sketches,11,INCLUDE,,REV-27abc7a105a80532d74a3503,SDOC-b26597254df17dd61a140381
2035,METHODS,OFFSHORE INSTALLATION,SKETCH,ENGINEERING SKETCH,2035-AP-0002,( DLB-1000 AP during Riser installation at US-RP1)_OPTION-2,2,,,DATA/METHODS/2035 - UMM Shaif Delivarables.xlsx,Sketches,13,INCLUDE,,REV-5bc6539d26b180471c52abb5,SDOC-0b8ff461e6bf87c2bca15834
2035,METHODS,OFFSHORE INSTALLATION,SKETCH,ENGINEERING SKETCH,2035-AP-0248,(SAPURA-1200 AP during pipelaying of PL-7 from USSC RP-1 to HP-2),1,,,DATA/METHODS/2035 - UMM Shaif Delivarables.xlsx,Sketches,14,INCLUDE,,REV-ed1ff33fa60e503998f1e721,SDOC-1665b4da27a348fda8080f6d
2035,METHODS,OFFSHORE INSTALLATION,SKETCH,ENGINEERING SKETCH,2035-AP-0244,(SAPURA-1200 AP during pipelaying of PL-3 from USSC RP-1 to US-142A)_For Mooring,1,,,DATA/METHODS/2035 - UMM Shaif Delivarables.xlsx,Sketches,15,INCLUDE,,REV-1579cf49c839b506ac4478c0,SDOC-5a6dad09584ca267408b245b
2035,METHODS,OFFSHORE INSTALLATION,SKETCH,ENGINEERING SKETCH,2035-AP-083,(DLS-4200 SET-UP AT US-HP-3 during DECK Installation),1,,,DATA/METHODS/2035 - UMM Shaif Delivarables.xlsx,Sketches,16,INCLUDE,,REV-2e51dbd7ad9a4e332f097c00,SDOC-ea11b6893bc2fe37d57bda23
2035,METHODS,OFFSHORE INSTALLATION,SKETCH,ENGINEERING SKETCH,2035-A3-133,(SAFEEN PEARL SETUP DURING CABLE (CC-7 & CC-8) Startup at US-142A),A,,,DATA/METHODS/2035 - UMM Shaif Delivarables.xlsx,Sketches,18,INCLUDE,,REV-97d70395062e34d1034eb6a9,SDOC-867fa31e00c313fda185dbdd
2035,METHODS,OFFSHORE INSTALLATION,SKETCH,ENGINEERING SKETCH,2035-A3-134,(SAFEEN PEARL set-up during cable laying of CC-6_START-UP @ US-HP1),A,,,DATA/METHODS/2035 - UMM Shaif Delivarables.xlsx,Sketches,21,INCLUDE,,REV-83dc41b1c8ae431c3a50f8d1,SDOC-3037551e50ccfd00b15ca9cc
2035,METHODS,OFFSHORE INSTALLATION,SKETCH,ENGINEERING SKETCH,2035-A3-135,(SAFEEN PEARL set-up during cable laying of CC-5_START-UP @ US-19B),A,,,DATA/METHODS/2035 - UMM Shaif Delivarables.xlsx,Sketches,22,INCLUDE,,REV-b8a74c9621de1604877592a3,SDOC-64dd0be6f1da9d0bfb7b8c50
2035,METHODS,OFFSHORE INSTALLATION,SKETCH,ENGINEERING SKETCH,2035-AP-0257,(DLB 1000 AP during PL-3 Riser & Spool installation at RP1),1,2025-06-26,,DATA/METHODS/2035 - UMM Shaif Delivarables.xlsx,Sketches,23,INCLUDE,,REV-19f3dc4be4e5c8665861a274,SDOC-6c02cede0983075b657384e6
2035,METHODS,OFFSHORE INSTALLATION,SKETCH,ENGINEERING SKETCH,2035-AP-0091,2035-AP-0091-1 to 5_R3( LB-II AP during RP-1 FLOATOVER),3,2025-06-26,,DATA/METHODS/2035 - UMM Shaif Delivarables.xlsx,Sketches,24,INCLUDE,,REV-e582238d55b4f799a257ae78,SDOC-368af5a36afad6efb708b3d7
2035,METHODS,OFFSHORE INSTALLATION,SKETCH,ENGINEERING SKETCH,2035-A3-133,(SAFEEN PEARL set-up during cable laying of CC-7 @ US-HP2_LAY-DOWN),B,2025-06-30,,DATA/METHODS/2035 - UMM Shaif Delivarables.xlsx,Sketches,26,INCLUDE,,REV-a15953f9d895f3b7b8355514,SDOC-867fa31e00c313fda185dbdd
2035,METHODS,OFFSHORE INSTALLATION,SKETCH,ENGINEERING SKETCH,2035-A1-048,2035-A1-048_R0(LB-II passage plan from outside FIELD to RP1)_OPTION-1,0,2025-07-07,,DATA/METHODS/2035 - UMM Shaif Delivarables.xlsx,Sketches,27,INCLUDE,,REV-6d13606ee1eecfd0f2457b1b,SDOC-8264f0785a1335b59f3aac2c
2035,METHODS,OFFSHORE INSTALLATION,SKETCH,ENGINEERING SKETCH,2035-A4-006,2035-A4-006_R0(Temporary supports AS BUILT positions w.r.t. SAPURA-1200 AP during PL-3 laydown @ US-142A),0,2025-07-08,,DATA/METHODS/2035 - UMM Shaif Delivarables.xlsx,Sketches,28,INCLUDE,,REV-0f5c77a0e10d531e9d202325,SDOC-6cbeea42f14761724e7ccf72
2035,METHODS,OFFSHORE INSTALLATION,SKETCH,ENGINEERING SKETCH,2035-AP-0251,2035-AP-0251-1 TO 3_R1(SAPURA-1200 AP during pipelaying of PL-10  from HP-3 to HP-2),1,2025-08-07,,DATA/METHODS/2035 - UMM Shaif Delivarables.xlsx,Sketches,31,INCLUDE,,REV-443329855bb9edf3623c3ccb,SDOC-6fa1123631b2f891a1ca369e
2035,METHODS,OFFSHORE INSTALLATION,SKETCH,ENGINEERING SKETCH,2035-A1-0049,2035-A1-0049_R0 (SAPURA-1200 Vs SAFEEN PEARL Vs SEP-750 Clash study at HP-1),0,2025-08-20,,DATA/METHODS/2035 - UMM Shaif Delivarables.xlsx,Sketches,32,INCLUDE,,REV-38a437ae6d001d14a17b3295,SDOC-ec94ac6a254a7d71f24532d5
2035,METHODS,OFFSHORE INSTALLATION,SKETCH,ENGINEERING SKETCH,2035-DP-0080,2035-DP-0080_R1( DLS-4200 DP Setup during US 153-A DECK Installation),1,2025-08-26,,DATA/METHODS/2035 - UMM Shaif Delivarables.xlsx,Sketches,33,INCLUDE,,REV-09b90f975878a524b4636719,SDOC-c9645c9bafff3941e9036c05
2035,METHODS,OFFSHORE INSTALLATION,SKETCH,ENGINEERING SKETCH,2035-DP-0085,2035-DP-0085-1 TO 2_R1(DLS-4200 SET-UP DURING B-27 BRIDGE INSTALLATION),1,2025-09-01,,DATA/METHODS/2035 - UMM Shaif Delivarables.xlsx,Sketches,34,INCLUDE,,REV-66c70c02acca86b8b7c2a1cf,SDOC-535255b2b147d7bd23d3f587
2035,METHODS,OFFSHORE INSTALLATION,SKETCH,ENGINEERING SKETCH,2035-AP-0244,2035-AP-0244-1 TO 3_R3(SAPURA-1200 AP during pipelaying of PL-3 from USSC RP-1 to US-142A),2,2025-09-02,,DATA/METHODS/2035 - UMM Shaif Delivarables.xlsx,Sketches,35,INCLUDE,,REV-9a24ba6716930169d63c5ff7,SDOC-5a6dad09584ca267408b245b
2035,METHODS,OFFSHORE INSTALLATION,SKETCH,ENGINEERING SKETCH,2035-DP-0083,2035-DP-0083_R2(DLS-4200 SET-UP AT US-12B During DECK Installation),2,2025-09-04,,DATA/METHODS/2035 - UMM Shaif Delivarables.xlsx,Sketches,36,INCLUDE,,REV-8909cf915b0633b5ed7a56fa,SDOC-99adf7d99fe4b01fb59407da
2035,METHODS,OFFSHORE INSTALLATION,SKETCH,ENGINEERING SKETCH,2035-AP-0246,2035-AP-0246-1 TO 5_R2(SAPURA-1200 AP during pipelaying of PL-5  from USSC RP-1 to US-153A),2,2025-09-08,,DATA/METHODS/2035 - UMM Shaif Delivarables.xlsx,Sketches,37,INCLUDE,,REV-37531385771d732c2b1520a9,SDOC-47e4021ddbef8c18d192f120
2035,METHODS,OFFSHORE INSTALLATION,SKETCH,ENGINEERING SKETCH,2035-AP-0248,2035-AP-0248-1 TO 6_R2(SAPURA-1200 AP during pipelaying of PL-7 from USSC RP-1 to HP-2),2,2025-09-08,,DATA/METHODS/2035 - UMM Shaif Delivarables.xlsx,Sketches,38,INCLUDE,,REV-0dc5eadbeb7240bf92d93ba7,SDOC-1665b4da27a348fda8080f6d
2035,METHODS,OFFSHORE INSTALLATION,SKETCH,ENGINEERING SKETCH,2035-A1-052,2035-A1-052-1 & 2_R0(SAPURA-1200 SET-UP for (PL-3) during START-UP & LAY-DOWN),0,2025-09-12,,DATA/METHODS/2035 - UMM Shaif Delivarables.xlsx,Sketches,39,INCLUDE,,REV-12caa8c26972a4157742fab4,SDOC-e57111a3affb7f0d04548a07
2035,METHODS,OFFSHORE INSTALLATION,SKETCH,ENGINEERING SKETCH,2035-A3-178,2035-A3-178-1 TO 3_R0(DLS-4200 AVIATION SKETCHES DURING B-27 BRIDGE INSTALLATION),0,2025-09-15,,DATA/METHODS/2035 - UMM Shaif Delivarables.xlsx,Sketches,40,INCLUDE,,REV-ec8aeee3f272831c8d93b302,SDOC-c8f1367f64341f81d38dfef7
2035,METHODS,OFFSHORE INSTALLATION,SKETCH,ENGINEERING SKETCH,2035-AP-0248,2035-AP-0248-1 TO 6_R3(SAPURA-1200 AP during pipelaying of PL-7 from USSC RP-1 to HP-2),3,2025-09-15,,DATA/METHODS/2035 - UMM Shaif Delivarables.xlsx,Sketches,41,INCLUDE,,REV-8b29c57a5d39648e95407c3f,SDOC-1665b4da27a348fda8080f6d
2035,METHODS,OFFSHORE INSTALLATION,SKETCH,ENGINEERING SKETCH,2035-AP-0251,2035-AP-0251-1 TO 3_R2(SAPURA-1200 AP during pipelaying of PL-10  from HP-3 to HP-2),2,2025-09-15,,DATA/METHODS/2035 - UMM Shaif Delivarables.xlsx,Sketches,42,INCLUDE,,REV-70418a2e994c0b6213c8d52b,SDOC-6fa1123631b2f891a1ca369e
2035,METHODS,OFFSHORE INSTALLATION,SKETCH,ENGINEERING SKETCH,2035-A3-134,2035-A3-134-1 TO  2_Rev-B(SAFEEN PEARL set-up during cable laying of CC-6_START-UP @ US-HP1),B,2025-09-19,,DATA/METHODS/2035 - UMM Shaif Delivarables.xlsx,Sketches,43,INCLUDE,,REV-315a001299f78ca3fdf2d507,SDOC-3037551e50ccfd00b15ca9cc
2035,METHODS,OFFSHORE INSTALLATION,SKETCH,ENGINEERING SKETCH,2035-A3-133,2035-A3-133-1 OF 2-Rev-C(SAFEEN PEARL set-up during cable laying of CC-7_START-UP @ US-HP2),C,2025-09-22,,DATA/METHODS/2035 - UMM Shaif Delivarables.xlsx,Sketches,44,INCLUDE,,REV-14488b82e9769690539b9873,SDOC-867fa31e00c313fda185dbdd
2035,METHODS,OFFSHORE INSTALLATION,SKETCH,ENGINEERING SKETCH,2035-AP-0242,2035-AP-0242-1 OF 2_R2(SAPURA-1200 AP during pipelaying 16 inch WF PL-1  from US 159A to US 12B),2,2025-09-29,,DATA/METHODS/2035 - UMM Shaif Delivarables.xlsx,Sketches,45,INCLUDE,,REV-5bfce268108641857b6e4d19,SDOC-5ee0de7708fd5b5e03d552bf
2035,METHODS,OFFSHORE INSTALLATION,SKETCH,ENGINEERING SKETCH,2035-A3-182,2035-A3-182-(1 TO 3)_R0(SAPURA-1200 AP during pipelaying of PL-3 from USSC RP-1 to US-142A_Aviation Sketches),0,2025-10-06,,DATA/METHODS/2035 - UMM Shaif Delivarables.xlsx,Sketches,46,INCLUDE,,REV-223fb32ff7bae22af8155c8b,SDOC-5e4fcdf986f292dfa817063d
2035,METHODS,OFFSHORE INSTALLATION,SKETCH,ENGINEERING SKETCH,2035-AP-0001,2035-AP-0001_R1(SAFEEN-3000 AP during PL-3 Riser & Spool installation at RP1),1,2025-10-24,,DATA/METHODS/2035 - UMM Shaif Delivarables.xlsx,Sketches,48,INCLUDE,,REV-28fabbc98e8c197fb3b79a26,SDOC-4141a4027bc358dba13147e6
2035,METHODS,OFFSHORE INSTALLATION,SKETCH,ENGINEERING SKETCH,2035-AP-0244,(SAPURA-1200 AP during pipelaying of PL-3 from USSC RP-1 to US-142A)_TOTAL_WITH BUOY,3,2025-10-28,,DATA/METHODS/2035 - UMM Shaif Delivarables.xlsx,Sketches,49,INCLUDE,,REV-343be926e440058f6c7dbb8c,SDOC-5a6dad09584ca267408b245b
2035,METHODS,OFFSHORE INSTALLATION,SKETCH,ENGINEERING SKETCH,2035-AP-0245,(SAPURA-1200 AP during pipelaying 16 inch WF PL-4  from US 19B to US 153A),1,2025-10-29,,DATA/METHODS/2035 - UMM Shaif Delivarables.xlsx,Sketches,50,INCLUDE,,REV-592bfd70814a836770b53a15,SDOC-121349ff1d287ea00fbdd76c
2035,METHODS,OFFSHORE INSTALLATION,SKETCH,ENGINEERING SKETCH,2035-AP-0002,2035-AP-0002_R1(SAFEEN-3000 AP during PL-5 Riser & Spool installation at RP1),1,2025-11-10,,DATA/METHODS/2035 - UMM Shaif Delivarables.xlsx,Sketches,52,INCLUDE,,REV-a6d4226cdb5007259d2c50ab,SDOC-0b8ff461e6bf87c2bca15834
2035,METHODS,OFFSHORE INSTALLATION,SKETCH,ENGINEERING SKETCH,2035-DP-0046,2035-DP-0046-1 TO 5_R1( SAFEEN-3000 DP Setup during PL-8 Pipelay from USSC RP-1 TO HP-3),1,2025-11-11,,DATA/METHODS/2035 - UMM Shaif Delivarables.xlsx,Sketches,53,INCLUDE,,REV-fe16889b3d98887205f948a8,SDOC-b5bb211f587b1a9fecf0dcd3
2035,METHODS,OFFSHORE INSTALLATION,SKETCH,ENGINEERING SKETCH,2035-AP-0000,2035-AP-0000_R1(SAFEEN-3000 AP during PL-3 Shifting at US-142A),1,2025-11-12,,DATA/METHODS/2035 - UMM Shaif Delivarables.xlsx,Sketches,54,INCLUDE,,REV-3f5e5b89153fc2b2cfdaea09,SDOC-76b92b7946913d6d0178be14
2035,METHODS,OFFSHORE INSTALLATION,SKETCH,ENGINEERING SKETCH,2035-A1-023,2035-A1-023-2 OF 2_R6(SAFEEN 3000 SET-UP for (PL-8) PROP. 16 inch WF PL.FROM USSC-RP1 TO HP-3),6,2025-11-12,,DATA/METHODS/2035 - UMM Shaif Delivarables.xlsx,Sketches,55,INCLUDE,,REV-3610ecc9459409487e6e8444,SDOC-4f0d5c91df1d2a80900e9004
2035,METHODS,OFFSHORE INSTALLATION,SKETCH,ENGINEERING SKETCH,2035-AP-0001,2035-AP-0001_R2(SAFEEN-3000 AP during PL-3 Riser & Spool installation at RP1),2,2025-11-13,,DATA/METHODS/2035 - UMM Shaif Delivarables.xlsx,Sketches,57,INCLUDE,,REV-eceb57d4629a9fd7314f4e64,SDOC-4141a4027bc358dba13147e6
2035,METHODS,OFFSHORE INSTALLATION,SKETCH,ENGINEERING SKETCH,2035-A1-023,2035-A1-023-2 OF 2_R7(SAFEEN 3000 SET-UP for (PL-8) PROP. 16 inch WF PL.FROM USSC-RP1 TO HP-3),7,2025-11-18,,DATA/METHODS/2035 - UMM Shaif Delivarables.xlsx,Sketches,59,INCLUDE,,REV-77e2efac0bbc4d56f746fa15,SDOC-4f0d5c91df1d2a80900e9004
2035,METHODS,OFFSHORE INSTALLATION,SKETCH,ENGINEERING SKETCH,2035-AP-0250,2035-AP-0250_R1(SAPURA-1200 AP during pipelaying 16 inch WF PL-4  from USSC RP1 to HP-3)_TOTAL,1,2025-11-24,,DATA/METHODS/2035 - UMM Shaif Delivarables.xlsx,Sketches,61,INCLUDE,,REV-c42565f68bb399ecb6aeb457,SDOC-7325735e416df7ee8d6a575b
2035,METHODS,OFFSHORE INSTALLATION,SKETCH,ENGINEERING SKETCH,2035-A1-041,2035-A1-041_R0(INTERFACE Between SAPURA-1200 Vs SAFEEN-3000 Vs SEP-750 @ RP-1),0,2025-11-25,,DATA/METHODS/2035 - UMM Shaif Delivarables.xlsx,Sketches,62,INCLUDE,,REV-5c4c132d4868456204919afe,SDOC-52d2d1349cd013c7b3a84224
2035,METHODS,OFFSHORE INSTALLATION,SKETCH,ENGINEERING SKETCH,2035-A1-041,2035-A1-041-1_R1(INTERFACE Between SAPURA-1200 Vs SAFEEN-3000 Vs SEP-650 Vs SEP-750 @ RP-1),1,2025-11-26,,DATA/METHODS/2035 - UMM Shaif Delivarables.xlsx,Sketches,65,INCLUDE,,REV-ba630b59d9cff3e98b339543,SDOC-52d2d1349cd013c7b3a84224
2035,METHODS,OFFSHORE INSTALLATION,SKETCH,ENGINEERING SKETCH,2035-DP-0041,2035-DP-0041-1 TO 4_R4( SAFEEN-3000 DP Setup during PL-1 Pipelay from US 159A TO US 12B),4,2025-12-03,,DATA/METHODS/2035 - UMM Shaif Delivarables.xlsx,Sketches,67,INCLUDE,,REV-6457e90e9f2cd69f0fe6903f,SDOC-8eaef858e0a8a823d396a6d2
2035,METHODS,OFFSHORE INSTALLATION,SKETCH,ENGINEERING SKETCH,2035-DP-0042,2035-DP-0042-1 TO 6_R3( SAFEEN-3000 DP Setup during PL-2 Pipelay from USSC RP-1 TO US 12B),3,2025-12-03,,DATA/METHODS/2035 - UMM Shaif Delivarables.xlsx,Sketches,68,INCLUDE,,REV-4481e9545f835928f827212c,SDOC-ff59529872ec66b0ed93b6b0
2035,METHODS,OFFSHORE INSTALLATION,SKETCH,ENGINEERING SKETCH,2035-DP-0050,2035-DP-0050-1 TO 4_R3( SAFEEN-3000 DP Setup during PL-6 Pipelay from HP1 TO HP2),3,2025-12-03,,DATA/METHODS/2035 - UMM Shaif Delivarables.xlsx,Sketches,69,INCLUDE,,REV-74a131e0097c9ba9d465be85,SDOC-2e945a916fe3181de12c3dbf
2035,METHODS,OFFSHORE INSTALLATION,SKETCH,ENGINEERING SKETCH,2035-A1-021,2035-A1-021-1 OF 2_R2(SAFEEN 3000 SET-UP for (PL-6) PROP. 18 inch WF PL.FROM HP1 TO HP-2),2,2025-12-09,,DATA/METHODS/2035 - UMM Shaif Delivarables.xlsx,Sketches,71,INCLUDE,,REV-7377c747fb1c584e98b08abb,SDOC-b6ff9dcbdae68747744a254d
2035,METHODS,OFFSHORE INSTALLATION,SKETCH,ENGINEERING SKETCH,2035-AP-0003,2035-AP-0003_R1(SAFEEN-3000 AP during PL-7 Riser & Spool installation at RP1),1,2025-12-19,,DATA/METHODS/2035 - UMM Shaif Delivarables.xlsx,Sketches,73,INCLUDE,,REV-14cd4cfc4eaab44badc375d2,SDOC-c23e03240b1337c8402da89d
2035,METHODS,OFFSHORE INSTALLATION,SKETCH,ENGINEERING SKETCH,2035-DP-0024,2035-DP-0024_R2 (CB(SAFEEN-3000) SETUP DURING PL LATERAL SHIFTING &  SPOOL INSTALLATION AT 142A),2,2025-12-26,,DATA/METHODS/2035 - UMM Shaif Delivarables.xlsx,Sketches,75,INCLUDE,,REV-366600de3610247964ed3db0,SDOC-3fb66fa73d8390e4c53e30c8
2035,METHODS,OFFSHORE INSTALLATION,SKETCH,ENGINEERING SKETCH,2035-AP-0248,2035-AP-0248-2 OF 6_R4(SAPURA-1200 AP during pipelaying of PL-7 from USSC RP-1 to HP-2),4,2026-01-11,,DATA/METHODS/2035 - UMM Shaif Delivarables.xlsx,Sketches,76,INCLUDE,,REV-99f52ea453c83c570268714d,SDOC-1665b4da27a348fda8080f6d
2035,METHODS,OFFSHORE INSTALLATION,SKETCH,ENGINEERING SKETCH,2035-DP-0087,2035-DP-0087_R1(SAFEEN-3000 DP SET-UP DURING SOUTH RISER FENDER AND WALK-WAY INSTALLATION @ RP-1),1,2026-01-23,,DATA/METHODS/2035 - UMM Shaif Delivarables.xlsx,Sketches,79,INCLUDE,,REV-c3c082a18625deec1115ff1f,SDOC-9f58343195af31f4c98e3a69
2035,METHODS,OFFSHORE INSTALLATION,SKETCH,ENGINEERING SKETCH,2035-DP-0046,2035-DP-0046-1 TO 6_R2( SAFEEN-3000 DP Setup during PL-8 Pipelay from RP-1 TO HP-3),2,2026-02-11,,DATA/METHODS/2035 - UMM Shaif Delivarables.xlsx,Sketches,81,INCLUDE,,REV-e74fdef458299f3e5f72a257,SDOC-b5bb211f587b1a9fecf0dcd3
2035,METHODS,OFFSHORE INSTALLATION,SKETCH,ENGINEERING SKETCH,2035-AP-0248,2035-AP-0248-5 OF 6_R5(SAPURA-1200 AP during pipelaying of PL-7 from USSC RP-1 to HP-2),5,2026-02-11,,DATA/METHODS/2035 - UMM Shaif Delivarables.xlsx,Sketches,82,INCLUDE,,REV-93d1f328cf64f481d99cd08d,SDOC-1665b4da27a348fda8080f6d
2035,METHODS,OFFSHORE INSTALLATION,SKETCH,ENGINEERING SKETCH,2035-A3-199,"2035-A3-199 - TEMPORARY SUPPORT FOR A&R CABLE CROSSING LOCATION AT US-HP2 (18""WF P/L-7) FROM US-HP-2 TO USSC-RP1",0,2026-02-13,,DATA/METHODS/2035 - UMM Shaif Delivarables.xlsx,Sketches,83,INCLUDE,,REV-7ee69d45072d74fe69c04036,SDOC-3abda33bba3a13521c4a4b64
2035,METHODS,OFFSHORE INSTALLATION,SKETCH,ENGINEERING SKETCH,2035-A3-200,2035-A3-200_R0(TEMP. SUPPORT for A&R Cable crossing location at US-HP2 (16 inch WI PL (PL-10) FROM US-HP-3 TO US-HP2),0,2026-02-13,,DATA/METHODS/2035 - UMM Shaif Delivarables.xlsx,Sketches,84,INCLUDE,,REV-9b00a61dbcbf8cae34ae4ece,SDOC-d674d47d4330a7525fb8baf4
2035,METHODS,OFFSHORE INSTALLATION,SKETCH,ENGINEERING SKETCH,2035-AP-0252,2035-AP-0252-1 TO 3_R1(SAPURA-1200 AP during pipelaying 16 inch WF PL-11 from HP-2 to HP-1),1,2026-02-13,,DATA/METHODS/2035 - UMM Shaif Delivarables.xlsx,Sketches,85,INCLUDE,,REV-a75e15a5401c6a995ad4f908,SDOC-bea24fffb32466c403a9b15a
2035,METHODS,OFFSHORE INSTALLATION,SKETCH,ENGINEERING SKETCH,2035-A-065,QMS SUBHIYA ESCAPE ROUTE FROM US-159 TO ANCHORAGE,0,2026-03-04,,DATA/METHODS/2035 - UMM Shaif Delivarables.xlsx,Sketches,87,INCLUDE,,REV-ad0cb222ab877868b06eb6c1,SDOC-9db88b634f23793c27caf689
2035,METHODS,OFFSHORE INSTALLATION,SKETCH,ENGINEERING SKETCH,2035-AP-0274,2035-AP-0274_R1(DLB 1000 AP PL-7 & PL-10 Corridor spools installation at HP-2),1,2026-03-10,,DATA/METHODS/2035 - UMM Shaif Delivarables.xlsx,Sketches,88,INCLUDE,,REV-d24ba7079c85fae091067929,SDOC-b937362f5a815addcc2ed01a
2035,METHODS,OFFSHORE INSTALLATION,SKETCH,ENGINEERING SKETCH,2035-AP-0275,"2035-AP-0275_R1(DLB 1000 AP PL-8 & PL-9 lateral shifting, PL-8, PL-9 & PL-10 Corridor spools installation @ HP-3)",1,2026-03-10,,DATA/METHODS/2035 - UMM Shaif Delivarables.xlsx,Sketches,89,INCLUDE,,REV-d25553c9bff2fcf4e72e1c74,SDOC-aac6abace14c3e1e848a98a1
2035,METHODS,OFFSHORE INSTALLATION,SKETCH,ENGINEERING SKETCH,2035-AP-0003,2035-AP-0003_R2(SAFEEN-3000 AP during PL-7 Riser & Spool installation at RP1),2,2026-03-10,,DATA/METHODS/2035 - UMM Shaif Delivarables.xlsx,Sketches,90,INCLUDE,,REV-c4fcce26b6797a68ae5f3af8,SDOC-c23e03240b1337c8402da89d
2035,METHODS,OFFSHORE INSTALLATION,SKETCH,ENGINEERING SKETCH,2035-AP-0139,2035-AP-0139_R1(SAFEEN-3000 DP SET-UP during PL-8 & PL-2 Riser and spools installation at RP-1),1,2026-03-11,,DATA/METHODS/2035 - UMM Shaif Delivarables.xlsx,Sketches,91,INCLUDE,,REV-bcebbcb9b6936c97677191b7,SDOC-22f528835cef67b1899f768e
2035,METHODS,OFFSHORE INSTALLATION,SKETCH,ENGINEERING SKETCH,2035-AP-0280,2035-AP-0280_R1(SAFEEN 3000 AP SET-UP AT HP-1 for Corridor spools installation of PL-6),1,2026-03-13,,DATA/METHODS/2035 - UMM Shaif Delivarables.xlsx,Sketches,92,INCLUDE,,REV-f3edfe8c33db40b165df0c25,SDOC-d5b24bd501a5be4ada81f0ed
2035,METHODS,OFFSHORE INSTALLATION,SKETCH,ENGINEERING SKETCH,2035-AP-0276,2035-AP-0276_R1(DLB 1000 AP PL-1 Corridor spools installation at US-159A),1,2026-03-23,,DATA/METHODS/2035 - UMM Shaif Delivarables.xlsx,Sketches,93,INCLUDE,,REV-71d797d3af5421618fd1ccd1,SDOC-bb0f86e45b576441578c8537
2035,METHODS,OFFSHORE INSTALLATION,SKETCH,ENGINEERING SKETCH,2035-AP-0277,2035-AP-0277-1 & 2_R1(DLB 1000 AP PL-2 Lateral shifting and corridor spools installation at US-12B),1,2026-03-23,,DATA/METHODS/2035 - UMM Shaif Delivarables.xlsx,Sketches,94,INCLUDE,,REV-893d27be2d9bfb803dd83621,SDOC-fd61664dba90a400e313e514
2035,METHODS,OFFSHORE INSTALLATION,SKETCH,ENGINEERING SKETCH,2035-AP-0278,2035-AP-0278_R1(DLB 1000 AP PL-4 Corridor spools installation at US-19B),1,2026-03-23,,DATA/METHODS/2035 - UMM Shaif Delivarables.xlsx,Sketches,95,INCLUDE,,REV-4b44997c8828802900b10cee,SDOC-08a72cd4f8e071402adb2119
2035,METHODS,OFFSHORE INSTALLATION,SKETCH,ENGINEERING SKETCH,2035-AP-0279,2035-AP-0279-1 & 2_R1(DLB 1000 AP PL-4 Lateral shifting and corridor spools installation at US-153A),1,2026-03-23,,DATA/METHODS/2035 - UMM Shaif Delivarables.xlsx,Sketches,96,INCLUDE,,REV-df9e98448b0130203afaa93a,SDOC-3e6d734761c66ee38e5d8627
2035,METHODS,OFFSHORE INSTALLATION,SKETCH,ENGINEERING SKETCH,2035-AP-0281,2035-AP-0281_R1(DLB 1000 AP during PL- 1 Corridor spools installation at US-12B),1,2026-03-23,,DATA/METHODS/2035 - UMM Shaif Delivarables.xlsx,Sketches,97,INCLUDE,,REV-4fa3d7b4aad75ddbbb9380a0,SDOC-d65ff810fc5b7c10d736e4ec
2035,METHODS,OFFSHORE INSTALLATION,SKETCH,ENGINEERING SKETCH,2035-AP-0282,2035-AP-0282_R1(DLB 1000 AP during PL-5 Corridor spools installation at US-153A),1,2026-03-23,,DATA/METHODS/2035 - UMM Shaif Delivarables.xlsx,Sketches,98,INCLUDE,,REV-816f74a50d0b603a5919eaf1,SDOC-79df16367fe32ace59148b24
2035,METHODS,OFFSHORE INSTALLATION,SKETCH,ENGINEERING SKETCH,2035-A4-007,2035-A4-007_R0(DLS-4200 DP Setup during PL-1 Pipelay_laydown@US-12B),0,2026-03-25,,DATA/METHODS/2035 - UMM Shaif Delivarables.xlsx,Sketches,99,INCLUDE,,REV-c8bc54510f2f997e27508419,SDOC-e3b49a73949221bf3c0c1292
2035,METHODS,OFFSHORE INSTALLATION,SKETCH,ENGINEERING SKETCH,2035-A4-008,2035-A4-008_R0(DLS-4200 DP Setup during PL-11 Pipelay_laydown@US-HP2),0,2026-03-25,,DATA/METHODS/2035 - UMM Shaif Delivarables.xlsx,Sketches,100,INCLUDE,,REV-e5f72011dca0ca23d251284f,SDOC-d41d7d832dc6bf96e9f818b0
2035,METHODS,OFFSHORE INSTALLATION,SKETCH,ENGINEERING SKETCH,2035-AP-0271,"2035-AP-0271_R1(DLB 1000 AP PL-2, PL-7, PL-8 & PL-9 Riser and spools installation at RP-1)",1,2026-03-30,,DATA/METHODS/2035 - UMM Shaif Delivarables.xlsx,Sketches,101,INCLUDE,,REV-1e6c1637e9ef04817cca9c10,SDOC-eed8e0af58e01b8efde5b97a
2035,METHODS,OFFSHORE INSTALLATION,SKETCH,ENGINEERING SKETCH,2035-AP-0272,2035-AP-0272_R1(DLB 1000 AP PL-6 & PL-11 Corridor spools installation at HP-1),1,2026-03-30,,DATA/METHODS/2035 - UMM Shaif Delivarables.xlsx,Sketches,102,INCLUDE,,REV-8af26d186f686996969c34d8,SDOC-59f87a29b40929ad37c567ff
2035,METHODS,OFFSHORE INSTALLATION,SKETCH,ENGINEERING SKETCH,2035-AP-0273,2035-AP-0273_R1(DLB 1000 AP PL-6 & PL-11 Corridor spools installation at HP-2),1,2026-03-30,,DATA/METHODS/2035 - UMM Shaif Delivarables.xlsx,Sketches,103,INCLUDE,,REV-eddfed77659baccf80d4e80c,SDOC-b88a8646973a29bb7142a2fd
2035,METHODS,OFFSHORE INSTALLATION,SKETCH,ENGINEERING SKETCH,2035-DP-0048,2035-DP-0048-1 TO 6_R2( SAFEEN-3000 DP Setup during PL-10 Pipelay from HP2 TO HP3),2,2026-04-03,,DATA/METHODS/2035 - UMM Shaif Delivarables.xlsx,Sketches,112,INCLUDE,,REV-49130a342dd1f837e1bfd9ab,SDOC-3a086f745152f0b8f04519fc
2035,METHODS,OFFSHORE INSTALLATION,SKETCH,ENGINEERING SKETCH,2035-A1-025,2035-A1-025-1 TO 2_R2(SAFEEN 3000 DP SET-UP for pipelaying of PL-10) _START-UP & LAY-DOWN),2,2026-04-04,,DATA/METHODS/2035 - UMM Shaif Delivarables.xlsx,Sketches,113,INCLUDE,,REV-a5ebe9e2b416c00f53776a35,SDOC-2a900326414f7d306f9f347b
2035,METHODS,OFFSHORE INSTALLATION,SKETCH,ENGINEERING SKETCH,2035-A1-025,2035-A1-025-1 TO 2_R2(SAFEEN 3000 SET-UP for (PL-10) PROP. 16 inch WI PL.FROM HP-3 TO HP-2),4,2026-04-09,,DATA/METHODS/2035 - UMM Shaif Delivarables.xlsx,Sketches,117,INCLUDE,,REV-5ddced504c8ee274f5840e97,SDOC-2a900326414f7d306f9f347b
2035,METHODS,OFFSHORE INSTALLATION,SKETCH,ENGINEERING SKETCH,2035-DP-0048,2035-DP-0048-1 TO 6_R2( SAFEEN-3000 DP Setup during PL-10 Pipelay from HP2 TO HP3),3,2026-04-09,,DATA/METHODS/2035 - UMM Shaif Delivarables.xlsx,Sketches,118,INCLUDE,,REV-fc49b89019eeb23eb9eb8429,SDOC-3a086f745152f0b8f04519fc
2035,METHODS,OFFSHORE INSTALLATION,SKETCH,ENGINEERING SKETCH,2035-AP-0283,2035-AP-0283-1 TO 3_R1( SAFEEN-3000 AP Setup during PL-8 Pipelay from KP 4.152 TO HP-3),1,2026-04-10,,DATA/METHODS/2035 - UMM Shaif Delivarables.xlsx,Sketches,119,INCLUDE,,REV-76b18a99ecb3a203bfd52b43,SDOC-fd135ddb1310e068e7ceff1d
2035,METHODS,OFFSHORE INSTALLATION,SKETCH,ENGINEERING SKETCH,2035-A1-067,2035-A1-067-1 & 2_R0(DLB 750 AP SET-UP during pipelaying of PL-1) _START-UP & LAY-DOWN),0,2025-04-15,,DATA/METHODS/2035 - UMM Shaif Delivarables.xlsx,Sketches,120,INCLUDE,,REV-f85541c6bb6ef981ca1a068d,SDOC-6b6fb924c4ba0280ea96010a
2035,METHODS,OFFSHORE INSTALLATION,SKETCH,ENGINEERING SKETCH,2035-A1-068,2035-A1-068-1 & 2_R0(DLB 750 AP SET-UP during pipelaying of PL-4) _START-UP & LAY-DOWN),0,2025-04-15,,DATA/METHODS/2035 - UMM Shaif Delivarables.xlsx,Sketches,121,INCLUDE,,REV-3f170fdec5aeda9dc8c053cc,SDOC-0d9ce47de133df0f01e94a13
2035,METHODS,OFFSHORE INSTALLATION,SKETCH,ENGINEERING SKETCH,2035-AP-0141,2035-AP-0141-1 & 2_R1(DLB-750 AP during pipelaying 16 inch WF PL-1  from US 159A to US 12B),1,2026-04-16,,DATA/METHODS/2035 - UMM Shaif Delivarables.xlsx,Sketches,122,INCLUDE,,REV-3a2043283f52ed0b92704578,SDOC-628d28cd0d0fbd0bbadc80d1
2035,METHODS,OFFSHORE INSTALLATION,SKETCH,ENGINEERING SKETCH,2035-AP-0142,2035-AP-0142-1 & 2_R1(DLB-750 AP during pipelaying 16 inch WF PL-4  from US 19B to US 153A),1,2026-04-16,,DATA/METHODS/2035 - UMM Shaif Delivarables.xlsx,Sketches,123,INCLUDE,,REV-8e46d5b627196411e124749e,SDOC-74dc4660adebb7a7b28f6862
2035,METHODS,OFFSHORE INSTALLATION,SKETCH,ENGINEERING SKETCH,2035-A1-067,2035-A1-067-1 & 2_R1(DLB 750 AP SET-UP during pipelaying of PL-1) _START-UP & LAY-DOWN),1,2026-04-27,,DATA/METHODS/2035 - UMM Shaif Delivarables.xlsx,Sketches,124,INCLUDE,,REV-bb9fe4a8a221088fc93685c1,SDOC-6b6fb924c4ba0280ea96010a
2035,METHODS,OFFSHORE INSTALLATION,SKETCH,ENGINEERING SKETCH,2035-A1-068,2035-A1-068-1 & 2_R1(DLB 750 AP SET-UP during pipelaying of PL-4) _START-UP & LAY-DOWN),1,2026-04-27,,DATA/METHODS/2035 - UMM Shaif Delivarables.xlsx,Sketches,126,INCLUDE,,REV-e7ffa3e8d3a6bc44b9df6220,SDOC-0d9ce47de133df0f01e94a13
2035,METHODS,OFFSHORE INSTALLATION,SKETCH,ENGINEERING SKETCH,2035-AP-0271,"2035-AP-0271_R2(DLB 1000 AP PL-2, PL-7, PL-8 & PL-9 Riser stalk-on and corridor spools installation at RP-1)",2,2026-04-27,,DATA/METHODS/2035 - UMM Shaif Delivarables.xlsx,Sketches,128,INCLUDE,,REV-220bde83bc0d23a1b4c669fc,SDOC-eed8e0af58e01b8efde5b97a
2035,METHODS,OFFSHORE INSTALLATION,SKETCH,ENGINEERING SKETCH,2035-A1-067,2035-A1-067-1 & 2_R2(DLB 750 AP SET-UP during pipelaying of PL-1) _START-UP & LAY-DOWN),2,2026-05-04,,DATA/METHODS/2035 - UMM Shaif Delivarables.xlsx,Sketches,129,INCLUDE,,REV-f0c1292d471388f1f7f0a060,SDOC-6b6fb924c4ba0280ea96010a
2035,METHODS,OFFSHORE INSTALLATION,SKETCH,ENGINEERING SKETCH,2035-A3-0214,2035-A3-0214_R0(SAFEEN-3000 DP SET-UP for pipelaying 0f PL-11 @ HP-2)_LAY-DOWN STUDY,0,2026-05-06,,DATA/METHODS/2035 - UMM Shaif Delivarables.xlsx,Sketches,132,INCLUDE,,REV-feab59454c92160ca307d0f1,SDOC-809d1dcef6bc200c9ef0a1f5
2035,METHODS,OFFSHORE INSTALLATION,SKETCH,ENGINEERING SKETCH,2035-DP-0049,2035-DP-0049-1 TO 4_R1( SAFEEN-3000 DP Set-up during PL-11 Pipelay from HP1 TO HP2),1,2026-05-11,,DATA/METHODS/2035 - UMM Shaif Delivarables.xlsx,Sketches,133,INCLUDE,,REV-7d5974ff0a62fccebf434494,SDOC-3ad671b72d287f4e5c0417c6
2035,METHODS,OFFSHORE INSTALLATION,SKETCH,ENGINEERING SKETCH,2035-A3-0215,2035-A3-0215-1 TO 3_R0(DLB 1000 Aviation clearance during Stalk-on Riser and Spools Installation at RP-1),0,2026-05-12,,DATA/METHODS/2035 - UMM Shaif Delivarables.xlsx,Sketches,134,INCLUDE,,REV-1acb1d2e5febee49b486d421,SDOC-a780eaace3608eabcf4706d8
2035,METHODS,OFFSHORE INSTALLATION,SKETCH,ENGINEERING SKETCH,2035-A3-0217,2035-A3-0217-1 TO 3_Rev-B( QMS SUBHIYAN AVIATION CLEARANCE AT HP-3),B,2026-05-23,,DATA/METHODS/2035 - UMM Shaif Delivarables.xlsx,Sketches,136,INCLUDE,,REV-48be3eb5f50d3a61a730900a,SDOC-612e1af3c7cc8efeab447e36
2035,METHODS,OFFSHORE INSTALLATION,SKETCH,ENGINEERING SKETCH,2035-AP-0284,2035-AP-0284_R1( QMS SUBHIYAN SETUP AT HP-3),1,2026-05-23,,DATA/METHODS/2035 - UMM Shaif Delivarables.xlsx,Sketches,137,INCLUDE,,REV-4c80647e9289ee56e15887bc,SDOC-1439f287ab97fa8a9094adaa
2035,METHODS,OFFSHORE INSTALLATION,SKETCH,ENGINEERING SKETCH,2035-AP-0285,2035-AP-0285_R1(SEP-650 SET-UP during HOOK-UP works at HP-1),1,2026-05-23,,DATA/METHODS/2035 - UMM Shaif Delivarables.xlsx,Sketches,138,INCLUDE,,REV-ebaadeab52f4c7cfcf3ca254,SDOC-f02cc8296cc463d17cbcc8d6
2035,METHODS,OFFSHORE INSTALLATION,SKETCH,ENGINEERING SKETCH,2035-AP-0140,2035-AP-0140_R2-SEP-650  ANCHOR PATTERN AT RP-1 WEST SIDE,2,2026-05-25,,DATA/METHODS/2035 - UMM Shaif Delivarables.xlsx,Sketches,139,INCLUDE,,REV-8e07cc47fb870e0687c1fbfe,SDOC-cf98f14ecd45ff5b63368fbc
2035,METHODS,OFFSHORE INSTALLATION,SKETCH,ENGINEERING SKETCH,2035-AP-0275,"2035-AP-0275-1 & 2_R2(DLB 1000 AP PL-8 & PL-9 lateral shifting, PL-8, PL-9 & PL-10 corridor spools installation @ HP-3)",2,2026-06-01,,DATA/METHODS/2035 - UMM Shaif Delivarables.xlsx,Sketches,140,INCLUDE,,REV-09a767619a17783b49b64a15,SDOC-aac6abace14c3e1e848a98a1
2035,METHODS,OFFSHORE INSTALLATION,SKETCH,ENGINEERING SKETCH,2035-A3-0205,2035-A3-0205_Rev-B(SEP-650 AVIATION CLEARANCE AT RP-1),B,2026-06-02,,DATA/METHODS/2035 - UMM Shaif Delivarables.xlsx,Sketches,141,INCLUDE,,REV-dc0fad87f14b5a403e8127e4,SDOC-78a5f99727f3e4bdb5727182
2035,METHODS,OFFSHORE INSTALLATION,SKETCH,ENGINEERING SKETCH,2035-A1-069,2035-A1-069_R0(DLB-1000 SETUP SEQUENCE DURING CORRIDOR SPOOL INSTALLATION AT HP-1),0,2026-06-04,,DATA/METHODS/2035 - UMM Shaif Delivarables.xlsx,Sketches,142,INCLUDE,,REV-0858572882c389a24ffb3ae1,SDOC-9d8af23e7dee4a38accf4dfd
2035,METHODS,OFFSHORE INSTALLATION,SKETCH,ENGINEERING SKETCH,2035-A1-070,2035-A1-070_R0(SAFEEN PEARL CLASH CHECK AT US-142),0,2026-06-09,,DATA/METHODS/2035 - UMM Shaif Delivarables.xlsx,Sketches,143,INCLUDE,,REV-6011c293e537a166e3b81d63,SDOC-3923c154f418acb7c5912f18
2035,METHODS,OFFSHORE INSTALLATION,SKETCH,ENGINEERING SKETCH,2035-A1-071,2035-A1-071-1 TO 6_R0(INTERFACE STUDY AT US-HP1),0,2026-06-12,,DATA/METHODS/2035 - UMM Shaif Delivarables.xlsx,Sketches,144,INCLUDE,,REV-c7c1914d97617c7f509e57bd,SDOC-d696026f5d6799ed9f011634
2035,METHODS,OFFSHORE INSTALLATION,SKETCH,ENGINEERING SKETCH,2035-A1-072,2035-A1-072-1 TO 9_R0(INTERFACE STUDY AT US-HP2),0,2026-06-16,,DATA/METHODS/2035 - UMM Shaif Delivarables.xlsx,Sketches,145,INCLUDE,,REV-3dc273f304c83e2b8e7b3ca5,SDOC-f2fa48cfe8c0f974f6800cb2
2035,METHODS,OFFSHORE INSTALLATION,SKETCH,ENGINEERING SKETCH,2035-A1-073,2035-A1-073-1 TO 9_R0(INTERFACE STUDY AT US-HP3),0,2026-06-16,,DATA/METHODS/2035 - UMM Shaif Delivarables.xlsx,Sketches,146,INCLUDE,,REV-7cf4e1d1c21714308bb43c76,SDOC-b6923164aa1bd0da5d9d9608
2035,METHODS,OFFSHORE INSTALLATION,SKETCH,ENGINEERING SKETCH,2035-AP-0271,"2035-AP-0271_R3(DLB 1000 AP PL-2, PL-7, PL-8 Stalk-on Riser and PL-9 Spools Installation at RP-1)",3,2026-07-01,,DATA/METHODS/2035 - UMM Shaif Delivarables.xlsx,Sketches,147,INCLUDE,,REV-2b13391973858d06adfa4968,SDOC-eed8e0af58e01b8efde5b97a
2035,METHODS,OFFSHORE INSTALLATION,SKETCH,ENGINEERING SKETCH,2035-DP-0041,2035-DP-0041-1 TO 4_R5( SAFEEN-3000 DP Setup during PL-1 Pipelay from US 159A TO US 12B),5,2026-07-09,,DATA/METHODS/2035 - UMM Shaif Delivarables.xlsx,Sketches,148,INCLUDE,,REV-44ecfc075d6689abeb24dbdb,SDOC-8eaef858e0a8a823d396a6d2
2035,METHODS,OFFSHORE INSTALLATION,SKETCH,ENGINEERING SKETCH,2035-DP-0045,2035-DP-0045-1 TO 3_R3( SAFEEN-3000 DP Setup during PL-4 Pipelay from 19-B TO 153-A),3,2026-07-24,,DATA/METHODS/2035 - UMM Shaif Delivarables.xlsx,Sketches,151,INCLUDE,,REV-9b042aeedbbcf0372c55583c,SDOC-17904a72df5d6f3f101c25a9
2035,METHODS,OFFSHORE INSTALLATION,SKETCH,ENGINEERING SKETCH,2035-DP-0049,2035-DP-0049-1 TO 4_R2( SAFEEN-3000 DP Setup during PL-11 Pipelay from HP1 TO HP2),2,2026-07-24,,DATA/METHODS/2035 - UMM Shaif Delivarables.xlsx,Sketches,152,INCLUDE,,REV-827a39f68492570acaf3f21c,SDOC-3ad671b72d287f4e5c0417c6
2035,TECH,NAVAL & MARINE,DOCUMENT,ANALYSIS,2035-ZZ-CL-001,"MOORING ANALYSIS DURING PIPELAYING OF 16"" HP OIL SUBSEA PIPELINE FROM US-159A TO US-12B (PL-1)",,,,DATA/TECH/2035 DOCUMENT REGISTER.xlsx,Documents - Naval Marine,9,INCLUDE,,REV-e1ec30f81b43bd56c16acfd6,SDOC-ddd9bd5cd34478d6b5c28ca5
2035,TECH,NAVAL & MARINE,DOCUMENT,ANALYSIS,2035-ZZ-CL-002,"MOORING ANALYSIS DURING PIPELAYING OF 16"" HP OIL SUBSEA PIPELINE FROM US-12B TO USSC-RP1 (PL-2)",,,,DATA/TECH/2035 DOCUMENT REGISTER.xlsx,Documents - Naval Marine,10,INCLUDE,,REV-5b5832d8b40fedd0e00e1bb1,SDOC-fb7195f5bd9e0852c1ef4f70
2035,TECH,NAVAL & MARINE,DOCUMENT,ANALYSIS,2035-ZZ-CL-003,"MOORING ANALYSIS DURING PIPELAYING OF 16"" HP OIL SUBSEA PIPELINE FROM US-142A TO USSC-RP1 (PL-3)",,,,DATA/TECH/2035 DOCUMENT REGISTER.xlsx,Documents - Naval Marine,11,INCLUDE,,REV-26bdc807068abac1662e557c,SDOC-fe3d0ceb2d9c6ae0a3edcb97
2035,TECH,NAVAL & MARINE,DOCUMENT,ANALYSIS,2035-ZZ-CL-004,"MOORING ANALYSIS DURING PIPELAYING OF 16"" HP OIL SUBSEA PIPELINE FROM US-19B TO US-153A (PL-4)",,,,DATA/TECH/2035 DOCUMENT REGISTER.xlsx,Documents - Naval Marine,12,INCLUDE,,REV-f9a3651396c7c503a78e08bc,SDOC-58553681730da98230e1ba18
2035,TECH,NAVAL & MARINE,DOCUMENT,ANALYSIS,2035-ZZ-CL-005,"MOORING ANALYSIS DURING PIPELAYING OF 16"" HP OIL SUBSEA PIPELINE FROM US-153A TO USSC-RP1 (PL-5)",,,,DATA/TECH/2035 DOCUMENT REGISTER.xlsx,Documents - Naval Marine,13,INCLUDE,,REV-06f4c583320afa82ef1976b8,SDOC-1f6b56515cc6cc85e35a265a
2035,TECH,NAVAL & MARINE,DOCUMENT,ANALYSIS,2035-ZZ-CL-006,"MOORING ANALYSIS DURING PIPELAYING OF 18"" HP OIL SUBSEA PIPELINE FROM HP1 TO HP2 (PL-6)",,,,DATA/TECH/2035 DOCUMENT REGISTER.xlsx,Documents - Naval Marine,14,INCLUDE,,REV-7e5a35d784ab62ae36110e91,SDOC-9585720954de98c1a7480160
2035,TECH,NAVAL & MARINE,DOCUMENT,ANALYSIS,2035-ZZ-CL-007,"MOORING ANALYSIS DURING PIPELAYING OF 18"" HP OIL SUBSEA PIPELINE FROM HP2 TO USSC-RP1 (PL-7)",,,,DATA/TECH/2035 DOCUMENT REGISTER.xlsx,Documents - Naval Marine,15,INCLUDE,,REV-d3f4fa574fdab76e9204d7e7,SDOC-c99740a0b5606f1ebbf6ccb4
2035,TECH,NAVAL & MARINE,DOCUMENT,ANALYSIS,2035-ZZ-CL-008,"MOORING ANALYSIS DURING PIPELAYING OF 16"" HP OIL SUBSEA PIPELINE FROM HP3 TO USSC-RP1 (PL-8)",,,,DATA/TECH/2035 DOCUMENT REGISTER.xlsx,Documents - Naval Marine,16,INCLUDE,,REV-33cdbdf706a47f1cdf95ab4f,SDOC-da83ffeb57f8e74dd960d502
2035,TECH,NAVAL & MARINE,DOCUMENT,ANALYSIS,2035-ZZ-CL-009,"MOORING ANALYSIS DURING PIPELAYING OF 16"" WATER INJECTION SUBSEA PIPELINE FROM USSC-RP1 TO HP3 (PL-9)",,,,DATA/TECH/2035 DOCUMENT REGISTER.xlsx,Documents - Naval Marine,17,INCLUDE,,REV-8636cee9b3bd3e7253c9cc4f,SDOC-69bde123ac03ad6de60bf3e3
2035,TECH,NAVAL & MARINE,DOCUMENT,ANALYSIS,2035-ZZ-CL-010,"MOORING ANALYSIS DURING PIPELAYING OF 16"" WATER INJECTION SUBSEA PIPELINE FROM HP3 TO HP2 (PL-10)",,,,DATA/TECH/2035 DOCUMENT REGISTER.xlsx,Documents - Naval Marine,18,INCLUDE,,REV-15b687caf2932b350c36e9d8,SDOC-304b798f073bcb3a92e4d141
2035,TECH,NAVAL & MARINE,DOCUMENT,ANALYSIS,2035-ZZ-CL-011,"MOORING ANALYSIS DURING PIPELAYING OF 16"" WATER INJECTION SUBSEA PIPELINE FROM HP2 TO HP1 (PL-11)",,,,DATA/TECH/2035 DOCUMENT REGISTER.xlsx,Documents - Naval Marine,19,INCLUDE,,REV-646cfa550e93ae164e7107a8,SDOC-756a41a4cd7f109d41134f4b
2035,TECH,NAVAL & MARINE,DOCUMENT,ANALYSIS,2035-ZZ-CL-012,"MOORING ANALYSIS DURING RISER INSTALLATION OF 16"" HP OIL SUBSEA PIPELINE FROM US-159A TO US-12B (PL-1)",,,,DATA/TECH/2035 DOCUMENT REGISTER.xlsx,Documents - Naval Marine,20,INCLUDE,,REV-d7234837d1c77019a73bf708,SDOC-408a837af2c1f38043318895
2035,TECH,NAVAL & MARINE,DOCUMENT,ANALYSIS,2035-ZZ-CL-013,"MOORING ANALYSIS DURING RISER INSTALLATION OF 16"" HP OIL SUBSEA PIPELINE FROM US-12B TO USSC-RP1 (PL-2)",,,,DATA/TECH/2035 DOCUMENT REGISTER.xlsx,Documents - Naval Marine,21,INCLUDE,,REV-5a85703d29b8a0281f26f2ae,SDOC-b56026543f2c248297c2d764
2035,TECH,NAVAL & MARINE,DOCUMENT,ANALYSIS,2035-ZZ-CL-014,"MOORING ANALYSIS DURING RISER INSTALLATION OF 16"" HP OIL SUBSEA PIPELINE FROM US-142A TO USSC-RP1 (PL-3)",,,,DATA/TECH/2035 DOCUMENT REGISTER.xlsx,Documents - Naval Marine,22,INCLUDE,,REV-07423f9f187d198bb3023dff,SDOC-a8c07776e76ddbf369f3ca27
2035,TECH,NAVAL & MARINE,DOCUMENT,ANALYSIS,2035-ZZ-CL-015,"MOORING ANALYSIS DURING RISER INSTALLATION OF 16"" HP OIL SUBSEA PIPELINE FROM US-19B TO US-153A (PL-4)",,,,DATA/TECH/2035 DOCUMENT REGISTER.xlsx,Documents - Naval Marine,23,INCLUDE,,REV-189667ffd03ad700d33bbc5b,SDOC-ec903a4c1ee586ac1d3f0746
2035,TECH,NAVAL & MARINE,DOCUMENT,ANALYSIS,2035-ZZ-CL-016,"MOORING ANALYSIS DURING RISER INSTALLATION OF 16"" HP OIL SUBSEA PIPELINE FROM US-153A TO USSC-RP1 (PL-5)",,,,DATA/TECH/2035 DOCUMENT REGISTER.xlsx,Documents - Naval Marine,24,INCLUDE,,REV-178d59a4eeac0815acd747b0,SDOC-5eba067c2240c2139ee42500
2035,TECH,NAVAL & MARINE,DOCUMENT,ANALYSIS,2035-ZZ-CL-017,"MOORING ANALYSIS DURING RISER INSTALLATION OF 18"" HP OIL SUBSEA PIPELINE FROM HP1 TO HP2 (PL-6)",,,,DATA/TECH/2035 DOCUMENT REGISTER.xlsx,Documents - Naval Marine,25,INCLUDE,,REV-d76ec5b7f16fc073d94c9e65,SDOC-7dffa0a7527808d4b0ae1ce8
2035,TECH,NAVAL & MARINE,DOCUMENT,ANALYSIS,2035-ZZ-CL-018,"MOORING ANALYSIS DURING RISER INSTALLATION OF 18"" HP OIL SUBSEA PIPELINE FROM HP2 TO USSC-RP1 (PL-7)",,,,DATA/TECH/2035 DOCUMENT REGISTER.xlsx,Documents - Naval Marine,26,INCLUDE,,REV-d23b5c91aa4de29d1a5869ab,SDOC-3d0602e96ff304cd09d1563c
2035,TECH,NAVAL & MARINE,DOCUMENT,ANALYSIS,2035-ZZ-CL-019,"MOORING ANALYSIS DURING RISER INSTALLATION OF 16"" HP OIL SUBSEA PIPELINE FROM HP3 TO USSC-RP1 (PL-8)",,,,DATA/TECH/2035 DOCUMENT REGISTER.xlsx,Documents - Naval Marine,27,INCLUDE,,REV-7097807553fed978ba82e845,SDOC-1b68528096c080c95c341ccb
2035,TECH,NAVAL & MARINE,DOCUMENT,ANALYSIS,2035-ZZ-CL-020,"MOORING ANALYSIS DURING RISER INSTALLATION OF 16"" WATER INJECTION SUBSEA PIPELINE FROM USSC-RP1 TO HP3 (PL-9)",,,,DATA/TECH/2035 DOCUMENT REGISTER.xlsx,Documents - Naval Marine,28,INCLUDE,,REV-9daf5ccfef7b6c3929d3d5f7,SDOC-0ad419436eb6a7e3ccd4636c
2035,TECH,NAVAL & MARINE,DOCUMENT,ANALYSIS,2035-ZZ-CL-021,"MOORING ANALYSIS DURING RISER INSTALLATION OF 16"" WATER INJECTION SUBSEA PIPELINE FROM HP3 TO HP2 (PL-10)",,,,DATA/TECH/2035 DOCUMENT REGISTER.xlsx,Documents - Naval Marine,29,INCLUDE,,REV-a7916d78fd79cb3be4197e4f,SDOC-4010e1205efb466468dddcb0
2035,TECH,NAVAL & MARINE,DOCUMENT,ANALYSIS,2035-ZZ-CL-022,"MOORING ANALYSIS DURING RISER INSTALLATION OF 16"" WATER INJECTION SUBSEA PIPELINE FROM HP2 TO HP1 (PL-11)",,,,DATA/TECH/2035 DOCUMENT REGISTER.xlsx,Documents - Naval Marine,30,INCLUDE,,REV-a123ec84ed7055b82fa9449d,SDOC-37bae60b1d7f0558f4b56196
2035,TECH,NAVAL & MARINE,DOCUMENT,ANALYSIS,2035-ZZ-CL-023,MOORING ANALYSIS DURING CABLE LAYING FROM US-153A TO US-19B(CC-4) - CB-1,,,,DATA/TECH/2035 DOCUMENT REGISTER.xlsx,Documents - Naval Marine,31,INCLUDE,,REV-ffeea16557f326e6bf718680,SDOC-65a9ff35290551338bb8d2ef
2035,TECH,NAVAL & MARINE,DOCUMENT,ANALYSIS,2035-ZZ-CL-024,MOORING ANALYSIS DURING CABLE LAYING FROM US-1216 TO US153A(CC-3) - CB-2,,,,DATA/TECH/2035 DOCUMENT REGISTER.xlsx,Documents - Naval Marine,32,INCLUDE,,REV-aa2e3f15895d1ebceb7e35d4,SDOC-b654bc683f431234a19704ba
2035,TECH,NAVAL & MARINE,DOCUMENT,ANALYSIS,2035-ZZ-CL-025,MOORING ANALYSIS DURING CABLE LAYING FROM US-142A TO US218(CC-8) - CB-3,,,,DATA/TECH/2035 DOCUMENT REGISTER.xlsx,Documents - Naval Marine,33,INCLUDE,,REV-ff51d370660df410d8997422,SDOC-43d8ef1100ff4dca414273eb
2035,TECH,NAVAL & MARINE,DOCUMENT,ANALYSIS,2035-ZZ-CL-026,MOORING ANALYSIS DURING CABLE LAYING FROM US-159A TO US-12B(CC-11) - CB-7,,,,DATA/TECH/2035 DOCUMENT REGISTER.xlsx,Documents - Naval Marine,34,INCLUDE,,REV-47381e13f2ad9ab608d2ddb2,SDOC-1dcb87be261559641e81acd8
2035,TECH,NAVAL & MARINE,DOCUMENT,ANALYSIS,2035-ZZ-CL-027,MOORING ANALYSIS DURING CABLE LAYING FROM US-19B TO HP-1(CC-5) - CB-8,,,,DATA/TECH/2035 DOCUMENT REGISTER.xlsx,Documents - Naval Marine,35,INCLUDE,,REV-9365f09f4c30ba4f045aa4e3,SDOC-d06310593749edd6b597f048
2035,TECH,NAVAL & MARINE,DOCUMENT,ANALYSIS,2035-ZZ-CL-028,MOORING ANALYSIS DURING CABLE LAYING FROM HP1 TO HP2(CC-6) - CB-9,,,,DATA/TECH/2035 DOCUMENT REGISTER.xlsx,Documents - Naval Marine,36,INCLUDE,,REV-11ed6cfd869ce1bc2e3ef45a,SDOC-c402e133b45e853d95d12aae
2035,TECH,NAVAL & MARINE,DOCUMENT,ANALYSIS,2035-ZZ-CL-029,MOORING ANALYSIS DURING CABLE LAYING FROM HP-2 TO US-142A(CC-7) - CB-10,,,,DATA/TECH/2035 DOCUMENT REGISTER.xlsx,Documents - Naval Marine,37,INCLUDE,,REV-8617802b40a18fc5809c86f1,SDOC-1ae890faaee8ad3112620235
2035,TECH,NAVAL & MARINE,DOCUMENT,ANALYSIS,2035-ZZ-CL-030,MOORING ANALYSIS DURING CABLE LAYING FROM USSC-RP1 TO HP3(CC-2) - CB-11,,,,DATA/TECH/2035 DOCUMENT REGISTER.xlsx,Documents - Naval Marine,38,INCLUDE,,REV-99fc384d272a02020dc8debd,SDOC-7bec2b99249b31f531be315d
2035,TECH,NAVAL & MARINE,DOCUMENT,ANALYSIS,2035-ZZ-CL-031,MOORING ANALYSIS DURING CABLE LAYING FROM USSC-RP1 TO HP3(CC-1) - CB-12,,,,DATA/TECH/2035 DOCUMENT REGISTER.xlsx,Documents - Naval Marine,39,INCLUDE,,REV-d38ee09da275b0e483866989,SDOC-e245ebd3e247b5dedce0bbcc
2035,TECH,NAVAL & MARINE,DOCUMENT,ANALYSIS,2035-ZZ-CL-032,MOORING ANALYSIS DURING CABLE LAYING FROM USSC-PDP TO WHT- GI-1(CC-13) TO US-128 - CB-13,,,,DATA/TECH/2035 DOCUMENT REGISTER.xlsx,Documents - Naval Marine,40,INCLUDE,,REV-62c238aa7de6a79e3539b282,SDOC-44ec70d036c7786c14fea941
2035,TECH,NAVAL & MARINE,DOCUMENT,ANALYSIS,2035-ZZ-CL-033,MOORING ANALYSIS DURING CABLE LAYING FROM USSC-PDP TO WHT- GP-1(CC-14) TO US-159A - CB-14,,,,DATA/TECH/2035 DOCUMENT REGISTER.xlsx,Documents - Naval Marine,41,INCLUDE,,REV-1cf951a2ef0df50e20f138cc,SDOC-42fd498a64546d6a624eb011
2035,TECH,NAVAL & MARINE,DOCUMENT,ANALYSIS REPORT,2035-ZZ-CL-034,STABILITY ANALYSIS REPORT DURING TRANSPORTATION OF CC PIPES TRIP-1,,,,DATA/TECH/2035 DOCUMENT REGISTER.xlsx,Documents - Naval Marine,42,INCLUDE,,REV-c256df17780a903a8c85976a,SDOC-44768652e70a8c9bb20fd211
2035,TECH,NAVAL & MARINE,DOCUMENT,ANALYSIS REPORT,2035-ZZ-CL-035,STABILITY ANALYSIS REPORT DURING TRANSPORTATION OF CC PIPES TRIP-2,,,,DATA/TECH/2035 DOCUMENT REGISTER.xlsx,Documents - Naval Marine,43,INCLUDE,,REV-f8f53650b63fcf396ddb6dfe,SDOC-d5f90ba94cce503a1421bbdd
2035,TECH,NAVAL & MARINE,DOCUMENT,ANALYSIS REPORT,2035-ZZ-CL-036,STABILITY ANALYSIS REPORT DURING TRANSPORTATION OF CC PIPES TRIP-3,,,,DATA/TECH/2035 DOCUMENT REGISTER.xlsx,Documents - Naval Marine,44,INCLUDE,,REV-dfe78efcbc97156233a05d82,SDOC-f7f41aebf5c58448518b85a8
2035,TECH,NAVAL & MARINE,DOCUMENT,ANALYSIS REPORT,2035-ZZ-CL-037,STABILITY ANALYSIS REPORT DURING TRANSPORTATION OF CC PIPES TRIP-4,,,,DATA/TECH/2035 DOCUMENT REGISTER.xlsx,Documents - Naval Marine,45,INCLUDE,,REV-aca56c50a7120923c014144a,SDOC-97425918b06a76c8ddf5a0d3
2035,TECH,NAVAL & MARINE,DOCUMENT,ANALYSIS REPORT,2035-ZZ-CL-038,STABILITY ANALYSIS REPORT DURING TRANSPORTATION OF CC PIPES TRIP-5,,,,DATA/TECH/2035 DOCUMENT REGISTER.xlsx,Documents - Naval Marine,46,INCLUDE,,REV-980a02621bf6724fdf532c6e,SDOC-a5a9994b92ef904a7de3d170
2035,TECH,NAVAL & MARINE,DOCUMENT,ANALYSIS REPORT,2035-ZZ-CL-039,STABILITY ANALYSIS REPORT DURING TRANSPORTATION OF CC PIPES TRIP-6,,,,DATA/TECH/2035 DOCUMENT REGISTER.xlsx,Documents - Naval Marine,47,INCLUDE,,REV-94de2b45d5d16e25b55acd7a,SDOC-7c5e006fda43e994df5b8014
2035,TECH,NAVAL & MARINE,DOCUMENT,ANALYSIS REPORT,2035-ZZ-CL-040,"STABILITY ANALYSIS REPORT DURING TRANSPORTATION OF RISERS, SPOOLS & RISER PROTECTOR TRIP-1",,,,DATA/TECH/2035 DOCUMENT REGISTER.xlsx,Documents - Naval Marine,48,INCLUDE,,REV-8e54f3efd6ad2c902dc1b5e8,SDOC-335b5f7ab3d83812cb988d54
2035,TECH,NAVAL & MARINE,DOCUMENT,ANALYSIS REPORT,2035-ZZ-CL-041,"STABILITY ANALYSIS REPORT DURING TRANSPORTATION OF RISERS, SPOOLS & RISER PROTECTOR TRIP-2",,,,DATA/TECH/2035 DOCUMENT REGISTER.xlsx,Documents - Naval Marine,49,INCLUDE,,REV-bdf150f2be9306ae8cb7ac81,SDOC-db72b56ae85868c633a59eea
2035,TECH,NAVAL & MARINE,DOCUMENT,ANALYSIS REPORT,2035-ZZ-CL-042,"STABILITY ANALYSIS REPORT DURING TRANSPORTATION OF RISERS, SPOOLS & RISER PROTECTOR TRIP-3",,,,DATA/TECH/2035 DOCUMENT REGISTER.xlsx,Documents - Naval Marine,50,INCLUDE,,REV-c6369264c24fec9c76e71667,SDOC-0cf3c78de9a64535edbbd589
2035,TECH,NAVAL & MARINE,DOCUMENT,ANALYSIS REPORT,2035-ZZ-CL-043,"STABILITY ANALYSIS REPORT DURING TRANSPORTATION OF SLEEPERS, MATTRESSES , GROUT BAG AND MISCELLANEOUS TRIP-1",,,,DATA/TECH/2035 DOCUMENT REGISTER.xlsx,Documents - Naval Marine,51,INCLUDE,,REV-260902ece39cd4d0ba5ad06e,SDOC-0ebb00e491728567b74a467b
2035,TECH,NAVAL & MARINE,DOCUMENT,ANALYSIS REPORT,2035-ZZ-CL-044,"STABILITY ANALYSIS REPORT DURING TRANSPORTATION OF SLEEPERS, MATTRESSES , GROUT BAG AND MISCELLANEOUS TRIP-2",,,,DATA/TECH/2035 DOCUMENT REGISTER.xlsx,Documents - Naval Marine,52,INCLUDE,,REV-c73399f77aa3de0e167d5078,SDOC-7c90a263c3efe3fde1f549da
2035,TECH,NAVAL & MARINE,DOCUMENT,ANALYSIS REPORT,2035-ZZ-CL-045,"STABILITY ANALYSIS REPORT DURING TRANSPORTATION OF SLEEPERS, MATTRESSES , GROUT BAG AND MISCELLANEOUS TRIP-3",,,,DATA/TECH/2035 DOCUMENT REGISTER.xlsx,Documents - Naval Marine,53,INCLUDE,,REV-094cb4185b74e24d6af27d4d,SDOC-c5ddc8edaafb55673fc9a8c5
2035,TECH,NAVAL & MARINE,DOCUMENT,GENERAL TECHNICAL DOCUMENT,2035-ZZ-CL-046,SPARE,,,,DATA/TECH/2035 DOCUMENT REGISTER.xlsx,Documents - Naval Marine,54,INCLUDE,,REV-72f6f7a0fd5ad73830e5abb3,SDOC-8f76d9fd195afe2ca3032bb8
2035,TECH,NAVAL & MARINE,DOCUMENT,GENERAL TECHNICAL DOCUMENT,2035-ZZ-CL-047,SPARE,,,,DATA/TECH/2035 DOCUMENT REGISTER.xlsx,Documents - Naval Marine,55,INCLUDE,,REV-7a0e7b6b988adbd557132029,SDOC-7c15457c109c44444ea401d1
2035,TECH,NAVAL & MARINE,DOCUMENT,GENERAL TECHNICAL DOCUMENT,2035-ZZ-CL-048,SPARE,,,,DATA/TECH/2035 DOCUMENT REGISTER.xlsx,Documents - Naval Marine,56,INCLUDE,,REV-a9d06b655b1a45c86664e347,SDOC-27503429a8755f657d10f8ab
2035,TECH,NAVAL & MARINE,DOCUMENT,GENERAL TECHNICAL DOCUMENT,2035-ZZ-CL-049,SPARE,,,,DATA/TECH/2035 DOCUMENT REGISTER.xlsx,Documents - Naval Marine,57,INCLUDE,,REV-d5e378012e4ffc98206cb908,SDOC-e580d081f4975c446cc2fa19
2035,TECH,NAVAL & MARINE,DOCUMENT,GENERAL TECHNICAL DOCUMENT,2035-ZZ-CL-050,SPARE,,,,DATA/TECH/2035 DOCUMENT REGISTER.xlsx,Documents - Naval Marine,58,INCLUDE,,REV-c3361202143c36f97e527b69,SDOC-86ffd3442b9964bc2fa6dc42
2035,TECH,NAVAL & MARINE,DOCUMENT,GENERAL TECHNICAL DOCUMENT,2035-ZZ-CL-051,SPARE,,,,DATA/TECH/2035 DOCUMENT REGISTER.xlsx,Documents - Naval Marine,59,INCLUDE,,REV-9f11c0a5e794788fbf5f841c,SDOC-b6139b8f4b4bb1f534c006de
2035,TECH,NAVAL & MARINE,DOCUMENT,GENERAL TECHNICAL DOCUMENT,2035-ZZ-CL-052,SPARE,,,,DATA/TECH/2035 DOCUMENT REGISTER.xlsx,Documents - Naval Marine,60,INCLUDE,,REV-965ca5102252227aa57339b3,SDOC-a261284db495fbc54891812b
2035,TECH,NAVAL & MARINE,DOCUMENT,GENERAL TECHNICAL DOCUMENT,2035-ZZ-CL-053,SPARE,,,,DATA/TECH/2035 DOCUMENT REGISTER.xlsx,Documents - Naval Marine,61,INCLUDE,,REV-1cb278dcdf3de388c7dd06c5,SDOC-92980ac20eacf8402e79ffa6
2035,TECH,NAVAL & MARINE,DOCUMENT,GENERAL TECHNICAL DOCUMENT,2035-ZZ-CL-054,SPARE,,,,DATA/TECH/2035 DOCUMENT REGISTER.xlsx,Documents - Naval Marine,62,INCLUDE,,REV-a2688b0b17e5f80c5f8ae21a,SDOC-4522eb7b67eaaee800575d98
2035,TECH,PIPELINE & CABLE,DOCUMENT,ANALYSIS REPORT,2035-NN-RP-001,PIPE STACKING ANALYSIS REPORT,,,,DATA/TECH/2035 DOCUMENT REGISTER.xlsx,Documents - Pipeline & Cable,9,INCLUDE,,REV-d1dbcc223233450c852c007e,SDOC-5e9b56612a36020c0e5bfca5
2035,TECH,PIPELINE & CABLE,DOCUMENT,REPORT,2035-NN-RP-002,"PIPELAY INSTALLATION REPORT FOR 16"" HP OIL SUBSEA PIPELINE FROM US-159A TO US-12B (PL-1)",,,,DATA/TECH/2035 DOCUMENT REGISTER.xlsx,Documents - Pipeline & Cable,10,INCLUDE,,REV-be93556f81a200ddaf6d90e8,SDOC-f52799bb32cb20ac5027b3c3
2035,TECH,PIPELINE & CABLE,DOCUMENT,REPORT,2035-NN-RP-003,"PIPELAY INSTALLATION REPORT FOR 16"" HP OIL SUBSEA PIPELINE FROM US-12B TO USSC-RP1 (PL-2)",,,,DATA/TECH/2035 DOCUMENT REGISTER.xlsx,Documents - Pipeline & Cable,11,INCLUDE,,REV-1bd23a8d32aa86ca4ace0cb4,SDOC-700a3b9df8ddf8afebb7ee3b
2035,TECH,PIPELINE & CABLE,DOCUMENT,REPORT,2035-NN-RP-004,"PIPELAY INSTALLATION REPORT FOR 16"" HP OIL SUBSEA PIPELINE FROM US-142A TO USSC-RP1 (PL-3)",,,,DATA/TECH/2035 DOCUMENT REGISTER.xlsx,Documents - Pipeline & Cable,12,INCLUDE,,REV-f111638a56d4bf234e3356b0,SDOC-caea5b5e257122542aa637a9
2035,TECH,PIPELINE & CABLE,DOCUMENT,REPORT,2035-NN-RP-005,"PIPELAY INSTALLATION REPORT FOR 16"" HP OIL SUBSEA PIPELINE FROM US-19B TO US-153A (PL-4)",,,,DATA/TECH/2035 DOCUMENT REGISTER.xlsx,Documents - Pipeline & Cable,13,INCLUDE,,REV-0fafebf8909a427e4ba95124,SDOC-22dd34ed9afeb84b3661864d
2035,TECH,PIPELINE & CABLE,DOCUMENT,REPORT,2035-NN-RP-006,"PIPELAY INSTALLATION REPORT FOR 16"" HP OIL SUBSEA PIPELINE FROM US-153A TO USSC-RP1 (PL-5)",,,,DATA/TECH/2035 DOCUMENT REGISTER.xlsx,Documents - Pipeline & Cable,14,INCLUDE,,REV-e53e882c89126443a62c02af,SDOC-71875032aa9e41e809ab726c
2035,TECH,PIPELINE & CABLE,DOCUMENT,REPORT,2035-NN-RP-007,"PIPELAY INSTALLATION REPORT FOR 18"" HP OIL SUBSEA PIPELINE FROM HP1 TO HP2 (PL-6)",,,,DATA/TECH/2035 DOCUMENT REGISTER.xlsx,Documents - Pipeline & Cable,15,INCLUDE,,REV-0c1feaf44fa0027a56a9ad50,SDOC-b76df141ee44e0cd543f7822
2035,TECH,PIPELINE & CABLE,DOCUMENT,REPORT,2035-NN-RP-008,"PIPELAY INSTALLATION REPORT FOR 18"" HP OIL SUBSEA PIPELINE FROM HP2 TO USSC-RP1 (PL-7)",,,,DATA/TECH/2035 DOCUMENT REGISTER.xlsx,Documents - Pipeline & Cable,16,INCLUDE,,REV-aaa2fd294187835bd86d03b3,SDOC-316f9feaeadc302d20315df5
2035,TECH,PIPELINE & CABLE,DOCUMENT,REPORT,2035-NN-RP-009,"PIPELAY INSTALLATION REPORT FOR 16"" HP OIL SUBSEA PIPELINE FROM HP3 TO USSC-RP1 (PL-8)",,,,DATA/TECH/2035 DOCUMENT REGISTER.xlsx,Documents - Pipeline & Cable,17,INCLUDE,,REV-4f21e0e10e5d29f5fc33879e,SDOC-7b910c1a37093830f4fcd567
2035,TECH,PIPELINE & CABLE,DOCUMENT,REPORT,2035-NN-RP-010,"PIPELAY INSTALLATION REPORT FOR 16"" WATER INJECTION SUBSEA PIPELINE FROM USSC-RP1 TO HP3 (PL-9)",,,,DATA/TECH/2035 DOCUMENT REGISTER.xlsx,Documents - Pipeline & Cable,18,INCLUDE,,REV-31a9d2d0346b5c443857e6fb,SDOC-0296f443a7a6e5f69fe2011a
2035,TECH,PIPELINE & CABLE,DOCUMENT,REPORT,2035-NN-RP-011,"PIPELAY INSTALLATION REPORT FOR 16"" WATER INJECTION SUBSEA PIPELINE FROM HP3 TO HP2 (PL-10)",,,,DATA/TECH/2035 DOCUMENT REGISTER.xlsx,Documents - Pipeline & Cable,19,INCLUDE,,REV-bc4a9e5f7b078c38a2046fa5,SDOC-8bfa8a113cc77ac0d2e7d91d
2035,TECH,PIPELINE & CABLE,DOCUMENT,REPORT,2035-NN-RP-012,"PIPELAY INSTALLATION REPORT FOR 16"" WATER INJECTION SUBSEA PIPELINE FROM HP2 TO HP1 (PL-11)",,,,DATA/TECH/2035 DOCUMENT REGISTER.xlsx,Documents - Pipeline & Cable,20,INCLUDE,,REV-4296ac5f4d6690ba09486bdf,SDOC-220da497c663c25ce4b60733
2035,TECH,PIPELINE & CABLE,DOCUMENT,ANALYSIS REPORT,2035-NN-RP-013,SUBSEA CABLE  LAYING ANALYSIS REPORT FROM US-153A TO US-19B(CC-4) - CB-1,,,,DATA/TECH/2035 DOCUMENT REGISTER.xlsx,Documents - Pipeline & Cable,21,INCLUDE,,REV-87b229982d18b95e20b742b2,SDOC-bef20c00ca715831e1de8149
2035,TECH,PIPELINE & CABLE,DOCUMENT,ANALYSIS REPORT,2035-NN-RP-014,SUBSEA CABLE  LAYING ANALYSIS REPORT FROM US-1216 TO US153A(CC-3) - CB-2,,,,DATA/TECH/2035 DOCUMENT REGISTER.xlsx,Documents - Pipeline & Cable,22,INCLUDE,,REV-02072879e83d937e95050d07,SDOC-26215c198ffbfd908f49a183
2035,TECH,PIPELINE & CABLE,DOCUMENT,ANALYSIS REPORT,2035-NN-RP-015,SUBSEA CABLE  LAYING ANALYSIS REPORT FROM US-142A TO US218(CC-8) - CB-3,,,,DATA/TECH/2035 DOCUMENT REGISTER.xlsx,Documents - Pipeline & Cable,23,INCLUDE,,REV-4f925985988de03d87237edf,SDOC-29b1b13f941b46662a0358ab
2035,TECH,PIPELINE & CABLE,DOCUMENT,ANALYSIS REPORT,2035-NN-RP-016,SUBSEA CABLE  LAYING ANALYSIS REPORT FROM US-159A TO US-12B(CC-11) - CB-7,,,,DATA/TECH/2035 DOCUMENT REGISTER.xlsx,Documents - Pipeline & Cable,24,INCLUDE,,REV-2cd3fb5c9f73983cae01c8b1,SDOC-c68bcd2d1667182a13461122
2035,TECH,PIPELINE & CABLE,DOCUMENT,ANALYSIS REPORT,2035-NN-RP-017,SUBSEA CABLE  LAYING ANALYSIS REPORT FROM US-19B TO HP-1(CC-5) - CB-8,,,,DATA/TECH/2035 DOCUMENT REGISTER.xlsx,Documents - Pipeline & Cable,25,INCLUDE,,REV-b8bde450ee51e8428d4ed1df,SDOC-e6d97ca634c36c8411517278
2035,TECH,PIPELINE & CABLE,DOCUMENT,ANALYSIS REPORT,2035-NN-RP-018,SUBSEA CABLE  LAYING ANALYSIS REPORT FROM HP1 TO HP2(CC-6) - CB-9,,,,DATA/TECH/2035 DOCUMENT REGISTER.xlsx,Documents - Pipeline & Cable,26,INCLUDE,,REV-68d728c7c6dd12c950c11452,SDOC-3063e71751b3759ad35cbe05
2035,TECH,PIPELINE & CABLE,DOCUMENT,ANALYSIS REPORT,2035-NN-RP-019,SUBSEA CABLE  LAYING ANALYSIS REPORT FROM HP-2 TO US-142A(CC-7) - CB-10,,,,DATA/TECH/2035 DOCUMENT REGISTER.xlsx,Documents - Pipeline & Cable,27,INCLUDE,,REV-35c7e5b51bc5f72fd8d75238,SDOC-40671d43cad3d5b35932f1c8
2035,TECH,PIPELINE & CABLE,DOCUMENT,ANALYSIS REPORT,2035-NN-RP-020,SUBSEA CABLE  LAYING ANALYSIS REPORT FROM USSC-RP1 TO HP3(CC-2) - CB-11,,,,DATA/TECH/2035 DOCUMENT REGISTER.xlsx,Documents - Pipeline & Cable,28,INCLUDE,,REV-94d251b0f053eb149857424e,SDOC-369c55c69997296d790c0db5
2035,TECH,PIPELINE & CABLE,DOCUMENT,ANALYSIS REPORT,2035-NN-RP-021,SUBSEA CABLE  LAYING ANALYSIS REPORT FROM USSC-RP1 TO HP3(CC-1) - CB-12,,,,DATA/TECH/2035 DOCUMENT REGISTER.xlsx,Documents - Pipeline & Cable,29,INCLUDE,,REV-653ba2f7a793957f77e5d1b5,SDOC-fabcaed6c298e8b21b723f97
2035,TECH,PIPELINE & CABLE,DOCUMENT,ANALYSIS REPORT,2035-NN-RP-022,SUBSEA CABLE  LAYING ANALYSIS REPORT FROM USSC-PDP TO WHT- GI-1(CC-13) TO US-128 - CB-13,,,,DATA/TECH/2035 DOCUMENT REGISTER.xlsx,Documents - Pipeline & Cable,30,INCLUDE,,REV-e4cf6a11af0b20e0b7d4cd14,SDOC-64b8341376494b023e11a9e5
2035,TECH,PIPELINE & CABLE,DOCUMENT,ANALYSIS REPORT,2035-NN-RP-023,SUBSEA CABLE  LAYING ANALYSIS REPORT FROM USSC-PDP TO WHT- GP-1(CC-14) TO US-159A - CB-14,,,,DATA/TECH/2035 DOCUMENT REGISTER.xlsx,Documents - Pipeline & Cable,31,INCLUDE,,REV-463138905336dd4800b15537,SDOC-aacbd17eaf63c3ad368aab9f
2035,TECH,PIPELINE & CABLE,DOCUMENT,ANALYSIS REPORT,2035-NN-RP-024,DAVIT LIFT ANALYSIS REPORT @ USSC-RP1,,,,DATA/TECH/2035 DOCUMENT REGISTER.xlsx,Documents - Pipeline & Cable,32,INCLUDE,,REV-b62de9fbb9d3e57acd69e609,SDOC-de72d2f1cb34155bc55fd14c
2035,TECH,PIPELINE & CABLE,DOCUMENT,ANALYSIS REPORT,2035-NN-RP-025,"SPOOL & RISER LIFT ANALYSIS REPORT FOR 16"" HP OIL SUBSEA PIPELINE FROM US-159A TO US-12B (PL-1)",,,,DATA/TECH/2035 DOCUMENT REGISTER.xlsx,Documents - Pipeline & Cable,33,INCLUDE,,REV-8fb154ad4468d3f0ebc01e15,SDOC-e2205665603158bcd3f2a582
2035,TECH,PIPELINE & CABLE,DOCUMENT,ANALYSIS REPORT,2035-NN-RP-026,"SPOOL & RISER LIFT ANALYSIS REPORT FOR 16"" HP OIL SUBSEA PIPELINE FROM US-12B TO USSC-RP1 (PL-2)",,,,DATA/TECH/2035 DOCUMENT REGISTER.xlsx,Documents - Pipeline & Cable,34,INCLUDE,,REV-07f9f925ba696092780b4cf3,SDOC-6d09cb2e0cbd975144f3772c
2035,TECH,PIPELINE & CABLE,DOCUMENT,ANALYSIS REPORT,2035-NN-RP-027,"SPOOL & RISER LIFT ANALYSIS REPORT FOR 16"" HP OIL SUBSEA PIPELINE FROM US-142A TO USSC-RP1 (PL-3)",,,,DATA/TECH/2035 DOCUMENT REGISTER.xlsx,Documents - Pipeline & Cable,35,INCLUDE,,REV-712db7638e2a1a336ef148fa,SDOC-a62069fbc73e5f87a8ca177b
2035,TECH,PIPELINE & CABLE,DOCUMENT,ANALYSIS REPORT,2035-NN-RP-028,"SPOOL & RISER LIFT ANALYSIS REPORT FOR 16"" HP OIL SUBSEA PIPELINE FROM US-19B TO US-153A (PL-4)",,,,DATA/TECH/2035 DOCUMENT REGISTER.xlsx,Documents - Pipeline & Cable,36,INCLUDE,,REV-b9ee4f008979516a9023a6e2,SDOC-73833ba93daab48688517ba2
2035,TECH,PIPELINE & CABLE,DOCUMENT,ANALYSIS REPORT,2035-NN-RP-029,"SPOOL & RISER LIFT ANALYSIS REPORT FOR 16"" HP OIL SUBSEA PIPELINE FROM US-153A TO USSC-RP1 (PL-5)",,,,DATA/TECH/2035 DOCUMENT REGISTER.xlsx,Documents - Pipeline & Cable,37,INCLUDE,,REV-400154b638e5c56344c771e8,SDOC-64ab884127ebed955cf808c9
2035,TECH,PIPELINE & CABLE,DOCUMENT,ANALYSIS REPORT,2035-NN-RP-030,"SPOOL & RISER LIFT ANALYSIS REPORT FOR 18"" HP OIL SUBSEA PIPELINE FROM HP1 TO HP2 (PL-6)",,,,DATA/TECH/2035 DOCUMENT REGISTER.xlsx,Documents - Pipeline & Cable,38,INCLUDE,,REV-85b37e69b20f40c38a13fb7f,SDOC-e3a832c2633a0ba4353d8107
2035,TECH,PIPELINE & CABLE,DOCUMENT,ANALYSIS REPORT,2035-NN-RP-031,"SPOOL & RISER LIFT ANALYSIS REPORT FOR 18"" HP OIL SUBSEA PIPELINE FROM HP2 TO USSC-RP1 (PL-7)",,,,DATA/TECH/2035 DOCUMENT REGISTER.xlsx,Documents - Pipeline & Cable,39,INCLUDE,,REV-fd7a2355f07e1caf47c10096,SDOC-027452107cffd171c747bbe5
2035,TECH,PIPELINE & CABLE,DOCUMENT,ANALYSIS REPORT,2035-NN-RP-032,"SPOOL & RISER LIFT ANALYSIS REPORT FOR 16"" HP OIL SUBSEA PIPELINE FROM HP3 TO USSC-RP1 (PL-8)",,,,DATA/TECH/2035 DOCUMENT REGISTER.xlsx,Documents - Pipeline & Cable,40,INCLUDE,,REV-af804def7ded624812f8c2d9,SDOC-8c6355d47223cd737a5bc48e
2035,TECH,PIPELINE & CABLE,DOCUMENT,ANALYSIS REPORT,2035-NN-RP-033,"SPOOL & RISER LIFT ANALYSIS REPORT FOR 16"" WATER INJECTION SUBSEA PIPELINE FROM USSC-RP1 TO HP3 (PL-9)",,,,DATA/TECH/2035 DOCUMENT REGISTER.xlsx,Documents - Pipeline & Cable,41,INCLUDE,,REV-36374bc477605f4f4b86fba5,SDOC-218e67e96933e1366372c177
2035,TECH,PIPELINE & CABLE,DOCUMENT,ANALYSIS REPORT,2035-NN-RP-034,"SPOOL & RISER LIFT ANALYSIS REPORT FOR 16"" WATER INJECTION SUBSEA PIPELINE FROM HP3 TO HP2 (PL-10)",,,,DATA/TECH/2035 DOCUMENT REGISTER.xlsx,Documents - Pipeline & Cable,42,INCLUDE,,REV-a263c817f3c281394f40c1ae,SDOC-2c7f013ffa62389b81919f63
2035,TECH,PIPELINE & CABLE,DOCUMENT,ANALYSIS REPORT,2035-NN-RP-035,"SPOOL & RISER LIFT ANALYSIS REPORT FOR 16"" WATER INJECTION SUBSEA PIPELINE FROM HP2 TO HP1 (PL-11)",,,,DATA/TECH/2035 DOCUMENT REGISTER.xlsx,Documents - Pipeline & Cable,43,INCLUDE,,REV-b215aac2752067390f940ff2,SDOC-f470be5f8c6781ad93b314c9
2035,TECH,PIPELINE & CABLE,DOCUMENT,REPORT,2035-NN-RP-036,SEAFASTENING DESIGN REPORT FOR TRANSPORTATION OF CC PIPES (TRIP-1),,,,DATA/TECH/2035 DOCUMENT REGISTER.xlsx,Documents - Pipeline & Cable,44,INCLUDE,,REV-8371d898169567fe58604b7f,SDOC-4c12714aea548194b79708ea
2035,TECH,PIPELINE & CABLE,DOCUMENT,REPORT,2035-NN-RP-037,SEAFASTENING DESIGN REPORT FOR TRANSPORTATION OF CC PIPES (TRIP-2),,,,DATA/TECH/2035 DOCUMENT REGISTER.xlsx,Documents - Pipeline & Cable,45,INCLUDE,,REV-b0ce6854f9584c8b225fdd94,SDOC-771965d2cb24484319c8a18e
2035,TECH,PIPELINE & CABLE,DOCUMENT,REPORT,2035-NN-RP-038,SEAFASTENING DESIGN REPORT FOR TRANSPORTATION OF CC PIPES (TRIP-3),,,,DATA/TECH/2035 DOCUMENT REGISTER.xlsx,Documents - Pipeline & Cable,46,INCLUDE,,REV-b3dc9a22827e8e98dece5fc4,SDOC-57c858893c8d768421066b8d
2035,TECH,PIPELINE & CABLE,DOCUMENT,REPORT,2035-NN-RP-039,SEAFASTENING DESIGN REPORT FOR TRANSPORTATION OF CC PIPES (TRIP-4),,,,DATA/TECH/2035 DOCUMENT REGISTER.xlsx,Documents - Pipeline & Cable,47,INCLUDE,,REV-d3a480d761ddf4b0df60a5da,SDOC-455eabb02f42917a534a0a22
2035,TECH,PIPELINE & CABLE,DOCUMENT,REPORT,2035-NN-RP-040,SEAFASTENING DESIGN REPORT FOR TRANSPORTATION OF CC PIPES (TRIP-5),,,,DATA/TECH/2035 DOCUMENT REGISTER.xlsx,Documents - Pipeline & Cable,48,INCLUDE,,REV-cfe105ffd7d57898806d52f5,SDOC-30945b9e36958e93c54a84f1
2035,TECH,PIPELINE & CABLE,DOCUMENT,REPORT,2035-NN-RP-041,SEAFASTENING DESIGN REPORT FOR TRANSPORTATION OF CC PIPES (TRIP-6),,,,DATA/TECH/2035 DOCUMENT REGISTER.xlsx,Documents - Pipeline & Cable,49,INCLUDE,,REV-ee683f42b2d804e7fd760a75,SDOC-e8eb4f34f864d1d89ff2b975
2035,TECH,PIPELINE & CABLE,DOCUMENT,REPORT,2035-NN-RP-042,"SEAFASTENING DESIGN REPORT FOR TRANSPORTATION OF RISERS, SPOOLS & RISER PROTECTOR (TRIP-1)",,,,DATA/TECH/2035 DOCUMENT REGISTER.xlsx,Documents - Pipeline & Cable,50,INCLUDE,,REV-6ee12d0b611c617320541479,SDOC-116c572141d937715465d7c1
2035,TECH,PIPELINE & CABLE,DOCUMENT,REPORT,2035-NN-RP-043,"SEAFASTENING DESIGN REPORT FOR TRANSPORTATION OF RISERS, SPOOLS & RISER PROTECTOR (TRIP-2)",,,,DATA/TECH/2035 DOCUMENT REGISTER.xlsx,Documents - Pipeline & Cable,51,INCLUDE,,REV-40e738ea940573a722e90adb,SDOC-2df35afa4380e25c0621c464
2035,TECH,PIPELINE & CABLE,DOCUMENT,REPORT,2035-NN-RP-044,"SEAFASTENING DESIGN REPORT FOR TRANSPORTATION OF RISERS, SPOOLS & RISER PROTECTOR (TRIP-3)",,,,DATA/TECH/2035 DOCUMENT REGISTER.xlsx,Documents - Pipeline & Cable,52,INCLUDE,,REV-b3412e0174f12668c6d376f5,SDOC-8c649cce86aac405ba13f414
2035,TECH,PIPELINE & CABLE,DOCUMENT,REPORT,2035-NN-RP-045,"SEAFASTENING DESIGN REPORT FOR TRANSPORTATION OF SLEEPERS, MATTRESSES , GROUT BAG AND MISCELLANEOUS - (TRIP-1)",,,,DATA/TECH/2035 DOCUMENT REGISTER.xlsx,Documents - Pipeline & Cable,53,INCLUDE,,REV-815ef93b2f85531db8fc562b,SDOC-00dd20b231a6930723f2741e
2035,TECH,PIPELINE & CABLE,DOCUMENT,REPORT,2035-NN-RP-046,"SEAFASTENING DESIGN REPORT FOR TRANSPORTATION OF SLEEPERS, MATTRESSES , GROUT BAG AND MISCELLANEOUS - (TRIP-2)",,,,DATA/TECH/2035 DOCUMENT REGISTER.xlsx,Documents - Pipeline & Cable,54,INCLUDE,,REV-f0f10219a4e92b172b1b2108,SDOC-11303285e2d5295c6dc6ab1e
2035,TECH,PIPELINE & CABLE,DOCUMENT,REPORT,2035-NN-RP-047,"SEAFASTENING DESIGN REPORT FOR TRANSPORTATION OF SLEEPERS, MATTRESSES , GROUT BAG AND MISCELLANEOUS - (TRIP-3)",,,,DATA/TECH/2035 DOCUMENT REGISTER.xlsx,Documents - Pipeline & Cable,55,INCLUDE,,REV-72ed0d5d67b3fcb1ee751990,SDOC-bb85882111031ffc88f6c8e7
2035,TECH,PIPELINE & CABLE,DOCUMENT,GENERAL TECHNICAL DOCUMENT,2035-NN-RP-048,SPARE,,,,DATA/TECH/2035 DOCUMENT REGISTER.xlsx,Documents - Pipeline & Cable,56,INCLUDE,,REV-fbd43122f0a2fe64d7231bba,SDOC-5840dcbecc5721ea9a2f472f
2035,TECH,PIPELINE & CABLE,DOCUMENT,GENERAL TECHNICAL DOCUMENT,2035-NN-RP-049,SPARE,,,,DATA/TECH/2035 DOCUMENT REGISTER.xlsx,Documents - Pipeline & Cable,57,INCLUDE,,REV-3ac0715041b701448fb93228,SDOC-b88b3a21b57536faa0309da2
2035,TECH,PIPELINE & CABLE,DOCUMENT,GENERAL TECHNICAL DOCUMENT,2035-NN-RP-050,SPARE,,,,DATA/TECH/2035 DOCUMENT REGISTER.xlsx,Documents - Pipeline & Cable,58,INCLUDE,,REV-1bd284daae29f34304b09c9a,SDOC-1999232153f6efc859b152ce
2035,TECH,PIPELINE & CABLE,DOCUMENT,GENERAL TECHNICAL DOCUMENT,2035-NN-RP-051,SPARE,,,,DATA/TECH/2035 DOCUMENT REGISTER.xlsx,Documents - Pipeline & Cable,59,INCLUDE,,REV-cc080e6ba849a7ee5dbbc4c3,SDOC-322cfc4a51a8c94f4f2895f3
2035,TECH,PIPELINE & CABLE,DOCUMENT,GENERAL TECHNICAL DOCUMENT,2035-NN-RP-052,SPARE,,,,DATA/TECH/2035 DOCUMENT REGISTER.xlsx,Documents - Pipeline & Cable,60,INCLUDE,,REV-8fe40ac46ca2dcf37687bb73,SDOC-9c6d4f8a740b0353dedbc52e
2035,TECH,PIPELINE & CABLE,DOCUMENT,GENERAL TECHNICAL DOCUMENT,2035-NN-RP-053,SPARE,,,,DATA/TECH/2035 DOCUMENT REGISTER.xlsx,Documents - Pipeline & Cable,61,INCLUDE,,REV-fa9cded573b2e623ca8484a1,SDOC-a3bcd07dd754ac5c3ea434da
2035,TECH,PIPELINE & CABLE,DOCUMENT,GENERAL TECHNICAL DOCUMENT,2035-NN-RP-054,SPARE,,,,DATA/TECH/2035 DOCUMENT REGISTER.xlsx,Documents - Pipeline & Cable,62,INCLUDE,,REV-dca198c187e63116c8e8a58e,SDOC-7fe35b4ef7e6e240560059e6
2035,TECH,PIPELINE & CABLE,DOCUMENT,GENERAL TECHNICAL DOCUMENT,2035-NN-RP-055,SPARE,,,,DATA/TECH/2035 DOCUMENT REGISTER.xlsx,Documents - Pipeline & Cable,63,INCLUDE,,REV-80926816946f2be63a4ae8d0,SDOC-151fdd324b569ba07f53edea
2035,TECH,PIPELINE & CABLE,DOCUMENT,GENERAL TECHNICAL DOCUMENT,2035-NN-RP-056,SPARE,,,,DATA/TECH/2035 DOCUMENT REGISTER.xlsx,Documents - Pipeline & Cable,64,INCLUDE,,REV-29ba85a88e27a16b91d71c6e,SDOC-6aeeec76dc5ab5590722670e
2035,TECH,PIPELINE & CABLE,DOCUMENT,GENERAL TECHNICAL DOCUMENT,2035-NN-RP-057,SPARE,,,,DATA/TECH/2035 DOCUMENT REGISTER.xlsx,Documents - Pipeline & Cable,65,INCLUDE,,REV-544e18bd4e719f2db6fb83d7,SDOC-bbd1ac5b54a84ca394ae3384
2035,TECH,PIPELINE & CABLE,DOCUMENT,GENERAL TECHNICAL DOCUMENT,2035-NN-RP-058,SPARE,,,,DATA/TECH/2035 DOCUMENT REGISTER.xlsx,Documents - Pipeline & Cable,66,INCLUDE,,REV-a4abc593fbf70dfc4f0dcfdb,SDOC-3d17975b6d75ea9a72cfffac
2035,TECH,PIPELINE & CABLE,DOCUMENT,GENERAL TECHNICAL DOCUMENT,2035-NN-RP-059,SPARE,,,,DATA/TECH/2035 DOCUMENT REGISTER.xlsx,Documents - Pipeline & Cable,67,INCLUDE,,REV-5c03959fdbf54a77654e217e,SDOC-0e4e9a4b33d0f807e91fba0f
2035,TECH,PIPELINE & CABLE,DOCUMENT,GENERAL TECHNICAL DOCUMENT,2035-NN-RP-060,SPARE,,,,DATA/TECH/2035 DOCUMENT REGISTER.xlsx,Documents - Pipeline & Cable,68,INCLUDE,,REV-21647a25c3a318c33c91fb82,SDOC-01a59175488af9419c435504
2035,TECH,PIPELINE & CABLE,DOCUMENT,GENERAL TECHNICAL DOCUMENT,2035-NN-RP-061,SPARE,,,,DATA/TECH/2035 DOCUMENT REGISTER.xlsx,Documents - Pipeline & Cable,69,INCLUDE,,REV-7fa27b5a85619cf8bf0000a4,SDOC-fc81e1ce161a7bd3fe1e4f76
2035,TECH,GENERAL / MULTIDISCIPLINE,DRAWING,ENGINEERING DRAWING,2035-NN-0001,START UP HEAD DETAILS FOR 16” PL,,,,DATA/TECH/2035 DOCUMENT REGISTER.xlsx,Drawings,9,INCLUDE,,REV-2de4f9afb1143726521ede11,SDOC-86eb911f1b175cc7d144fb4c
2035,TECH,GENERAL / MULTIDISCIPLINE,DRAWING,ENGINEERING DRAWING,2035-NN-0002,START UP HEAD DETAILS FOR 18” PL,,,,DATA/TECH/2035 DOCUMENT REGISTER.xlsx,Drawings,10,INCLUDE,,REV-4831be827eb5c9bf4eb22bc7,SDOC-32662d47e9926a0d286cd8a2
2035,TECH,GENERAL / MULTIDISCIPLINE,DRAWING,ENGINEERING DRAWING,2035-NN-0003,"LAYDOWN HEAD DETAILS FOR 16"" PL",,,,DATA/TECH/2035 DOCUMENT REGISTER.xlsx,Drawings,11,INCLUDE,,REV-ddcb935a883545ccfcc82df4,SDOC-78040d16b1670fb04d97e9e2
2035,TECH,GENERAL / MULTIDISCIPLINE,DRAWING,ENGINEERING DRAWING,2035-NN-0004,"LAYDOWN HEAD DETAILS FOR 18"" PL",,,,DATA/TECH/2035 DOCUMENT REGISTER.xlsx,Drawings,12,INCLUDE,,REV-55a7ed09bbbd8af947417c32,SDOC-cf43ce89fa659f491250eb5b
2035,TECH,GENERAL / MULTIDISCIPLINE,DRAWING,ENGINEERING DRAWING,2035-NN-0005,"EMERGENCY LAYDOWN HEAD DETAILS FOR 16"" PL",,,,DATA/TECH/2035 DOCUMENT REGISTER.xlsx,Drawings,13,INCLUDE,,REV-d617400b54415df9be1f0970,SDOC-fe9cd817c4c5284cb9799c5e
2035,TECH,GENERAL / MULTIDISCIPLINE,DRAWING,ENGINEERING DRAWING,2035-NN-0006,"EMERGENCY LAYDOWN HEAD DETAILS FOR 18"" PL",,,,DATA/TECH/2035 DOCUMENT REGISTER.xlsx,Drawings,14,INCLUDE,,REV-502d6cd18b3ca36673e7a3e8,SDOC-8132770accca27969d54885d
2035,TECH,GENERAL / MULTIDISCIPLINE,DRAWING,ENGINEERING DRAWING,2035-NN-0007,"BUCKLE DETECTOR DETAILS FOR 16"" PL",,,,DATA/TECH/2035 DOCUMENT REGISTER.xlsx,Drawings,15,INCLUDE,,REV-2518fc88c41967be3b904c76,SDOC-576dd996b606aabe321be620
2035,TECH,GENERAL / MULTIDISCIPLINE,DRAWING,ENGINEERING DRAWING,2035-NN-0008,"BUCKLE DETECTOR DETAILS FOR 18"" PL",,,,DATA/TECH/2035 DOCUMENT REGISTER.xlsx,Drawings,16,INCLUDE,,REV-24990112f67028cf42b6c4be,SDOC-592b9f647189620a478f5c77
2035,TECH,GENERAL / MULTIDISCIPLINE,DRAWING,ENGINEERING DRAWING,2035-NN-0009,"RISER/SPOOL LIFTING AND INSTALLATION FOR 16"" HP OIL SUBSEA PIPELINE FROM US-159A TO US-12B (PL-1) @ US-159A",,,,DATA/TECH/2035 DOCUMENT REGISTER.xlsx,Drawings,17,INCLUDE,,REV-125f0634cfaaee9b52f3ce59,SDOC-506a16c90dc58202e95e6b48
2035,TECH,GENERAL / MULTIDISCIPLINE,DRAWING,ENGINEERING DRAWING,2035-NN-0010,"RISER/SPOOL LIFTING AND INSTALLATION FOR 16"" HP OIL SUBSEA PIPELINE FROM US-159A TO US-12B (PL-1) @  US-12B",,,,DATA/TECH/2035 DOCUMENT REGISTER.xlsx,Drawings,18,INCLUDE,,REV-acdb976deb8c077307790d0d,SDOC-5f2a23ab3887e882e0438584
2035,TECH,GENERAL / MULTIDISCIPLINE,DRAWING,ENGINEERING DRAWING,2035-NN-0011,"RISER/SPOOL LIFTING AND INSTALLATION FOR 16"" HP OIL SUBSEA PIPELINE FROM US-12B TO USSC-RP1 (PL-2) @ US-12B",,,,DATA/TECH/2035 DOCUMENT REGISTER.xlsx,Drawings,19,INCLUDE,,REV-1a94f17f47cc27eb7312861f,SDOC-76a48368dd5ab749885028af
2035,TECH,GENERAL / MULTIDISCIPLINE,DRAWING,ENGINEERING DRAWING,2035-NN-0012,"RISER/SPOOL LIFTING AND INSTALLATION FOR 16"" HP OIL SUBSEA PIPELINE FROM US-12B TO USSC-RP1 (PL-2) @ USSC-RP1",,,,DATA/TECH/2035 DOCUMENT REGISTER.xlsx,Drawings,20,INCLUDE,,REV-460e260903aabea0b3963fb1,SDOC-c11f3008175c3f10cdc94e73
2035,TECH,GENERAL / MULTIDISCIPLINE,DRAWING,ENGINEERING DRAWING,2035-NN-0013,"RISER/SPOOL LIFTING AND INSTALLATION FOR 16"" HP OIL SUBSEA PIPELINE FROM US-142A TO USSC-RP1 (PL-3) @ US-142A",,,,DATA/TECH/2035 DOCUMENT REGISTER.xlsx,Drawings,21,INCLUDE,,REV-81aa8a7aab5422d6d1c2b669,SDOC-a8ace318a6a1a4bcb5b21d5f
2035,TECH,GENERAL / MULTIDISCIPLINE,DRAWING,ENGINEERING DRAWING,2035-NN-0014,"RISER/SPOOL LIFTING AND INSTALLATION FOR 16"" HP OIL SUBSEA PIPELINE FROM US-142A TO USSC-RP1 (PL-3) @ USSC-RP1",,,,DATA/TECH/2035 DOCUMENT REGISTER.xlsx,Drawings,22,INCLUDE,,REV-2e57f0d31a828f24c3d207a2,SDOC-d607c90a54bf2153afdc5339
2035,TECH,GENERAL / MULTIDISCIPLINE,DRAWING,ENGINEERING DRAWING,2035-NN-0015,"RISER/SPOOL LIFTING AND INSTALLATION FOR 16"" HP OIL SUBSEA PIPELINE FROM US-19B TO US-153A (PL-4) @ US-19B",,,,DATA/TECH/2035 DOCUMENT REGISTER.xlsx,Drawings,23,INCLUDE,,REV-28a157f57584543471a081d3,SDOC-3f15993ad934d9becc85f37f
2035,TECH,GENERAL / MULTIDISCIPLINE,DRAWING,ENGINEERING DRAWING,2035-NN-0016,"RISER/SPOOL LIFTING AND INSTALLATION FOR 16"" HP OIL SUBSEA PIPELINE FROM US-19B TO US-153A (PL-4) @  US-153A",,,,DATA/TECH/2035 DOCUMENT REGISTER.xlsx,Drawings,24,INCLUDE,,REV-c8097db8e2574260ccf45e56,SDOC-53ea150baec18dbc5bd26e08
2035,TECH,GENERAL / MULTIDISCIPLINE,DRAWING,ENGINEERING DRAWING,2035-NN-0017,"RISER/SPOOL LIFTING AND INSTALLATION FOR 16"" HP OIL SUBSEA PIPELINE FROM US-153A TO USSC-RP1 (PL-5) @ US-153A",,,,DATA/TECH/2035 DOCUMENT REGISTER.xlsx,Drawings,25,INCLUDE,,REV-cfdefcb896d0b1ed95c74792,SDOC-c2a6473029a22665eaaaacee
2035,TECH,GENERAL / MULTIDISCIPLINE,DRAWING,ENGINEERING DRAWING,2035-NN-0018,"RISER/SPOOL LIFTING AND INSTALLATION FOR 16"" HP OIL SUBSEA PIPELINE FROM US-153A TO USSC-RP1 (PL-5) @ USSC-RP1",,,,DATA/TECH/2035 DOCUMENT REGISTER.xlsx,Drawings,26,INCLUDE,,REV-5a2b449596a7e1afe223982d,SDOC-bf5489b1ace90f3a7ad184c9
2035,TECH,GENERAL / MULTIDISCIPLINE,DRAWING,ENGINEERING DRAWING,2035-NN-0019,"RISER/SPOOL LIFTING AND INSTALLATION FOR 18"" HP OIL SUBSEA PIPELINE FROM HP1 TO HP2 (PL-6) @ HP1",,,,DATA/TECH/2035 DOCUMENT REGISTER.xlsx,Drawings,27,INCLUDE,,REV-bcc0f1dd85d60eb0db26fe6b,SDOC-d0b7cf1f5a0305ae741963d0
2035,TECH,GENERAL / MULTIDISCIPLINE,DRAWING,ENGINEERING DRAWING,2035-NN-0020,"RISER/SPOOL LIFTING AND INSTALLATION FOR 18"" HP OIL SUBSEA PIPELINE FROM HP1 TO HP2 (PL-6) @ HP2",,,,DATA/TECH/2035 DOCUMENT REGISTER.xlsx,Drawings,28,INCLUDE,,REV-4a3debad6f1398498c972379,SDOC-59a86c9e10b5ad1464c323e2
2035,TECH,GENERAL / MULTIDISCIPLINE,DRAWING,ENGINEERING DRAWING,2035-NN-0021,"RISER/SPOOL LIFTING AND INSTALLATION FOR 18"" HP OIL SUBSEA PIPELINE FROM HP2 TO USSC-RP1 (PL-7) @ HP2",,,,DATA/TECH/2035 DOCUMENT REGISTER.xlsx,Drawings,29,INCLUDE,,REV-87d1a420b0b647344628a77a,SDOC-adcda9c47b7377d12d1683f2
2035,TECH,GENERAL / MULTIDISCIPLINE,DRAWING,ENGINEERING DRAWING,2035-NN-0022,"RISER/SPOOL LIFTING AND INSTALLATION FOR 18"" HP OIL SUBSEA PIPELINE FROM HP2 TO USSC-RP1 (PL-7) @ USSC-RP1",,,,DATA/TECH/2035 DOCUMENT REGISTER.xlsx,Drawings,30,INCLUDE,,REV-78490a2b1a7ce444edde0e6a,SDOC-db0c1b9e316d66f7d1366ca7
2035,TECH,GENERAL / MULTIDISCIPLINE,DRAWING,ENGINEERING DRAWING,2035-NN-0023,"RISER/SPOOL LIFTING AND INSTALLATION FOR 16"" HP OIL SUBSEA PIPELINE FROM HP3 TO USSC-RP1 (PL-8) @ HP3",,,,DATA/TECH/2035 DOCUMENT REGISTER.xlsx,Drawings,31,INCLUDE,,REV-c454d3540dc02dbdfd6aa2fd,SDOC-76b621941ee236bb6e8bd281
2035,TECH,GENERAL / MULTIDISCIPLINE,DRAWING,ENGINEERING DRAWING,2035-NN-0024,"RISER/SPOOL LIFTING AND INSTALLATION FOR 16"" HP OIL SUBSEA PIPELINE FROM HP3 TO USSC-RP1 (PL-8) @ USSC-RP1",,,,DATA/TECH/2035 DOCUMENT REGISTER.xlsx,Drawings,32,INCLUDE,,REV-9267ec7a098c494676fb024b,SDOC-17571423181020ce504f8cd7
2035,TECH,GENERAL / MULTIDISCIPLINE,DRAWING,ENGINEERING DRAWING,2035-NN-0025,"RISER/SPOOL LIFTING AND INSTALLATION FOR 16"" WATER INJECTION SUBSEA PIPELINE FROM USSC-RP1 TO HP3 (PL-9) @ USSC-RP1",,,,DATA/TECH/2035 DOCUMENT REGISTER.xlsx,Drawings,33,INCLUDE,,REV-2e72e25aad11649c41d0f5d5,SDOC-57396e5902c03a7c34956da4
2035,TECH,GENERAL / MULTIDISCIPLINE,DRAWING,ENGINEERING DRAWING,2035-NN-0026,"RISER/SPOOL LIFTING AND INSTALLATION FOR 16"" WATER INJECTION SUBSEA PIPELINE FROM USSC-RP1 TO HP3 (PL-9) @ HP3",,,,DATA/TECH/2035 DOCUMENT REGISTER.xlsx,Drawings,34,INCLUDE,,REV-acd733da2e626916813d399a,SDOC-4b526eef2aa9bf8710de5b97
2035,TECH,GENERAL / MULTIDISCIPLINE,DRAWING,ENGINEERING DRAWING,2035-NN-0027,"RISER/SPOOL LIFTING AND INSTALLATION FOR 16"" WATER INJECTION SUBSEA PIPELINE FROM HP3 TO HP2 (PL-10) @ HP3",,,,DATA/TECH/2035 DOCUMENT REGISTER.xlsx,Drawings,35,INCLUDE,,REV-a9c533eb7a48097cb40a35d9,SDOC-fa37a4d133ebce7cdb8905bb
2035,TECH,GENERAL / MULTIDISCIPLINE,DRAWING,ENGINEERING DRAWING,2035-NN-0028,"RISER/SPOOL LIFTING AND INSTALLATION FOR 16"" WATER INJECTION SUBSEA PIPELINE FROM HP3 TO HP2 (PL-10) @ HP2",,,,DATA/TECH/2035 DOCUMENT REGISTER.xlsx,Drawings,36,INCLUDE,,REV-dddd17f4834afced1fceca4a,SDOC-411d2b3dd6c96bae9e648b26
2035,TECH,GENERAL / MULTIDISCIPLINE,DRAWING,ENGINEERING DRAWING,2035-NN-0029,"RISER/SPOOL LIFTING AND INSTALLATION FOR 16"" WATER INJECTION SUBSEA PIPELINE FROM HP2 TO HP1 (PL-11) @ HP2",,,,DATA/TECH/2035 DOCUMENT REGISTER.xlsx,Drawings,37,INCLUDE,,REV-5e5eb0fe40428c688384d8b0,SDOC-c61d0245309fad7f47a2243a
2035,TECH,GENERAL / MULTIDISCIPLINE,DRAWING,ENGINEERING DRAWING,2035-NN-0030,"RISER/SPOOL LIFTING AND INSTALLATION FOR 16"" WATER INJECTION SUBSEA PIPELINE FROM HP2 TO HP1 (PL-11) @ HP1",,,,DATA/TECH/2035 DOCUMENT REGISTER.xlsx,Drawings,38,INCLUDE,,REV-a2be49c6aa8df547c7ec1183,SDOC-ab03664a4b714d64ef5b1c66
2035,TECH,GENERAL / MULTIDISCIPLINE,DRAWING,ENGINEERING DRAWING,2035-NN-0031,LOADING ARRANGEMENT & SEAFASTENING  OF C.C PIPES TRIP-1 WITH BALAST PLAN,,,,DATA/TECH/2035 DOCUMENT REGISTER.xlsx,Drawings,39,INCLUDE,,REV-4b4c6290f75caac65a908e08,SDOC-32077e917e9de1bc79d5cbcc
2035,TECH,GENERAL / MULTIDISCIPLINE,DRAWING,ENGINEERING DRAWING,2035-NN-0032,LOADING ARRANGEMENT & SEAFASTENING  OF C.C PIPES TRIP-2 WITH BALAST PLAN,,,,DATA/TECH/2035 DOCUMENT REGISTER.xlsx,Drawings,40,INCLUDE,,REV-daa85af66b47cb0d54c96a8d,SDOC-7946af1a7c44a1c77f14d125
2035,TECH,GENERAL / MULTIDISCIPLINE,DRAWING,ENGINEERING DRAWING,2035-NN-0033,LOADING ARRANGEMENT & SEAFASTENING  OF C.C PIPES TRIP-3 WITH BALAST PLAN,,,,DATA/TECH/2035 DOCUMENT REGISTER.xlsx,Drawings,41,INCLUDE,,REV-d11c6a1087d1e6e2b347fe72,SDOC-72d5686d5d9b0b354a552407
2035,TECH,GENERAL / MULTIDISCIPLINE,DRAWING,ENGINEERING DRAWING,2035-NN-0034,LOADING ARRANGEMENT & SEAFASTENING  OF C.C PIPES TRIP-4 WITH BALAST PLAN,,,,DATA/TECH/2035 DOCUMENT REGISTER.xlsx,Drawings,42,INCLUDE,,REV-bd25bd3aacced5f35b678c5c,SDOC-924a30172bf75485bdadd785
2035,TECH,GENERAL / MULTIDISCIPLINE,DRAWING,ENGINEERING DRAWING,2035-NN-0035,LOADING ARRANGEMENT & SEAFASTENING  OF C.C PIPES TRIP-5 WITH BALAST PLAN,,,,DATA/TECH/2035 DOCUMENT REGISTER.xlsx,Drawings,43,INCLUDE,,REV-69bf4115834a9485de94e7bb,SDOC-8c8971d454bbc73223d2bc93
2035,TECH,GENERAL / MULTIDISCIPLINE,DRAWING,ENGINEERING DRAWING,2035-NN-0036,LOADING ARRANGEMENT & SEAFASTENING  OF C.C PIPES TRIP-6 WITH BALAST PLAN,,,,DATA/TECH/2035 DOCUMENT REGISTER.xlsx,Drawings,44,INCLUDE,,REV-ebdce78b65978fffd6135033,SDOC-08d7947fee40ea511c8a2830
2035,TECH,GENERAL / MULTIDISCIPLINE,DRAWING,ENGINEERING DRAWING,2035-NN-0037,"LOADING ARRGT & SEAFASTENING DETAILS OF OF RISERS, SPOOLS & RISER PROTECTOR TRIP-1 WITH BALAST PLAN",,,,DATA/TECH/2035 DOCUMENT REGISTER.xlsx,Drawings,45,INCLUDE,,REV-0ae41acb99b881b5a893719d,SDOC-72826957a7bb7041fe51b0c1
2035,TECH,GENERAL / MULTIDISCIPLINE,DRAWING,ENGINEERING DRAWING,2035-NN-0038,"LOADING ARRGT & SEAFASTENING DETAILS OF OF RISERS, SPOOLS & RISER PROTECTOR TRIP-2 WITH BALAST PLAN",,,,DATA/TECH/2035 DOCUMENT REGISTER.xlsx,Drawings,46,INCLUDE,,REV-af5ebd2149201b92f7b51873,SDOC-57feeb995f7f2463483e5fc6
2035,TECH,GENERAL / MULTIDISCIPLINE,DRAWING,ENGINEERING DRAWING,2035-NN-0039,"LOADING ARRGT & SEAFASTENING DETAILS OF OF RISERS, SPOOLS & RISER PROTECTOR TRIP-3 WITH BALAST PLAN",,,,DATA/TECH/2035 DOCUMENT REGISTER.xlsx,Drawings,47,INCLUDE,,REV-3300072b6b76dd0d6b8169fe,SDOC-9061c3a481eceae1c99843a3
2035,TECH,GENERAL / MULTIDISCIPLINE,DRAWING,ENGINEERING DRAWING,2035-NN-0040,"LOADING ARRANGEMENT AND SEAFASTENING OF SLEEPERS, MATTRESSES , GROUT BAG AND MISCELLANEOUS TRIP-1 WITH BALAST PLAN",,,,DATA/TECH/2035 DOCUMENT REGISTER.xlsx,Drawings,48,INCLUDE,,REV-1cd4d767fd2e194d5872e7c5,SDOC-d6e7135a49af4fd5a302925c
2035,TECH,GENERAL / MULTIDISCIPLINE,DRAWING,ENGINEERING DRAWING,2035-NN-0041,"LOADING ARRANGEMENT AND SEAFASTENING OF SLEEPERS, MATTRESSES , GROUT BAG AND MISCELLANEOUS TRIP-2 WITH BALAST PLAN",,,,DATA/TECH/2035 DOCUMENT REGISTER.xlsx,Drawings,49,INCLUDE,,REV-160e20aec39df6e452d2fa32,SDOC-00f35ed7a3b044aec590ecf6
2035,TECH,GENERAL / MULTIDISCIPLINE,DRAWING,ENGINEERING DRAWING,2035-NN-0042,"LOADING ARRANGEMENT AND SEAFASTENING OF SLEEPERS, MATTRESSES , GROUT BAG AND MISCELLANEOUS TRIP-3 WITH BALAST PLAN",,,,DATA/TECH/2035 DOCUMENT REGISTER.xlsx,Drawings,50,INCLUDE,,REV-94f323a5c9f9817adaed2cc6,SDOC-9afb73ee8b80637c0584b7d2
2035,TECH,GENERAL / MULTIDISCIPLINE,DRAWING,ENGINEERING DRAWING,2035-NN-0043,TYPICAL LIFTING AND INSTALLATION DRAWING FOR SLEEPERS,,,,DATA/TECH/2035 DOCUMENT REGISTER.xlsx,Drawings,51,INCLUDE,,REV-4e075132c36329b4cef0e31d,SDOC-547c968df5b0a0e428fdf916
2035,TECH,GENERAL / MULTIDISCIPLINE,DRAWING,ENGINEERING DRAWING,2035-NN-0044,TYPICAL LIFTING AND INSTALLATION DRAWING FOR MATTRESSES,,,,DATA/TECH/2035 DOCUMENT REGISTER.xlsx,Drawings,52,INCLUDE,,REV-6514af0ae7fb643fc3798c9b,SDOC-c7dfd73d8ad9e2f94e4fc093
2035,TECH,GENERAL / MULTIDISCIPLINE,DRAWING,ENGINEERING DRAWING,2035-NN-0045,TYPICAL LIFTING AND INSTALLATION DRAWING FOR GROUTBAG,,,,DATA/TECH/2035 DOCUMENT REGISTER.xlsx,Drawings,53,INCLUDE,,REV-7afcb552d780655ad437c3f0,SDOC-acfcb1358ea3474f3cbac242
2035,TECH,GENERAL / MULTIDISCIPLINE,DRAWING,ENGINEERING DRAWING,2035-NN-0046,TYPICAL LIFTING AND INSTALLATION DRAWING FOR TEMPORARY SUPPORT,,,,DATA/TECH/2035 DOCUMENT REGISTER.xlsx,Drawings,54,INCLUDE,,REV-dbea02446c7cf024c4777037,SDOC-94a538a589d4a24aa90c2387
2035,TECH,GENERAL / MULTIDISCIPLINE,DRAWING,ENGINEERING DRAWING,2035-NN-0047,SPARE,,,,DATA/TECH/2035 DOCUMENT REGISTER.xlsx,Drawings,55,INCLUDE,,REV-b23ec3c84c7253fbc10a8f96,SDOC-bdae656b47cff48d6545d801
2035,TECH,GENERAL / MULTIDISCIPLINE,DRAWING,ENGINEERING DRAWING,2035-NN-0048,SPARE,,,,DATA/TECH/2035 DOCUMENT REGISTER.xlsx,Drawings,56,INCLUDE,,REV-fa1cc5ccd60819e0c8f63c4f,SDOC-2198237c0e1139e8fc6646a1
2035,TECH,GENERAL / MULTIDISCIPLINE,DRAWING,ENGINEERING DRAWING,2035-NN-0049,SPARE,,,,DATA/TECH/2035 DOCUMENT REGISTER.xlsx,Drawings,57,INCLUDE,,REV-b137804c1820bc87ec98af04,SDOC-19f13453b84b3a198d770ed1
2035,TECH,GENERAL / MULTIDISCIPLINE,DRAWING,ENGINEERING DRAWING,2035-NN-0050,SPARE,,,,DATA/TECH/2035 DOCUMENT REGISTER.xlsx,Drawings,58,INCLUDE,,REV-e485eeb0e9103ce2a32c03f9,SDOC-1062bfc5deeae2601d3d648e
2035,TECH,GENERAL / MULTIDISCIPLINE,DRAWING,ENGINEERING DRAWING,2035-NN-0051,SPARE,,,,DATA/TECH/2035 DOCUMENT REGISTER.xlsx,Drawings,59,INCLUDE,,REV-49eb66e4e3d8b70a65f3f130,SDOC-45a2521d05e6db561b06dae3
2035,TECH,GENERAL / MULTIDISCIPLINE,DRAWING,ENGINEERING DRAWING,2035-NN-0052,SPARE,,,,DATA/TECH/2035 DOCUMENT REGISTER.xlsx,Drawings,60,INCLUDE,,REV-148d06a680896a058d70e141,SDOC-84c5dc370fc678c1089ba0df
2035,TECH,GENERAL / MULTIDISCIPLINE,DRAWING,ENGINEERING DRAWING,2035-NN-0053,SPARE,,,,DATA/TECH/2035 DOCUMENT REGISTER.xlsx,Drawings,61,INCLUDE,,REV-f118c66c30bdedc4758d32b4,SDOC-7aed8c4ce894ccc52ce351c0
2035,TECH,GENERAL / MULTIDISCIPLINE,DRAWING,ENGINEERING DRAWING,2035-NN-0054,SPARE,,,,DATA/TECH/2035 DOCUMENT REGISTER.xlsx,Drawings,62,INCLUDE,,REV-ea19a8f432024a33a249ecaf,SDOC-009452f70590e9703739b2ca
2035,TECH,GENERAL / MULTIDISCIPLINE,DRAWING,ENGINEERING DRAWING,2035-NN-0055,SPARE,,,,DATA/TECH/2035 DOCUMENT REGISTER.xlsx,Drawings,63,INCLUDE,,REV-0c6f27bc511dc37d9be4a5c3,SDOC-005a849409197ed802367eb7
2035,TECH,GENERAL / MULTIDISCIPLINE,DRAWING,ENGINEERING DRAWING,2035-NN-0056,SPARE,,,,DATA/TECH/2035 DOCUMENT REGISTER.xlsx,Drawings,64,INCLUDE,,REV-e7e6ca2ca5914990287f7f0f,SDOC-44fbfc937a86fcadcaa3f506
2035,TECH,GENERAL / MULTIDISCIPLINE,DRAWING,ENGINEERING DRAWING,2035-NN-0057,SPARE,,,,DATA/TECH/2035 DOCUMENT REGISTER.xlsx,Drawings,65,INCLUDE,,REV-26bd8271270b73f204208995,SDOC-284919c0a39ee444d28b0255
2035,TECH,GENERAL / MULTIDISCIPLINE,DRAWING,ENGINEERING DRAWING,2035-NN-0058,SPARE,,,,DATA/TECH/2035 DOCUMENT REGISTER.xlsx,Drawings,66,INCLUDE,,REV-8a1ffddad97c1471b8e44ae1,SDOC-3c50c0f1ee7235797dd16490
2035,TECH,GENERAL / MULTIDISCIPLINE,DRAWING,ENGINEERING DRAWING,2035-NN-0059,SPARE,,,,DATA/TECH/2035 DOCUMENT REGISTER.xlsx,Drawings,67,INCLUDE,,REV-45596d8241e8bd0974608c55,SDOC-785a8760d13276c6a59f8b51
2035,TECH,GENERAL / MULTIDISCIPLINE,DRAWING,ENGINEERING DRAWING,2035-NN-0060,SPARE,,,,DATA/TECH/2035 DOCUMENT REGISTER.xlsx,Drawings,68,INCLUDE,,REV-0bf957854e3811c311499d64,SDOC-334125ab4fe9a9dfcacad018
2035,TECH,GENERAL / MULTIDISCIPLINE,DRAWING,ENGINEERING DRAWING,2035-NN-0061,SPARE,,,,DATA/TECH/2035 DOCUMENT REGISTER.xlsx,Drawings,69,INCLUDE,,REV-f4f0fe7bbafce33bc5377e50,SDOC-f7a00a84a4eacf3df8789af3
2035,TECH,GENERAL / MULTIDISCIPLINE,DRAWING,ENGINEERING DRAWING,2035-NN-0062,SPARE,,,,DATA/TECH/2035 DOCUMENT REGISTER.xlsx,Drawings,70,INCLUDE,,REV-3d53d36559f3ce6c4c35bcfb,SDOC-54c036897deffc04eba7eea6
2035,TECH,GENERAL / MULTIDISCIPLINE,DRAWING,ENGINEERING DRAWING,2035-NN-0063,SPARE,,,,DATA/TECH/2035 DOCUMENT REGISTER.xlsx,Drawings,71,INCLUDE,,REV-a79197ee65c20b05723d1b8e,SDOC-b228823a02ad49eb0fd79c10
2035,TECH,GENERAL / MULTIDISCIPLINE,DRAWING,ENGINEERING DRAWING,2035-NN-0064,SPARE,,,,DATA/TECH/2035 DOCUMENT REGISTER.xlsx,Drawings,72,INCLUDE,,REV-dc03ceecf1c85ffbf63bffa8,SDOC-7ba13ed8d8c0ebcb22d2bd4b
2035,TECH,GENERAL / MULTIDISCIPLINE,DRAWING,ENGINEERING DRAWING,2035-NN-0065,SPARE,,,,DATA/TECH/2035 DOCUMENT REGISTER.xlsx,Drawings,73,INCLUDE,,REV-521a3ed2de1cd9f923445d32,SDOC-4d0da98b6d5a16cc5b6e2bc3
2035,TECH,GENERAL / MULTIDISCIPLINE,DRAWING,ENGINEERING DRAWING,2035-NN-0066,SPARE,,,,DATA/TECH/2035 DOCUMENT REGISTER.xlsx,Drawings,74,INCLUDE,,REV-cbcb481f9592862fa9d021a6,SDOC-98a179e53c483d8e9b42b04d
2035,TECH,GENERAL / MULTIDISCIPLINE,DRAWING,ENGINEERING DRAWING,2035-NN-0067,SPARE,,,,DATA/TECH/2035 DOCUMENT REGISTER.xlsx,Drawings,75,INCLUDE,,REV-b812fadca87c4fb37d219328,SDOC-6c2ebfe7a6cd7f967025177e
2035,TECH,GENERAL / MULTIDISCIPLINE,DRAWING,ENGINEERING DRAWING,2035-NN-0068,SPARE,,,,DATA/TECH/2035 DOCUMENT REGISTER.xlsx,Drawings,76,INCLUDE,,REV-a5fa7bcdaafba45cca60d708,SDOC-b03eef8773fbc57bb321b8e7
2035,TECH,GENERAL / MULTIDISCIPLINE,DRAWING,ENGINEERING DRAWING,2035-NN-0069,SPARE,,,,DATA/TECH/2035 DOCUMENT REGISTER.xlsx,Drawings,77,INCLUDE,,REV-1dedeb573648d7cec282ed14,SDOC-91d91cdda3ca55323a98d96a
2035,TECH,GENERAL / MULTIDISCIPLINE,DRAWING,ENGINEERING DRAWING,2035-NN-0070,SPARE,,,,DATA/TECH/2035 DOCUMENT REGISTER.xlsx,Drawings,78,INCLUDE,,REV-2926a4c0aaa93931c0b85baa,SDOC-97995c7c52e2f4a3dd1ea32c
2035,TECH,GENERAL / MULTIDISCIPLINE,DRAWING,ENGINEERING DRAWING,2035-NN-0071,SPARE,,,,DATA/TECH/2035 DOCUMENT REGISTER.xlsx,Drawings,79,INCLUDE,,REV-86f37b6c1abdfafe61c46e2e,SDOC-6dbf735fe91f89ac8bb45245
2035,TECH,PIPELINE & CABLE,DOCUMENT,SPECIFICATION,2136-N-SP-0314,SPECIFICATION FOR OFFSHORE PIPELINE AND RISER INSTALLATION – REV-A1,B1,2022-02-15,,DATA/TECH/2035 DOCUMENT REGISTER.xlsx,Specification,9,INCLUDE,,REV-d18e2de2b5361ef66b6d368d,SDOC-b2eab64ec632f0e006b7474c
2035,TECH,GENERAL / MULTIDISCIPLINE,DRAWING,CUT LIST,2035-NN-0001,START UP HEAD DETAILS FOR 16” PIPE LINE (WELD TYPE),1A,,,DATA/TECH/2035 Offshore Construction Engineering Register (Pipeline & Cables).xlsx,Cut-list,5,INCLUDE,,REV-273eeae79397bfb1a0dfc518,SDOC-a88099d7a298dd8a40de1757
2035,TECH,GENERAL / MULTIDISCIPLINE,DRAWING,CUT LIST,2035-NN-0002-CTL,"START UP HEAD DETAILS FOR 18"" PIPLE LINE (FLANGE TYPE) WITH CUTLIST 1 + 11",0,,,DATA/TECH/2035 Offshore Construction Engineering Register (Pipeline & Cables).xlsx,Cut-list,6,INCLUDE,,REV-2f8490ea86a65c77a62b26ff,SDOC-2f4b226f65ca68acc6344bed
2035,TECH,GENERAL / MULTIDISCIPLINE,DRAWING,CUT LIST,2035-NN-0002-CTL,"START UP HEAD DETAILS FOR 18"" PIPLE LINE (FLANGE TYPE) WITH CUTLIST 1 + 11",1,,,DATA/TECH/2035 Offshore Construction Engineering Register (Pipeline & Cables).xlsx,Cut-list,7,INCLUDE,,REV-2e3a20f0f888df19a288d12e,SDOC-2f4b226f65ca68acc6344bed
2035,TECH,GENERAL / MULTIDISCIPLINE,DRAWING,CUT LIST,2035-NN-0002-CTL,"START UP HEAD DETAILS FOR 18"" PIPLE LINE (FLANGE TYPE) WITH CUTLIST 1 + 11",2,,,DATA/TECH/2035 Offshore Construction Engineering Register (Pipeline & Cables).xlsx,Cut-list,8,INCLUDE,,REV-0a7384f3505cb567fdd758be,SDOC-2f4b226f65ca68acc6344bed
2035,TECH,GENERAL / MULTIDISCIPLINE,DRAWING,CUT LIST,2035-NN-0004-CTL,"START UP HEAD DETAILS FOR 18"" PIPLE LINE (WELD TYPE) WITH CUTLIST 1 + 10",1,,,DATA/TECH/2035 Offshore Construction Engineering Register (Pipeline & Cables).xlsx,Cut-list,9,INCLUDE,,REV-f6f4da3ddae5512872cf5c61,SDOC-5cefd375158959b9f8bcabf0
2035,TECH,GENERAL / MULTIDISCIPLINE,DRAWING,CUT LIST,2035-NN-0004-CTL,"START UP HEAD DETAILS FOR 18"" PIPLE LINE (WELD TYPE) WITH CUTLIST 1 + 10",2,,,DATA/TECH/2035 Offshore Construction Engineering Register (Pipeline & Cables).xlsx,Cut-list,10,INCLUDE,,REV-cbb92efa2107b95b824c3cd6,SDOC-5cefd375158959b9f8bcabf0
2035,TECH,GENERAL / MULTIDISCIPLINE,DRAWING,CUT LIST,2035-NN-0004-CTL,"START UP HEAD DETAILS FOR 18"" PIPLE LINE (WELD TYPE) WITH CUTLIST 1 + 10",3,,,DATA/TECH/2035 Offshore Construction Engineering Register (Pipeline & Cables).xlsx,Cut-list,11,INCLUDE,,REV-dc8299346514c62744e5a60a,SDOC-5cefd375158959b9f8bcabf0
2035,TECH,GENERAL / MULTIDISCIPLINE,DRAWING,CUT LIST,2035-NN-0005-CTL,"TYPICAL EMERGENCY HEAD FOR 16"" PIPE LINE (WITH CUTLIST 1 + 14",0,,,DATA/TECH/2035 Offshore Construction Engineering Register (Pipeline & Cables).xlsx,Cut-list,12,INCLUDE,,REV-da03d8843036828846b1d7ed,SDOC-88c0d5d8cdc2cad61cedabe1
2035,TECH,GENERAL / MULTIDISCIPLINE,DRAWING,CUT LIST,2035-NN-0005-CTL,"TYPICAL EMERGENCY HEAD FOR 16"" PIPE LINE (WITH CUTLIST 1 + 14",1,,,DATA/TECH/2035 Offshore Construction Engineering Register (Pipeline & Cables).xlsx,Cut-list,13,INCLUDE,,REV-6e49a615b4eb6e8ae30c2f13,SDOC-88c0d5d8cdc2cad61cedabe1
2035,TECH,GENERAL / MULTIDISCIPLINE,DRAWING,CUT LIST,2035-NN-0005-CTL,"TYPICAL EMERGENCY HEAD FOR 16"" PIPE LINE (WITH CUTLIST 1 + 14",2,,,DATA/TECH/2035 Offshore Construction Engineering Register (Pipeline & Cables).xlsx,Cut-list,14,INCLUDE,,REV-4e96ae0816e6111384b66b15,SDOC-88c0d5d8cdc2cad61cedabe1
2035,TECH,GENERAL / MULTIDISCIPLINE,DRAWING,CUT LIST,2035-NN-0006-CTL,"TYPICAL EMERGENCY HEAD FOR 18"" PIPE LINE (WITH CUTLIST 1 + 10 REV-1)",1,2023-02-13,,DATA/TECH/2035 Offshore Construction Engineering Register (Pipeline & Cables).xlsx,Cut-list,15,INCLUDE,,REV-4e47fb8a16c1f1e25b7be71b,SDOC-47f047e7dc16db43d14e1a8f
2035,TECH,GENERAL / MULTIDISCIPLINE,DRAWING,CUT LIST,2035-NN-0006-CTL,"TYPICAL EMERGENCY HEAD FOR 18"" PIPE LINE (WITH CUTLIST 1 + 10 REV-1)",2,,,DATA/TECH/2035 Offshore Construction Engineering Register (Pipeline & Cables).xlsx,Cut-list,16,INCLUDE,,REV-afa744f43de627e78a0cfa7d,SDOC-47f047e7dc16db43d14e1a8f
2035,TECH,GENERAL / MULTIDISCIPLINE,DRAWING,CUT LIST,2035-NN-0047-CTL,"TEMPORARY 18"" PIG LAUNCHER & RECEIVER (WITH CUTLIST 1 + 11 REV-1)",1,,,DATA/TECH/2035 Offshore Construction Engineering Register (Pipeline & Cables).xlsx,Cut-list,17,INCLUDE,,REV-2b8bbaae55074274340a8ae2,SDOC-d4f1b4dda91b0e7398e47635
2035,TECH,GENERAL / MULTIDISCIPLINE,DRAWING,CUT LIST,2035-NN-0048-CTL,"TEMPORARY 16"" PIG LAUNCHER & RECEIVER  (WITH CUTLIST 1 + 11 REV-1)",1,,,DATA/TECH/2035 Offshore Construction Engineering Register (Pipeline & Cables).xlsx,Cut-list,18,INCLUDE,,REV-e14d8908ec6b31a5f1a430ad,SDOC-58ec444b41ef2e708d26097c
2035,TECH,GENERAL / MULTIDISCIPLINE,DRAWING,CUT LIST,2035-NN-0049-CTL,"START UP HEAD DETAILS FOR 16"" PIPE LINE (FLANGE TYPE)",1A,,,DATA/TECH/2035 Offshore Construction Engineering Register (Pipeline & Cables).xlsx,Cut-list,19,INCLUDE,,REV-35356ef689a3acb68bcd2877,SDOC-fa8af73c44f8e59ca577836c
2035,TECH,GENERAL / MULTIDISCIPLINE,DRAWING,CUT LIST,2035-NN-0050-CTL,"LAYDOWN HEAD DETAILS FOR 16"" PIPE LINE (FLANGE TYPE)",0,,,DATA/TECH/2035 Offshore Construction Engineering Register (Pipeline & Cables).xlsx,Cut-list,20,INCLUDE,,REV-6b612dff0180ba3546e512a2,SDOC-8512c536b5ebaaeb25368271
2035,TECH,GENERAL / MULTIDISCIPLINE,DRAWING,CUT LIST,2035-NN-0050-CTL,"LAYDOWN HEAD DETAILS FOR 16"" PIPE LINE (FLANGE TYPE)",1,,,DATA/TECH/2035 Offshore Construction Engineering Register (Pipeline & Cables).xlsx,Cut-list,21,INCLUDE,,REV-548eb040666f0bb9dd03aa1e,SDOC-8512c536b5ebaaeb25368271
2035,TECH,GENERAL / MULTIDISCIPLINE,DRAWING,CUT LIST,2035-NN-0050-CTL,"LAYDOWN HEAD DETAILS FOR 16"" PIPE LINE (FLANGE TYPE)",2,,,DATA/TECH/2035 Offshore Construction Engineering Register (Pipeline & Cables).xlsx,Cut-list,22,INCLUDE,,REV-32d2ad59381c3009b672c69a,SDOC-8512c536b5ebaaeb25368271
2035,TECH,GENERAL / MULTIDISCIPLINE,DRAWING,CUT LIST,2035-NN-0051-CTL,"LAYDOWN HEAD DETAILS FOR 18"" PIPE LINE (FLANGE TYPE)",0,,,DATA/TECH/2035 Offshore Construction Engineering Register (Pipeline & Cables).xlsx,Cut-list,23,INCLUDE,,REV-d7a09af2eca76f4cd226aa5f,SDOC-c944880b97b84689ca7e24a6
2035,TECH,GENERAL / MULTIDISCIPLINE,DRAWING,CUT LIST,2035-NN-0051-CTL,"LAYDOWN HEAD DETAILS FOR 18"" PIPE LINE (FLANGE TYPE)",1,,,DATA/TECH/2035 Offshore Construction Engineering Register (Pipeline & Cables).xlsx,Cut-list,24,INCLUDE,,REV-0b9ecc480c4e18cc153ba8ec,SDOC-c944880b97b84689ca7e24a6
2035,TECH,GENERAL / MULTIDISCIPLINE,DRAWING,CUT LIST,2035-NN-0051-CTL,"LAYDOWN HEAD DETAILS FOR 18"" PIPE LINE (FLANGE TYPE)",2,,,DATA/TECH/2035 Offshore Construction Engineering Register (Pipeline & Cables).xlsx,Cut-list,25,INCLUDE,,REV-659d1cedadecbe5fee79a179,SDOC-c944880b97b84689ca7e24a6
2035,TECH,GENERAL / MULTIDISCIPLINE,DRAWING,CUT LIST,2035-NN-0056-CTL,"START UP HEAD, LAYDOWN, EMERGENCY HEAD & BLIND  FLANGE DETAILS FOR 2"" PIGGYBACK PIPELINE",0,,,DATA/TECH/2035 Offshore Construction Engineering Register (Pipeline & Cables).xlsx,Cut-list,26,INCLUDE,,REV-8f7e029705199f4e21b3348a,SDOC-76976afe6775a486b20b867c
2035,TECH,GENERAL / MULTIDISCIPLINE,DRAWING,CUT LIST,2035-NN-0056-CTL,"START UP HEAD, LAYDOWN, EMERGENCY HEAD & BLIND  FLANGE DETAILS FOR 2"" PIGGYBACK PIPELINE",1,,,DATA/TECH/2035 Offshore Construction Engineering Register (Pipeline & Cables).xlsx,Cut-list,27,INCLUDE,,REV-37cdb8c0710d523222cd0f68,SDOC-76976afe6775a486b20b867c
2035,TECH,GENERAL / MULTIDISCIPLINE,DRAWING,CUT LIST,2035-NN-0058-CTL,"FLANGE PROTECTOR DETAILS FOR 16"" PIPELINE
WITH 50mm THK. CONCRETE COATING - (WITH CUTLIST)",0,,,DATA/TECH/2035 Offshore Construction Engineering Register (Pipeline & Cables).xlsx,Cut-list,28,INCLUDE,,REV-bb93038958aabbf43523f13f,SDOC-2f64e77703997ae525734344
2035,TECH,GENERAL / MULTIDISCIPLINE,DRAWING,CUT LIST,2035-NN-0059-CTL,"FLANGE PROTECTOR DETAILS FOR 16"" PIPELINE
WITH 80mm THK. CONCRETE COATING - (WITH CUTLIST)",0,,,DATA/TECH/2035 Offshore Construction Engineering Register (Pipeline & Cables).xlsx,Cut-list,29,INCLUDE,,REV-943c6bed4e2447d2b13b51b5,SDOC-ad6d753cba701fdbc58b069d
2035,TECH,GENERAL / MULTIDISCIPLINE,DRAWING,CUT LIST,2035-NN-0060-CTL,"FLANGE PROTECTOR DETAILS FOR 16"" PIPELINE
WITH 95mm THK. CONCRETE COATING - (WITH CUTLIST)",1,,,DATA/TECH/2035 Offshore Construction Engineering Register (Pipeline & Cables).xlsx,Cut-list,30,INCLUDE,,REV-fe9af13c6ef5dbe5a250a8f2,SDOC-ae3f0e4eb52562b7580c1b66
2035,TECH,GENERAL / MULTIDISCIPLINE,DRAWING,CUT LIST,2035-NN-0061-CTL,"FLANGE PROTECTOR DETAILS FOR 16"" PIPELINE
WITH 70mm THK. CONCRETE COATING - (WITH CUTLIST)",0,,,DATA/TECH/2035 Offshore Construction Engineering Register (Pipeline & Cables).xlsx,Cut-list,31,INCLUDE,,REV-4369cff0942bed57a3b4a91e,SDOC-3eab3d30b0304c0b0aed63a1
2035,TECH,GENERAL / MULTIDISCIPLINE,DRAWING,CUT LIST,2035-NN-0062-CTL,"FLANGE PROTECTOR DETAILS FOR 16"" PIPELINE
WITH 175mm THK. CONCRETE COATING - (WITH CUTLIST)",0,,,DATA/TECH/2035 Offshore Construction Engineering Register (Pipeline & Cables).xlsx,Cut-list,32,INCLUDE,,REV-70bbc02ce7da9a4d8794f876,SDOC-3ff40d3d7f8c62783e0e84f0
2035,TECH,GENERAL / MULTIDISCIPLINE,DRAWING,CUT LIST,2035-NN-0063-CTL,"FLANGE PROTECTOR DETAILS FOR 16"" PIPELINE
WITH 85mm THK. CONCRETE COATING - (WITH CUTLIST)",0,,,DATA/TECH/2035 Offshore Construction Engineering Register (Pipeline & Cables).xlsx,Cut-list,33,INCLUDE,,REV-65232f41b27cff7ac94341e3,SDOC-3b48a07bea800d84d2c822a3
2035,TECH,GENERAL / MULTIDISCIPLINE,DRAWING,CUT LIST,2035-NN-0064-CTL,"FLANGE PROTECTOR DETAILS FOR 16"" PIPELINE
WITH 150mm THK. CONCRETE COATING - (WITH CUTLIST)",1,,,DATA/TECH/2035 Offshore Construction Engineering Register (Pipeline & Cables).xlsx,Cut-list,34,INCLUDE,,REV-f2c169252da3626958017476,SDOC-e506bc164acb7c5bf7cf3730
2035,TECH,GENERAL / MULTIDISCIPLINE,DRAWING,CUT LIST,2035-NN-0065-CTL,"FLANGE PROTECTOR DETAILS FOR 16"" PIPELINE
WITH 120mm THK. CONCRETE COATING - (WITH CUTLIST)",1,2023-07-20,,DATA/TECH/2035 Offshore Construction Engineering Register (Pipeline & Cables).xlsx,Cut-list,35,INCLUDE,,REV-e9cc74a997b72a2dca906d11,SDOC-50e3d985bc818cf5bf4ee46a
2035,TECH,GENERAL / MULTIDISCIPLINE,DRAWING,CUT LIST,2035-NN-0066-CTL,"FLANGE PROTECTOR DETAILS FOR 16"" PIPELINE
WITH 60mm THK. CONCRETE COATING - (WITH CUTLIST)",1,,,DATA/TECH/2035 Offshore Construction Engineering Register (Pipeline & Cables).xlsx,Cut-list,36,INCLUDE,,REV-de43ab625188a9bd213b33f7,SDOC-8e5fb87ed9e01901534052ae
2035,TECH,GENERAL / MULTIDISCIPLINE,DRAWING,CUT LIST,2035-NN-0067-CTL,"FLANGE PROTECTOR DETAILS FOR 16"" PIPELINE
WITH 100mm THK. CONCRETE COATING - (WITH CUTLIST)",1,,,DATA/TECH/2035 Offshore Construction Engineering Register (Pipeline & Cables).xlsx,Cut-list,37,INCLUDE,,REV-a2b2497413d102b34d6c6092,SDOC-e7a6c332a8b16866554b9af8
2035,TECH,GENERAL / MULTIDISCIPLINE,DRAWING,CUT LIST,2035-NN-0068-CTL,"FLANGE PROTECTOR DETAILS FOR 18"" PIPELINE
WITH 150mm THK. CONCRETE COATING - (WITH CUTLIST)",1,,,DATA/TECH/2035 Offshore Construction Engineering Register (Pipeline & Cables).xlsx,Cut-list,38,INCLUDE,,REV-534866f5e19e6dd395f43931,SDOC-dd75c3d65b596ef8a6efd457
2035,TECH,GENERAL / MULTIDISCIPLINE,DRAWING,CUT LIST,2035-NN-0069-CTL,"FLANGE PROTECTOR DETAILS FOR 18"" PIPELINE
WITH 40mm THK. CONCRETE COATING - (WITH CUTLIST)",1,,,DATA/TECH/2035 Offshore Construction Engineering Register (Pipeline & Cables).xlsx,Cut-list,39,INCLUDE,,REV-70f93485f333afe3618c4b8c,SDOC-be1ead01c0cfc3834cc90ab0
2035,TECH,GENERAL / MULTIDISCIPLINE,DRAWING,CUT LIST,2035-NN-0071-CTL,"FLANGE PROTECTOR DETAILS FOR 18"" PIPELINE
WITH 80mm THK. CONCRETE COATING - (WITH CUTLIST)",1,2023-07-24,,DATA/TECH/2035 Offshore Construction Engineering Register (Pipeline & Cables).xlsx,Cut-list,40,INCLUDE,,REV-b1c8a896380155eeb72edbc0,SDOC-461ff5e60fb8842075975cc9
2035,TECH,GENERAL / MULTIDISCIPLINE,DRAWING,CUT LIST,OFO-P2035-SK-113,SEAFASTENING GRILLAGE LAYOUT & DETAILS (WITH CUTLIST 2 + 41 – REV-0),0,2024-11-11,,DATA/TECH/2035 Offshore Construction Engineering Register (Pipeline & Cables).xlsx,Cut-list,41,INCLUDE,,REV-c629e6063ebf41bd37f3f344,SDOC-f718e66ea30e7876fa6f7c51
2035,TECH,GENERAL / MULTIDISCIPLINE,DRAWING,CUT LIST,OFO-P2035-SK-114,CABLE TOWER DETAILS  (WITH CUTLIST 4 + 222 - REV-0),0,,,DATA/TECH/2035 Offshore Construction Engineering Register (Pipeline & Cables).xlsx,Cut-list,42,INCLUDE,,REV-b1ead48e6cb3d9d6405cb03e,SDOC-476407b2ad8eba8bfb4466f4
2035,TECH,GENERAL / MULTIDISCIPLINE,DRAWING,CUT LIST,2035-NN-0120-CTL,"TEMPORARY KNEE BRACE DETAILS FOR 16"" WELL FLUID PIPELINE (WITH SINGLE 2"" PIGGYBACK) FORM US-142A TO USSC-RP1 (PL-3) AT USSC-RP1",0,,,DATA/TECH/2035 Offshore Construction Engineering Register (Pipeline & Cables).xlsx,Cut-list,43,INCLUDE,,REV-3430a7e87c24948852b8dc56,SDOC-d6b6d6608b8b4424a5916f4f
2035,TECH,GENERAL / MULTIDISCIPLINE,DRAWING,CUT LIST,2035-NN-0122-CTL,"TEMPORARY KNEE BRACE DETAILS FOR 16"" WELL FLUID PIPELINE (WITH SINGLE 2"" PIGGYBACK)  FROM US-153A TO USSC-RP1 (PL-5) AT USSC-RP1",0,,,DATA/TECH/2035 Offshore Construction Engineering Register (Pipeline & Cables).xlsx,Cut-list,44,INCLUDE,,REV-1e5c8538e3e712fa1c168d53,SDOC-e3d8dd755c873fc90857fe3d
2035,TECH,GENERAL / MULTIDISCIPLINE,DRAWING,CUT LIST,2035-NN-0124-CTL,"TEMPORARY KNEE BRACE DETAILS FOR 16"" WELL FLUID PIPELINE FROM US-12B TO USSC-RP1 (PL-2) @ USSC-RP-1",0,,,DATA/TECH/2035 Offshore Construction Engineering Register (Pipeline & Cables).xlsx,Cut-list,45,INCLUDE,,REV-f59cab8faccc406aee361bdb,SDOC-f95dd82370d12082e1670c80
2035,TECH,GENERAL / MULTIDISCIPLINE,DRAWING,CUT LIST,2035-NN-0126-CTL,"TEMPORARY KNEE BRACE DETAILS FOR 18"" WELL FLUID PIPELINE FROM HP2 TO USSC-RP1 (PL-7) @ USSC-RP1",0,,,DATA/TECH/2035 Offshore Construction Engineering Register (Pipeline & Cables).xlsx,Cut-list,46,INCLUDE,,REV-0aea0654b585c3cd903ad1e2,SDOC-5bed79100e087fea3e5e501d
2035,TECH,GENERAL / MULTIDISCIPLINE,DRAWING,CUT LIST,2035-NN-0128-CTL,"TEMPORARY KNEE BRACE DETAILS FOR 16"" WELL FLUID PIPELINE FROM HP3 TO USSC-RP1 (PL-8) AT USSC-RP1",0,,,DATA/TECH/2035 Offshore Construction Engineering Register (Pipeline & Cables).xlsx,Cut-list,47,INCLUDE,,REV-96be13de057942dd9f9154ab,SDOC-9a6e0724d8b260492818c725
2035,TECH,GENERAL / MULTIDISCIPLINE,DRAWING,CUT LIST,OFO-P2035-SK-116,"STORAGE QUADRANT-1.2M RADIUS FOR 16"" J-TUBE",0,,,DATA/TECH/2035 Offshore Construction Engineering Register (Pipeline & Cables).xlsx,Cut-list,48,INCLUDE,,REV-fb8e66cdf2d60414ded45591,SDOC-a6c436d09d66039c226e8a78
2035,TECH,GENERAL / MULTIDISCIPLINE,DRAWING,CUT LIST,2035-NN-0159-CTL,"TEMPORARY KNEE BRACE DETAILS FOR 16"" WELL FLUID SPOOL (WITH SINGLE 2"" PIGGYBACK) FROM US-19B TO US-153A (PL-4) AT US-19B",0,,,DATA/TECH/2035 Offshore Construction Engineering Register (Pipeline & Cables).xlsx,Cut-list,49,INCLUDE,,REV-75e15981ed7aef3bd63cd9fe,SDOC-adc5d8024e7585b54f7fadbd
2035,TECH,GENERAL / MULTIDISCIPLINE,DRAWING,CUT LIST,2035-NN-0014-CTL,CLAMP DETAILS FOR 16” RISER TOP PART AT PL-3 (USSC-RP-1) (WITH CUTLIST 1 + 3– REV-0),0,,,DATA/TECH/2035 Offshore Construction Engineering Register (Pipeline & Cables).xlsx,Cut-list,50,INCLUDE,,REV-ee59d6d756c9ddee688c936c,SDOC-e89e7950ba4a93bad89fd8b6
2035,TECH,GENERAL / MULTIDISCIPLINE,DRAWING,CUT LIST,OFO-P2035-SK-284-CTL,RISER TOP PLATE & PADEYE FOR 16” RISER (WITH CUTLIST 1 + 4– REV-1),1,,,DATA/TECH/2035 Offshore Construction Engineering Register (Pipeline & Cables).xlsx,Cut-list,51,INCLUDE,,REV-569bd9871a6f5f5b8005e2ec,SDOC-f9faef973f8fafd177052e81
2035,TECH,GENERAL / MULTIDISCIPLINE,DRAWING,CUT LIST,OFO-P2035-SK-285-CTL,RISER TOP PLATE & PADEYE FOR 18” RISER  (WITH CUTLIST 1 + 4– REV-1,1,,,DATA/TECH/2035 Offshore Construction Engineering Register (Pipeline & Cables).xlsx,Cut-list,52,INCLUDE,,REV-da08cdcd576c9403bd3b53a6,SDOC-15314559b7a32c91a0750a20
2035,TECH,GENERAL / MULTIDISCIPLINE,DRAWING,CUT LIST,2035-NN-0160-CTL,LOADING ARRANGEMENT & SEAFASTENING DETAILS OF RISERS AND SPOOLS @ ES - 282,0,,,DATA/TECH/2035 Offshore Construction Engineering Register (Pipeline & Cables).xlsx,Cut-list,53,INCLUDE,,REV-4edbb1f688a25ac1dea572fb,SDOC-6a3986be12b9df1c8f9594ff
2035,TECH,NAVAL & MARINE,DOCUMENT,ANALYSIS,2035-ZZ-CL-001,"MOORING ANALYSIS DURING PIPELAYING OF 16"" HP OIL SUBSEA PIPELINE FROM US-159A TO US-12B (PL-1)",1,,,DATA/TECH/2035 Offshore Construction Engineering Register (Pipeline & Cables).xlsx,Documents - Naval Marine,9,INCLUDE,,REV-dc82399c24a3c406a099a9b0,SDOC-abcaeb7260f25b1b36144b0e
2035,TECH,NAVAL & MARINE,DOCUMENT,ANALYSIS,2035-ZZ-CL-002,"MOORING ANALYSIS DURING PIPELAYING OF 16"" HP OIL SUBSEA PIPELINE FROM US-12B TO USSC-RP1 (PL-2)",1,,,DATA/TECH/2035 Offshore Construction Engineering Register (Pipeline & Cables).xlsx,Documents - Naval Marine,10,INCLUDE,,REV-f3c973e31edef5410edae9fd,SDOC-5b0cd487343d853e57813986
2035,TECH,NAVAL & MARINE,DOCUMENT,ANALYSIS,2035-ZZ-CL-003,"SAPURA 1200 MOORING ANALYSIS DURING PIPELAYING OF 16"" HP PL FROM USSC-RP-1 TO US-142A (PL-3)",1,2025-06-18,,DATA/TECH/2035 Offshore Construction Engineering Register (Pipeline & Cables).xlsx,Documents - Naval Marine,11,INCLUDE,,REV-f3cefd6d8237e45326e77677,SDOC-3f9fa0d0885d0a4bf625d683
2035,TECH,NAVAL & MARINE,DOCUMENT,ANALYSIS,2035-ZZ-CL-003,"SAPURA 1200 MOORING ANALYSIS DURING PIPELAYING OF 16"" HP PL FROM USSC-RP-1 TO US-142A (PL-3)",2,2025-10-10,1 - Approved,DATA/TECH/2035 Offshore Construction Engineering Register (Pipeline & Cables).xlsx,Documents - Naval Marine,12,INCLUDE,,REV-55b40820e6aa011aff62513e,SDOC-3f9fa0d0885d0a4bf625d683
2035,TECH,NAVAL & MARINE,DOCUMENT,ANALYSIS,2035-ZZ-CL-004,"MOORING ANALYSIS DURING PIPELAYING OF 16"" HP OIL SUBSEA PIPELINE FROM US-19B TO US-153A (PL-4)",1,,,DATA/TECH/2035 Offshore Construction Engineering Register (Pipeline & Cables).xlsx,Documents - Naval Marine,13,INCLUDE,,REV-66679540a0d7d7c409e6400b,SDOC-1b6cc947bfe2730d12c10c71
2035,TECH,NAVAL & MARINE,DOCUMENT,ANALYSIS,2035-ZZ-CL-005,"SAPURA 1200 MOORING ANALYSIS DURING PIPELAYING OF 16"" HP PL FROM USSC-RP-1 TO US-153A (PL-5)",1,2025-08-12,,DATA/TECH/2035 Offshore Construction Engineering Register (Pipeline & Cables).xlsx,Documents - Naval Marine,14,INCLUDE,,REV-0c3b5ef9a1248542a9d61caa,SDOC-dbb94333c86b38b9ab6d07df
2035,TECH,NAVAL & MARINE,DOCUMENT,ANALYSIS,2035-ZZ-CL-006,"MOORING ANALYSIS DURING PIPELAYING OF 18"" HP OIL SUBSEA PIPELINE FROM HP1 TO HP2 (PL-6)",1,,,DATA/TECH/2035 Offshore Construction Engineering Register (Pipeline & Cables).xlsx,Documents - Naval Marine,15,INCLUDE,,REV-fe1ebf6e799432dc5ee5e4d5,SDOC-369e9b5282268695e91cffd0
2035,TECH,NAVAL & MARINE,DOCUMENT,ANALYSIS,2035-ZZ-CL-007,"SUPURA 1200 MOORING ANALYSIS DURING PIPELAYING OF 18"" HP FROM USSC-RP1 TO HP2 (PL-7)",1,2025-05-23,,DATA/TECH/2035 Offshore Construction Engineering Register (Pipeline & Cables).xlsx,Documents - Naval Marine,16,INCLUDE,,REV-845dab4ccdf2ba75d44388de,SDOC-5629206f765fe499eadaa9fc
2035,TECH,NAVAL & MARINE,DOCUMENT,ANALYSIS,2035-ZZ-CL-008,"SAFEEN3000 MOORING ANALYSIS DURING PIPELAYING OF 16"" HP OIL SUBSEA PIPELINE FROM HP3 TO USSC-RP1 (PL-8)",1,2026-04-15,,DATA/TECH/2035 Offshore Construction Engineering Register (Pipeline & Cables).xlsx,Documents - Naval Marine,17,INCLUDE,,REV-9194e9aa84707601a4f29969,SDOC-d9f8558d56d72cae839ad158
2035,TECH,NAVAL & MARINE,DOCUMENT,ANALYSIS,2035-ZZ-CL-009,"SAPURA 1200 MOORING ANALYSIS DURING PIPELAYING OF 16"" WATER INJECTION SUBSEA PIPELINE FROM USSC-RP1 TO HP3 (PL-9)",1,2025-12-08,,DATA/TECH/2035 Offshore Construction Engineering Register (Pipeline & Cables).xlsx,Documents - Naval Marine,18,INCLUDE,,REV-9f9c2fd3222dec126b8a8890,SDOC-9159cbfda9faa2fd40408308
2035,TECH,NAVAL & MARINE,DOCUMENT,ANALYSIS,2035-ZZ-CL-010,"SAPURA-1200 MOORING ANALYSIS DURING PIPELAYING OF 16"" WATER INJECTION SUBSEA PIPELINE FROM HP3 TO HP2 (PL-10)",1,,,DATA/TECH/2035 Offshore Construction Engineering Register (Pipeline & Cables).xlsx,Documents - Naval Marine,19,INCLUDE,,REV-d27ba164dd3bdeb719e6b62a,SDOC-7e79259e81c82e2ab21e8d91
2035,TECH,NAVAL & MARINE,DOCUMENT,ANALYSIS,2035-ZZ-CL-011,"MOORING ANALYSIS DURING PIPELAYING OF 16"" WATER INJECTION SUBSEA PIPELINE FROM HP2 TO HP1 (PL-11)",1,,,DATA/TECH/2035 Offshore Construction Engineering Register (Pipeline & Cables).xlsx,Documents - Naval Marine,20,INCLUDE,,REV-72f039e72007456464714446,SDOC-874ffea05abe58eca22a8565
2035,TECH,NAVAL & MARINE,DOCUMENT,ANALYSIS,2035-ZZ-CL-012,"MOORING ANALYSIS DURING RISER INSTALLATION OF 16"" HP OIL SUBSEA PIPELINE FROM US-159A TO US-12B (PL-1)",1,,,DATA/TECH/2035 Offshore Construction Engineering Register (Pipeline & Cables).xlsx,Documents - Naval Marine,21,INCLUDE,,REV-90cf4d938511c034f857e266,SDOC-9857409f870e580693afb19d
2035,TECH,NAVAL & MARINE,DOCUMENT,ANALYSIS,2035-ZZ-CL-013,"MOORING ANALYSIS DURING RISER INSTALLATION OF 16"" HP OIL SUBSEA PIPELINE FROM US-12B TO USSC-RP1 (PL-2)",1,,,DATA/TECH/2035 Offshore Construction Engineering Register (Pipeline & Cables).xlsx,Documents - Naval Marine,22,INCLUDE,,REV-204e89756b2cc511541d72fb,SDOC-ab2005405953e87a9f812754
2035,TECH,NAVAL & MARINE,DOCUMENT,ANALYSIS,2035-ZZ-CL-014,"MOORING ANALYSIS DURING RISER INSTALLATION OF 16"" HP OIL SUBSEA PIPELINE FROM US-142A TO USSC-RP1 (PL-3)",1,,,DATA/TECH/2035 Offshore Construction Engineering Register (Pipeline & Cables).xlsx,Documents - Naval Marine,23,INCLUDE,,REV-e206a6bc4eb0beedff817ed0,SDOC-9a66be40136212b374fe92fc
2035,TECH,NAVAL & MARINE,DOCUMENT,ANALYSIS,2035-ZZ-CL-015,"MOORING ANALYSIS DURING RISER INSTALLATION OF 16"" HP OIL SUBSEA PIPELINE FROM US-19B TO US-153A (PL-4)",1,,,DATA/TECH/2035 Offshore Construction Engineering Register (Pipeline & Cables).xlsx,Documents - Naval Marine,24,INCLUDE,,REV-cfb9572104314f601268d2b2,SDOC-b2298e3a32e731f91b72e8f8
2035,TECH,NAVAL & MARINE,DOCUMENT,ANALYSIS,2035-ZZ-CL-016,SAFEEN-3000 MOORING ANALYSIS DURING PL-5 RISER & SPOOL INSTALLATION RP1,1,,,DATA/TECH/2035 Offshore Construction Engineering Register (Pipeline & Cables).xlsx,Documents - Naval Marine,25,INCLUDE,,REV-bb126c1a6ce9e7eae0bc5544,SDOC-fb637cdc044614847cd0d19b
2035,TECH,NAVAL & MARINE,DOCUMENT,ANALYSIS,2035-ZZ-CL-017,"MOORING ANALYSIS DURING RISER INSTALLATION OF 18"" HP OIL SUBSEA PIPELINE FROM HP1 TO HP2 (PL-6)",1,,,DATA/TECH/2035 Offshore Construction Engineering Register (Pipeline & Cables).xlsx,Documents - Naval Marine,26,INCLUDE,,REV-b93c53d73e10bab86d4c6b95,SDOC-f3f2245d975b8b07e88da8f9
2035,TECH,NAVAL & MARINE,DOCUMENT,ANALYSIS,2035-ZZ-CL-018,SAFEEN-3000 MOORING ANALYSIS DURING PL-7 RISER & SPOOL INSTALLATION AT RP-1,1,,,DATA/TECH/2035 Offshore Construction Engineering Register (Pipeline & Cables).xlsx,Documents - Naval Marine,27,INCLUDE,,REV-358a5edf3ea5ce995e944c13,SDOC-98134a0ad26aee05fcd3a250
2035,TECH,NAVAL & MARINE,DOCUMENT,ANALYSIS,2035-ZZ-CL-019,"MOORING ANALYSIS DURING RISER INSTALLATION OF 16"" HP OIL SUBSEA PIPELINE FROM HP3 TO USSC-RP1 (PL-8)",1,,,DATA/TECH/2035 Offshore Construction Engineering Register (Pipeline & Cables).xlsx,Documents - Naval Marine,28,INCLUDE,,REV-8487c0b64bc308a2a8a1ef54,SDOC-7c4d555517e252fd7f24549a
2035,TECH,NAVAL & MARINE,DOCUMENT,ANALYSIS,2035-ZZ-CL-020,"MOORING ANALYSIS DURING RISER INSTALLATION OF 16"" WATER INJECTION SUBSEA PIPELINE FROM USSC-RP1 TO HP3 (PL-9)",1,,,DATA/TECH/2035 Offshore Construction Engineering Register (Pipeline & Cables).xlsx,Documents - Naval Marine,29,INCLUDE,,REV-29da889cfb71028f832e94c1,SDOC-9d3bc52ef239526f86107207
2035,TECH,NAVAL & MARINE,DOCUMENT,ANALYSIS,2035-ZZ-CL-021,"MOORING ANALYSIS DURING RISER INSTALLATION OF 16"" WATER INJECTION SUBSEA PIPELINE FROM HP3 TO HP2 (PL-10)",1,,,DATA/TECH/2035 Offshore Construction Engineering Register (Pipeline & Cables).xlsx,Documents - Naval Marine,30,INCLUDE,,REV-5514a0cf5a26ab1e1af13854,SDOC-a60bc19f6f1737d5c8b0c4cc
2035,TECH,NAVAL & MARINE,DOCUMENT,ANALYSIS,2035-ZZ-CL-022,"MOORING ANALYSIS DURING RISER INSTALLATION OF 16"" WATER INJECTION SUBSEA PIPELINE FROM HP2 TO HP1 (PL-11)",1,,,DATA/TECH/2035 Offshore Construction Engineering Register (Pipeline & Cables).xlsx,Documents - Naval Marine,31,INCLUDE,,REV-3c05cb6a222c54184fc45873,SDOC-7179aedaaded0b2d3e1b13a9
2035,TECH,NAVAL & MARINE,DOCUMENT,ANALYSIS,2035-ZZ-CL-023,MOORING ANALYSIS DURING CABLE LAYING FROM US-153A TO US-19B(CC-4) - CB-1,1,,,DATA/TECH/2035 Offshore Construction Engineering Register (Pipeline & Cables).xlsx,Documents - Naval Marine,32,INCLUDE,,REV-05890400ffdf328f503a7e0a,SDOC-693cc8e681cee16e655417d4
2035,TECH,NAVAL & MARINE,DOCUMENT,ANALYSIS,2035-ZZ-CL-024,MOORING ANALYSIS DURING CABLE LAYING FROM US-1216 TO US153A(CC-3) - CB-2,1,,,DATA/TECH/2035 Offshore Construction Engineering Register (Pipeline & Cables).xlsx,Documents - Naval Marine,33,INCLUDE,,REV-642b4ebb5164cdeb5d2e439d,SDOC-988c3bc6715ba1a97b0e3f5e
2035,TECH,NAVAL & MARINE,DOCUMENT,ANALYSIS,2035-ZZ-CL-025,MOORING ANALYSIS DURING CABLE LAYING FROM US-142A TO US218(CC-8) - CB-3,1,,,DATA/TECH/2035 Offshore Construction Engineering Register (Pipeline & Cables).xlsx,Documents - Naval Marine,34,INCLUDE,,REV-ae0ccf00f2d7f2239f93cc4b,SDOC-243e008b5a1455c9ebc3d32c
2035,TECH,NAVAL & MARINE,DOCUMENT,ANALYSIS,2035-ZZ-CL-026,MOORING ANALYSIS DURING CABLE LAYING FROM US-159A TO US-12B(CC-11) - CB-7,1,,,DATA/TECH/2035 Offshore Construction Engineering Register (Pipeline & Cables).xlsx,Documents - Naval Marine,35,INCLUDE,,REV-c523ea95d25d6efccc3a217d,SDOC-ca600e603e6720eb8c426db5
2035,TECH,NAVAL & MARINE,DOCUMENT,ANALYSIS,2035-ZZ-CL-027,MOORING ANALYSIS DURING CABLE LAYING FROM US-19B TO HP-1(CC-5) - CB-8,1,,,DATA/TECH/2035 Offshore Construction Engineering Register (Pipeline & Cables).xlsx,Documents - Naval Marine,36,INCLUDE,,REV-ec4e5aa82abebc051aed816a,SDOC-aa00871186fabd51a485889d
2035,TECH,NAVAL & MARINE,DOCUMENT,ANALYSIS,2035-ZZ-CL-028,MOORING ANALYSIS DURING CABLE LAYING FROM HP1 TO HP2(CC-6) - CB-9,1,,,DATA/TECH/2035 Offshore Construction Engineering Register (Pipeline & Cables).xlsx,Documents - Naval Marine,37,INCLUDE,,REV-0dc0996bf6a860fcfd419a08,SDOC-1da086562801e468ca7ac663
2035,TECH,NAVAL & MARINE,DOCUMENT,ANALYSIS,2035-ZZ-CL-029,MOORING ANALYSIS DURING CABLE LAYING FROM HP-2 TO US-142A(CC-7) - CB-10,1,,,DATA/TECH/2035 Offshore Construction Engineering Register (Pipeline & Cables).xlsx,Documents - Naval Marine,38,INCLUDE,,REV-43b78ed7fdb7e8c5efb813eb,SDOC-9983ac6a229d7334d20b8dcf
2035,TECH,NAVAL & MARINE,DOCUMENT,ANALYSIS,2035-ZZ-CL-030,MOORING ANALYSIS DURING CABLE LAYING FROM USSC-RP1 TO HP3(CC-2) - CB-11,1,,,DATA/TECH/2035 Offshore Construction Engineering Register (Pipeline & Cables).xlsx,Documents - Naval Marine,39,INCLUDE,,REV-0d5938b14cd06a90d185d7a1,SDOC-d84349a33f2189a13da1e474
2035,TECH,NAVAL & MARINE,DOCUMENT,ANALYSIS,2035-ZZ-CL-031,MOORING ANALYSIS DURING CABLE LAYING FROM USSC-RP1 TO HP3(CC-1) - CB-12,1,,,DATA/TECH/2035 Offshore Construction Engineering Register (Pipeline & Cables).xlsx,Documents - Naval Marine,40,INCLUDE,,REV-56acedca8d184bd72ae32fd6,SDOC-04d79d1f2ffc646f1d3ff268
2035,TECH,NAVAL & MARINE,DOCUMENT,ANALYSIS,2035-ZZ-CL-032,MOORING ANALYSIS DURING CABLE LAYING FROM USSC-PDP TO WHT- GI-1(CC-13) TO US-128 - CB-13,1,,,DATA/TECH/2035 Offshore Construction Engineering Register (Pipeline & Cables).xlsx,Documents - Naval Marine,41,INCLUDE,,REV-94fb3455e74c24dba6e4ec4f,SDOC-7e4502564550b006cb265a1b
2035,TECH,NAVAL & MARINE,DOCUMENT,ANALYSIS,2035-ZZ-CL-033,MOORING ANALYSIS DURING CABLE LAYING FROM USSC-PDP TO WHT- GP-1(CC-14) TO US-159A - CB-14,1,,,DATA/TECH/2035 Offshore Construction Engineering Register (Pipeline & Cables).xlsx,Documents - Naval Marine,42,INCLUDE,,REV-e7d7b493abb8a615f8c1029f,SDOC-65a6dc1e54f838a1a63941cd
2035,TECH,NAVAL & MARINE,DOCUMENT,ANALYSIS REPORT,2035-ZZ-CL-034,STABILITY ANALYSIS REPORT DURING TRANSPORTATION OF CC PIPES ON SAFEEN B-282 (PL-3) TRIP-1,1,2024-07-15,1 - Approved,DATA/TECH/2035 Offshore Construction Engineering Register (Pipeline & Cables).xlsx,Documents - Naval Marine,43,INCLUDE,,REV-e26c0258ee57986d75c3b826,SDOC-80802dc0509e9b9174aa3ce1
2035,TECH,NAVAL & MARINE,DOCUMENT,ANALYSIS REPORT,2035-ZZ-CL-034,STABILITY ANALYSIS REPORT DURING TRANSPORTATION OF CC PIPES ON SAFEEN B-282 (PL-3) TRIP-1,2,2025-03-28,1,DATA/TECH/2035 Offshore Construction Engineering Register (Pipeline & Cables).xlsx,Documents - Naval Marine,44,INCLUDE,,REV-4ef09fbbe396a19bb85306ed,SDOC-80802dc0509e9b9174aa3ce1
2035,TECH,NAVAL & MARINE,DOCUMENT,ANALYSIS REPORT,2035-ZZ-CL-035,STABILITY ANALYSIS REPORT DURING TRANSPORTATION OF CC PIPES ON SAFEEN B281 (PL-3 & PL-5) TRIP-2,1,2025-04-15,1 - Approved,DATA/TECH/2035 Offshore Construction Engineering Register (Pipeline & Cables).xlsx,Documents - Naval Marine,45,INCLUDE,,REV-95b25ca229431575f5cbf734,SDOC-4b7887a998abd7751f828452
2035,TECH,NAVAL & MARINE,DOCUMENT,ANALYSIS REPORT,2035-ZZ-CL-036,STABILITY ANALYSIS REPORT DURING TRANSPORTATION OF CC PIPES ON CREST-2802 (PL-5)-TRIP NO.3,1,2025-06-18,1,DATA/TECH/2035 Offshore Construction Engineering Register (Pipeline & Cables).xlsx,Documents - Naval Marine,46,INCLUDE,,REV-4112184b0e782480c6a5a5bb,SDOC-e5833247b8455739e6b62432
2035,TECH,NAVAL & MARINE,DOCUMENT,ANALYSIS REPORT,2035-ZZ-CL-036,STABILITY ANALYSIS REPORT DURING TRANSPORTATION OF CC PIPES ON CREST-2802 (PL-5)-TRIP NO.3,2,2025-07-30,1 - Approved,DATA/TECH/2035 Offshore Construction Engineering Register (Pipeline & Cables).xlsx,Documents - Naval Marine,47,INCLUDE,,REV-a84577441dd441d5075e9043,SDOC-e5833247b8455739e6b62432
2035,TECH,NAVAL & MARINE,DOCUMENT,ANALYSIS REPORT,2035-ZZ-CL-037,STABILITY ANALYSIS REPORT DURING TRANSPORTATION OF CC PIPES ON SAFEEN-B-284 (PL-5 & PL-7) - TRIP-4,1,2025-10-09,1 - Approved,DATA/TECH/2035 Offshore Construction Engineering Register (Pipeline & Cables).xlsx,Documents - Naval Marine,48,INCLUDE,,REV-e64fc20e061375026fe3ae2c,SDOC-1d0470102760463a5ce5f28a
2035,TECH,NAVAL & MARINE,DOCUMENT,ANALYSIS REPORT,2035-ZZ-CL-038,STABILITY ANALYSIS REPORT DURING TRANSPORTATION OF CC PIPES ON CREST-2802 (PL-7) TRIP-6,1,2026-01-16,1,DATA/TECH/2035 Offshore Construction Engineering Register (Pipeline & Cables).xlsx,Documents - Naval Marine,49,INCLUDE,,REV-0c9904d7e8bd6fcff1286f97,SDOC-28d5dfe6200a7dd6b75bbaf0
2035,TECH,NAVAL & MARINE,DOCUMENT,ANALYSIS REPORT,2035-ZZ-CL-039,STABILITY ANALYSIS REPORT DURING TRANSPORTATION OF CC PIPES ON ASTRO-252 (PL-6 & PL-8) TRIP-2 (SAFEEN 3000 SOW),1,2026-02-11,,DATA/TECH/2035 Offshore Construction Engineering Register (Pipeline & Cables).xlsx,Documents - Naval Marine,50,INCLUDE,,REV-c46213747d336ee261632270,SDOC-d2a0af77e4292974d0c9661e
2035,TECH,NAVAL & MARINE,DOCUMENT,ANALYSIS REPORT,2035-ZZ-CL-040,STABILITY ANALYSIS REPORT DURING TRANSPORTATION OF RISERS & SPOOLS ONBOARD ES-282,1,2025-10-08,,DATA/TECH/2035 Offshore Construction Engineering Register (Pipeline & Cables).xlsx,Documents - Naval Marine,51,INCLUDE,,REV-2ab030a6aa7af504e7aee509,SDOC-d7f7c1cd0cc056b87ca602d8
2035,TECH,NAVAL & MARINE,DOCUMENT,ANALYSIS REPORT,2035-ZZ-CL-041,STABILITY ANALYSIS REPORT DURING TRANSPORTATION OF CC PIPES ON PFC-02 (PL-2 & PL-8) - TRIP-3 (SAFEEN-3000 SOW),1,2026-03-24,1 - Approved,DATA/TECH/2035 Offshore Construction Engineering Register (Pipeline & Cables).xlsx,Documents - Naval Marine,52,INCLUDE,,REV-b4a43b609567461d30cfb5a5,SDOC-86aad4e3de130f83a55d307f
2035,TECH,NAVAL & MARINE,DOCUMENT,ANALYSIS REPORT,2035-ZZ-CL-042,STABILITY ANALYSIS REPORT DURING TRANSPORTATION OF SPOOLS ON AESEN-2812,1,2026-04-29,,DATA/TECH/2035 Offshore Construction Engineering Register (Pipeline & Cables).xlsx,Documents - Naval Marine,53,INCLUDE,,REV-ce790f81e3918a330202981b,SDOC-3bfae2ec873d12995169522d
2035,TECH,NAVAL & MARINE,DOCUMENT,ANALYSIS REPORT,2035-ZZ-CL-043,STABILITY ANALYSIS REPORT DURING TRANSPORTATION OF SLEEPERS ON CB-7 - TRIP-1,1,2023-09-21,4,DATA/TECH/2035 Offshore Construction Engineering Register (Pipeline & Cables).xlsx,Documents - Naval Marine,54,INCLUDE,,REV-02dd49d882746e35b2205a29,SDOC-04fedaabfe3205b17d798cbb
2035,TECH,NAVAL & MARINE,DOCUMENT,ANALYSIS REPORT,2035-ZZ-CL-044,STABILITY ANALYSIS REPORT DURING TRANSPORTATION OF CC PIPES ON SAFEEN B-282 (PL-9) TRIP-10,1,2026-03-24,1 - Approved,DATA/TECH/2035 Offshore Construction Engineering Register (Pipeline & Cables).xlsx,Documents - Naval Marine,55,INCLUDE,,REV-692f7325aeb77447c1d83156,SDOC-4c70d44bffcd85c6c85fce2c
2035,TECH,NAVAL & MARINE,DOCUMENT,ANALYSIS REPORT,2035-ZZ-CL-045,STABILITY ANALYSIS REPORT DURING TRANSPORTATION OF SPOOLS ON AESEN-2811,1,2026-05-04,,DATA/TECH/2035 Offshore Construction Engineering Register (Pipeline & Cables).xlsx,Documents - Naval Marine,56,INCLUDE,,REV-7029c4260d39feee8a55bd7f,SDOC-cb5925002d2161b282ee1b90
2035,TECH,NAVAL & MARINE,DOCUMENT,ANALYSIS REPORT,2035-ZZ-CL-046,STABILITY ANALYSIS REPORT DURING TRANSPORTATION OF SLEEPERS ON ES-282 - TRIP-3,1,2023-10-31,,DATA/TECH/2035 Offshore Construction Engineering Register (Pipeline & Cables).xlsx,Documents - Naval Marine,57,INCLUDE,,REV-c6952817231d35db705ecb55,SDOC-00d5dfc69f2ebf1c1f43bffc
2035,TECH,NAVAL & MARINE,DOCUMENT,ANALYSIS REPORT,2035-ZZ-CL-047,STABILITY ANALYSIS REPORT DURING TRANSPORTATION OF SLEEPERS ON ASTRO-250 FOR PL-3,1,2024-01-06,approved,DATA/TECH/2035 Offshore Construction Engineering Register (Pipeline & Cables).xlsx,Documents - Naval Marine,58,INCLUDE,,REV-938105e2b9bb6a52a43a6bee,SDOC-317ab0162e69bc19b8f84762
2035,TECH,NAVAL & MARINE,DOCUMENT,ANALYSIS REPORT,2035-ZZ-CL-048,STABILITY ANALYSIS REPORT DURING TRANSPORTATION OF CONCRETE SLEEPERS (PL-3) @ ASTRO-304,1,2024-02-15,,DATA/TECH/2035 Offshore Construction Engineering Register (Pipeline & Cables).xlsx,Documents - Naval Marine,59,INCLUDE,,REV-b4de473ada5b555eb8721d2f,SDOC-db40a31ef3180b093e0c0200
2035,TECH,NAVAL & MARINE,DOCUMENT,ANALYSIS REPORT,2035-ZZ-CL-048,STABILITY ANALYSIS REPORT DURING TRANSPORTATION OF CONCRETE SLEEPERS (PL-3) @ ASTRO-304,2,2024-03-05,,DATA/TECH/2035 Offshore Construction Engineering Register (Pipeline & Cables).xlsx,Documents - Naval Marine,60,INCLUDE,,REV-f7d6d662afb8aba8bde22e2d,SDOC-db40a31ef3180b093e0c0200
2035,TECH,NAVAL & MARINE,DOCUMENT,ANALYSIS REPORT,2035-ZZ-CL-049,"STABILITY ANALYSIS REPORT DURING TRANSPORTATION OF SLEEPERS (PL-3, PL-2 & PL-1) ON ES-282",1,2024-03-14,,DATA/TECH/2035 Offshore Construction Engineering Register (Pipeline & Cables).xlsx,Documents - Naval Marine,61,INCLUDE,,REV-eb1c2892d8c7cfcf8edc12b7,SDOC-85e3b462ea1f89a18c27b393
2035,TECH,NAVAL & MARINE,DOCUMENT,ANALYSIS,2035-ZZ-CL-050,SEP-750 MOORING ANALYSIS AT CSP-01,1,2024-09-12,1 - Approved,DATA/TECH/2035 Offshore Construction Engineering Register (Pipeline & Cables).xlsx,Documents - Naval Marine,62,INCLUDE,,REV-b353d33e7fddfddc343fd8ee,SDOC-45f57d66e2f42bc9b45899b2
2035,TECH,NAVAL & MARINE,DOCUMENT,ANALYSIS,2035-ZZ-CL-050,SEP-750 MOORING ANALYSIS AT CSP-01,2,2024-10-01,approved,DATA/TECH/2035 Offshore Construction Engineering Register (Pipeline & Cables).xlsx,Documents - Naval Marine,63,INCLUDE,,REV-c7896447c7e972d57c9bab2e,SDOC-45f57d66e2f42bc9b45899b2
2035,TECH,NAVAL & MARINE,DOCUMENT,ANALYSIS,2035-ZZ-CL-051,DLB-1000 MOORING ANALYSIS AT BST-S13 DECK AND B-26,1,2024-10-14,,DATA/TECH/2035 Offshore Construction Engineering Register (Pipeline & Cables).xlsx,Documents - Naval Marine,64,INCLUDE,,REV-045da7651a9359e33f4cf4b1,SDOC-507d3f8c6c2eeefb64dbd7f6
2035,TECH,NAVAL & MARINE,DOCUMENT,ANALYSIS,2035-ZZ-CL-051,DLB-1000 MOORING ANALYSIS AT BST-S13 DECK AND B-26,2,2024-11-27,1,DATA/TECH/2035 Offshore Construction Engineering Register (Pipeline & Cables).xlsx,Documents - Naval Marine,65,INCLUDE,,REV-130ba034104953c67d982b08,SDOC-507d3f8c6c2eeefb64dbd7f6
2035,TECH,NAVAL & MARINE,DOCUMENT,ANALYSIS,2035-ZZ-CL-052,DLB-1000 MOORING ANALYSIS AT US 159-A & US 142-A,1,2025-01-10,,DATA/TECH/2035 Offshore Construction Engineering Register (Pipeline & Cables).xlsx,Documents - Naval Marine,66,INCLUDE,,REV-e63d44975b3969f426c1a49b,SDOC-ba5b567881a359b53a37c4f8
2035,TECH,NAVAL & MARINE,DOCUMENT,ANALYSIS REPORT,2035-ZZ-CL-053,STABILITY ANALYSIS REPORT DURING TRANSPORTATION OF SLEEPERS ON GAC-68- TRIP-11,1,2024-11-13,,DATA/TECH/2035 Offshore Construction Engineering Register (Pipeline & Cables).xlsx,Documents - Naval Marine,67,INCLUDE,,REV-eb5f9a946843fb03013db03b,SDOC-5fdfda10b8c5f7a2b042c4a8
2035,TECH,NAVAL & MARINE,DOCUMENT,ANALYSIS REPORT,2035-ZZ-CL-054,STABILITY ANALYSIS REPORT DURING TRANSPORTATION OF SLEEPERS ON ASTRO-251,1,2025-01-08,1,DATA/TECH/2035 Offshore Construction Engineering Register (Pipeline & Cables).xlsx,Documents - Naval Marine,68,INCLUDE,,REV-26e84318b054636f106b2d63,SDOC-8557d41be1ed456daa2735b7
2035,TECH,NAVAL & MARINE,DOCUMENT,ANALYSIS,2035-ZZ-CL-055,DLB-1000 MOORING ANALYSIS DURING US-153A DECK INSTALLATION,1,2025-01-24,,DATA/TECH/2035 Offshore Construction Engineering Register (Pipeline & Cables).xlsx,Documents - Naval Marine,69,INCLUDE,,REV-e955c7c09d2b769d22299bf3,SDOC-6f9574c7a2e0ce6408406280
2035,TECH,NAVAL & MARINE,DOCUMENT,ANALYSIS,2035-ZZ-CL-056,SEP-750 MOORING ANALYSIS AT WIP-2,1,2025-03-19,,DATA/TECH/2035 Offshore Construction Engineering Register (Pipeline & Cables).xlsx,Documents - Naval Marine,70,INCLUDE,,REV-c90fe5789e8d5830d1cc38f7,SDOC-09288ef5e3bef200e017b2d6
2035,TECH,NAVAL & MARINE,DOCUMENT,ANALYSIS,2035-ZZ-CL-057,DLS-4200 MOORING ANALYSIS AT US-HP-3 DURING DECK INSTALLATION,1,2025-07-10,,DATA/TECH/2035 Offshore Construction Engineering Register (Pipeline & Cables).xlsx,Documents - Naval Marine,71,INCLUDE,,REV-6a1d31088737179e64a97753,SDOC-fcf9e88cc57a4029eb5da012
2035,TECH,NAVAL & MARINE,DOCUMENT,ANALYSIS,2035-ZZ-CL-057,DLS-4200 MOORING ANALYSIS AT US-HP-3 DURING DECK INSTALLATION,2,2025-09-03,1,DATA/TECH/2035 Offshore Construction Engineering Register (Pipeline & Cables).xlsx,Documents - Naval Marine,72,INCLUDE,,REV-85bd4121989bc4e125beeb02,SDOC-fcf9e88cc57a4029eb5da012
2035,TECH,NAVAL & MARINE,DOCUMENT,ANALYSIS,2035-ZZ-CL-058,DLB 1000 MOORING ANALYSIS DURING PL-3 RISER & SPOOL INSTALLATION AT RP1,1,2025-08-04,1,DATA/TECH/2035 Offshore Construction Engineering Register (Pipeline & Cables).xlsx,Documents - Naval Marine,73,INCLUDE,,REV-3a727b246f2e8c2cdb37b00c,SDOC-8d47b6433f018713fc068fa5
2035,TECH,NAVAL & MARINE,DOCUMENT,GENERAL TECHNICAL DOCUMENT,2035-ZZ-CL-059,SAFEEN 3000 DURING PL-3 RISER & INSTALLATION AT RP-1,1,2025-10-30,,DATA/TECH/2035 Offshore Construction Engineering Register (Pipeline & Cables).xlsx,Documents - Naval Marine,74,INCLUDE,,REV-302f8b8b8a63fbe976e15698,SDOC-1cf5698e786e4ede9c035322
2035,TECH,NAVAL & MARINE,DOCUMENT,ANALYSIS,2035-ZZ-CL-060,SAFEEN-3000 MOORING ANALYSIS DURING PL-3 SHIFTING AT US-142A,1,2025-12-08,1,DATA/TECH/2035 Offshore Construction Engineering Register (Pipeline & Cables).xlsx,Documents - Naval Marine,75,INCLUDE,,REV-66b8e93f589f98de9fabcd76,SDOC-0d5fb2c6069dfad269a26f78
2035,TECH,NAVAL & MARINE,DOCUMENT,ANALYSIS,2035-ZZ-CL-060,SAFEEN-3000 MOORING ANALYSIS DURING PL-3 SHIFTING AT US-142A,2,2025-12-24,,DATA/TECH/2035 Offshore Construction Engineering Register (Pipeline & Cables).xlsx,Documents - Naval Marine,76,INCLUDE,,REV-b34205756a0e1d370f69f3ea,SDOC-0d5fb2c6069dfad269a26f78
2035,TECH,NAVAL & MARINE,DOCUMENT,ANALYSIS,2035-ZZ-CL-061,SAFEEN-3000 MOORING ANALYSIS DURINGCORRIDOR SPOOLS INSTALLATION PL-6 AT HP-1,1,2026-03-24,1 - Approved,DATA/TECH/2035 Offshore Construction Engineering Register (Pipeline & Cables).xlsx,Documents - Naval Marine,77,INCLUDE,,REV-88482a5e3e1f5441140822a6,SDOC-fa2c6cb56fa136dc15a78a9c
2035,TECH,NAVAL & MARINE,DOCUMENT,ANALYSIS,2035-ZZ-CL-062,DLB-1000 MOORING ANALYSIS DURING PL-6 AND PL-11 CORRIDOR SPOOLS INSTALLATION AT HP-1,1,2026-04-06,,DATA/TECH/2035 Offshore Construction Engineering Register (Pipeline & Cables).xlsx,Documents - Naval Marine,78,INCLUDE,,REV-2d11ede213abfadb290a877d,SDOC-0ba65189bca4dca5a897c115
2035,TECH,NAVAL & MARINE,DOCUMENT,ANALYSIS,2035-ZZ-CL-063,DLB-1000 MOORING ANALYSIS DURING PL-6 and PL-11 corridor spools installation at HP-2,1,2026-04-25,1 - Approved,DATA/TECH/2035 Offshore Construction Engineering Register (Pipeline & Cables).xlsx,Documents - Naval Marine,79,INCLUDE,,REV-0fa2e3690f26ed5973bd7b8e,SDOC-ff654a19511a4a91e5cc5e62
2035,TECH,NAVAL & MARINE,DOCUMENT,ANALYSIS,2035-ZZ-CL-064,DLB-1000 MOORING ANALYSIS DURING PL-7 and PL-10 corridor spools installation at HP-2,1,2026-04-21,,DATA/TECH/2035 Offshore Construction Engineering Register (Pipeline & Cables).xlsx,Documents - Naval Marine,80,INCLUDE,,REV-9634543b9756492d31ede76f,SDOC-bb8ab06c96b32d2edf8a66c5
2035,TECH,NAVAL & MARINE,DOCUMENT,ANALYSIS,2035-ZZ-CL-065,"DLB-1000 MOORING ANALYSIS DURING PL-8,PL-9 and PL-10 corridor spools installation at HP-3 and Lateral shifting PL-8 and PL-9",1,2026-04-24,,DATA/TECH/2035 Offshore Construction Engineering Register (Pipeline & Cables).xlsx,Documents - Naval Marine,81,INCLUDE,,REV-0b94fab72311614c7ba631d8,SDOC-6a02ca7e8e46adee75605a5f
2035,TECH,NAVAL & MARINE,DOCUMENT,ANALYSIS,2035-ZZ-CL-066,"DLB-1000 MOORING ANALYSIS DURING PL-2, PL-7, PL-8 STALK-ON RISER AND PL-9 SPOOLS INSTALLATION AT RP-1",1,2026-04-24,,DATA/TECH/2035 Offshore Construction Engineering Register (Pipeline & Cables).xlsx,Documents - Naval Marine,82,INCLUDE,,REV-aeb9363e2cf2da8c568f027e,SDOC-6b203bfd3fb6f832fd148f0b
2035,TECH,NAVAL & MARINE,DOCUMENT,ANALYSIS,2035-ZZ-CL-066,"DLB-1000 MOORING ANALYSIS DURING PL-2, PL-7, PL-8 STALK-ON RISER AND PL-9 SPOOLS INSTALLATION AT RP-1",2,2026-07-10,,DATA/TECH/2035 Offshore Construction Engineering Register (Pipeline & Cables).xlsx,Documents - Naval Marine,83,INCLUDE,,REV-450852ce6ffdc46a85f0f096,SDOC-6b203bfd3fb6f832fd148f0b
2035,TECH,NAVAL & MARINE,DOCUMENT,ANALYSIS,2035-ZZ-CL-066,"DLB-1000 MOORING ANALYSIS DURING PL-2, PL-7, PL-8 STALK-ON RISER AND PL-9 SPOOLS INSTALLATION AT RP-1",3,2026-08-25,,DATA/TECH/2035 Offshore Construction Engineering Register (Pipeline & Cables).xlsx,Documents - Naval Marine,84,INCLUDE,,REV-56a7edd6d9f3c880abe12f3a,SDOC-6b203bfd3fb6f832fd148f0b
2035,TECH,NAVAL & MARINE,DOCUMENT,ANALYSIS,2035-ZZ-CL-067,DLB-1000 Mooring Analysis During  PL-1 Corridor spools installation at US-159A,1,2026-04-28,,DATA/TECH/2035 Offshore Construction Engineering Register (Pipeline & Cables).xlsx,Documents - Naval Marine,85,INCLUDE,,REV-00118a49e11a7fb04b433819,SDOC-ccd3d78f9e0158ae152fc451
2035,TECH,NAVAL & MARINE,DOCUMENT,ANALYSIS,2035-ZZ-CL-068,DLB-1000 Mooring Analysis During  PL-2 Lateral shifting and corridor spools installation at US-12B,1,2026-05-13,1 - Approved,DATA/TECH/2035 Offshore Construction Engineering Register (Pipeline & Cables).xlsx,Documents - Naval Marine,86,INCLUDE,,REV-e1e2ac947e4da8338e43f459,SDOC-46534049b087c80cb40fc008
2035,TECH,NAVAL & MARINE,DOCUMENT,ANALYSIS,2035-ZZ-CL-069,DLB-1000 Mooring Analysis During  PL-4 Corridor spools installation at US-19B,1,2026-04-29,,DATA/TECH/2035 Offshore Construction Engineering Register (Pipeline & Cables).xlsx,Documents - Naval Marine,87,INCLUDE,,REV-d1412b9b06b97714b514a5ce,SDOC-5ea5721de5d3ef23bc8496bc
2035,TECH,NAVAL & MARINE,DOCUMENT,ANALYSIS,2035-ZZ-CL-070,DLB-1000 Mooring Analysis During  PL-4 Lateral shifting and corridor spools installation at US-153A,1,,approved,DATA/TECH/2035 Offshore Construction Engineering Register (Pipeline & Cables).xlsx,Documents - Naval Marine,88,INCLUDE,DATE_TEXT_PRESERVED,REV-961418d7759041c475bf7a61,SDOC-2eeb7d2b17fe500fe1bcec21
2035,TECH,NAVAL & MARINE,DOCUMENT,ANALYSIS,2035-ZZ-CL-071,DLB-1000 Mooring Analysis During  PL- 1 Corridor spools installation at US-12B,1,2026-04-30,,DATA/TECH/2035 Offshore Construction Engineering Register (Pipeline & Cables).xlsx,Documents - Naval Marine,89,INCLUDE,,REV-c1caddad25d7c8ecd40922fc,SDOC-1de1fde4785744a5e6879b96
2035,TECH,NAVAL & MARINE,DOCUMENT,ANALYSIS,2035-ZZ-CL-072,DLB-1000 Mooring Analysis During  PL-5 Corridor spools installation at US-153A,1,2026-05-01,,DATA/TECH/2035 Offshore Construction Engineering Register (Pipeline & Cables).xlsx,Documents - Naval Marine,90,INCLUDE,,REV-2bb63d8e12a7f725b0230496,SDOC-d0a0fb865a9cf3c65b1bd70d
2035,TECH,NAVAL & MARINE,DOCUMENT,ANALYSIS,2035-ZZ-CL-073,SEP-650 MOORING ANALYSIS AT RP-1 WEST SIDE,1,2026-04-07,,DATA/TECH/2035 Offshore Construction Engineering Register (Pipeline & Cables).xlsx,Documents - Naval Marine,91,INCLUDE,,REV-90ebb7d0a9b116f520320cfd,SDOC-716015d3922ce0150ca69f4b
2035,TECH,NAVAL & MARINE,DOCUMENT,ANALYSIS,2035-ZZ-CL-074,SPOOLS DYNAMIC LIFTING ANALYSIS DAF BY DLB-1000,1,2026-04-14,,DATA/TECH/2035 Offshore Construction Engineering Register (Pipeline & Cables).xlsx,Documents - Naval Marine,92,INCLUDE,,REV-45ced6110c41618e9d8b3dcf,SDOC-d334da7fdd6ebc74962f1bbe
2035,TECH,NAVAL & MARINE,DOCUMENT,ANALYSIS,2035-ZZ-CL-075,"DLB-750 Mooring Analysis during laying of 16"" well fluid pipeline from US-159A to US-12B (PL-1)",1,2026-05-13,1 - Approved,DATA/TECH/2035 Offshore Construction Engineering Register (Pipeline & Cables).xlsx,Documents - Naval Marine,93,INCLUDE,,REV-81b12a06b7458a392f145439,SDOC-0e2dc712a6f6b9c3078d4882
2035,TECH,NAVAL & MARINE,DOCUMENT,ANALYSIS,2035-ZZ-CL-076,"DLB-750 Mooring Analysis during laying of 16"" well fluid pipeline from US-19B to US-153A (PL-4)",1,2026-05-05,,DATA/TECH/2035 Offshore Construction Engineering Register (Pipeline & Cables).xlsx,Documents - Naval Marine,94,INCLUDE,,REV-d010a1d730ef24f8cabdd1b5,SDOC-5d1c565d6d4e35391d9b3354
2035,TECH,PIPELINE & CABLE,DOCUMENT,ANALYSIS REPORT,2035-NN-RP-001,PIPE STACKING ANALYSIS REPORT,1,2023-03-27,,DATA/TECH/2035 Offshore Construction Engineering Register (Pipeline & Cables).xlsx,Documents - Pipeline & Cable,9,INCLUDE,,REV-65b7355364b69298018470a6,SDOC-cf2ba8950865ecf60d30da04
2035,TECH,PIPELINE & CABLE,DOCUMENT,ANALYSIS REPORT,2035-NN-RP-001,PIPE STACKING ANALYSIS REPORT,2,2023-11-09,Approved,DATA/TECH/2035 Offshore Construction Engineering Register (Pipeline & Cables).xlsx,Documents - Pipeline & Cable,10,INCLUDE,,REV-8791bdcd863e712720094ede,SDOC-cf2ba8950865ecf60d30da04
2035,TECH,PIPELINE & CABLE,DOCUMENT,ANALYSIS REPORT,2035-NN-RP-001,PIPE STACKING ANALYSIS REPORT,3,2023-11-14,,DATA/TECH/2035 Offshore Construction Engineering Register (Pipeline & Cables).xlsx,Documents - Pipeline & Cable,11,INCLUDE,,REV-9fc8b05e46be0acc2769c9bf,SDOC-cf2ba8950865ecf60d30da04
2035,TECH,PIPELINE & CABLE,DOCUMENT,REPORT,2035-NN-RP-002,"PIPELAY INSTALLATION REPORT FOR 16"" WF PIPELINE FROM US-159A TO US-12B (PL-1)",1,,,DATA/TECH/2035 Offshore Construction Engineering Register (Pipeline & Cables).xlsx,Documents - Pipeline & Cable,12,INCLUDE,,REV-3a6c99afd9f4617c45a9d218,SDOC-4d2316f2f393c50b013cc862
2035,TECH,PIPELINE & CABLE,DOCUMENT,REPORT,2035-NN-RP-002,"PIPELAY INSTALLATION REPORT FOR 16"" WF PIPELINE FROM US-159A TO US-12B (PL-1)",2,2024-03-28,,DATA/TECH/2035 Offshore Construction Engineering Register (Pipeline & Cables).xlsx,Documents - Pipeline & Cable,13,INCLUDE,,REV-2a4853d0d97893e318114f49,SDOC-4d2316f2f393c50b013cc862
2035,TECH,PIPELINE & CABLE,DOCUMENT,REPORT,2035-NN-RP-002,"PIPELAY INSTALLATION REPORT FOR 16"" WF PIPELINE FROM US-159A TO US-12B (PL-1)",CRS,2024-05-31,,DATA/TECH/2035 Offshore Construction Engineering Register (Pipeline & Cables).xlsx,Documents - Pipeline & Cable,14,INCLUDE,,REV-322015007edeb43d460baf84,SDOC-4d2316f2f393c50b013cc862
2035,TECH,PIPELINE & CABLE,DOCUMENT,REPORT,2035-NN-RP-002,"PIPELAY INSTALLATION REPORT FOR 16"" WF PIPELINE FROM US-159A TO US-12B (PL-1)",3,2025-10-22,,DATA/TECH/2035 Offshore Construction Engineering Register (Pipeline & Cables).xlsx,Documents - Pipeline & Cable,15,INCLUDE,,REV-7cb10584d254767a42f18485,SDOC-4d2316f2f393c50b013cc862
2035,TECH,PIPELINE & CABLE,DOCUMENT,REPORT,2035-NN-RP-002,"PIPELAY INSTALLATION REPORT FOR 16"" WF PIPELINE FROM US-159A TO US-12B (PL-1)",4,2026-01-19,,DATA/TECH/2035 Offshore Construction Engineering Register (Pipeline & Cables).xlsx,Documents - Pipeline & Cable,16,INCLUDE,,REV-e1dfca9a634c0c4f542dfac4,SDOC-4d2316f2f393c50b013cc862
2035,TECH,PIPELINE & CABLE,DOCUMENT,REPORT,2035-NN-RP-003,"PIPELAY INSTALLATION REPORT FOR 16"" HP OIL SUBSEA PIPELINE FROM US-12B TO USSC-RP1 (PL-2)",1,2024-02-27,,DATA/TECH/2035 Offshore Construction Engineering Register (Pipeline & Cables).xlsx,Documents - Pipeline & Cable,17,INCLUDE,,REV-a847135d015473797125437a,SDOC-bb325f2ade91a87c4595c864
2035,TECH,PIPELINE & CABLE,DOCUMENT,REPORT,2035-NN-RP-003,"PIPELAY INSTALLATION REPORT FOR 16"" HP OIL SUBSEA PIPELINE FROM US-12B TO USSC-RP1 (PL-2)",2,2024-03-28,,DATA/TECH/2035 Offshore Construction Engineering Register (Pipeline & Cables).xlsx,Documents - Pipeline & Cable,18,INCLUDE,,REV-171585b094c4bc432fcec61a,SDOC-bb325f2ade91a87c4595c864
2035,TECH,PIPELINE & CABLE,DOCUMENT,REPORT,2035-NN-RP-003,"PIPELAY INSTALLATION REPORT FOR 16"" HP OIL SUBSEA PIPELINE FROM US-12B TO USSC-RP1 (PL-2)",CRS,2024-05-31,,DATA/TECH/2035 Offshore Construction Engineering Register (Pipeline & Cables).xlsx,Documents - Pipeline & Cable,19,INCLUDE,,REV-c99aebb80277ec1f806507a9,SDOC-bb325f2ade91a87c4595c864
2035,TECH,PIPELINE & CABLE,DOCUMENT,REPORT,2035-NN-RP-003,"PIPELAY INSTALLATION REPORT FOR 16"" HP OIL SUBSEA PIPELINE FROM US-12B TO USSC-RP1 (PL-2)",3,2025-12-03,,DATA/TECH/2035 Offshore Construction Engineering Register (Pipeline & Cables).xlsx,Documents - Pipeline & Cable,20,INCLUDE,,REV-9e87370b3e3229054878adc1,SDOC-bb325f2ade91a87c4595c864
2035,TECH,PIPELINE & CABLE,DOCUMENT,REPORT,2035-NN-RP-004,"PIPELAY INSTALLATION REPORT FOR 16"" WF PIPELINE FROM US-142A TO USSC-RP1 (PL-3)",1,2024-06-25,,DATA/TECH/2035 Offshore Construction Engineering Register (Pipeline & Cables).xlsx,Documents - Pipeline & Cable,21,INCLUDE,,REV-c8f86279519d663249698006,SDOC-0672b3ab459f00dc3e284c7e
2035,TECH,PIPELINE & CABLE,DOCUMENT,REPORT,2035-NN-RP-004,"PIPELAY INSTALLATION REPORT FOR 16"" WF PIPELINE FROM US-142A TO USSC-RP1 (PL-3)",2,2025-02-03,,DATA/TECH/2035 Offshore Construction Engineering Register (Pipeline & Cables).xlsx,Documents - Pipeline & Cable,22,INCLUDE,,REV-bbcea44960a7f1edcedc37a6,SDOC-0672b3ab459f00dc3e284c7e
2035,TECH,PIPELINE & CABLE,DOCUMENT,REPORT,2035-NN-RP-005,"PIPELAY INSTALLATION REPORT FOR 16"" WF SUBSEA PIPELINE FROM US-19B TO US-153A (PL-4)",1,2024-12-28,,DATA/TECH/2035 Offshore Construction Engineering Register (Pipeline & Cables).xlsx,Documents - Pipeline & Cable,23,INCLUDE,,REV-91baffd79a7a7f0688151996,SDOC-cfb6969d16c3e0909761afd9
2035,TECH,PIPELINE & CABLE,DOCUMENT,REPORT,2035-NN-RP-005,"PIPELAY INSTALLATION REPORT FOR 16"" WF SUBSEA PIPELINE FROM US-19B TO US-153A (PL-4)",2,,,DATA/TECH/2035 Offshore Construction Engineering Register (Pipeline & Cables).xlsx,Documents - Pipeline & Cable,24,INCLUDE,,REV-7642c0161860ef33be432f30,SDOC-cfb6969d16c3e0909761afd9
2035,TECH,PIPELINE & CABLE,DOCUMENT,REPORT,2035-NN-RP-005,"PIPELAY INSTALLATION REPORT FOR 16"" WF SUBSEA PIPELINE FROM US-19B TO US-153A (PL-4)",3,2026-08-27,1 - Approved,DATA/TECH/2035 Offshore Construction Engineering Register (Pipeline & Cables).xlsx,Documents - Pipeline & Cable,25,INCLUDE,,REV-815a96de52c3bd40edee0a92,SDOC-cfb6969d16c3e0909761afd9
2035,TECH,PIPELINE & CABLE,DOCUMENT,REPORT,2035-NN-RP-005,"PIPELAY INSTALLATION REPORT FOR 16"" WF SUBSEA PIPELINE FROM US-19B TO US-153A (PL-4)",4,2026-08-31,,DATA/TECH/2035 Offshore Construction Engineering Register (Pipeline & Cables).xlsx,Documents - Pipeline & Cable,26,INCLUDE,,REV-1a251260f1fa2f6956370afd,SDOC-cfb6969d16c3e0909761afd9
2035,TECH,PIPELINE & CABLE,DOCUMENT,REPORT,2035-NN-RP-006,"PIPELAY INSTALLATION REPORT FOR 16"" HP OIL SUBSEA PIPELINE FROM US-153A TO USSC-RP1 (PL-5)",1,2023-09-22,,DATA/TECH/2035 Offshore Construction Engineering Register (Pipeline & Cables).xlsx,Documents - Pipeline & Cable,27,INCLUDE,,REV-d7c1a7fcc6cf6f69d136b9e1,SDOC-54d22fd4ba5df1aa158d0399
2035,TECH,PIPELINE & CABLE,DOCUMENT,REPORT,2035-NN-RP-006,"PIPELAY INSTALLATION REPORT FOR 16"" HP OIL SUBSEA PIPELINE FROM US-153A TO USSC-RP1 (PL-5)",2,2023-12-25,,DATA/TECH/2035 Offshore Construction Engineering Register (Pipeline & Cables).xlsx,Documents - Pipeline & Cable,28,INCLUDE,,REV-efa6019eae7dff2b6ac1ee24,SDOC-54d22fd4ba5df1aa158d0399
2035,TECH,PIPELINE & CABLE,DOCUMENT,REPORT,2035-NN-RP-006,"PIPELAY INSTALLATION REPORT FOR 16"" HP OIL SUBSEA PIPELINE FROM US-153A TO USSC-RP1 (PL-5)",3,2024-05-29,Approved,DATA/TECH/2035 Offshore Construction Engineering Register (Pipeline & Cables).xlsx,Documents - Pipeline & Cable,29,INCLUDE,,REV-3b6f22c4a1f4829d9a6bb1fc,SDOC-54d22fd4ba5df1aa158d0399
2035,TECH,PIPELINE & CABLE,DOCUMENT,REPORT,2035-NN-RP-006,"PIPELAY INSTALLATION REPORT FOR 16"" HP OIL SUBSEA PIPELINE FROM US-153A TO USSC-RP1 (PL-5)",4,2024-07-20,Approved,DATA/TECH/2035 Offshore Construction Engineering Register (Pipeline & Cables).xlsx,Documents - Pipeline & Cable,30,INCLUDE,,REV-e8d790e3443330a0f284cf5c,SDOC-54d22fd4ba5df1aa158d0399
2035,TECH,PIPELINE & CABLE,DOCUMENT,REPORT,2035-NN-RP-006,"PIPELAY INSTALLATION REPORT FOR 16"" HP OIL SUBSEA PIPELINE FROM US-153A TO USSC-RP1 (PL-5)",5,2025-03-19,Approved,DATA/TECH/2035 Offshore Construction Engineering Register (Pipeline & Cables).xlsx,Documents - Pipeline & Cable,31,INCLUDE,,REV-a2e5c956d37bb18271335593,SDOC-54d22fd4ba5df1aa158d0399
2035,TECH,PIPELINE & CABLE,DOCUMENT,REPORT,2035-NN-RP-007,"PIPELAY INSTALLATION REPORT FOR 18"" HP OIL SUBSEA PIPELINE FROM HP1 TO HP2 (PL-6)",1,2025-09-16,Approved,DATA/TECH/2035 Offshore Construction Engineering Register (Pipeline & Cables).xlsx,Documents - Pipeline & Cable,32,INCLUDE,,REV-39827deb547feaf0e13f5fc4,SDOC-a0aed027e8ece5eea3c37f9d
2035,TECH,PIPELINE & CABLE,DOCUMENT,REPORT,2035-NN-RP-008,"PIPELAY INSTALLATION REPORT FOR 18"" WF PIPELINE FROM HP2 TO USSC-RP1 (PL-7)",1,,,DATA/TECH/2035 Offshore Construction Engineering Register (Pipeline & Cables).xlsx,Documents - Pipeline & Cable,33,INCLUDE,,REV-723555d81671c678d4a5f309,SDOC-2803275d6ff89463f933d02d
2035,TECH,PIPELINE & CABLE,DOCUMENT,REPORT,2035-NN-RP-008,"PIPELAY INSTALLATION REPORT FOR 18"" WF PIPELINE FROM HP2 TO USSC-RP1 (PL-7)",2,2025-05-20,1,DATA/TECH/2035 Offshore Construction Engineering Register (Pipeline & Cables).xlsx,Documents - Pipeline & Cable,34,INCLUDE,,REV-726e2ede0e93e16bf5ebf128,SDOC-2803275d6ff89463f933d02d
2035,TECH,PIPELINE & CABLE,DOCUMENT,REPORT,2035-NN-RP-009,"PIPELAY INSTALLATION REPORT FOR 16"" HP OIL SUBSEA PIPELINE FROM HP3 TO USSC-RP1 (PL-8)",1,,,DATA/TECH/2035 Offshore Construction Engineering Register (Pipeline & Cables).xlsx,Documents - Pipeline & Cable,35,INCLUDE,DATE_TEXT_PRESERVED,REV-4e9ba70017278a67820d55f1,SDOC-509d2a064933fc98485bf720
2035,TECH,PIPELINE & CABLE,DOCUMENT,REPORT,2035-NN-RP-010,"PIPELAY INSTALLATION REPORT FOR 16"" WATER INJECTION SUBSEA PIPELINE FROM USSC-RP1 TO HP3 (PL-9)",1,2025-12-24,1,DATA/TECH/2035 Offshore Construction Engineering Register (Pipeline & Cables).xlsx,Documents - Pipeline & Cable,36,INCLUDE,,REV-85393069fbf8c1200a8f1d47,SDOC-058ca53d6d338a639dbfe9e1
2035,TECH,PIPELINE & CABLE,DOCUMENT,REPORT,2035-NN-RP-011,"PIPELAY INSTALLATION REPORT FOR 16"" WATER INJECTION SUBSEA PIPELINE FROM HP3 TO HP2 (PL-10)",1,,,DATA/TECH/2035 Offshore Construction Engineering Register (Pipeline & Cables).xlsx,Documents - Pipeline & Cable,37,INCLUDE,,REV-c56eb9aba12fad562d3c2dec,SDOC-5bacc440222c9ba3dca378e9
2035,TECH,PIPELINE & CABLE,DOCUMENT,REPORT,2035-NN-RP-011,"PIPELAY INSTALLATION REPORT FOR 16"" WATER INJECTION SUBSEA PIPELINE FROM HP3 TO HP2 (PL-10)",2,2026-04-13,,DATA/TECH/2035 Offshore Construction Engineering Register (Pipeline & Cables).xlsx,Documents - Pipeline & Cable,38,INCLUDE,,REV-9515f0fcb37591a824117c50,SDOC-5bacc440222c9ba3dca378e9
2035,TECH,PIPELINE & CABLE,DOCUMENT,REPORT,2035-NN-RP-012,"PIPELAY INSTALLATION REPORT FOR 16"" WATER INJECTION SUBSEA PIPELINE FROM HP2 TO HP1 (PL-11)",1,2026-02-16,,DATA/TECH/2035 Offshore Construction Engineering Register (Pipeline & Cables).xlsx,Documents - Pipeline & Cable,39,INCLUDE,,REV-742aa829668c39a0d926464a,SDOC-1c9013325f9294dc9c977642
2035,TECH,PIPELINE & CABLE,DOCUMENT,REPORT,2035-NN-RP-012,"PIPELAY INSTALLATION REPORT FOR 16"" WATER INJECTION SUBSEA PIPELINE FROM HP2 TO HP1 (PL-11)",2,2026-03-05,,DATA/TECH/2035 Offshore Construction Engineering Register (Pipeline & Cables).xlsx,Documents - Pipeline & Cable,40,INCLUDE,,REV-087c2d4590a1578c9bc55d8b,SDOC-1c9013325f9294dc9c977642
2035,TECH,PIPELINE & CABLE,DOCUMENT,ANALYSIS REPORT,2035-NN-RP-013,SUBSEA CABLE LAYING ANALYSIS REPORT BY SAFEEN PEARL,1,2025-01-16,,DATA/TECH/2035 Offshore Construction Engineering Register (Pipeline & Cables).xlsx,Documents - Pipeline & Cable,41,INCLUDE,,REV-adb59681538d0cbeacf9266a,SDOC-0dc47429c0703c70ea6fca03
2035,TECH,PIPELINE & CABLE,DOCUMENT,ANALYSIS REPORT,2035-NN-RP-014,SUBSEA CABLE  LAYING ANALYSIS REPORT FROM US-1216 TO US153A(CC-3) - CB-2,1,,,DATA/TECH/2035 Offshore Construction Engineering Register (Pipeline & Cables).xlsx,Documents - Pipeline & Cable,42,INCLUDE,,REV-bf958dc31f957bfdd7e9e464,SDOC-f164968e395e4edc09edb002
2035,TECH,PIPELINE & CABLE,DOCUMENT,ANALYSIS REPORT,2035-NN-RP-015,SUBSEA CABLE  LAYING ANALYSIS REPORT FROM US-142A TO US218(CC-8) - CB-3,1,,,DATA/TECH/2035 Offshore Construction Engineering Register (Pipeline & Cables).xlsx,Documents - Pipeline & Cable,43,INCLUDE,,REV-47a432d19713ce5a5c92c060,SDOC-dbc5d7eff0d4973bb07d72f8
2035,TECH,PIPELINE & CABLE,DOCUMENT,ANALYSIS REPORT,2035-NN-RP-016,SUBSEA CABLE  LAYING ANALYSIS REPORT FROM US-159A TO US-12B(CC-11) - CB-7,1,,,DATA/TECH/2035 Offshore Construction Engineering Register (Pipeline & Cables).xlsx,Documents - Pipeline & Cable,44,INCLUDE,,REV-c623c60f7c6b5d4ab512ffc5,SDOC-e5d7a852559783da0ae60cd1
2035,TECH,PIPELINE & CABLE,DOCUMENT,ANALYSIS REPORT,2035-NN-RP-017,SUBSEA CABLE  LAYING ANALYSIS REPORT FROM US-19B TO HP-1(CC-5) - CB-8,1,,,DATA/TECH/2035 Offshore Construction Engineering Register (Pipeline & Cables).xlsx,Documents - Pipeline & Cable,45,INCLUDE,,REV-5f731bf3d6adf3d1e7d07611,SDOC-a50038a3f8457a95129b9ab6
2035,TECH,PIPELINE & CABLE,DOCUMENT,ANALYSIS REPORT,2035-NN-RP-018,SUBSEA CABLE  LAYING ANALYSIS REPORT FROM HP1 TO HP2(CC-6) - CB-9,1,,,DATA/TECH/2035 Offshore Construction Engineering Register (Pipeline & Cables).xlsx,Documents - Pipeline & Cable,46,INCLUDE,DATE_TEXT_PRESERVED,REV-a61b9ad81cad9054cafe8582,SDOC-b99622ce8d49269d03378a3d
2035,TECH,PIPELINE & CABLE,DOCUMENT,ANALYSIS REPORT,2035-NN-RP-019,SUBSEA CABLE  LAYING ANALYSIS REPORT FROM HP-2 TO US-142A(CC-7) - CB-10,1,,,DATA/TECH/2035 Offshore Construction Engineering Register (Pipeline & Cables).xlsx,Documents - Pipeline & Cable,47,INCLUDE,,REV-4689c6993deb5f0a2c1940fb,SDOC-1994aa12dd81da6ecfd74485
2035,TECH,PIPELINE & CABLE,DOCUMENT,ANALYSIS REPORT,2035-NN-RP-020,SUBSEA CABLE  LAYING ANALYSIS REPORT FROM USSC-RP1 TO HP3(CC-2) - CB-11,1,,,DATA/TECH/2035 Offshore Construction Engineering Register (Pipeline & Cables).xlsx,Documents - Pipeline & Cable,48,INCLUDE,,REV-fc3bfa6dc7b264fd5e2854d4,SDOC-701e138c8872ca770e99bdf6
2035,TECH,PIPELINE & CABLE,DOCUMENT,ANALYSIS REPORT,2035-NN-RP-021,SUBSEA CABLE  LAYING ANALYSIS REPORT FROM USSC-RP1 TO HP3(CC-1) - CB-12,1,,,DATA/TECH/2035 Offshore Construction Engineering Register (Pipeline & Cables).xlsx,Documents - Pipeline & Cable,49,INCLUDE,,REV-441a0f0b74acec92cdb52ad9,SDOC-0fabf95de5ddaad89b89ccfd
2035,TECH,PIPELINE & CABLE,DOCUMENT,ANALYSIS REPORT,2035-NN-RP-022,SUBSEA CABLE  LAYING ANALYSIS REPORT FROM USSC-PDP TO WHT- GI-1(CC-13) TO US-128 - CB-13,1,,,DATA/TECH/2035 Offshore Construction Engineering Register (Pipeline & Cables).xlsx,Documents - Pipeline & Cable,50,INCLUDE,,REV-f0548e8ca8e6121c1fbcbb45,SDOC-19938b0a2375945fe258824f
2035,TECH,PIPELINE & CABLE,DOCUMENT,ANALYSIS REPORT,2035-NN-RP-023,SUBSEA CABLE  LAYING ANALYSIS REPORT FROM USSC-PDP TO WHT- GP-1(CC-14) TO US-159A - CB-14,1,,,DATA/TECH/2035 Offshore Construction Engineering Register (Pipeline & Cables).xlsx,Documents - Pipeline & Cable,51,INCLUDE,,REV-760a5c65be01288481b6cd41,SDOC-6e3fb937927b1962d49c9442
2035,TECH,PIPELINE & CABLE,DOCUMENT,REPORT,2035-NN-RP-024,"Pipelay Installation Report for 16"" HP Oil Subsea Pipeline from HP3 to USSC-RP1 (PL-8) by DLB 1000",1,,,DATA/TECH/2035 Offshore Construction Engineering Register (Pipeline & Cables).xlsx,Documents - Pipeline & Cable,52,INCLUDE,,REV-c623da287f57a0b6a0acb32f,SDOC-08d195b56f3e6270be723367
2035,TECH,PIPELINE & CABLE,DOCUMENT,ANALYSIS REPORT,2035-NN-RP-025,SPOOL LIFT ANALYSIS REPORT FOR 16”  WELL FLUID PIPELINE FROM US-159A TO US-12B (PL-1),1,,,DATA/TECH/2035 Offshore Construction Engineering Register (Pipeline & Cables).xlsx,Documents - Pipeline & Cable,53,INCLUDE,,REV-ec76e674a4f4f4a3fa9f4da9,SDOC-9ee7b8e750d619e73dcc76be
2035,TECH,PIPELINE & CABLE,DOCUMENT,ANALYSIS REPORT,2035-NN-RP-026,"SPOOL LIFT ANALYSIS REPORT FOR 16"" WELL FLUID PIPELINE FROM US-12B TO USSC-RP1 (PL-2)",1,,,DATA/TECH/2035 Offshore Construction Engineering Register (Pipeline & Cables).xlsx,Documents - Pipeline & Cable,54,INCLUDE,,REV-934bf40c2ae3bf15451fa19e,SDOC-e4b4b906b5d6212fdd9076a5
2035,TECH,PIPELINE & CABLE,DOCUMENT,ANALYSIS REPORT,2035-NN-RP-026,"SPOOL LIFT ANALYSIS REPORT FOR 16"" WELL FLUID PIPELINE FROM US-12B TO USSC-RP1 (PL-2)",2,2026-06-16,,DATA/TECH/2035 Offshore Construction Engineering Register (Pipeline & Cables).xlsx,Documents - Pipeline & Cable,55,INCLUDE,,REV-d97d5f8b37e87b9e157db3e9,SDOC-e4b4b906b5d6212fdd9076a5
2035,TECH,PIPELINE & CABLE,DOCUMENT,ANALYSIS REPORT,2035-NN-RP-027,"SPOOL & RISER LIFT ANALYSIS REPORT FOR 16"" HP OIL SUBSEA PIPELINE FROM US-142A TO USSC-RP1 (PL-3)",1,2025-12-03,,DATA/TECH/2035 Offshore Construction Engineering Register (Pipeline & Cables).xlsx,Documents - Pipeline & Cable,56,INCLUDE,,REV-8616d561055cca721a462564,SDOC-65430e8a11ee26573dd6413a
2035,TECH,PIPELINE & CABLE,DOCUMENT,ANALYSIS REPORT,2035-NN-RP-027,"SPOOL & RISER LIFT ANALYSIS REPORT FOR 16"" HP OIL SUBSEA PIPELINE FROM US-142A TO USSC-RP1 (PL-3)",2,2026-02-18,,DATA/TECH/2035 Offshore Construction Engineering Register (Pipeline & Cables).xlsx,Documents - Pipeline & Cable,57,INCLUDE,,REV-9e0c1e81249793f50f396fc0,SDOC-65430e8a11ee26573dd6413a
2035,TECH,PIPELINE & CABLE,DOCUMENT,ANALYSIS REPORT,2035-NN-RP-028,SPOOL LIFT ANALYSIS REPORT FOR 16”  WELL FLUID PIPELINE FROM US-19B TO US-153A (PL-4),1,2026-06-25,,DATA/TECH/2035 Offshore Construction Engineering Register (Pipeline & Cables).xlsx,Documents - Pipeline & Cable,58,INCLUDE,,REV-78a0eb115f24500e8d3fef23,SDOC-5f57f68e072486cc3acdc05b
2035,TECH,PIPELINE & CABLE,DOCUMENT,ANALYSIS REPORT,2035-NN-RP-028,SPOOL LIFT ANALYSIS REPORT FOR 16”  WELL FLUID PIPELINE FROM US-19B TO US-153A (PL-4),2,2026-07-22,1 - Approved,DATA/TECH/2035 Offshore Construction Engineering Register (Pipeline & Cables).xlsx,Documents - Pipeline & Cable,59,INCLUDE,,REV-b0e388fd96619f7a11f3a126,SDOC-5f57f68e072486cc3acdc05b
2035,TECH,PIPELINE & CABLE,DOCUMENT,ANALYSIS REPORT,2035-NN-RP-029,"SPOOL & RISER LIFT ANALYSIS REPORT FOR 16"" HP OIL SUBSEA PIPELINE FROM US-153A TO USSC-RP1 (PL-5)",1,2025-12-12,3,DATA/TECH/2035 Offshore Construction Engineering Register (Pipeline & Cables).xlsx,Documents - Pipeline & Cable,60,INCLUDE,,REV-5bb79776fb76d7e2e6cf0ba7,SDOC-c06f5e49785cc3cf607d5cb5
2035,TECH,PIPELINE & CABLE,DOCUMENT,ANALYSIS REPORT,2035-NN-RP-029,"SPOOL & RISER LIFT ANALYSIS REPORT FOR 16"" HP OIL SUBSEA PIPELINE FROM US-153A TO USSC-RP1 (PL-5)",2,2025-12-17,,DATA/TECH/2035 Offshore Construction Engineering Register (Pipeline & Cables).xlsx,Documents - Pipeline & Cable,61,INCLUDE,,REV-56754d18677db6431e7b6abb,SDOC-c06f5e49785cc3cf607d5cb5
2035,TECH,PIPELINE & CABLE,DOCUMENT,ANALYSIS REPORT,2035-NN-RP-030,"SPOOL & RISER LIFT ANALYSIS REPORT FOR 18"" HP OIL SUBSEA PIPELINE FROM HP1 TO HP2 (PL-6)",1,,,DATA/TECH/2035 Offshore Construction Engineering Register (Pipeline & Cables).xlsx,Documents - Pipeline & Cable,62,INCLUDE,,REV-f3351cdfaa1a2438fd565536,SDOC-b1b496f54b55040264623d72
2035,TECH,PIPELINE & CABLE,DOCUMENT,ANALYSIS REPORT,2035-NN-RP-031,"SPOOL & RISER LIFT ANALYSIS REPORT FOR 18"" HP OIL SUBSEA PIPELINE FROM HP2 TO USSC-RP1 (PL-7)",1,2026-01-16,1,DATA/TECH/2035 Offshore Construction Engineering Register (Pipeline & Cables).xlsx,Documents - Pipeline & Cable,63,INCLUDE,,REV-f3aa4bb5dd92c759460673d5,SDOC-adfcc8758df635a70c482742
2035,TECH,PIPELINE & CABLE,DOCUMENT,ANALYSIS REPORT,2035-NN-RP-031,"SPOOL & RISER LIFT ANALYSIS REPORT FOR 18"" HP OIL SUBSEA PIPELINE FROM HP2 TO USSC-RP1 (PL-7)",2,2026-02-04,,DATA/TECH/2035 Offshore Construction Engineering Register (Pipeline & Cables).xlsx,Documents - Pipeline & Cable,64,INCLUDE,,REV-1c7037fdbadd78d42e9a744f,SDOC-adfcc8758df635a70c482742
2035,TECH,PIPELINE & CABLE,DOCUMENT,ANALYSIS REPORT,2035-NN-RP-031,"SPOOL & RISER LIFT ANALYSIS REPORT FOR 18"" HP OIL SUBSEA PIPELINE FROM HP2 TO USSC-RP1 (PL-7)",3,2026-03-05,,DATA/TECH/2035 Offshore Construction Engineering Register (Pipeline & Cables).xlsx,Documents - Pipeline & Cable,65,INCLUDE,,REV-24dd14ed819c34e41c33db86,SDOC-adfcc8758df635a70c482742
2035,TECH,PIPELINE & CABLE,DOCUMENT,ANALYSIS REPORT,2035-NN-RP-031,"SPOOL & RISER LIFT ANALYSIS REPORT FOR 18"" HP OIL SUBSEA PIPELINE FROM HP2 TO USSC-RP1 (PL-7)",4,2026-08-03,1 - Approved,DATA/TECH/2035 Offshore Construction Engineering Register (Pipeline & Cables).xlsx,Documents - Pipeline & Cable,66,INCLUDE,,REV-71407aad1b18becaebc54709,SDOC-adfcc8758df635a70c482742
2035,TECH,PIPELINE & CABLE,DOCUMENT,ANALYSIS REPORT,2035-NN-RP-032,"SPOOL & RISER LIFT ANALYSIS REPORT FOR 16"" HP OIL SUBSEA PIPELINE FROM HP3 TO USSC-RP1 (PL-8)",1,2026-06-01,,DATA/TECH/2035 Offshore Construction Engineering Register (Pipeline & Cables).xlsx,Documents - Pipeline & Cable,67,INCLUDE,,REV-931379b6002d383ab1629328,SDOC-0e899db809d7e43d89d8f317
2035,TECH,PIPELINE & CABLE,DOCUMENT,ANALYSIS REPORT,2035-NN-RP-032,"SPOOL & RISER LIFT ANALYSIS REPORT FOR 16"" HP OIL SUBSEA PIPELINE FROM HP3 TO USSC-RP1 (PL-8)",2,2026-08-05,1 - Approved,DATA/TECH/2035 Offshore Construction Engineering Register (Pipeline & Cables).xlsx,Documents - Pipeline & Cable,68,INCLUDE,,REV-99ca3de5f3425bc55f6f391c,SDOC-0e899db809d7e43d89d8f317
2035,TECH,PIPELINE & CABLE,DOCUMENT,ANALYSIS REPORT,2035-NN-RP-033,SPOOL LIFT ANALYSIS REPORT FOR 16” WATER INJECTION SUBSEA PIPELINE FROM USSC-RP1 TO HP3 (PL-9),1,2026-06-16,1,DATA/TECH/2035 Offshore Construction Engineering Register (Pipeline & Cables).xlsx,Documents - Pipeline & Cable,69,INCLUDE,,REV-b8754f2bca2eca0fd535f59b,SDOC-d5600ed489ecd81c029e2df5
2035,TECH,PIPELINE & CABLE,DOCUMENT,ANALYSIS REPORT,2035-NN-RP-034,"SPOOL LIFT ANALYSIS REPORT FOR 16"" WATER INJECTION SUBSEA PIPELINE FROM HP3 TO HP2 (PL-10)",1,2026-05-13,1 - Approved,DATA/TECH/2035 Offshore Construction Engineering Register (Pipeline & Cables).xlsx,Documents - Pipeline & Cable,70,INCLUDE,,REV-02519d5cfc992598cc2d02a3,SDOC-9aa482a62c29553972d54c1c
2035,TECH,PIPELINE & CABLE,DOCUMENT,ANALYSIS REPORT,2035-NN-RP-034,"SPOOL LIFT ANALYSIS REPORT FOR 16"" WATER INJECTION SUBSEA PIPELINE FROM HP3 TO HP2 (PL-10)",2,2026-06-08,,DATA/TECH/2035 Offshore Construction Engineering Register (Pipeline & Cables).xlsx,Documents - Pipeline & Cable,71,INCLUDE,,REV-d4794c0b08bf7adacbf04f49,SDOC-9aa482a62c29553972d54c1c
2035,TECH,PIPELINE & CABLE,DOCUMENT,ANALYSIS REPORT,2035-NN-RP-035,SPOOL LIFT ANALYSIS REPORT FOR 16”  WATER INJECTION SUBSEA PIPELINE FROM HP2 TO HP1 (PL-11),1,2026-07-06,1 - Approved,DATA/TECH/2035 Offshore Construction Engineering Register (Pipeline & Cables).xlsx,Documents - Pipeline & Cable,72,INCLUDE,,REV-73e32f1bbe94b76b2818f10a,SDOC-2eb45e1ec9d4ba1ad069c378
2035,TECH,PIPELINE & CABLE,DOCUMENT,REPORT,2035-NN-RP-036,SEAFASTENING DESIGN REPORT FOR TRANSPORTATION OF CC PIPES & REELS ON CARGO BARGE (ASTRO-3302) (TRIP-1),1,2024-07-10,,DATA/TECH/2035 Offshore Construction Engineering Register (Pipeline & Cables).xlsx,Documents - Pipeline & Cable,73,INCLUDE,,REV-453f1ac05e0620ce37cb9b7a,SDOC-e2fcb2d7c04aa2d1bc91ddcf
2035,TECH,PIPELINE & CABLE,DOCUMENT,REPORT,2035-NN-RP-037,SEAFASTENING DESIGN REPORT FOR TRANSPORTATION OF CC PIPES ON CARGO BARGE (SAFEEN B - 281) (TRIP-2),1,2025-04-20,1,DATA/TECH/2035 Offshore Construction Engineering Register (Pipeline & Cables).xlsx,Documents - Pipeline & Cable,74,INCLUDE,,REV-49935a48366495bec7a7c029,SDOC-edc21cc78779b444a8407eac
2035,TECH,PIPELINE & CABLE,DOCUMENT,REPORT,2035-NN-RP-038,SEAFASTENING DESIGN REPORT FOR TRANSPORTATION OF CC PIPES & REELS ON CARGO BARGE SAFEEN B-283 (TRIP-3),1,2025-06-18,1,DATA/TECH/2035 Offshore Construction Engineering Register (Pipeline & Cables).xlsx,Documents - Pipeline & Cable,75,INCLUDE,,REV-98ba46428c26fd92e0942d37,SDOC-7921ce20e73f0e4dc884de36
2035,TECH,PIPELINE & CABLE,DOCUMENT,REPORT,2035-NN-RP-039,SEAFASTENING DESIGN REPORT FOR TRANSPORTATION OF CC PIPES ON PFC-02 - TRIP-3,1,2026-03-18,,DATA/TECH/2035 Offshore Construction Engineering Register (Pipeline & Cables).xlsx,Documents - Pipeline & Cable,76,INCLUDE,,REV-d79e0fb1a30910dea58b6e87,SDOC-032bb7c1ac76fcd144bf0577
2035,TECH,PIPELINE & CABLE,DOCUMENT,REPORT,2035-NN-RP-040,SEAFASTENING DESIGN REPORT FOR TRANSPORTATION OF CC PIPES (TRIP-5),1,,,DATA/TECH/2035 Offshore Construction Engineering Register (Pipeline & Cables).xlsx,Documents - Pipeline & Cable,77,INCLUDE,,REV-35062ed95ed98293811bdc73,SDOC-74aad548c117cd4a838edcd2
2035,TECH,PIPELINE & CABLE,DOCUMENT,REPORT,2035-NN-RP-041,SEAFASTENING DESIGN REPORT FOR TRANSPORTATION OF CC PIPES (TRIP-6),1,,,DATA/TECH/2035 Offshore Construction Engineering Register (Pipeline & Cables).xlsx,Documents - Pipeline & Cable,78,INCLUDE,,REV-addf1233a41051d92ee8af1f,SDOC-da1122b96d24490ac7b4ff32
2035,TECH,PIPELINE & CABLE,DOCUMENT,REPORT,2035-NN-RP-042,SEAFASTENING DESIGN REPORT FOR TRANSPORTATION OF SPOOLS AND RISERS ON CARGO BARGE ES-282,1,,,DATA/TECH/2035 Offshore Construction Engineering Register (Pipeline & Cables).xlsx,Documents - Pipeline & Cable,79,INCLUDE,,REV-549dc0efa65cc551a6a84868,SDOC-bb826b8c29a2f03f68c5a8eb
2035,TECH,PIPELINE & CABLE,DOCUMENT,REPORT,2035-NN-RP-043,SEAFASTENING DESIGN REPORT FOR TRANSPORTATION OF SPOOLS ON CARGO BARGE (AESEN-2812),1,2026-04-29,,DATA/TECH/2035 Offshore Construction Engineering Register (Pipeline & Cables).xlsx,Documents - Pipeline & Cable,80,INCLUDE,,REV-3f45abf4a3f4b109e0b02aab,SDOC-9cdcb889e5c775824dc2971c
2035,TECH,PIPELINE & CABLE,DOCUMENT,REPORT,2035-NN-RP-044,"SEAFASTENING DESIGN REPORT FOR TRANSPORTATION OF RISERS, SPOOLS & RISER PROTECTOR ON CARGO BAGE (AESEN-2811)",1,2026-05-04,,DATA/TECH/2035 Offshore Construction Engineering Register (Pipeline & Cables).xlsx,Documents - Pipeline & Cable,81,INCLUDE,,REV-41965342612981de0020e4b8,SDOC-19c4a13e8d4d8ebce8a05718
2035,TECH,PIPELINE & CABLE,DOCUMENT,REPORT,2035-NN-RP-045,SEAFASTENING DESIGN REPORT FOR TRANSPORTATION OF CONCRETE SLEEPERS ON CARGO BARGE (CB-7),1,2023-09-07,,DATA/TECH/2035 Offshore Construction Engineering Register (Pipeline & Cables).xlsx,Documents - Pipeline & Cable,82,INCLUDE,,REV-7e8c8757bc31331aadae1d71,SDOC-86a2d775f00afe0d9f6a08c4
2035,TECH,PIPELINE & CABLE,DOCUMENT,REPORT,2035-NN-RP-046,SEAFASTENING DESIGN REPORT FOR TRANSPORTATION OF CONCRETE SLEEPERS ON CARGO BARGE (CB-8),1,,,DATA/TECH/2035 Offshore Construction Engineering Register (Pipeline & Cables).xlsx,Documents - Pipeline & Cable,83,INCLUDE,,REV-3f5d78cefc105e48e8e9439d,SDOC-1cc951f87b0308fafb341e05
2035,TECH,PIPELINE & CABLE,DOCUMENT,REPORT,2035-NN-RP-047,"SEAFASTENING DESIGN REPORT FOR TRANSPORTATION OF SLEEPERS, MATTRESSES , GROUT BAG AND MISCELLANEOUS - (TRIP-3)",1,,,DATA/TECH/2035 Offshore Construction Engineering Register (Pipeline & Cables).xlsx,Documents - Pipeline & Cable,84,INCLUDE,,REV-16a637e6e0165ebf1a529a7d,SDOC-035a98bdd8390633c9ec2a8c
2035,TECH,PIPELINE & CABLE,DOCUMENT,REPORT,2035-NN-RP-048,SEAFASTENING DESIGN REPORT FOR TRANSPORTATION OF CONCRETE SLEEPERS ON CARGO BARGE (ES-282),1,2023-10-30,,DATA/TECH/2035 Offshore Construction Engineering Register (Pipeline & Cables).xlsx,Documents - Pipeline & Cable,85,INCLUDE,,REV-9f1db69e6b3ecb8c95c2bf9e,SDOC-f05b3f72db54900e2e64d550
2035,TECH,PIPELINE & CABLE,DOCUMENT,REPORT,2035-NN-RP-048,SEAFASTENING DESIGN REPORT FOR TRANSPORTATION OF CONCRETE SLEEPERS ON CARGO BARGE (ES-282),2,2024-05-28,,DATA/TECH/2035 Offshore Construction Engineering Register (Pipeline & Cables).xlsx,Documents - Pipeline & Cable,86,INCLUDE,,REV-fcd708ee7d7ce8a6357a2818,SDOC-f05b3f72db54900e2e64d550
2035,TECH,PIPELINE & CABLE,DOCUMENT,ANALYSIS REPORT,2035-NN-RP-049,J-TUBE LIFTING ANALYSIS REPORT AT US-216 AND US-218,1,2023-11-02,,DATA/TECH/2035 Offshore Construction Engineering Register (Pipeline & Cables).xlsx,Documents - Pipeline & Cable,87,INCLUDE,,REV-952c273422a3ac2922835ac8,SDOC-110c035b41d1e8256de5ac0a
2035,TECH,PIPELINE & CABLE,DOCUMENT,ANALYSIS REPORT,2035-NN-RP-049,J-TUBE LIFTING ANALYSIS REPORT AT US-216 AND US-218,2,2023-12-12,1,DATA/TECH/2035 Offshore Construction Engineering Register (Pipeline & Cables).xlsx,Documents - Pipeline & Cable,88,INCLUDE,,REV-5a771b82b9c31c9e83941c56,SDOC-110c035b41d1e8256de5ac0a
2035,TECH,PIPELINE & CABLE,DOCUMENT,REPORT,2035-NN-RP-050,SEAFASTENING DESIGN REPORT FOR TRANSPORTATION OF CONCRETE SLEEPERS ON CARGO BARGE (ASTRO-250),1,2024-01-02,,DATA/TECH/2035 Offshore Construction Engineering Register (Pipeline & Cables).xlsx,Documents - Pipeline & Cable,89,INCLUDE,,REV-d4eebc1b677c244ed1408de9,SDOC-02a8f700b000c60b959cdc99
2035,TECH,PIPELINE & CABLE,DOCUMENT,ANALYSIS REPORT,2035-NN-RP-051,WELD REPAIR ANALYSIS REPORT,,,,DATA/TECH/2035 Offshore Construction Engineering Register (Pipeline & Cables).xlsx,Documents - Pipeline & Cable,90,INCLUDE,,REV-216f730a42cd7714318892f4,SDOC-4c3917b556b658527418d897
2035,TECH,PIPELINE & CABLE,DOCUMENT,REPORT,2035-NN-RP-052,SEAFASTENING DESIGN REPORT FOR TRANSPORTATION OF CONCRETE SLEEPERS ON CARGO BARGE (ASTRO-304),1,2024-02-15,,DATA/TECH/2035 Offshore Construction Engineering Register (Pipeline & Cables).xlsx,Documents - Pipeline & Cable,91,INCLUDE,,REV-d09daf18e7f93b2a15ef04f6,SDOC-311a46b24a91ba21c560450d
2035,TECH,PIPELINE & CABLE,DOCUMENT,REPORT,2035-NN-RP-053,SEAFASTENING DESIGN REPORT FOR TRANSPORTATION OF CONCRETE SLEEPERS ON CARGO BARGE (GAC-68),1,2024-11-14,,DATA/TECH/2035 Offshore Construction Engineering Register (Pipeline & Cables).xlsx,Documents - Pipeline & Cable,92,INCLUDE,,REV-2ae8d68ea74d5ebe48413a98,SDOC-674d73a7698f61ca9d1b8901
2035,TECH,PIPELINE & CABLE,DOCUMENT,REPORT,2035-NN-RP-054,SEAFASTENING DESIGN REPORT FOR TRANSPORTATION OF CONCRETE SLEEPERS ON CARGO BARGE ASTRO-251,1,2025-01-09,1,DATA/TECH/2035 Offshore Construction Engineering Register (Pipeline & Cables).xlsx,Documents - Pipeline & Cable,93,INCLUDE,,REV-d0d5242dd91f90a019b47043,SDOC-021c48ad4bef3c391e1f0c92
2035,TECH,PIPELINE & CABLE,DOCUMENT,REPORT,2035-NN-RP-055,SEAFASTENING DESIGN REPORT FOR TRANSPORTATION OF CC PIPES & REELS ON CARGO BARGE (SAFEEN-B-282),1,2025-03-05,,DATA/TECH/2035 Offshore Construction Engineering Register (Pipeline & Cables).xlsx,Documents - Pipeline & Cable,94,INCLUDE,,REV-7c17b352f9d493a7e45e620b,SDOC-a98eadc0fba45407cd95b02d
2035,TECH,PIPELINE & CABLE,DOCUMENT,REPORT,2035-NN-RP-056,SEAFASTENING DESIGN REPORT FOR TRANSPORTATION OF  MATTRESS ON CARGO BARGE (ASTRO-251),1,2025-03-07,,DATA/TECH/2035 Offshore Construction Engineering Register (Pipeline & Cables).xlsx,Documents - Pipeline & Cable,95,INCLUDE,,REV-64103277ad46185a63e5f68b,SDOC-7cc46d60b6bec334ea888934
2035,TECH,PIPELINE & CABLE,DOCUMENT,REPORT,2035-NN-RP-057,"PIPELAY INSTALLATION REPORT FOR 16"" WATER INJECTION SUBSEA PIPELINE FROM HP3 TO HP2 (PL-10) BY SAPURA 1200",1,2025-07-14,1,DATA/TECH/2035 Offshore Construction Engineering Register (Pipeline & Cables).xlsx,Documents - Pipeline & Cable,96,INCLUDE,,REV-8788881b75678fe1192ac3e7,SDOC-14954476ca7243199cc93dba
2035,TECH,PIPELINE & CABLE,DOCUMENT,REPORT,2035-NN-RP-057,"PIPELAY INSTALLATION REPORT FOR 16"" WATER INJECTION SUBSEA PIPELINE FROM HP3 TO HP2 (PL-10) BY SAPURA 1200",2,2026-02-18,,DATA/TECH/2035 Offshore Construction Engineering Register (Pipeline & Cables).xlsx,Documents - Pipeline & Cable,97,INCLUDE,,REV-fca3caeb718be41bd229fd63,SDOC-14954476ca7243199cc93dba
2035,TECH,PIPELINE & CABLE,DOCUMENT,REPORT,2035-NN-RP-057,"PIPELAY INSTALLATION REPORT FOR 16"" WATER INJECTION SUBSEA PIPELINE FROM HP3 TO HP2 (PL-10) BY SAPURA 1200",3,2026-03-06,,DATA/TECH/2035 Offshore Construction Engineering Register (Pipeline & Cables).xlsx,Documents - Pipeline & Cable,98,INCLUDE,,REV-617a4e1687930f5234207723,SDOC-14954476ca7243199cc93dba
2035,TECH,PIPELINE & CABLE,DOCUMENT,REPORT,2035-NN-RP-058,"Pipelay Installation Report for 16"" Well Fluid Subsea Pipeline from US-153A to USSC-RP1 (PL-5) by Sapura 1200",1,2025-06-18,,DATA/TECH/2035 Offshore Construction Engineering Register (Pipeline & Cables).xlsx,Documents - Pipeline & Cable,99,INCLUDE,,REV-20810631df7a45178394b5cc,SDOC-c92e78906278d4ca1b189f2a
2035,TECH,PIPELINE & CABLE,DOCUMENT,REPORT,2035-NN-RP-058,"Pipelay Installation Report for 16"" Well Fluid Subsea Pipeline from US-153A to USSC-RP1 (PL-5) by Sapura 1200",2,2025-09-16,Approved,DATA/TECH/2035 Offshore Construction Engineering Register (Pipeline & Cables).xlsx,Documents - Pipeline & Cable,100,INCLUDE,,REV-b68f6f8e0bcf205e014ba8d6,SDOC-c92e78906278d4ca1b189f2a
2035,TECH,PIPELINE & CABLE,DOCUMENT,REPORT,2035-NN-RP-059,"PIPELAY INSTALLATION REPORT FOR 16"" WF PIPELINE FROM US-142A TO USSC-RP1 (PL-3) BY SAPURA 1200.",1,2025-05-28,,DATA/TECH/2035 Offshore Construction Engineering Register (Pipeline & Cables).xlsx,Documents - Pipeline & Cable,101,INCLUDE,,REV-c6d869fcb5cca76f8a4f87b1,SDOC-df80c7d8416de6ede9892a73
2035,TECH,PIPELINE & CABLE,DOCUMENT,REPORT,2035-NN-RP-060,"PIPELAY INSTALLATION REPORT FOR 18"" WF PIPELINE FROM HP2 TO USSC-RP1 (PL-7) BY SAPURA 1200.",1,2025-06-25,,DATA/TECH/2035 Offshore Construction Engineering Register (Pipeline & Cables).xlsx,Documents - Pipeline & Cable,102,INCLUDE,,REV-8250d2ef4cbe42c140748cbc,SDOC-b1a77db833f0155742d2c79e
2035,TECH,PIPELINE & CABLE,DOCUMENT,REPORT,2035-NN-RP-061,"Pipelay Installation Report for 16"" Well Fluid Subsea Pipeline from US-19B to US-153A (PL-4) by Sapura 1200",1,2025-07-16,,DATA/TECH/2035 Offshore Construction Engineering Register (Pipeline & Cables).xlsx,Documents - Pipeline & Cable,103,INCLUDE,,REV-b94bd0021189de334179ebcd,SDOC-c5a29afac6a29ccc2e471098
2035,TECH,PIPELINE & CABLE,DOCUMENT,REPORT,2035-NN-RP-061,"Pipelay Installation Report for 16"" Well Fluid Subsea Pipeline from US-19B to US-153A (PL-4) by Sapura 1200",2,2026-03-30,4,DATA/TECH/2035 Offshore Construction Engineering Register (Pipeline & Cables).xlsx,Documents - Pipeline & Cable,104,INCLUDE,,REV-edf07ffff4b1c51ac910133f,SDOC-c5a29afac6a29ccc2e471098
2035,TECH,PIPELINE & CABLE,DOCUMENT,REPORT,2035-NN-RP-062,"Pipelay Installation Report for 16"" HP Oil Subsea Pipeline from US-12B to USSC-RP1 (PL-2) by Sapura 1200",1,2025-08-07,,DATA/TECH/2035 Offshore Construction Engineering Register (Pipeline & Cables).xlsx,Documents - Pipeline & Cable,105,INCLUDE,,REV-20ab5ee7a10711c65c5f28ce,SDOC-af7a276e32ab29c27d46dfe5
2035,TECH,PIPELINE & CABLE,DOCUMENT,REPORT,2035-NN-RP-063,SEAFASTENING DESIGN REPORT FOR TRANSPORTATION OF CC PIPES & REELS ON CARGO BARGE SAFEEN B-284 (TRIP-3),1,2025-07-07,,DATA/TECH/2035 Offshore Construction Engineering Register (Pipeline & Cables).xlsx,Documents - Pipeline & Cable,106,INCLUDE,,REV-b64b8731c10055ef286e2c55,SDOC-8481a864dc92ff616fe1a4bb
2035,TECH,PIPELINE & CABLE,DOCUMENT,REPORT,2035-NN-RP-064,PIPELAY INSTALLATION REPORT FOR 16” WF PIPELINE FROM US-159A TO US-12B (PL-1) BY SAPURA 1200,1,2025-09-12,1 - Approved,DATA/TECH/2035 Offshore Construction Engineering Register (Pipeline & Cables).xlsx,Documents - Pipeline & Cable,107,INCLUDE,,REV-a1980093cfdd9110a3f2b340,SDOC-4628fa6014e85a41c97d936f
2035,TECH,PIPELINE & CABLE,DOCUMENT,REPORT,2035-NN-RP-065,SEAFASTENING DESIGN REPORT FOR TRANSPORTATION OF CC PIPES & REELS ON CARGO BARGE (CREST-2802),1,2025-08-20,,DATA/TECH/2035 Offshore Construction Engineering Register (Pipeline & Cables).xlsx,Documents - Pipeline & Cable,108,INCLUDE,,REV-59386b7d6b751b9bde3ef9e9,SDOC-a6905c4f3aef72b55167c19e
2035,TECH,PIPELINE & CABLE,DOCUMENT,ANALYSIS REPORT,2035-NN-RP-066,DAVIT LIFT ANALYSIS REPORT FOR 16” WF PIPELINE FROM US-142A TO USSC RP-1 (PL-3),1,2025-10-30,,DATA/TECH/2035 Offshore Construction Engineering Register (Pipeline & Cables).xlsx,Documents - Pipeline & Cable,109,INCLUDE,,REV-d745593f2e501474006bebbe,SDOC-19ee2b4f9b1c407a57163889
2035,TECH,PIPELINE & CABLE,DOCUMENT,ANALYSIS REPORT,2035-NN-RP-066,DAVIT LIFT ANALYSIS REPORT FOR 16” WF PIPELINE FROM US-142A TO USSC RP-1 (PL-3),2,2025-12-09,,DATA/TECH/2035 Offshore Construction Engineering Register (Pipeline & Cables).xlsx,Documents - Pipeline & Cable,110,INCLUDE,,REV-bd1e4b4aee74a780cbce9ee2,SDOC-19ee2b4f9b1c407a57163889
2035,TECH,PIPELINE & CABLE,DOCUMENT,ANALYSIS REPORT,2035-NN-RP-066,DAVIT LIFT ANALYSIS REPORT FOR 16” WF PIPELINE FROM US-142A TO USSC RP-1 (PL-3),3,2025-12-24,,DATA/TECH/2035 Offshore Construction Engineering Register (Pipeline & Cables).xlsx,Documents - Pipeline & Cable,111,INCLUDE,,REV-378028b6605efd7a9c652290,SDOC-19ee2b4f9b1c407a57163889
2035,TECH,PIPELINE & CABLE,DOCUMENT,ANALYSIS REPORT,2035-NN-RP-067,DAVIT LIFT ANALYSIS REPORT FOR 16” WF PIPELINE FROM US-153A TO USSC RP-1 (PL-5),1,2025-11-08,,DATA/TECH/2035 Offshore Construction Engineering Register (Pipeline & Cables).xlsx,Documents - Pipeline & Cable,112,INCLUDE,,REV-5676b480fac4ac42650f2b7d,SDOC-db0be66c38117f8301b76591
2035,TECH,PIPELINE & CABLE,DOCUMENT,ANALYSIS REPORT,2035-NN-RP-067,DAVIT LIFT ANALYSIS REPORT FOR 16” WF PIPELINE FROM US-153A TO USSC RP-1 (PL-5),2,2026-01-06,1,DATA/TECH/2035 Offshore Construction Engineering Register (Pipeline & Cables).xlsx,Documents - Pipeline & Cable,113,INCLUDE,,REV-9988a908db5cef2a7e99d411,SDOC-db0be66c38117f8301b76591
2035,TECH,PIPELINE & CABLE,DOCUMENT,REPORT,2035-NN-RP-068,"Pipelay Installation Report for 18"" HP Oil Subsea Pipeline from HP1 to HP2 (PL-6) by SAFEEN 3000",1,2025-11-03,,DATA/TECH/2035 Offshore Construction Engineering Register (Pipeline & Cables).xlsx,Documents - Pipeline & Cable,114,INCLUDE,,REV-34b46b74fe69532d39ef6c74,SDOC-e39f6653212a77004d608586
2035,TECH,PIPELINE & CABLE,DOCUMENT,REPORT,2035-NN-RP-068,"Pipelay Installation Report for 18"" HP Oil Subsea Pipeline from HP1 to HP2 (PL-6) by SAFEEN 3000",2,2026-01-29,1 - Approved,DATA/TECH/2035 Offshore Construction Engineering Register (Pipeline & Cables).xlsx,Documents - Pipeline & Cable,115,INCLUDE,,REV-90ce68dcc6a6fbbf82266462,SDOC-e39f6653212a77004d608586
2035,TECH,PIPELINE & CABLE,DOCUMENT,REPORT,2035-NN-RP-069,"Pipelay Installation Report for 16"" HP Oil Subsea Pipeline from HP3 to USSC-RP1 (PL-8) by SAFEEN 3000",1,2025-12-10,1,DATA/TECH/2035 Offshore Construction Engineering Register (Pipeline & Cables).xlsx,Documents - Pipeline & Cable,116,INCLUDE,,REV-600010acd46d0919ca7b4c82,SDOC-7ad717d9575241bf1e3d197c
2035,TECH,PIPELINE & CABLE,DOCUMENT,REPORT,2035-NN-RP-069,"Pipelay Installation Report for 16"" HP Oil Subsea Pipeline from HP3 to USSC-RP1 (PL-8) by SAFEEN 3000",2,2026-01-21,,DATA/TECH/2035 Offshore Construction Engineering Register (Pipeline & Cables).xlsx,Documents - Pipeline & Cable,117,INCLUDE,,REV-06e0f25f9d1c1e2b6f39d28e,SDOC-7ad717d9575241bf1e3d197c
2035,TECH,PIPELINE & CABLE,DOCUMENT,ANALYSIS REPORT,2035-NN-RP-070,DAVIT LIFT ANALYSIS REPORT FOR 18” WF PIPELINE FROM HP2 TO USSC RP-1 (PL-7),1,2025-12-04,,DATA/TECH/2035 Offshore Construction Engineering Register (Pipeline & Cables).xlsx,Documents - Pipeline & Cable,118,INCLUDE,,REV-827ca5bfa400d8a2346da465,SDOC-1a8f022f035b6c5280c3c707
2035,TECH,PIPELINE & CABLE,DOCUMENT,ANALYSIS REPORT,2035-NN-RP-071,DAVIT LIFT ANALYSIS REPORT FOR 16” WF PIPELINE FROM HP3 TO USSC RP-1 (PL-8),1,2025-12-09,,DATA/TECH/2035 Offshore Construction Engineering Register (Pipeline & Cables).xlsx,Documents - Pipeline & Cable,119,INCLUDE,,REV-a92a53bb19691bdcd5097c02,SDOC-cbe8d448d582844a12a7bfb2
2035,TECH,PIPELINE & CABLE,DOCUMENT,ANALYSIS REPORT,2035-NN-RP-071,DAVIT LIFT ANALYSIS REPORT FOR 16” WF PIPELINE FROM HP3 TO USSC RP-1 (PL-8),2,2026-04-03,accepted,DATA/TECH/2035 Offshore Construction Engineering Register (Pipeline & Cables).xlsx,Documents - Pipeline & Cable,120,INCLUDE,,REV-ceba0adb00f79062955ccf5c,SDOC-cbe8d448d582844a12a7bfb2
2035,TECH,PIPELINE & CABLE,DOCUMENT,ANALYSIS REPORT,2035-NN-RP-072,DAVIT LIFT ANALYSIS REPORT FOR 16” WF PIPELINE FROM US-12B TO USSC RP-1 (PL-2),1,2026-03-18,1,DATA/TECH/2035 Offshore Construction Engineering Register (Pipeline & Cables).xlsx,Documents - Pipeline & Cable,121,INCLUDE,,REV-0a48538ba6c8b3f6afaa1043,SDOC-e9c2b9d3cd5466f72db0cd78
2035,TECH,PIPELINE & CABLE,DOCUMENT,ANALYSIS REPORT,2035-NN-RP-073,"SPOOL LIFT ANALYSIS REPORT FOR 16"" HP OIL SUBSEA PIPELINE AT US 142A (PL-3) AND US 153A (PL-5)",1,2025-12-18,,DATA/TECH/2035 Offshore Construction Engineering Register (Pipeline & Cables).xlsx,Documents - Pipeline & Cable,122,INCLUDE,,REV-d4e4b654098bd2243fff15d5,SDOC-730e8a74935ffa4e03d41162
2035,TECH,PIPELINE & CABLE,DOCUMENT,REPORT,2035-NN-RP-074,SEAFASTENING DESIGN REPORT FOR TRANSPORTATION OF CC PIPES & REELS ON CARGO BARGE SAFEEN B-281 (TRIP-7),1,2025-12-31,,DATA/TECH/2035 Offshore Construction Engineering Register (Pipeline & Cables).xlsx,Documents - Pipeline & Cable,123,INCLUDE,,REV-5f50e6a19d55bb518cd19a3f,SDOC-8692a35d2d657fa357528ff4
2035,TECH,PIPELINE & CABLE,DOCUMENT,REPORT,2035-NN-RP-075,"Pipelay Installation Report for 16"" Water Injection Subsea Pipeline from USSC-RP1 to HP3 (PL-9) by SAFEEN 3000",1,2026-01-28,5,DATA/TECH/2035 Offshore Construction Engineering Register (Pipeline & Cables).xlsx,Documents - Pipeline & Cable,124,INCLUDE,,REV-3409e512e0046c0e3cc0c533,SDOC-be3337ae4bfba2c8cee4effe
2035,TECH,PIPELINE & CABLE,DOCUMENT,REPORT,2035-NN-RP-075,"Pipelay Installation Report for 16"" Water Injection Subsea Pipeline from USSC-RP1 to HP3 (PL-9) by SAFEEN 3000",2,2026-04-20,1,DATA/TECH/2035 Offshore Construction Engineering Register (Pipeline & Cables).xlsx,Documents - Pipeline & Cable,125,INCLUDE,,REV-97fcc6268acc326a9e6048fd,SDOC-be3337ae4bfba2c8cee4effe
2035,TECH,PIPELINE & CABLE,DOCUMENT,REPORT,2035-NN-RP-076,SEAFASTENING DESIGN REPORT FOR TRANSPORTATION OF CC PIPES (PL-6 & PL-8) ON ASTRO-251,1,2026-02-16,1 - Approved,DATA/TECH/2035 Offshore Construction Engineering Register (Pipeline & Cables).xlsx,Documents - Pipeline & Cable,126,INCLUDE,,REV-952962e1d3c96d1d7ed8e0c7,SDOC-4d7dcba156755072ac08c748
2035,TECH,PIPELINE & CABLE,DOCUMENT,ANALYSIS REPORT,2035-NN-RP-077,DAVIT LIFT ANALYSIS REPORT FOR PL-8 AND PL-9 PIPELINE AT HP3 PLATFORM WITH DLB-1000,1,2026-02-25,,DATA/TECH/2035 Offshore Construction Engineering Register (Pipeline & Cables).xlsx,Documents - Pipeline & Cable,127,INCLUDE,,REV-41ea35ccc0ef064f5a531f01,SDOC-6a2e8f5bfe3c26885fe9055b
2035,TECH,PIPELINE & CABLE,DOCUMENT,ANALYSIS REPORT,2035-NN-RP-077,DAVIT LIFT ANALYSIS REPORT FOR PL-8 AND PL-9 PIPELINE AT HP3 PLATFORM WITH DLB-1000,2,2026-05-13,,DATA/TECH/2035 Offshore Construction Engineering Register (Pipeline & Cables).xlsx,Documents - Pipeline & Cable,128,INCLUDE,,REV-e0f5ab1922265a3a549babdd,SDOC-6a2e8f5bfe3c26885fe9055b
2035,TECH,PIPELINE & CABLE,DOCUMENT,ANALYSIS REPORT,2035-NN-RP-077,DAVIT LIFT ANALYSIS REPORT FOR PL-8 AND PL-9 PIPELINE AT HP3 PLATFORM WITH DLB-1000,3,2026-09-09,,DATA/TECH/2035 Offshore Construction Engineering Register (Pipeline & Cables).xlsx,Documents - Pipeline & Cable,129,INCLUDE,,REV-4465d2bb3c96594ae9356787,SDOC-6a2e8f5bfe3c26885fe9055b
2035,TECH,PIPELINE & CABLE,DOCUMENT,ANALYSIS REPORT,2035-NN-RP-078,DAVIT LIFT ANALYSIS REPORT FOR 16” WF PIPELINE FROM HP3 TO USSC RP-1 (PL-8) AT USSC RP-1 BY DLB 1000,1,2026-03-18,1,DATA/TECH/2035 Offshore Construction Engineering Register (Pipeline & Cables).xlsx,Documents - Pipeline & Cable,130,INCLUDE,,REV-ccacb898fba45ab39f1b6010,SDOC-0abafb3a7a85e26b78e18c56
2035,TECH,PIPELINE & CABLE,DOCUMENT,ANALYSIS REPORT,2035-NN-RP-078,DAVIT LIFT ANALYSIS REPORT FOR 16” WF PIPELINE FROM HP3 TO USSC RP-1 (PL-8) AT USSC RP-1 BY DLB 1000,2,2026-04-22,,DATA/TECH/2035 Offshore Construction Engineering Register (Pipeline & Cables).xlsx,Documents - Pipeline & Cable,131,INCLUDE,,REV-70e019fb1922947108a9d9d5,SDOC-0abafb3a7a85e26b78e18c56
2035,TECH,PIPELINE & CABLE,DOCUMENT,ANALYSIS REPORT,2035-NN-RP-079,DAVIT LIFT ANALYSIS REPORT FOR PL-2 PIPELINE AT US-12B PLATFORM WITH DLB-1000,1,2026-04-07,1,DATA/TECH/2035 Offshore Construction Engineering Register (Pipeline & Cables).xlsx,Documents - Pipeline & Cable,132,INCLUDE,,REV-78a1d34eae0e21c11df09fe7,SDOC-41b0134cf8e39088febd3dd1
2035,TECH,PIPELINE & CABLE,DOCUMENT,ANALYSIS REPORT,2035-NN-RP-079,DAVIT LIFT ANALYSIS REPORT FOR PL-2 PIPELINE AT US-12B PLATFORM WITH DLB-1000,2,2026-05-13,,DATA/TECH/2035 Offshore Construction Engineering Register (Pipeline & Cables).xlsx,Documents - Pipeline & Cable,133,INCLUDE,,REV-e8c22a57371062e398254fa4,SDOC-41b0134cf8e39088febd3dd1
2035,TECH,PIPELINE & CABLE,DOCUMENT,REPORT,2035-NN-RP-080,"PIPELAY INSTALLATION REPORT FOR 16"" WATER INJECTION SUBSEA PIPELINE HP2 TO HP1 (PL-11) BY SAFEEN-3000",1,2026-04-20,1,DATA/TECH/2035 Offshore Construction Engineering Register (Pipeline & Cables).xlsx,Documents - Pipeline & Cable,134,INCLUDE,,REV-714c82291be1954786705e40,SDOC-d28791a0aa38de61c525b00c
2035,TECH,PIPELINE & CABLE,DOCUMENT,REPORT,2035-NN-RP-080,"PIPELAY INSTALLATION REPORT FOR 16"" WATER INJECTION SUBSEA PIPELINE HP2 TO HP1 (PL-11) BY SAFEEN-3000",2,2026-08-05,,DATA/TECH/2035 Offshore Construction Engineering Register (Pipeline & Cables).xlsx,Documents - Pipeline & Cable,135,INCLUDE,,REV-18533fceb06966de15cf28a5,SDOC-d28791a0aa38de61c525b00c
2035,TECH,PIPELINE & CABLE,DOCUMENT,REPORT,2035-NN-RP-081,SEAFASTENING DESIGN REPORT FOR TRANSPORTATION OF CC PIPES & REELS ON ASTRO-251,1,2026-03-25,,DATA/TECH/2035 Offshore Construction Engineering Register (Pipeline & Cables).xlsx,Documents - Pipeline & Cable,136,INCLUDE,,REV-b8ec942b32a518ecf8658f3d,SDOC-1694707cf660d1e7bf84cc96
2035,TECH,PIPELINE & CABLE,DOCUMENT,REPORT,2035-NN-RP-082,"Pipelay Installation Report for 16"" Well Fluid Pipeline from US-159A to US-12B (PL-1) by DLS 4200",,,,DATA/TECH/2035 Offshore Construction Engineering Register (Pipeline & Cables).xlsx,Documents - Pipeline & Cable,137,INCLUDE,,REV-d67b1e8ae3fee5ccf48f874d,SDOC-6ed989c5cd50679e36a70464
2035,TECH,PIPELINE & CABLE,DOCUMENT,REPORT,2035-NN-RP-083,"Pipelay Installation Report for 16"" Well Fluid Subsea Pipeline from US-19B to US-153A (PL-4) by DLS 4200",,,,DATA/TECH/2035 Offshore Construction Engineering Register (Pipeline & Cables).xlsx,Documents - Pipeline & Cable,138,INCLUDE,,REV-1f7d2e689ec73b60207ff9a2,SDOC-a1df7cf577fc697fbf8c78a9
2035,TECH,PIPELINE & CABLE,DOCUMENT,REPORT,2035-NN-RP-084,Pipelay Installation Report for 16” Water Injection Subsea Pipeline from HP2 to HP1 (PL-11) by DLS 4200,,,,DATA/TECH/2035 Offshore Construction Engineering Register (Pipeline & Cables).xlsx,Documents - Pipeline & Cable,139,INCLUDE,,REV-69ae8186bdac2b3736d37a58,SDOC-c48f53f7e28e5abf02e6b237
2035,TECH,PIPELINE & CABLE,DOCUMENT,ANALYSIS REPORT,2035-NN-RP-085,DAVIT LIFT ANALYSIS REPORT FOR PL-2 PIPELINE AT USSC RP-1 PLATFORM WITH DLB-1000,1,2026-05-15,,DATA/TECH/2035 Offshore Construction Engineering Register (Pipeline & Cables).xlsx,Documents - Pipeline & Cable,140,INCLUDE,,REV-c6c2bbdca36a4e04cca852f3,SDOC-da957a51e32b6604bc68c67c
2035,TECH,PIPELINE & CABLE,DOCUMENT,ANALYSIS REPORT,2035-NN-RP-086,SPOOL LIFT ANALYSIS REPORT FOR 18” HP OIL SUBSEA PIPELINE FROM HP1 TO HP2 (PL-6),1,2026-05-04,3,DATA/TECH/2035 Offshore Construction Engineering Register (Pipeline & Cables).xlsx,Documents - Pipeline & Cable,141,INCLUDE,,REV-74ef25b96e6f00c65ea46390,SDOC-7a84fdde1709f70815ec0ccd
2035,TECH,PIPELINE & CABLE,DOCUMENT,ANALYSIS REPORT,2035-NN-RP-086,SPOOL LIFT ANALYSIS REPORT FOR 18” HP OIL SUBSEA PIPELINE FROM HP1 TO HP2 (PL-6),2,2026-05-07,,DATA/TECH/2035 Offshore Construction Engineering Register (Pipeline & Cables).xlsx,Documents - Pipeline & Cable,142,INCLUDE,,REV-3f63f096d85526b699fc5d6b,SDOC-7a84fdde1709f70815ec0ccd
2035,TECH,PIPELINE & CABLE,DOCUMENT,ANALYSIS REPORT,2035-NN-RP-086,SPOOL LIFT ANALYSIS REPORT FOR 18” HP OIL SUBSEA PIPELINE FROM HP1 TO HP2 (PL-6),3,2026-07-28,,DATA/TECH/2035 Offshore Construction Engineering Register (Pipeline & Cables).xlsx,Documents - Pipeline & Cable,143,INCLUDE,,REV-8318144f07ab7fcf21e9aa28,SDOC-7a84fdde1709f70815ec0ccd
2035,TECH,PIPELINE & CABLE,DOCUMENT,ANALYSIS REPORT,2035-NN-RP-087,DAVIT LIFT ANALYSIS REPORT FOR PL-7 PIPELINE AT USSC RP-1 PLATFORM WITH DLB-1000,1,2026-04-25,1 - Approved,DATA/TECH/2035 Offshore Construction Engineering Register (Pipeline & Cables).xlsx,Documents - Pipeline & Cable,144,INCLUDE,,REV-34a50afba8feacf8e9c91071,SDOC-36229e222236041008c3d447
2035,TECH,PIPELINE & CABLE,DOCUMENT,ANALYSIS REPORT,2035-NN-RP-088,SPOOL LIFT ANALYSIS REPORT FOR 18” WELL FLUID PIPELINE FROM HP2 TO USSC-RP1 (PL-7),1,2026-04-22,,DATA/TECH/2035 Offshore Construction Engineering Register (Pipeline & Cables).xlsx,Documents - Pipeline & Cable,145,INCLUDE,,REV-3b7519c40bb1ab887dd43282,SDOC-acbfa8972c85bb5997bda1cd
2035,TECH,PIPELINE & CABLE,DOCUMENT,ANALYSIS REPORT,2035-NN-RP-089,SPOOL LIFT ANALYSIS REPORT FOR 16” WELL FLUID PIPELINE FROM HP3 TO USSC-RP1 (PL-8),1,2026-05-13,1 - Approved,DATA/TECH/2035 Offshore Construction Engineering Register (Pipeline & Cables).xlsx,Documents - Pipeline & Cable,146,INCLUDE,,REV-bbbde119fa4d35619d23b0de,SDOC-44f29bb5a1343d91c8995128
2035,TECH,PIPELINE & CABLE,DOCUMENT,ANALYSIS REPORT,2035-NN-RP-089,SPOOL LIFT ANALYSIS REPORT FOR 16” WELL FLUID PIPELINE FROM HP3 TO USSC-RP1 (PL-8),2,2026-06-03,1,DATA/TECH/2035 Offshore Construction Engineering Register (Pipeline & Cables).xlsx,Documents - Pipeline & Cable,147,INCLUDE,,REV-2357b29e8c7c9af51af9d6a6,SDOC-44f29bb5a1343d91c8995128
2035,TECH,PIPELINE & CABLE,DOCUMENT,ANALYSIS REPORT,2035-NN-RP-089,SPOOL LIFT ANALYSIS REPORT FOR 16” WELL FLUID PIPELINE FROM HP3 TO USSC-RP1 (PL-8),3,2026-06-08,,DATA/TECH/2035 Offshore Construction Engineering Register (Pipeline & Cables).xlsx,Documents - Pipeline & Cable,148,INCLUDE,,REV-b40ab7bd6cea15d86ca017fe,SDOC-44f29bb5a1343d91c8995128
2035,TECH,PIPELINE & CABLE,DOCUMENT,REPORT,2035-NN-RP-090,"PIPELAY INSTALLATION REPORT FOR 16"" WELL FLUID PIPELINE FROM US-159A TO US-12B (PL-1) BY DLB 750",1,2026-05-18,,DATA/TECH/2035 Offshore Construction Engineering Register (Pipeline & Cables).xlsx,Documents - Pipeline & Cable,149,INCLUDE,,REV-09b2b70988eb8469f3c97893,SDOC-f8e0fd21a0d3cd9e65c48768
2035,TECH,PIPELINE & CABLE,DOCUMENT,REPORT,2035-NN-RP-091,"Pipelay Installation Report for 16"" Well Fluid Subsea Pipeline from US-19B to US-153A (PL-4) by DLB 750",1,2026-06-11,,DATA/TECH/2035 Offshore Construction Engineering Register (Pipeline & Cables).xlsx,Documents - Pipeline & Cable,150,INCLUDE,,REV-6670c42e488b2b0393bbbbe0,SDOC-0ff5cc7887f27ef260c2c9d4
2035,TECH,PIPELINE & CABLE,DOCUMENT,ANALYSIS REPORT,2035-NN-RP-092,Air Bag Lift Analysis Report for 16” WF Pipeline from US-HP3 to USSC-RP1 (PL-8),1,2026-08-19,1,DATA/TECH/2035 Offshore Construction Engineering Register (Pipeline & Cables).xlsx,Documents - Pipeline & Cable,151,INCLUDE,,REV-f51c4bc261fee12342fdaa64,SDOC-9626a756364cec865904ff0e
2035,TECH,PIPELINE & CABLE,DOCUMENT,ANALYSIS REPORT,2035-NN-RP-093,"SPOOL & RISER LIFT ANALYSIS REPORT FOR 16"" WELL FLUID PIPELINE FROM US-12B TO USSC-RP1 (PL-2) @ USSC-RP1",1,2026-07-30,1,DATA/TECH/2035 Offshore Construction Engineering Register (Pipeline & Cables).xlsx,Documents - Pipeline & Cable,152,INCLUDE,,REV-dd21e390b21553e1bef86131,SDOC-e7a8a10e5b369ab302942ff4
2035,TECH,PIPELINE & CABLE,DOCUMENT,ANALYSIS,OFO-GEN-X-RP-017-R-0,ANALYSIS OF 9M SIMPLY SUPPORTED GANGWAY,,,,DATA/TECH/2035 Offshore Construction Engineering Register (Pipeline & Cables).xlsx,Documents - Pipeline & Cable,160,INCLUDE,,REV-479ec3e46255b9f9a96bb9a4,SDOC-e8f629713d5442a8bbea65a5
2035,TECH,PIPELINE & CABLE,DOCUMENT,SPECIFICATION,2035-NN-SP-001,"Specification for Pipeline, Riser and Cable Installation",,,,DATA/TECH/2035 Offshore Construction Engineering Register (Pipeline & Cables).xlsx,Documents - Pipeline & Cable,161,INCLUDE,,REV-c7cf777eb04d8c479252da82,SDOC-bb6b0b24f5bbb85b3e937203
2035,TECH,GENERAL / MULTIDISCIPLINE,DRAWING,ENGINEERING DRAWING,2035-NN-0001,START UP HEAD DETAILS FOR 16” PIPE LINE (WELD TYPE),1,2023-09-21,1,DATA/TECH/2035 Offshore Construction Engineering Register (Pipeline & Cables).xlsx,Drawings,9,INCLUDE,,REV-aef558f1da81e66aca2ac0e7,SDOC-3eec78aef4e23a5335a6f551
2035,TECH,GENERAL / MULTIDISCIPLINE,DRAWING,ENGINEERING DRAWING,2035-NN-0002,START UP HEAD DETAILS FOR 18” PIPE LINE (FLANGE TYPE),1,,,DATA/TECH/2035 Offshore Construction Engineering Register (Pipeline & Cables).xlsx,Drawings,10,INCLUDE,,REV-f70580edd8a31f7c1af5f979,SDOC-c5682f35e65849fcba6ba8f3
2035,TECH,GENERAL / MULTIDISCIPLINE,DRAWING,ENGINEERING DRAWING,2035-NN-0002,START UP HEAD DETAILS FOR 18” PIPE LINE (FLANGE TYPE),2,2023-04-13,,DATA/TECH/2035 Offshore Construction Engineering Register (Pipeline & Cables).xlsx,Drawings,11,INCLUDE,,REV-f2ea42f0ac9bae2a1e157a3c,SDOC-c5682f35e65849fcba6ba8f3
2035,TECH,GENERAL / MULTIDISCIPLINE,DRAWING,ENGINEERING DRAWING,2035-NN-0003,"LAYDOWN HEAD DETAILS FOR 16"" PIPE LINE (WELD TYPE)",1,,,DATA/TECH/2035 Offshore Construction Engineering Register (Pipeline & Cables).xlsx,Drawings,12,INCLUDE,DATE_TEXT_PRESERVED,REV-54c362b63a5ab2a3c0e9d793,SDOC-e8835ba9e37ad28dee961498
2035,TECH,GENERAL / MULTIDISCIPLINE,DRAWING,ENGINEERING DRAWING,2035-NN-0004,START UP HEAD DETAILS FOR 18” PIPE LINE (WELD TYPE),1,2023-02-16,2,DATA/TECH/2035 Offshore Construction Engineering Register (Pipeline & Cables).xlsx,Drawings,13,INCLUDE,,REV-fee6ab3245beb629bb01d8f6,SDOC-48eead39921a534a429ffefb
2035,TECH,GENERAL / MULTIDISCIPLINE,DRAWING,ENGINEERING DRAWING,2035-NN-0004,START UP HEAD DETAILS FOR 18” PIPE LINE (WELD TYPE),2,2023-09-21,1,DATA/TECH/2035 Offshore Construction Engineering Register (Pipeline & Cables).xlsx,Drawings,14,INCLUDE,,REV-7e12d829a6d2efa12d760323,SDOC-48eead39921a534a429ffefb
2035,TECH,GENERAL / MULTIDISCIPLINE,DRAWING,ENGINEERING DRAWING,2035-NN-0005,"TYPICAL EMERGENCY HEAD FOR 16"" PIPELINE",1,2023-02-14,,DATA/TECH/2035 Offshore Construction Engineering Register (Pipeline & Cables).xlsx,Drawings,15,INCLUDE,,REV-c0c584dcd8b836ffb1a156b9,SDOC-b5d2561d07a5cd79d255d4fb
2035,TECH,GENERAL / MULTIDISCIPLINE,DRAWING,ENGINEERING DRAWING,2035-NN-0005,"TYPICAL EMERGENCY HEAD FOR 16"" PIPELINE",2,2023-05-25,,DATA/TECH/2035 Offshore Construction Engineering Register (Pipeline & Cables).xlsx,Drawings,16,INCLUDE,,REV-6f5062698b1ab05e1d978a9a,SDOC-b5d2561d07a5cd79d255d4fb
2035,TECH,GENERAL / MULTIDISCIPLINE,DRAWING,ENGINEERING DRAWING,2035-NN-0006,"TYPICAL EMERGENCY HEAD FOR 18"" PIPE LINE",1,2023-02-06,,DATA/TECH/2035 Offshore Construction Engineering Register (Pipeline & Cables).xlsx,Drawings,17,INCLUDE,,REV-a5acabd0d8148e3a8d3ffadc,SDOC-bed3219e444cc02860456fa4
2035,TECH,GENERAL / MULTIDISCIPLINE,DRAWING,ENGINEERING DRAWING,2035-NN-0006,"TYPICAL EMERGENCY HEAD FOR 18"" PIPE LINE",2,2023-04-05,,DATA/TECH/2035 Offshore Construction Engineering Register (Pipeline & Cables).xlsx,Drawings,18,INCLUDE,,REV-ad7899ebed0d39cf01255f5a,SDOC-bed3219e444cc02860456fa4
2035,TECH,GENERAL / MULTIDISCIPLINE,DRAWING,ENGINEERING DRAWING,2035-NN-0006,"TYPICAL EMERGENCY HEAD FOR 18"" PIPE LINE",3,2026-03-10,4,DATA/TECH/2035 Offshore Construction Engineering Register (Pipeline & Cables).xlsx,Drawings,19,INCLUDE,,REV-b1b5f6ca3ad173bbaa3c39bf,SDOC-bed3219e444cc02860456fa4
2035,TECH,GENERAL / MULTIDISCIPLINE,DRAWING,ENGINEERING DRAWING,2035-NN-0007,"BUCKLE DETECTOR DETAILS FOR 16""x 26.19 W.T",1,2023-02-06,,DATA/TECH/2035 Offshore Construction Engineering Register (Pipeline & Cables).xlsx,Drawings,20,INCLUDE,,REV-92ea6d20ca82cec46c3347b8,SDOC-8280f694f4d4c3dc6f37e87a
2035,TECH,GENERAL / MULTIDISCIPLINE,DRAWING,ENGINEERING DRAWING,2035-NN-0007,"BUCKLE DETECTOR DETAILS FOR 16""x 26.19 W.T",2,2023-08-17,,DATA/TECH/2035 Offshore Construction Engineering Register (Pipeline & Cables).xlsx,Drawings,21,INCLUDE,,REV-f9c4bf0e0228c8a74c383bbb,SDOC-8280f694f4d4c3dc6f37e87a
2035,TECH,GENERAL / MULTIDISCIPLINE,DRAWING,ENGINEERING DRAWING,2035-NN-0008,"BUCKLE DETECTOR DETAILS FOR 18""x 28.58 W.T",1,2023-02-16,2,DATA/TECH/2035 Offshore Construction Engineering Register (Pipeline & Cables).xlsx,Drawings,22,INCLUDE,,REV-e6fbf6c73baba9b15cb49878,SDOC-25fb7c7244b6034a4dfd6c21
2035,TECH,GENERAL / MULTIDISCIPLINE,DRAWING,ENGINEERING DRAWING,2035-NN-0008,"BUCKLE DETECTOR DETAILS FOR 18""x 28.58 W.T",2,2023-08-17,,DATA/TECH/2035 Offshore Construction Engineering Register (Pipeline & Cables).xlsx,Drawings,23,INCLUDE,,REV-8084b0f8146d2639627aa01a,SDOC-25fb7c7244b6034a4dfd6c21
2035,TECH,GENERAL / MULTIDISCIPLINE,DRAWING,ENGINEERING DRAWING,2035-NN-0009,"SPOOL LIFTING AND INSTALLATION FOR 16"" WELL FLUID PIPELINE FROM US-159A TO US-12B (PL-1) @ US-159A",1,,,DATA/TECH/2035 Offshore Construction Engineering Register (Pipeline & Cables).xlsx,Drawings,24,INCLUDE,,REV-1b9b73bd5f761a018ac430aa,SDOC-c9fe0e135ff6ad0e766a7ef7
2035,TECH,GENERAL / MULTIDISCIPLINE,DRAWING,ENGINEERING DRAWING,2035-NN-0009,"SPOOL LIFTING AND INSTALLATION FOR 16"" WELL FLUID PIPELINE FROM US-159A TO US-12B (PL-1) @ US-159A",2,,,DATA/TECH/2035 Offshore Construction Engineering Register (Pipeline & Cables).xlsx,Drawings,25,INCLUDE,DATE_TEXT_PRESERVED,REV-929017ed75ff568319b10f52,SDOC-c9fe0e135ff6ad0e766a7ef7
2035,TECH,GENERAL / MULTIDISCIPLINE,DRAWING,ENGINEERING DRAWING,2035-NN-0010,"SPOOL LIFTING AND INSTALLATION FOR 16"" HP OIL SUBSEA PIPELINE FROM US-159A TO US-12B (PL-1) @ US-12B",1,2026-06-11,,DATA/TECH/2035 Offshore Construction Engineering Register (Pipeline & Cables).xlsx,Drawings,26,INCLUDE,,REV-3594166de87d4058d1c48d18,SDOC-dc843d121ab1d99a2b7a82f8
2035,TECH,GENERAL / MULTIDISCIPLINE,DRAWING,ENGINEERING DRAWING,2035-NN-0011,"SPOOL LIFTING AND INSTALLATION FOR 16"" HP OIL SUBSEA PIPELINE FROM US-12B TO USSC-RP1 (PL-2) @ US-12B",1,2026-05-29,HOLD,DATA/TECH/2035 Offshore Construction Engineering Register (Pipeline & Cables).xlsx,Drawings,27,INCLUDE,,REV-b142ae656c1da6c4a554d6f5,SDOC-4ec531807ba3c8b016cc4334
2035,TECH,GENERAL / MULTIDISCIPLINE,DRAWING,ENGINEERING DRAWING,2035-NN-0011,"SPOOL LIFTING AND INSTALLATION FOR 16"" HP OIL SUBSEA PIPELINE FROM US-12B TO USSC-RP1 (PL-2) @ US-12B",2,2026-06-24,,DATA/TECH/2035 Offshore Construction Engineering Register (Pipeline & Cables).xlsx,Drawings,28,INCLUDE,,REV-db34c629a1eb7cf80160248d,SDOC-4ec531807ba3c8b016cc4334
2035,TECH,GENERAL / MULTIDISCIPLINE,DRAWING,ENGINEERING DRAWING,2035-NN-0012,"RISER/SPOOL LIFTING AND INSTALLATION FOR 16"" WELL FLUID PIPELINE FROM US-12B TO USSC-RP1 (PL-2) @ USSC-RP1",1,2025-11-11,3,DATA/TECH/2035 Offshore Construction Engineering Register (Pipeline & Cables).xlsx,Drawings,29,INCLUDE,,REV-808777dd559ab40697637de9,SDOC-d66ba49925a53cb8e6e79486
2035,TECH,GENERAL / MULTIDISCIPLINE,DRAWING,ENGINEERING DRAWING,2035-NN-0012,"RISER/SPOOL LIFTING AND INSTALLATION FOR 16"" WELL FLUID PIPELINE FROM US-12B TO USSC-RP1 (PL-2) @ USSC-RP1",2,2026-06-09,1 - Approved,DATA/TECH/2035 Offshore Construction Engineering Register (Pipeline & Cables).xlsx,Drawings,30,INCLUDE,,REV-d25320b08a4f828eae55f82e,SDOC-d66ba49925a53cb8e6e79486
2035,TECH,GENERAL / MULTIDISCIPLINE,DRAWING,ENGINEERING DRAWING,2035-NN-0012,"RISER/SPOOL LIFTING AND INSTALLATION FOR 16"" WELL FLUID PIPELINE FROM US-12B TO USSC-RP1 (PL-2) @ USSC-RP1",3,2026-07-07,,DATA/TECH/2035 Offshore Construction Engineering Register (Pipeline & Cables).xlsx,Drawings,31,INCLUDE,,REV-0318937afe953b6dae17db36,SDOC-d66ba49925a53cb8e6e79486
2035,TECH,GENERAL / MULTIDISCIPLINE,DRAWING,ENGINEERING DRAWING,2035-NN-0013,"RISER/SPOOL LIFTING AND INSTALLATION FOR 16"" HP OIL SUBSEA PIPELINE FROM US-142A TO USSC-RP1 (PL-3) @ US-142A",1,2025-05-15,1,DATA/TECH/2035 Offshore Construction Engineering Register (Pipeline & Cables).xlsx,Drawings,32,INCLUDE,,REV-5ccd4f106d7425ffb9e4658b,SDOC-99e175a6c91d2e25d30b9b75
2035,TECH,GENERAL / MULTIDISCIPLINE,DRAWING,ENGINEERING DRAWING,2035-NN-0013,"RISER/SPOOL LIFTING AND INSTALLATION FOR 16"" HP OIL SUBSEA PIPELINE FROM US-142A TO USSC-RP1 (PL-3) @ US-142A",2,2025-11-17,,DATA/TECH/2035 Offshore Construction Engineering Register (Pipeline & Cables).xlsx,Drawings,33,INCLUDE,,REV-8ffd391d730b9c8d1737c333,SDOC-99e175a6c91d2e25d30b9b75
2035,TECH,GENERAL / MULTIDISCIPLINE,DRAWING,ENGINEERING DRAWING,2035-NN-0013,"RISER/SPOOL LIFTING AND INSTALLATION FOR 16"" HP OIL SUBSEA PIPELINE FROM US-142A TO USSC-RP1 (PL-3) @ US-142A",3,2025-12-31,3,DATA/TECH/2035 Offshore Construction Engineering Register (Pipeline & Cables).xlsx,Drawings,34,INCLUDE,,REV-2eec8a84d18fe7f423bed745,SDOC-99e175a6c91d2e25d30b9b75
2035,TECH,GENERAL / MULTIDISCIPLINE,DRAWING,ENGINEERING DRAWING,2035-NN-0013,"RISER/SPOOL LIFTING AND INSTALLATION FOR 16"" HP OIL SUBSEA PIPELINE FROM US-142A TO USSC-RP1 (PL-3) @ US-142A",4,2026-01-06,,DATA/TECH/2035 Offshore Construction Engineering Register (Pipeline & Cables).xlsx,Drawings,35,INCLUDE,,REV-5decb1b51421e914e2e962f5,SDOC-99e175a6c91d2e25d30b9b75
2035,TECH,GENERAL / MULTIDISCIPLINE,DRAWING,ENGINEERING DRAWING,2035-NN-0013,"RISER/SPOOL LIFTING AND INSTALLATION FOR 16"" HP OIL SUBSEA PIPELINE FROM US-142A TO USSC-RP1 (PL-3) @ US-142A",5,2026-01-12,,DATA/TECH/2035 Offshore Construction Engineering Register (Pipeline & Cables).xlsx,Drawings,36,INCLUDE,,REV-85e7507af674283f93a546bb,SDOC-99e175a6c91d2e25d30b9b75
2035,TECH,GENERAL / MULTIDISCIPLINE,DRAWING,ENGINEERING DRAWING,2035-NN-0014,"RISER/SPOOL LIFTING AND INSTALLATION FOR 16"" WELL FLUID PIPELINE FROM US-142A TO USSC-RP1 (PL-3) @ USSC-RP1",1,2025-11-20,1 - Approved,DATA/TECH/2035 Offshore Construction Engineering Register (Pipeline & Cables).xlsx,Drawings,37,INCLUDE,,REV-9161ddcebeef0d9f2c251e77,SDOC-fb2a4d1e3427ba1babd445f1
2035,TECH,GENERAL / MULTIDISCIPLINE,DRAWING,ENGINEERING DRAWING,2035-NN-0014,"RISER/SPOOL LIFTING AND INSTALLATION FOR 16"" WELL FLUID PIPELINE FROM US-142A TO USSC-RP1 (PL-3) @ USSC-RP1",2,2025-12-03,,DATA/TECH/2035 Offshore Construction Engineering Register (Pipeline & Cables).xlsx,Drawings,38,INCLUDE,,REV-aa01ba3eeae3dcdf32ac00ca,SDOC-fb2a4d1e3427ba1babd445f1
2035,TECH,GENERAL / MULTIDISCIPLINE,DRAWING,ENGINEERING DRAWING,2035-NN-0015,"SPOOL LIFTING AND INSTALLATION FOR 16"" WELL FLUID PIPELINE FROM US-19B TO US-153A (PL-4) @ US-19B",1,2026-06-25,,DATA/TECH/2035 Offshore Construction Engineering Register (Pipeline & Cables).xlsx,Drawings,40,INCLUDE,,REV-59fe2f1a50941c1571b0db74,SDOC-1ce34c86d6499c43e2f266e6
2035,TECH,GENERAL / MULTIDISCIPLINE,DRAWING,ENGINEERING DRAWING,2035-NN-0015,"SPOOL LIFTING AND INSTALLATION FOR 16"" WELL FLUID PIPELINE FROM US-19B TO US-153A (PL-4) @ US-19B",2,2026-07-20,,DATA/TECH/2035 Offshore Construction Engineering Register (Pipeline & Cables).xlsx,Drawings,41,INCLUDE,,REV-fe6eef5d875a3c30a9c19010,SDOC-1ce34c86d6499c43e2f266e6
2035,TECH,GENERAL / MULTIDISCIPLINE,DRAWING,ENGINEERING DRAWING,2035-NN-0016,"SPOOL LIFTING AND INSTALLATION FOR 16"" WELL FLUID PIPELINE FROM US-19B TO US-153A (PL-4) @ US-153A",1,2026-06-25,,DATA/TECH/2035 Offshore Construction Engineering Register (Pipeline & Cables).xlsx,Drawings,42,INCLUDE,,REV-bd9673b48dfab1fdfb2b7b79,SDOC-c49d6991ae16e108de8ce585
2035,TECH,GENERAL / MULTIDISCIPLINE,DRAWING,ENGINEERING DRAWING,2035-NN-0016,"SPOOL LIFTING AND INSTALLATION FOR 16"" WELL FLUID PIPELINE FROM US-19B TO US-153A (PL-4) @ US-153A",2,2026-07-20,,DATA/TECH/2035 Offshore Construction Engineering Register (Pipeline & Cables).xlsx,Drawings,43,INCLUDE,,REV-7a3a539e1b9b4a5463166a7c,SDOC-c49d6991ae16e108de8ce585
2035,TECH,GENERAL / MULTIDISCIPLINE,DRAWING,ENGINEERING DRAWING,2035-NN-0017,"RISER/SPOOL LIFTING AND INSTALLATION FOR 16"" HP OIL SUBSEA PIPELINE FROM US-153A TO USSC-RP1 (PL-5) @ US-153A",1,2025-12-10,,DATA/TECH/2035 Offshore Construction Engineering Register (Pipeline & Cables).xlsx,Drawings,44,INCLUDE,,REV-7465bb830169e3bf69e31cc6,SDOC-5db10a12692e3e8c7866e92e
2035,TECH,GENERAL / MULTIDISCIPLINE,DRAWING,ENGINEERING DRAWING,2035-NN-0017,"RISER/SPOOL LIFTING AND INSTALLATION FOR 16"" HP OIL SUBSEA PIPELINE FROM US-153A TO USSC-RP1 (PL-5) @ US-153A",2,,,DATA/TECH/2035 Offshore Construction Engineering Register (Pipeline & Cables).xlsx,Drawings,45,INCLUDE,DATE_TEXT_PRESERVED,REV-12f5c67bc50679e93a0e6b6f,SDOC-5db10a12692e3e8c7866e92e
2035,TECH,GENERAL / MULTIDISCIPLINE,DRAWING,ENGINEERING DRAWING,2035-NN-0018,"RISER/SPOOL LIFTING AND INSTALLATION FOR 16"" WELL FLUID PIPELINE FROM US-153A TO USSC-RP1 (PL-5) @ USSC-RP1",1,2025-12-03,,DATA/TECH/2035 Offshore Construction Engineering Register (Pipeline & Cables).xlsx,Drawings,46,INCLUDE,,REV-f037c376dfba849831e7f621,SDOC-f13c4f6cdad165b463c48d06
2035,TECH,GENERAL / MULTIDISCIPLINE,DRAWING,ENGINEERING DRAWING,2035-NN-0018,"RISER/SPOOL LIFTING AND INSTALLATION FOR 16"" WELL FLUID PIPELINE FROM US-153A TO USSC-RP1 (PL-5) @ USSC-RP1",2,2025-12-17,,DATA/TECH/2035 Offshore Construction Engineering Register (Pipeline & Cables).xlsx,Drawings,47,INCLUDE,,REV-2a9864c3b298689b6590ad8c,SDOC-f13c4f6cdad165b463c48d06
2035,TECH,GENERAL / MULTIDISCIPLINE,DRAWING,ENGINEERING DRAWING,2035-NN-0019,"RISER/SPOOL LIFTING AND INSTALLATION FOR 18"" HP OIL SUBSEA PIPELINE FROM HP1 TO HP2 (PL-6) @ HP1",1,2026-03-22,,DATA/TECH/2035 Offshore Construction Engineering Register (Pipeline & Cables).xlsx,Drawings,48,INCLUDE,,REV-b7b6baddf0d5fd262b6ad315,SDOC-fb0da05eaec31bab4de94506
2035,TECH,GENERAL / MULTIDISCIPLINE,DRAWING,ENGINEERING DRAWING,2035-NN-0019,"RISER/SPOOL LIFTING AND INSTALLATION FOR 18"" HP OIL SUBSEA PIPELINE FROM HP1 TO HP2 (PL-6) @ HP1",2,2026-04-15,,DATA/TECH/2035 Offshore Construction Engineering Register (Pipeline & Cables).xlsx,Drawings,49,INCLUDE,,REV-63fce92b986a497b9e3a8b31,SDOC-fb0da05eaec31bab4de94506
2035,TECH,GENERAL / MULTIDISCIPLINE,DRAWING,ENGINEERING DRAWING,2035-NN-0019,"RISER/SPOOL LIFTING AND INSTALLATION FOR 18"" HP OIL SUBSEA PIPELINE FROM HP1 TO HP2 (PL-6) @ HP1",3,2026-06-26,,DATA/TECH/2035 Offshore Construction Engineering Register (Pipeline & Cables).xlsx,Drawings,50,INCLUDE,,REV-283ae56fb90487d94bf5bb12,SDOC-fb0da05eaec31bab4de94506
2035,TECH,GENERAL / MULTIDISCIPLINE,DRAWING,ENGINEERING DRAWING,2035-NN-0019,"RISER/SPOOL LIFTING AND INSTALLATION FOR 18"" HP OIL SUBSEA PIPELINE FROM HP1 TO HP2 (PL-6) @ HP1",4,2026-07-28,,DATA/TECH/2035 Offshore Construction Engineering Register (Pipeline & Cables).xlsx,Drawings,51,INCLUDE,,REV-1aa449fcb745fe9c64cdcde2,SDOC-fb0da05eaec31bab4de94506
2035,TECH,GENERAL / MULTIDISCIPLINE,DRAWING,ENGINEERING DRAWING,2035-NN-0020,"RISER/SPOOL LIFTING AND INSTALLATION FOR 18"" HP OIL SUBSEA PIPELINE FROM HP1 TO HP2 (PL-6) @ HP2",1,2026-04-20,1,DATA/TECH/2035 Offshore Construction Engineering Register (Pipeline & Cables).xlsx,Drawings,52,INCLUDE,,REV-9bce2e971390609ace4ffa29,SDOC-19b2b3c3f61f788c41233dea
2035,TECH,GENERAL / MULTIDISCIPLINE,DRAWING,ENGINEERING DRAWING,2035-NN-0020,"RISER/SPOOL LIFTING AND INSTALLATION FOR 18"" HP OIL SUBSEA PIPELINE FROM HP1 TO HP2 (PL-6) @ HP2",2,2026-06-26,,DATA/TECH/2035 Offshore Construction Engineering Register (Pipeline & Cables).xlsx,Drawings,53,INCLUDE,,REV-bcb22abe346a44f374ada65f,SDOC-19b2b3c3f61f788c41233dea
2035,TECH,GENERAL / MULTIDISCIPLINE,DRAWING,ENGINEERING DRAWING,2035-NN-0021,"SPOOL LIFTING AND INSTALLATION FOR 18"" WELL FLUID PIPELINE FROM HP2 TO USSC-RP1 (PL-7) @ HP2",1,2026-04-25,1 - Approved,DATA/TECH/2035 Offshore Construction Engineering Register (Pipeline & Cables).xlsx,Drawings,54,INCLUDE,,REV-f124a69370a3ba1b02a12596,SDOC-96db9821b80e08dbbff20afc
2035,TECH,GENERAL / MULTIDISCIPLINE,DRAWING,ENGINEERING DRAWING,2035-NN-0022,"RISER/SPOOL LIFTING AND INSTALLATION FOR 18"" WELL FLUID PIPELINE FROM HP2 TO USSC-RP1 (PL-7) @ USSC-RP1",1,,,DATA/TECH/2035 Offshore Construction Engineering Register (Pipeline & Cables).xlsx,Drawings,55,INCLUDE,,REV-c358243758f1d9989eab7435,SDOC-ea84d0c72205f2a7e11a24f8
2035,TECH,GENERAL / MULTIDISCIPLINE,DRAWING,ENGINEERING DRAWING,2035-NN-0022,"RISER/SPOOL LIFTING AND INSTALLATION FOR 18"" WELL FLUID PIPELINE FROM HP2 TO USSC-RP1 (PL-7) @ USSC-RP1",2,2026-02-09,,DATA/TECH/2035 Offshore Construction Engineering Register (Pipeline & Cables).xlsx,Drawings,56,INCLUDE,,REV-847e93e0c52f0bbb67bb2867,SDOC-ea84d0c72205f2a7e11a24f8
2035,TECH,GENERAL / MULTIDISCIPLINE,DRAWING,ENGINEERING DRAWING,2035-NN-0022,"RISER/SPOOL LIFTING AND INSTALLATION FOR 18"" WELL FLUID PIPELINE FROM HP2 TO USSC-RP1 (PL-7) @ USSC-RP1",3,2026-02-25,,DATA/TECH/2035 Offshore Construction Engineering Register (Pipeline & Cables).xlsx,Drawings,57,INCLUDE,,REV-de0458a6b88628812a3327b2,SDOC-ea84d0c72205f2a7e11a24f8
2035,TECH,GENERAL / MULTIDISCIPLINE,DRAWING,ENGINEERING DRAWING,2035-NN-0022,"RISER/SPOOL LIFTING AND INSTALLATION FOR 18"" WELL FLUID PIPELINE FROM HP2 TO USSC-RP1 (PL-7) @ USSC-RP1",4,2026-06-03,,DATA/TECH/2035 Offshore Construction Engineering Register (Pipeline & Cables).xlsx,Drawings,58,INCLUDE,,REV-468d063c044d4897922a0946,SDOC-ea84d0c72205f2a7e11a24f8
2035,TECH,GENERAL / MULTIDISCIPLINE,DRAWING,ENGINEERING DRAWING,2035-NN-0022,"RISER/SPOOL LIFTING AND INSTALLATION FOR 18"" WELL FLUID PIPELINE FROM HP2 TO USSC-RP1 (PL-7) @ USSC-RP1",5,2026-07-01,,DATA/TECH/2035 Offshore Construction Engineering Register (Pipeline & Cables).xlsx,Drawings,59,INCLUDE,,REV-1ad1876848aa0babf707d01f,SDOC-ea84d0c72205f2a7e11a24f8
2035,TECH,GENERAL / MULTIDISCIPLINE,DRAWING,ENGINEERING DRAWING,2035-NN-0022,"RISER/SPOOL LIFTING AND INSTALLATION FOR 18"" WELL FLUID PIPELINE FROM HP2 TO USSC-RP1 (PL-7) @ USSC-RP1",6,2026-08-14,1,DATA/TECH/2035 Offshore Construction Engineering Register (Pipeline & Cables).xlsx,Drawings,60,INCLUDE,,REV-55cb600d22f7273a0b44d70f,SDOC-ea84d0c72205f2a7e11a24f8
2035,TECH,GENERAL / MULTIDISCIPLINE,DRAWING,ENGINEERING DRAWING,2035-NN-0023,"SPOOL LIFTING AND INSTALLATION FOR 16"" WELL FLUID PIPELINE FROM HP3 TO USSC-RP1 (PL-8) @ HP3",1,2026-04-21,,DATA/TECH/2035 Offshore Construction Engineering Register (Pipeline & Cables).xlsx,Drawings,61,INCLUDE,,REV-5f8d8b426ce90971b00b7e8e,SDOC-51a4df07b26e56beb8d17bee
2035,TECH,GENERAL / MULTIDISCIPLINE,DRAWING,ENGINEERING DRAWING,2035-NN-0023,"SPOOL LIFTING AND INSTALLATION FOR 16"" WELL FLUID PIPELINE FROM HP3 TO USSC-RP1 (PL-8) @ HP3",2,2026-06-03,1,DATA/TECH/2035 Offshore Construction Engineering Register (Pipeline & Cables).xlsx,Drawings,62,INCLUDE,,REV-7e8588d119cd3636e63cdf61,SDOC-51a4df07b26e56beb8d17bee
2035,TECH,GENERAL / MULTIDISCIPLINE,DRAWING,ENGINEERING DRAWING,2035-NN-0024,"RISER/SPOOL LIFTING AND INSTALLATION FOR 16"" WELL FLUID PIPELINE FROM HP3 TO USSC-RP1 (PL-8) @ USSC-RP1",1,2025-11-07,1 - Approved,DATA/TECH/2035 Offshore Construction Engineering Register (Pipeline & Cables).xlsx,Drawings,63,INCLUDE,,REV-b4dba4cfec94f3e021b263a9,SDOC-a4e713fce4b8bf049f007014
2035,TECH,GENERAL / MULTIDISCIPLINE,DRAWING,ENGINEERING DRAWING,2035-NN-0024,"RISER/SPOOL LIFTING AND INSTALLATION FOR 16"" WELL FLUID PIPELINE FROM HP3 TO USSC-RP1 (PL-8) @ USSC-RP1",2,2026-05-12,3,DATA/TECH/2035 Offshore Construction Engineering Register (Pipeline & Cables).xlsx,Drawings,64,INCLUDE,,REV-0c4d9fef81340b8ea9db869d,SDOC-a4e713fce4b8bf049f007014
2035,TECH,GENERAL / MULTIDISCIPLINE,DRAWING,ENGINEERING DRAWING,2035-NN-0024,"RISER/SPOOL LIFTING AND INSTALLATION FOR 16"" WELL FLUID PIPELINE FROM HP3 TO USSC-RP1 (PL-8) @ USSC-RP1",3,2026-05-20,,DATA/TECH/2035 Offshore Construction Engineering Register (Pipeline & Cables).xlsx,Drawings,65,INCLUDE,,REV-dc5f818c8fb821c4af1f68ee,SDOC-a4e713fce4b8bf049f007014
2035,TECH,GENERAL / MULTIDISCIPLINE,DRAWING,ENGINEERING DRAWING,2035-NN-0024,"RISER/SPOOL LIFTING AND INSTALLATION FOR 16"" WELL FLUID PIPELINE FROM HP3 TO USSC-RP1 (PL-8) @ USSC-RP1",4,2026-07-15,,DATA/TECH/2035 Offshore Construction Engineering Register (Pipeline & Cables).xlsx,Drawings,66,INCLUDE,,REV-4588e6f5451fb4ea73fcfd95,SDOC-a4e713fce4b8bf049f007014
2035,TECH,GENERAL / MULTIDISCIPLINE,DRAWING,ENGINEERING DRAWING,2035-NN-0024,"RISER/SPOOL LIFTING AND INSTALLATION FOR 16"" WELL FLUID PIPELINE FROM HP3 TO USSC-RP1 (PL-8) @ USSC-RP1",5,2026-08-04,,DATA/TECH/2035 Offshore Construction Engineering Register (Pipeline & Cables).xlsx,Drawings,67,INCLUDE,,REV-0210905cdf2d19d09049f61f,SDOC-a4e713fce4b8bf049f007014
2035,TECH,GENERAL / MULTIDISCIPLINE,DRAWING,ENGINEERING DRAWING,2035-NN-0025,"SPOOL LIFTING AND INSTALLATION FOR 16"" WATER INJECTION SUBSEA PIPELINE FROM USSC-RP1 TO HP3 (PL-9) @ USSC-RP1",1,2026-06-09,1 - Approved,DATA/TECH/2035 Offshore Construction Engineering Register (Pipeline & Cables).xlsx,Drawings,68,INCLUDE,,REV-35d6c2355c52310ec238d100,SDOC-afd1de238f70bb41364a4db1
2035,TECH,GENERAL / MULTIDISCIPLINE,DRAWING,ENGINEERING DRAWING,2035-NN-0026,"SPOOL LIFTING AND INSTALLATION FOR 16"" WATER INJECTION SUBSEA PIPELINE FROM USSC-RP1 TO HP3 (PL-9)",1,2026-06-08,,DATA/TECH/2035 Offshore Construction Engineering Register (Pipeline & Cables).xlsx,Drawings,69,INCLUDE,,REV-400c58666e1aa8918f4ef538,SDOC-b7d1e878f2e58fc7093355f6
2035,TECH,GENERAL / MULTIDISCIPLINE,DRAWING,ENGINEERING DRAWING,2035-NN-0027,"SPOOL LIFTING AND INSTALLATION FOR 16"" WATER INJECTION SUBSEA PIPELINE FROM HP3 TO HP2 (PL-10) @ HP3",1,,,DATA/TECH/2035 Offshore Construction Engineering Register (Pipeline & Cables).xlsx,Drawings,70,INCLUDE,,REV-dd09a69c9ec08679b6709e3e,SDOC-a71c2398f4ac649268694949
2035,TECH,GENERAL / MULTIDISCIPLINE,DRAWING,ENGINEERING DRAWING,2035-NN-0027,"SPOOL LIFTING AND INSTALLATION FOR 16"" WATER INJECTION SUBSEA PIPELINE FROM HP3 TO HP2 (PL-10) @ HP3",2,2026-07-06,,DATA/TECH/2035 Offshore Construction Engineering Register (Pipeline & Cables).xlsx,Drawings,71,INCLUDE,,REV-55bdb498c67c4c4859add294,SDOC-a71c2398f4ac649268694949
2035,TECH,GENERAL / MULTIDISCIPLINE,DRAWING,ENGINEERING DRAWING,2035-NN-0027,"SPOOL LIFTING AND INSTALLATION FOR 16"" WATER INJECTION SUBSEA PIPELINE FROM HP3 TO HP2 (PL-10) @ HP3",3,2026-09-03,1,DATA/TECH/2035 Offshore Construction Engineering Register (Pipeline & Cables).xlsx,Drawings,72,INCLUDE,,REV-b8ca0f0f2744f00d8c977543,SDOC-a71c2398f4ac649268694949
2035,TECH,GENERAL / MULTIDISCIPLINE,DRAWING,ENGINEERING DRAWING,2035-NN-0028,"SPOOL LIFTING AND INSTALLATION FOR 16"" WATER INJECTION SUBSEA PIPELINE FROM HP3 TO HP2 (PL-10) @ HP2",1,2026-05-18,3,DATA/TECH/2035 Offshore Construction Engineering Register (Pipeline & Cables).xlsx,Drawings,73,INCLUDE,,REV-3fc4c76cb953cfcf4430b29b,SDOC-966ca38da4b917f69a3d5ee6
2035,TECH,GENERAL / MULTIDISCIPLINE,DRAWING,ENGINEERING DRAWING,2035-NN-0028,"SPOOL LIFTING AND INSTALLATION FOR 16"" WATER INJECTION SUBSEA PIPELINE FROM HP3 TO HP2 (PL-10) @ HP2",2,2026-06-23,1,DATA/TECH/2035 Offshore Construction Engineering Register (Pipeline & Cables).xlsx,Drawings,74,INCLUDE,,REV-bec552df4821037e4e9b23d5,SDOC-966ca38da4b917f69a3d5ee6
2035,TECH,GENERAL / MULTIDISCIPLINE,DRAWING,ENGINEERING DRAWING,2035-NN-0028,"SPOOL LIFTING AND INSTALLATION FOR 16"" WATER INJECTION SUBSEA PIPELINE FROM HP3 TO HP2 (PL-10) @ HP2",3,2026-06-30,1 - Approved,DATA/TECH/2035 Offshore Construction Engineering Register (Pipeline & Cables).xlsx,Drawings,75,INCLUDE,,REV-121e2b8dee6df5931fbfa502,SDOC-966ca38da4b917f69a3d5ee6
2035,TECH,GENERAL / MULTIDISCIPLINE,DRAWING,ENGINEERING DRAWING,2035-NN-0028,"SPOOL LIFTING AND INSTALLATION FOR 16"" WATER INJECTION SUBSEA PIPELINE FROM HP3 TO HP2 (PL-10) @ HP2",4,2026-08-07,,DATA/TECH/2035 Offshore Construction Engineering Register (Pipeline & Cables).xlsx,Drawings,76,INCLUDE,,REV-3149bfed3a9fcdfa973ce2fe,SDOC-966ca38da4b917f69a3d5ee6
2035,TECH,GENERAL / MULTIDISCIPLINE,DRAWING,ENGINEERING DRAWING,2035-NN-0029,"SPOOL LIFTING AND INSTALLATION FOR 16"" WATER INJECTION SUBSEA PIPELINE FROM HP2 TO HP1 (PL-11) @ HP2",1,2026-07-03,,DATA/TECH/2035 Offshore Construction Engineering Register (Pipeline & Cables).xlsx,Drawings,77,INCLUDE,,REV-b15e115d63f42a0d9d04521e,SDOC-c7c9c728d79bea6a1ef38eaf
2035,TECH,GENERAL / MULTIDISCIPLINE,DRAWING,ENGINEERING DRAWING,2035-NN-0030,"SPOOL LIFTING AND INSTALLATION FOR 16"" WATER INJECTION SUBSEA PIPELINE FROM HP2 TO HP1 (PL-11) @ HP1",1,2026-07-06,1 - Approved,DATA/TECH/2035 Offshore Construction Engineering Register (Pipeline & Cables).xlsx,Drawings,78,INCLUDE,,REV-08c0b940b056024e9032ff05,SDOC-a90c807413be8897ea7bb522
2035,TECH,GENERAL / MULTIDISCIPLINE,DRAWING,ENGINEERING DRAWING,2035-NN-0031,LOADING ARRANGEMENT & SEAFASTENING DETAILS OF CC PIPES  (PL-3) AT SAFEEN B-282 (TRIP-1),1,2024-07-10,,DATA/TECH/2035 Offshore Construction Engineering Register (Pipeline & Cables).xlsx,Drawings,79,INCLUDE,,REV-316aba3bbef57fbe98cee66e,SDOC-5b3abfff00708f9214a7d5f3
2035,TECH,GENERAL / MULTIDISCIPLINE,DRAWING,ENGINEERING DRAWING,2035-NN-0031,LOADING ARRANGEMENT & SEAFASTENING DETAILS OF CC PIPES  (PL-3) AT SAFEEN B-282 (TRIP-1),2,2024-07-31,,DATA/TECH/2035 Offshore Construction Engineering Register (Pipeline & Cables).xlsx,Drawings,80,INCLUDE,,REV-aa48adeb710b812d1ef93d68,SDOC-5b3abfff00708f9214a7d5f3
2035,TECH,GENERAL / MULTIDISCIPLINE,DRAWING,ENGINEERING DRAWING,2035-NN-0031,LOADING ARRANGEMENT & SEAFASTENING DETAILS OF CC PIPES  (PL-3) AT SAFEEN B-282 (TRIP-1),CRS,2024-08-02,1 - Approved,DATA/TECH/2035 Offshore Construction Engineering Register (Pipeline & Cables).xlsx,Drawings,81,INCLUDE,,REV-5b3939b841aad295e28401b5,SDOC-5b3abfff00708f9214a7d5f3
2035,TECH,GENERAL / MULTIDISCIPLINE,DRAWING,ENGINEERING DRAWING,2035-NN-0031,LOADING ARRANGEMENT & SEAFASTENING DETAILS OF CC PIPES  (PL-3) AT SAFEEN B-282 (TRIP-1),3,2025-03-28,1,DATA/TECH/2035 Offshore Construction Engineering Register (Pipeline & Cables).xlsx,Drawings,82,INCLUDE,,REV-3c94bfca8a439604a4e57075,SDOC-5b3abfff00708f9214a7d5f3
2035,TECH,GENERAL / MULTIDISCIPLINE,DRAWING,ENGINEERING DRAWING,2035-NN-0031,LOADING ARRANGEMENT & SEAFASTENING DETAILS OF CC PIPES  (PL-3) AT SAFEEN B-282 (TRIP-1),4,2025-05-31,1,DATA/TECH/2035 Offshore Construction Engineering Register (Pipeline & Cables).xlsx,Drawings,83,INCLUDE,,REV-92fe73d05b745983c347c4ce,SDOC-5b3abfff00708f9214a7d5f3
2035,TECH,GENERAL / MULTIDISCIPLINE,DRAWING,ENGINEERING DRAWING,2035-NN-0032,LOADING ARRANGEMENT & SEAFASTENING DETAILS OF CC PIPES (PL-3 & PL-5) AT SAFEEN B-281 (TRIP-2),1,2025-04-15,,DATA/TECH/2035 Offshore Construction Engineering Register (Pipeline & Cables).xlsx,Drawings,84,INCLUDE,,REV-c3e3a1037fa5c408696da3d8,SDOC-4d37de53fbe23dd375d9a861
2035,TECH,GENERAL / MULTIDISCIPLINE,DRAWING,ENGINEERING DRAWING,2035-NN-0033,LOADING ARRANGEMENT & SEAFASTENING DETAILS OF CC PIPES (PL-5) @ CREST-2802 (TRIP-3),1,,,DATA/TECH/2035 Offshore Construction Engineering Register (Pipeline & Cables).xlsx,Drawings,85,INCLUDE,,REV-a9448a4c9a152e1bd9941fe7,SDOC-e17a28a2bda191ad4a58ba2d
2035,TECH,GENERAL / MULTIDISCIPLINE,DRAWING,ENGINEERING DRAWING,2035-NN-0033,LOADING ARRANGEMENT & SEAFASTENING DETAILS OF CC PIPES (PL-5) @ CREST-2802 (TRIP-3),2,2025-07-25,,DATA/TECH/2035 Offshore Construction Engineering Register (Pipeline & Cables).xlsx,Drawings,86,INCLUDE,,REV-37f975cfb327f013d12f0146,SDOC-e17a28a2bda191ad4a58ba2d
2035,TECH,GENERAL / MULTIDISCIPLINE,DRAWING,ENGINEERING DRAWING,2035-NN-0034,LOADING ARRANGEMENT AND SEAFASTENING DETAILS OF CC PIPES (PL-5 & PL-7) AT SAFEEN-B-284 (TRIP-4),1,2025-11-10,1,DATA/TECH/2035 Offshore Construction Engineering Register (Pipeline & Cables).xlsx,Drawings,87,INCLUDE,,REV-9d3c5cab115e3873549ef356,SDOC-868e879a7c0e827d4623db2c
2035,TECH,GENERAL / MULTIDISCIPLINE,DRAWING,ENGINEERING DRAWING,2035-NN-0034,LOADING ARRANGEMENT AND SEAFASTENING DETAILS OF CC PIPES (PL-5 & PL-7) AT SAFEEN-B-284 (TRIP-4),2,2025-11-24,1,DATA/TECH/2035 Offshore Construction Engineering Register (Pipeline & Cables).xlsx,Drawings,88,INCLUDE,,REV-3b428ee92bd5591cb844a8c8,SDOC-868e879a7c0e827d4623db2c
2035,TECH,GENERAL / MULTIDISCIPLINE,DRAWING,ENGINEERING DRAWING,2035-NN-0035,LOADING ARRANGEMENT AND SEAFASTENING DETAILS OF CC PIPES (PL-5 & PL-7) ON SAFEEN B-282 (TRIP-5),1,,,DATA/TECH/2035 Offshore Construction Engineering Register (Pipeline & Cables).xlsx,Drawings,89,INCLUDE,,REV-5631487cf25d04bb30e12495,SDOC-139f0a5749976a462c97c3f9
2035,TECH,GENERAL / MULTIDISCIPLINE,DRAWING,ENGINEERING DRAWING,2035-NN-0036,LOADING ARRANGEMENT AND SEAFASTENING DETAILS OF 16” CC PIPES (PL-11) ON SAFEEN B-281 (TRIP-12),1,2026-08-12,1 - Approved,DATA/TECH/2035 Offshore Construction Engineering Register (Pipeline & Cables).xlsx,Drawings,90,INCLUDE,,REV-053d28cfc127bb12a76d32fb,SDOC-31748fa777c10cef35f26d41
2035,TECH,GENERAL / MULTIDISCIPLINE,DRAWING,ENGINEERING DRAWING,2035-NN-0037,LOADING ARRANGEMENT & SEAFASTENING DETAILS OF OF SPOOLS @ AESEN-2812,1,2026-04-14,,DATA/TECH/2035 Offshore Construction Engineering Register (Pipeline & Cables).xlsx,Drawings,91,INCLUDE,,REV-d7c8f251dd44fd09ceb7a79a,SDOC-978f577d24cd8f2eb8f9e6d4
2035,TECH,GENERAL / MULTIDISCIPLINE,DRAWING,ENGINEERING DRAWING,2035-NN-0037,LOADING ARRANGEMENT & SEAFASTENING DETAILS OF OF SPOOLS @ AESEN-2812,2,2026-05-06,approved,DATA/TECH/2035 Offshore Construction Engineering Register (Pipeline & Cables).xlsx,Drawings,92,INCLUDE,,REV-652945c0c38973811e8f5bfa,SDOC-978f577d24cd8f2eb8f9e6d4
2035,TECH,GENERAL / MULTIDISCIPLINE,DRAWING,ENGINEERING DRAWING,2035-NN-0038,"LOADING ARRGT & SEAFASTENING DETAILS OF OF RISERS, SPOOLS & RISER PROTECTOR TRIP-2 WITH BALAST PLAN",1,,,DATA/TECH/2035 Offshore Construction Engineering Register (Pipeline & Cables).xlsx,Drawings,93,INCLUDE,,REV-d370fb1be7f2a8a72c5ceb04,SDOC-33229f8406fbdd1ce06e21cf
2035,TECH,GENERAL / MULTIDISCIPLINE,DRAWING,ENGINEERING DRAWING,2035-NN-0039,"LOADING ARRGT & SEAFASTENING DETAILS OF OF RISERS, SPOOLS & RISER PROTECTOR TRIP-3 WITH BALAST PLAN",1,,,DATA/TECH/2035 Offshore Construction Engineering Register (Pipeline & Cables).xlsx,Drawings,94,INCLUDE,,REV-16acd2242c0ec84395e663b4,SDOC-eec292744eaf8cf6fe1709d1
2035,TECH,GENERAL / MULTIDISCIPLINE,DRAWING,ENGINEERING DRAWING,2035-NN-0040,LOADING ARRANGEMENT AND SEAFASTENING OF CONCRETE SLEEPERS (PL-3) @ ASTRO-250,1,,,DATA/TECH/2035 Offshore Construction Engineering Register (Pipeline & Cables).xlsx,Drawings,95,INCLUDE,,REV-0abe484dcd1f5bd7ad441914,SDOC-290a53b9ad978a68bf6c2dd9
2035,TECH,GENERAL / MULTIDISCIPLINE,DRAWING,ENGINEERING DRAWING,2035-NN-0040,LOADING ARRANGEMENT AND SEAFASTENING OF CONCRETE SLEEPERS (PL-3) @ ASTRO-250,2,2024-05-15,1,DATA/TECH/2035 Offshore Construction Engineering Register (Pipeline & Cables).xlsx,Drawings,96,INCLUDE,,REV-28c8ee6cfa7ace318567ec51,SDOC-290a53b9ad978a68bf6c2dd9
2035,TECH,GENERAL / MULTIDISCIPLINE,DRAWING,ENGINEERING DRAWING,2035-NN-0041,"LOADING ARRANGEMENT AND SEAFASTENING OF SLEEPERS, MATTRESSES , GROUT BAG AND MISCELLANEOUS TRIP-2 WITH BALAST PLAN",1,,,DATA/TECH/2035 Offshore Construction Engineering Register (Pipeline & Cables).xlsx,Drawings,97,INCLUDE,,REV-8a8d2e3fd02d6f37d394cfd1,SDOC-e40839602eee90da2680fc1d
2035,TECH,GENERAL / MULTIDISCIPLINE,DRAWING,ENGINEERING DRAWING,2035-NN-0042,"LOADING ARRANGEMENT AND SEAFASTENING OF SLEEPERS, MATTRESSES , GROUT BAG AND MISCELLANEOUS TRIP-3 WITH BALAST PLAN",1,,,DATA/TECH/2035 Offshore Construction Engineering Register (Pipeline & Cables).xlsx,Drawings,98,INCLUDE,,REV-a6d534f522ed25deec89eb0a,SDOC-44b62f163ec34998efed5614
2035,TECH,GENERAL / MULTIDISCIPLINE,DRAWING,ENGINEERING DRAWING,2035-NN-0043,TYPICAL LIFTING AND INSTALLATION OF CONCRETE SLEEPERS FOR PL-1,1,2023-08-23,,DATA/TECH/2035 Offshore Construction Engineering Register (Pipeline & Cables).xlsx,Drawings,99,INCLUDE,,REV-b770ef06d6bee9de7d6175dc,SDOC-3707e6165c312f72b5db9ed9
2035,TECH,GENERAL / MULTIDISCIPLINE,DRAWING,ENGINEERING DRAWING,2035-NN-0043,TYPICAL LIFTING AND INSTALLATION OF CONCRETE SLEEPERS FOR PL-1,2,2026-02-27,4,DATA/TECH/2035 Offshore Construction Engineering Register (Pipeline & Cables).xlsx,Drawings,100,INCLUDE,,REV-2798017759a215dc38bf78dd,SDOC-3707e6165c312f72b5db9ed9
2035,TECH,GENERAL / MULTIDISCIPLINE,DRAWING,ENGINEERING DRAWING,2035-NN-0044,TYPICAL LIFTING AND INSTALLATION OF MATTRESS BY HEA OCEANIC,1,,,DATA/TECH/2035 Offshore Construction Engineering Register (Pipeline & Cables).xlsx,Drawings,101,INCLUDE,,REV-4850cc540c724c0e46cab15d,SDOC-59b28f01363f5da59b54f58b
2035,TECH,GENERAL / MULTIDISCIPLINE,DRAWING,ENGINEERING DRAWING,2035-NN-0044,TYPICAL LIFTING AND INSTALLATION OF MATTRESS BY HEA OCEANIC,2,2026-02-16,1 - Approved,DATA/TECH/2035 Offshore Construction Engineering Register (Pipeline & Cables).xlsx,Drawings,103,INCLUDE,,REV-e09147c88780f3208c42f9d7,SDOC-59b28f01363f5da59b54f58b
2035,TECH,GENERAL / MULTIDISCIPLINE,DRAWING,ENGINEERING DRAWING,2035-NN-0045,TYPICAL LIFTING AND INSTALLATION DRAWING FOR GROUTBAG,1,,,DATA/TECH/2035 Offshore Construction Engineering Register (Pipeline & Cables).xlsx,Drawings,104,INCLUDE,,REV-81c48919f6cacaac4f18b153,SDOC-34759fca18fc5b73f8e54864
2035,TECH,GENERAL / MULTIDISCIPLINE,DRAWING,ENGINEERING DRAWING,2035-NN-0046,TYPICAL LIFTING AND INSTALLATION DRAWING FOR TEMPORARY SUPPORT,1,,,DATA/TECH/2035 Offshore Construction Engineering Register (Pipeline & Cables).xlsx,Drawings,105,INCLUDE,,REV-a0459274058c56b27f31f3d3,SDOC-225c27a712e53ca0ac4da2fb
2035,TECH,GENERAL / MULTIDISCIPLINE,DRAWING,ENGINEERING DRAWING,2035-NN-0047,"TEMPORARY 18"" PIG LAUNCHER & RECEIVER",1,2023-02-06,,DATA/TECH/2035 Offshore Construction Engineering Register (Pipeline & Cables).xlsx,Drawings,106,INCLUDE,,REV-537720fb7563a47ed72cec65,SDOC-8acf54fbbcd0a8dfd7ef0746
2035,TECH,GENERAL / MULTIDISCIPLINE,DRAWING,ENGINEERING DRAWING,2035-NN-0047,"TEMPORARY 18"" PIG LAUNCHER & RECEIVER",2,2023-06-19,,DATA/TECH/2035 Offshore Construction Engineering Register (Pipeline & Cables).xlsx,Drawings,107,INCLUDE,,REV-2c4fbe424ec2bc2ae5fa4590,SDOC-8acf54fbbcd0a8dfd7ef0746
2035,TECH,GENERAL / MULTIDISCIPLINE,DRAWING,ENGINEERING DRAWING,2035-NN-0048,"TEMPORARY 16"" PIG LAUNCHER & RECEIVER",1,2023-02-16,4,DATA/TECH/2035 Offshore Construction Engineering Register (Pipeline & Cables).xlsx,Drawings,108,INCLUDE,,REV-6257c7509c827c33aa0d65ee,SDOC-1fb07927d5dc7355ad9ef9ea
2035,TECH,GENERAL / MULTIDISCIPLINE,DRAWING,ENGINEERING DRAWING,2035-NN-0048,"TEMPORARY 16"" PIG LAUNCHER & RECEIVER",2,2023-06-19,,DATA/TECH/2035 Offshore Construction Engineering Register (Pipeline & Cables).xlsx,Drawings,109,INCLUDE,,REV-9184b1989be002d370e62e7c,SDOC-1fb07927d5dc7355ad9ef9ea
2035,TECH,GENERAL / MULTIDISCIPLINE,DRAWING,ENGINEERING DRAWING,2035-NN-0049,"START UP HEAD DETAILS FOR 16"" PIPE LINE (FLANGE TYPE)",1,2023-09-21,1,DATA/TECH/2035 Offshore Construction Engineering Register (Pipeline & Cables).xlsx,Drawings,110,INCLUDE,,REV-e24720be222d7be6889a73bd,SDOC-b49c15d2d84a4e1957ee4bd7
2035,TECH,GENERAL / MULTIDISCIPLINE,DRAWING,ENGINEERING DRAWING,2035-NN-0050,"LAYDOWN HEAD DETAIL FOR 16"" PIPE LINE (FLANGE TYPE)",1,2023-02-06,,DATA/TECH/2035 Offshore Construction Engineering Register (Pipeline & Cables).xlsx,Drawings,111,INCLUDE,,REV-a7acd5186daf9f9d71062bf7,SDOC-3279ae3d5ff4de76633a8c13
2035,TECH,GENERAL / MULTIDISCIPLINE,DRAWING,ENGINEERING DRAWING,2035-NN-0050,"LAYDOWN HEAD DETAIL FOR 16"" PIPE LINE (FLANGE TYPE)",2,2023-05-26,,DATA/TECH/2035 Offshore Construction Engineering Register (Pipeline & Cables).xlsx,Drawings,112,INCLUDE,,REV-17461e74f9ad39ba53b62f90,SDOC-3279ae3d5ff4de76633a8c13
2035,TECH,GENERAL / MULTIDISCIPLINE,DRAWING,ENGINEERING DRAWING,2035-NN-0050,"LAYDOWN HEAD DETAIL FOR 16"" PIPE LINE (FLANGE TYPE)",3,2026-02-24,,DATA/TECH/2035 Offshore Construction Engineering Register (Pipeline & Cables).xlsx,Drawings,113,INCLUDE,,REV-3f8ad195feba0f5e844e7cba,SDOC-3279ae3d5ff4de76633a8c13
2035,TECH,GENERAL / MULTIDISCIPLINE,DRAWING,ENGINEERING DRAWING,2035-NN-0051,"LAYDOWN HEAD DETAILS FOR 18"" PIPE LINE (FLANGE TYPE)",1,2023-02-16,2,DATA/TECH/2035 Offshore Construction Engineering Register (Pipeline & Cables).xlsx,Drawings,114,INCLUDE,,REV-dfe0d302c6fca250e0926008,SDOC-4b434146c10ef16c57937c79
2035,TECH,GENERAL / MULTIDISCIPLINE,DRAWING,ENGINEERING DRAWING,2035-NN-0051,"LAYDOWN HEAD DETAILS FOR 18"" PIPE LINE (FLANGE TYPE)",2,2023-04-13,,DATA/TECH/2035 Offshore Construction Engineering Register (Pipeline & Cables).xlsx,Drawings,115,INCLUDE,,REV-6a47d0280a406d26d2c0e5a1,SDOC-4b434146c10ef16c57937c79
2035,TECH,GENERAL / MULTIDISCIPLINE,DRAWING,ENGINEERING DRAWING,2035-NN-0052,"BUCKLE DETECTOR DETAILS FOR 16""x 28.58 W.T",1,2023-02-06,,DATA/TECH/2035 Offshore Construction Engineering Register (Pipeline & Cables).xlsx,Drawings,116,INCLUDE,,REV-3ed80fef1cda51475b572097,SDOC-e73bf39f227b1542c785fe3f
2035,TECH,GENERAL / MULTIDISCIPLINE,DRAWING,ENGINEERING DRAWING,2035-NN-0052,"BUCKLE DETECTOR DETAILS FOR 16""x 28.58 W.T",2,2023-08-18,,DATA/TECH/2035 Offshore Construction Engineering Register (Pipeline & Cables).xlsx,Drawings,117,INCLUDE,,REV-1dd7d1eb373b87b4a75a3c0a,SDOC-e73bf39f227b1542c785fe3f
2035,TECH,GENERAL / MULTIDISCIPLINE,DRAWING,ENGINEERING DRAWING,2035-NN-0053,"BUCKLE DETECTOR DETAILS FOR 16""x 22.23 W.T",1,2023-02-06,,DATA/TECH/2035 Offshore Construction Engineering Register (Pipeline & Cables).xlsx,Drawings,118,INCLUDE,,REV-78358ce20bc2aad18eb18d51,SDOC-baf1262dd5b1a73c33db0235
2035,TECH,GENERAL / MULTIDISCIPLINE,DRAWING,ENGINEERING DRAWING,2035-NN-0053,"BUCKLE DETECTOR DETAILS FOR 16""x 22.23 W.T",2,2023-08-17,,DATA/TECH/2035 Offshore Construction Engineering Register (Pipeline & Cables).xlsx,Drawings,119,INCLUDE,,REV-cdcd74a8603981e6a5bbf845,SDOC-baf1262dd5b1a73c33db0235
2035,TECH,GENERAL / MULTIDISCIPLINE,DRAWING,ENGINEERING DRAWING,2035-NN-0054,"BUCKLE DETECTOR DETAILS FOR 16""x 21.44 W.T",1,2023-03-28,,DATA/TECH/2035 Offshore Construction Engineering Register (Pipeline & Cables).xlsx,Drawings,120,INCLUDE,,REV-f223bb9cab3acf7b11d6ac2a,SDOC-d59b5ee7d3960cdbbd22a73e
2035,TECH,GENERAL / MULTIDISCIPLINE,DRAWING,ENGINEERING DRAWING,2035-NN-0054,"BUCKLE DETECTOR DETAILS FOR 16""x 21.44 W.T",2,2023-09-04,4,DATA/TECH/2035 Offshore Construction Engineering Register (Pipeline & Cables).xlsx,Drawings,121,INCLUDE,,REV-5559ab2eb2750aa0b0ee45d2,SDOC-d59b5ee7d3960cdbbd22a73e
2035,TECH,GENERAL / MULTIDISCIPLINE,DRAWING,ENGINEERING DRAWING,2035-NN-0055,"BUCKLE DETECTOR DETAILS FOR 18"" X 26.97 W.T",1,2023-02-16,2,DATA/TECH/2035 Offshore Construction Engineering Register (Pipeline & Cables).xlsx,Drawings,122,INCLUDE,,REV-8b99189bcaaae4f86fc4e04f,SDOC-73155473fdedb200437ab6a6
2035,TECH,GENERAL / MULTIDISCIPLINE,DRAWING,ENGINEERING DRAWING,2035-NN-0055,"BUCKLE DETECTOR DETAILS FOR 18"" X 26.97 W.T",2,2023-08-18,,DATA/TECH/2035 Offshore Construction Engineering Register (Pipeline & Cables).xlsx,Drawings,123,INCLUDE,,REV-5fa6244d4304975a74965303,SDOC-73155473fdedb200437ab6a6
2035,TECH,GENERAL / MULTIDISCIPLINE,DRAWING,ENGINEERING DRAWING,2035-NN-0056,"START UP HEAD, LAYDOWN, EMERGENCY HEAD & BLIND FLANGE DETAILS FOR 2"" PIGGYBACK PIPELINE",1,2023-02-06,,DATA/TECH/2035 Offshore Construction Engineering Register (Pipeline & Cables).xlsx,Drawings,124,INCLUDE,,REV-b2dd00f8b091fa766aebdc68,SDOC-7a3101e423cd43ab6f015b4a
2035,TECH,GENERAL / MULTIDISCIPLINE,DRAWING,ENGINEERING DRAWING,2035-NN-0056,"START UP HEAD, LAYDOWN, EMERGENCY HEAD & BLIND FLANGE DETAILS FOR 2"" PIGGYBACK PIPELINE",2,2023-05-25,,DATA/TECH/2035 Offshore Construction Engineering Register (Pipeline & Cables).xlsx,Drawings,125,INCLUDE,,REV-7f8848591e81224441d93753,SDOC-7a3101e423cd43ab6f015b4a
2035,TECH,GENERAL / MULTIDISCIPLINE,DRAWING,ENGINEERING DRAWING,2035-NN-0056,"START UP HEAD, LAYDOWN, EMERGENCY HEAD & BLIND FLANGE DETAILS FOR 2"" PIGGYBACK PIPELINE",3,2023-11-14,,DATA/TECH/2035 Offshore Construction Engineering Register (Pipeline & Cables).xlsx,Drawings,126,INCLUDE,,REV-dbb8a1710cd7f0023ad5744d,SDOC-7a3101e423cd43ab6f015b4a
2035,TECH,GENERAL / MULTIDISCIPLINE,DRAWING,ENGINEERING DRAWING,2035-NN-0057,"BUCKLE DETECTOR DETAILS FOR 18"" X 30.18 W.T",1,,,DATA/TECH/2035 Offshore Construction Engineering Register (Pipeline & Cables).xlsx,Drawings,127,INCLUDE,,REV-9dc5c78fbbb61fc9b19c9b29,SDOC-b10047861cd6cf76c064a1eb
2035,TECH,GENERAL / MULTIDISCIPLINE,DRAWING,ENGINEERING DRAWING,2035-NN-0057,"BUCKLE DETECTOR DETAILS FOR 18"" X 30.18 W.T",2,2023-08-18,,DATA/TECH/2035 Offshore Construction Engineering Register (Pipeline & Cables).xlsx,Drawings,128,INCLUDE,,REV-69a4d86375f3febc826f9ff2,SDOC-b10047861cd6cf76c064a1eb
2035,TECH,GENERAL / MULTIDISCIPLINE,DRAWING,ENGINEERING DRAWING,2035-NN-0058,"FLANGE PROTECTOR DETAILS FOR 16"" PIPELINE
WITH 50mm THK. CONCRETE COATING",1,,,DATA/TECH/2035 Offshore Construction Engineering Register (Pipeline & Cables).xlsx,Drawings,129,INCLUDE,,REV-8118a8b6430d6614a775459c,SDOC-53cceeab659581bde34ee692
2035,TECH,GENERAL / MULTIDISCIPLINE,DRAWING,ENGINEERING DRAWING,2035-NN-0059,"FLANGE PROTECTOR DETAILS FOR 16"" PIPELINE
WITH 80mm THK. CONCRETE COATING",1,,,DATA/TECH/2035 Offshore Construction Engineering Register (Pipeline & Cables).xlsx,Drawings,130,INCLUDE,,REV-dd6db80d05524388d10897bd,SDOC-9ad0215c969a58a1323a1326
2035,TECH,GENERAL / MULTIDISCIPLINE,DRAWING,ENGINEERING DRAWING,2035-NN-0060,"FLANGE PROTECTOR DETAILS FOR 16"" PIPELINE
WITH 95mm THK. CONCRETE COATING",1,,,DATA/TECH/2035 Offshore Construction Engineering Register (Pipeline & Cables).xlsx,Drawings,131,INCLUDE,,REV-0ca61fea7bdb698ba18d3f6f,SDOC-2ac12fc9e020f2f161c6725a
2035,TECH,GENERAL / MULTIDISCIPLINE,DRAWING,ENGINEERING DRAWING,2035-NN-0061,"FLANGE PROTECTOR DETAILS FOR 16"" PIPELINE
WITH 70mm THK. CONCRETE COATING",1,2023-06-26,,DATA/TECH/2035 Offshore Construction Engineering Register (Pipeline & Cables).xlsx,Drawings,132,INCLUDE,,REV-583ef2d5b5f8dfb1d6f67ee3,SDOC-2439c1080ac16fb1645318ff
2035,TECH,GENERAL / MULTIDISCIPLINE,DRAWING,ENGINEERING DRAWING,2035-NN-0062,"FLANGE PROTECTOR DETAILS FOR 16"" PIPELINE
WITH 175mm THK. CONCRETE COATING",1,2023-07-01,,DATA/TECH/2035 Offshore Construction Engineering Register (Pipeline & Cables).xlsx,Drawings,133,INCLUDE,,REV-4c49f8976815d22dd6d57b98,SDOC-d5a355d5e4387af8553d75b5
2035,TECH,GENERAL / MULTIDISCIPLINE,DRAWING,ENGINEERING DRAWING,2035-NN-0063,"FLANGE PROTECTOR DETAILS FOR 16"" PIPELINE
WITH 85mm THK. CONCRETE COATING",1,2023-06-26,,DATA/TECH/2035 Offshore Construction Engineering Register (Pipeline & Cables).xlsx,Drawings,134,INCLUDE,,REV-aca6ffc2706ef551b8170a91,SDOC-f620863785fd2c1e36868961
2035,TECH,GENERAL / MULTIDISCIPLINE,DRAWING,ENGINEERING DRAWING,2035-NN-0064,"FLANGE PROTECTOR DETAILS FOR 16"" PIPELINE
WITH 150mm THK. CONCRETE COATING",1,2023-06-26,,DATA/TECH/2035 Offshore Construction Engineering Register (Pipeline & Cables).xlsx,Drawings,135,INCLUDE,,REV-567b124e9cc2ae770c27d9be,SDOC-2d710058ff7c2d4ea4406864
2035,TECH,GENERAL / MULTIDISCIPLINE,DRAWING,ENGINEERING DRAWING,2035-NN-0065,"FLANGE PROTECTOR DETAILS FOR 16"" PIPELINE
WITH 120mm THK. CONCRETE COATING",1,2023-07-03,,DATA/TECH/2035 Offshore Construction Engineering Register (Pipeline & Cables).xlsx,Drawings,136,INCLUDE,,REV-52d8187fac689608a8c657b9,SDOC-f6c7bf3f3c94217c0f100344
2035,TECH,GENERAL / MULTIDISCIPLINE,DRAWING,ENGINEERING DRAWING,2035-NN-0066,"FLANGE PROTECTOR DETAILS FOR 16"" PIPELINE
WITH 60mm THK. CONCRETE COATING",1,2023-06-26,,DATA/TECH/2035 Offshore Construction Engineering Register (Pipeline & Cables).xlsx,Drawings,137,INCLUDE,,REV-d81a13090ad9d63f22574264,SDOC-4e829f9f331be945536bfeba
2035,TECH,GENERAL / MULTIDISCIPLINE,DRAWING,ENGINEERING DRAWING,2035-NN-0067,"FLANGE PROTECTOR DETAILS FOR 16"" PIPELINE
WITH 100mm THK. CONCRETE COATING",1,2023-07-03,,DATA/TECH/2035 Offshore Construction Engineering Register (Pipeline & Cables).xlsx,Drawings,138,INCLUDE,,REV-f4440e140f6fa12450803aa9,SDOC-15261bb654a658eb0405590e
2035,TECH,GENERAL / MULTIDISCIPLINE,DRAWING,ENGINEERING DRAWING,2035-NN-0068,"FLANGE PROTECTOR DETAILS FOR 18"" PIPELINE
WITH 150mm THK. CONCRETE COATING",1,2023-07-30,4,DATA/TECH/2035 Offshore Construction Engineering Register (Pipeline & Cables).xlsx,Drawings,139,INCLUDE,,REV-e9e6924e6fb453c0b037d191,SDOC-8d3a2bdd37a55c0bf9beddea
2035,TECH,GENERAL / MULTIDISCIPLINE,DRAWING,ENGINEERING DRAWING,2035-NN-0069,"FLANGE PROTECTOR DETAILS FOR 18"" PIPELINE
WITH 40mm THK. CONCRETE COATING",1,2023-06-26,,DATA/TECH/2035 Offshore Construction Engineering Register (Pipeline & Cables).xlsx,Drawings,140,INCLUDE,,REV-365532a6eb0e61ac1abd08f9,SDOC-2742c3f75f0a1e6ab8b5660f
2035,TECH,GENERAL / MULTIDISCIPLINE,DRAWING,ENGINEERING DRAWING,2035-NN-0070,"TYPICAL TEMP. SUPPORT LIFTING AND INSTALLATION FOR 16"" & 18"" PIPELINE",1,2024-02-01,,DATA/TECH/2035 Offshore Construction Engineering Register (Pipeline & Cables).xlsx,Drawings,141,INCLUDE,,REV-3a0a32ac829338647246b5ad,SDOC-0fee9bd3058943c18f2814d2
2035,TECH,GENERAL / MULTIDISCIPLINE,DRAWING,ENGINEERING DRAWING,2035-NN-0070,"TYPICAL TEMP. SUPPORT LIFTING AND INSTALLATION FOR 16"" & 18"" PIPELINE",2,2024-03-01,,DATA/TECH/2035 Offshore Construction Engineering Register (Pipeline & Cables).xlsx,Drawings,142,INCLUDE,,REV-ad72aa2a7192fa41fc7154ff,SDOC-0fee9bd3058943c18f2814d2
2035,TECH,GENERAL / MULTIDISCIPLINE,DRAWING,ENGINEERING DRAWING,2035-NN-0070,"TYPICAL TEMP. SUPPORT LIFTING AND INSTALLATION FOR 16"" & 18"" PIPELINE",3,2024-04-05,,DATA/TECH/2035 Offshore Construction Engineering Register (Pipeline & Cables).xlsx,Drawings,143,INCLUDE,,REV-e270bbdf40125a02bf2c4a6a,SDOC-0fee9bd3058943c18f2814d2
2035,TECH,GENERAL / MULTIDISCIPLINE,DRAWING,ENGINEERING DRAWING,2035-NN-0071,"FLANGE PROTECTOR DETAILS FOR 18"" PIPELINE
WITH 800mm THK. CONCRETE COATING",1,2023-07-24,,DATA/TECH/2035 Offshore Construction Engineering Register (Pipeline & Cables).xlsx,Drawings,144,INCLUDE,,REV-e473537b5a65fd41551a6d13,SDOC-af4ff90c9c4fcb81044cf807
2035,TECH,GENERAL / MULTIDISCIPLINE,DRAWING,ENGINEERING DRAWING,2035-NN-0072,LIFTING & INSTALLATION OF J-TUBE AT US-218,1,2023-08-31,,DATA/TECH/2035 Offshore Construction Engineering Register (Pipeline & Cables).xlsx,Drawings,145,INCLUDE,,REV-28e1461a79bde96c1cb75427,SDOC-6e334821cd1c875ce90c3dad
2035,TECH,GENERAL / MULTIDISCIPLINE,DRAWING,ENGINEERING DRAWING,2035-NN-0072,LIFTING & INSTALLATION OF J-TUBE AT US-218,2,2023-12-06,,DATA/TECH/2035 Offshore Construction Engineering Register (Pipeline & Cables).xlsx,Drawings,146,INCLUDE,,REV-405ebe946d92147e97ffbd51,SDOC-6e334821cd1c875ce90c3dad
2035,TECH,GENERAL / MULTIDISCIPLINE,DRAWING,ENGINEERING DRAWING,2035-NN-0072,LIFTING & INSTALLATION OF J-TUBE AT US-218,3,2024-02-01,,DATA/TECH/2035 Offshore Construction Engineering Register (Pipeline & Cables).xlsx,Drawings,147,INCLUDE,,REV-8f5365aaa11fa4e884e78f53,SDOC-6e334821cd1c875ce90c3dad
2035,TECH,GENERAL / MULTIDISCIPLINE,DRAWING,ENGINEERING DRAWING,2035-NN-0073,LOADING ARRANGEMENT & SEAFASTENING DETAILS OF CONCRETE SLEEPERS @ CB-7 (TRIP-1),1,2023-09-21,4,DATA/TECH/2035 Offshore Construction Engineering Register (Pipeline & Cables).xlsx,Drawings,148,INCLUDE,,REV-dd215808a5f9470dc8e75a42,SDOC-9f46bf6aa090d830e320d4a5
2035,TECH,GENERAL / MULTIDISCIPLINE,DRAWING,ENGINEERING DRAWING,2035-NN-0074,LOADING ARRANGEMENT & SEAFASTENING DETAILS OF CONCRETE SLEEPERS @ CB-8 (TRIP-2),,,,DATA/TECH/2035 Offshore Construction Engineering Register (Pipeline & Cables).xlsx,Drawings,149,INCLUDE,,REV-033f8c0c0a230916fe62edd1,SDOC-735e0582e2ca67c2e1bcf996
2035,TECH,GENERAL / MULTIDISCIPLINE,DRAWING,ENGINEERING DRAWING,2035-NN-0075,LIFTING & INSTALLATION OF J-TUBE CLAMP AT US-218,1,2023-09-04,,DATA/TECH/2035 Offshore Construction Engineering Register (Pipeline & Cables).xlsx,Drawings,150,INCLUDE,,REV-79fc3968dc08ec11b5292fb9,SDOC-24b707862d4146c574cfdeb9
2035,TECH,GENERAL / MULTIDISCIPLINE,DRAWING,ENGINEERING DRAWING,2035-NN-0075,LIFTING & INSTALLATION OF J-TUBE CLAMP AT US-218,2,2023-12-29,1,DATA/TECH/2035 Offshore Construction Engineering Register (Pipeline & Cables).xlsx,Drawings,151,INCLUDE,,REV-d1396c65f79f12ddb09f9c9a,SDOC-24b707862d4146c574cfdeb9
2035,TECH,GENERAL / MULTIDISCIPLINE,DRAWING,ENGINEERING DRAWING,2035-NN-0075,LIFTING & INSTALLATION OF J-TUBE CLAMP AT US-218,3,2024-02-09,Accepted,DATA/TECH/2035 Offshore Construction Engineering Register (Pipeline & Cables).xlsx,Drawings,152,INCLUDE,,REV-a9d3428439eb4a809f4a641b,SDOC-24b707862d4146c574cfdeb9
2035,TECH,GENERAL / MULTIDISCIPLINE,DRAWING,ENGINEERING DRAWING,2035-NN-0076,TYPICAL LIFTING AND INSTALLATION OF CONCRETE SLEEPERS FOR PL-4,1,2023-10-24,2,DATA/TECH/2035 Offshore Construction Engineering Register (Pipeline & Cables).xlsx,Drawings,153,INCLUDE,,REV-78db05e7b7376b5ec73513f6,SDOC-b1f959c31c0027cc151463db
2035,TECH,GENERAL / MULTIDISCIPLINE,DRAWING,ENGINEERING DRAWING,2035-NN-0076,TYPICAL LIFTING AND INSTALLATION OF CONCRETE SLEEPERS FOR PL-4,2,2026-02-05,4,DATA/TECH/2035 Offshore Construction Engineering Register (Pipeline & Cables).xlsx,Drawings,154,INCLUDE,,REV-7aa62ed86918e75db4d116f4,SDOC-b1f959c31c0027cc151463db
2035,TECH,GENERAL / MULTIDISCIPLINE,DRAWING,ENGINEERING DRAWING,2035-NN-0077,LIFTING & INSTALLATION OF J-TUBE AT US-216,1,2023-09-11,,DATA/TECH/2035 Offshore Construction Engineering Register (Pipeline & Cables).xlsx,Drawings,155,INCLUDE,,REV-b7f1c1354217789bf720e735,SDOC-df1b0dfb95ff7f026f8b5fd5
2035,TECH,GENERAL / MULTIDISCIPLINE,DRAWING,ENGINEERING DRAWING,2035-NN-0077,LIFTING & INSTALLATION OF J-TUBE AT US-216,2,2023-12-06,,DATA/TECH/2035 Offshore Construction Engineering Register (Pipeline & Cables).xlsx,Drawings,156,INCLUDE,,REV-817a797ffffa13e25d7f01b7,SDOC-df1b0dfb95ff7f026f8b5fd5
2035,TECH,GENERAL / MULTIDISCIPLINE,DRAWING,ENGINEERING DRAWING,2035-NN-0077,LIFTING & INSTALLATION OF J-TUBE AT US-216,3,2024-02-09,Accepted,DATA/TECH/2035 Offshore Construction Engineering Register (Pipeline & Cables).xlsx,Drawings,157,INCLUDE,,REV-ef35d61971e59bb39567073f,SDOC-df1b0dfb95ff7f026f8b5fd5
2035,TECH,GENERAL / MULTIDISCIPLINE,DRAWING,ENGINEERING DRAWING,2035-NN-0078,LIFTING & INSTALLATION OF J-TUBE CLAMP AT US-216,1,2023-10-24,2,DATA/TECH/2035 Offshore Construction Engineering Register (Pipeline & Cables).xlsx,Drawings,158,INCLUDE,,REV-d3ec58011860f5246b6db960,SDOC-3e054834228748600fffe061
2035,TECH,GENERAL / MULTIDISCIPLINE,DRAWING,ENGINEERING DRAWING,2035-NN-0078,LIFTING & INSTALLATION OF J-TUBE CLAMP AT US-216,2,2023-12-02,,DATA/TECH/2035 Offshore Construction Engineering Register (Pipeline & Cables).xlsx,Drawings,159,INCLUDE,,REV-bca2c6a37b41709441c45711,SDOC-3e054834228748600fffe061
2035,TECH,GENERAL / MULTIDISCIPLINE,DRAWING,ENGINEERING DRAWING,2035-NN-0078,LIFTING & INSTALLATION OF J-TUBE CLAMP AT US-216,3,2024-02-08,1,DATA/TECH/2035 Offshore Construction Engineering Register (Pipeline & Cables).xlsx,Drawings,160,INCLUDE,,REV-a924e0a159a0ead07cad3fcb,SDOC-3e054834228748600fffe061
2035,TECH,GENERAL / MULTIDISCIPLINE,DRAWING,ENGINEERING DRAWING,2035-NN-0079,TYPICAL LIFTING AND INSTALLATION OF CONCRETE SLEEPERS USING JAYA PEARL FOR PL-1,1,2023-10-02,,DATA/TECH/2035 Offshore Construction Engineering Register (Pipeline & Cables).xlsx,Drawings,161,INCLUDE,,REV-b8ef4cd74971a69e1efc7689,SDOC-605ad27e9e5aca8aeec7a437
2035,TECH,GENERAL / MULTIDISCIPLINE,DRAWING,ENGINEERING DRAWING,2035-NN-0079,TYPICAL LIFTING AND INSTALLATION OF CONCRETE SLEEPERS USING JAYA PEARL FOR PL-1,2,2026-02-03,,DATA/TECH/2035 Offshore Construction Engineering Register (Pipeline & Cables).xlsx,Drawings,162,INCLUDE,,REV-aea180e040f8db865ac5330e,SDOC-605ad27e9e5aca8aeec7a437
2035,TECH,GENERAL / MULTIDISCIPLINE,DRAWING,ENGINEERING DRAWING,2035-NN-0080,TYPICAL LIFTING AND INSTALLATION OF CONCRETE SLEEPERS FOR PL-1 BY SAFEEN 3000,1,2023-10-19,,DATA/TECH/2035 Offshore Construction Engineering Register (Pipeline & Cables).xlsx,Drawings,163,INCLUDE,,REV-ade2c641a9d27acffe5a7257,SDOC-5d1ed054adf64120309d2ae5
2035,TECH,GENERAL / MULTIDISCIPLINE,DRAWING,ENGINEERING DRAWING,2035-NN-0080,TYPICAL LIFTING AND INSTALLATION OF CONCRETE SLEEPERS FOR PL-1 BY SAFEEN 3000,2,,,DATA/TECH/2035 Offshore Construction Engineering Register (Pipeline & Cables).xlsx,Drawings,164,INCLUDE,,REV-78eb4f88d1727a86929d9925,SDOC-5d1ed054adf64120309d2ae5
2035,TECH,GENERAL / MULTIDISCIPLINE,DRAWING,ENGINEERING DRAWING,2035-NN-0081,"TYPICAL LIFTING AND INSTALLATION OF
CONCRETE SLEEPERS FOR PL-2 BY SAFEEN 3000",1,2023-12-13,,DATA/TECH/2035 Offshore Construction Engineering Register (Pipeline & Cables).xlsx,Drawings,165,INCLUDE,,REV-a10797690b939fd36e60c861,SDOC-02b70e1b098ddb62af1ff7eb
2035,TECH,GENERAL / MULTIDISCIPLINE,DRAWING,ENGINEERING DRAWING,2035-NN-0081,"TYPICAL LIFTING AND INSTALLATION OF
CONCRETE SLEEPERS FOR PL-2 BY SAFEEN 3000",2,,,DATA/TECH/2035 Offshore Construction Engineering Register (Pipeline & Cables).xlsx,Drawings,166,INCLUDE,,REV-83f3685f10919b06d3dee917,SDOC-02b70e1b098ddb62af1ff7eb
2035,TECH,GENERAL / MULTIDISCIPLINE,DRAWING,ENGINEERING DRAWING,2035-NN-0082,LIFTING & INSTALLATION OF J-TUBE AT US-216 BY ASTRO AQUILA,1,2023-11-15,1,DATA/TECH/2035 Offshore Construction Engineering Register (Pipeline & Cables).xlsx,Drawings,167,INCLUDE,,REV-b955ef7f0e0df615786419ad,SDOC-dbb79509001fa466a5992566
2035,TECH,GENERAL / MULTIDISCIPLINE,DRAWING,ENGINEERING DRAWING,2035-NN-0082,LIFTING & INSTALLATION OF J-TUBE AT US-216 BY ASTRO AQUILA,2,2023-11-21,,DATA/TECH/2035 Offshore Construction Engineering Register (Pipeline & Cables).xlsx,Drawings,168,INCLUDE,,REV-11995a84bdb2ad95c49b6d15,SDOC-dbb79509001fa466a5992566
2035,TECH,GENERAL / MULTIDISCIPLINE,DRAWING,ENGINEERING DRAWING,2035-NN-0082,LIFTING & INSTALLATION OF J-TUBE AT US-216 BY ASTRO AQUILA,3,2024-11-21,,DATA/TECH/2035 Offshore Construction Engineering Register (Pipeline & Cables).xlsx,Drawings,169,INCLUDE,,REV-23a702dae1da527522c2208f,SDOC-dbb79509001fa466a5992566
2035,TECH,GENERAL / MULTIDISCIPLINE,DRAWING,ENGINEERING DRAWING,2035-NN-0082,LIFTING & INSTALLATION OF J-TUBE AT US-216 BY ASTRO AQUILA,4,2026-02-27,4,DATA/TECH/2035 Offshore Construction Engineering Register (Pipeline & Cables).xlsx,Drawings,170,INCLUDE,,REV-079e170b1fddbc0ebe4139b3,SDOC-dbb79509001fa466a5992566
2035,TECH,GENERAL / MULTIDISCIPLINE,DRAWING,ENGINEERING DRAWING,2035-NN-0083,LIFTING & INSTALLATION OF J-TUBE CLAMP US-216 BY ASTRO AQUILA,1,,,DATA/TECH/2035 Offshore Construction Engineering Register (Pipeline & Cables).xlsx,Drawings,171,INCLUDE,DATE_TEXT_PRESERVED,REV-45d20552a608b88a16eb42e0,SDOC-93fea814d76cf7f9f9d9b566
2035,TECH,GENERAL / MULTIDISCIPLINE,DRAWING,ENGINEERING DRAWING,2035-NN-0083,LIFTING & INSTALLATION OF J-TUBE CLAMP US-216 BY ASTRO AQUILA,2,2024-04-25,5,DATA/TECH/2035 Offshore Construction Engineering Register (Pipeline & Cables).xlsx,Drawings,172,INCLUDE,,REV-cb01d3a5912147a3c9dcea76,SDOC-93fea814d76cf7f9f9d9b566
2035,TECH,GENERAL / MULTIDISCIPLINE,DRAWING,ENGINEERING DRAWING,2035-NN-0083,LIFTING & INSTALLATION OF J-TUBE CLAMP US-216 BY ASTRO AQUILA,3,2026-02-03,,DATA/TECH/2035 Offshore Construction Engineering Register (Pipeline & Cables).xlsx,Drawings,173,INCLUDE,,REV-17c65a8bbffdc6ebec8a761f,SDOC-93fea814d76cf7f9f9d9b566
2035,TECH,GENERAL / MULTIDISCIPLINE,DRAWING,ENGINEERING DRAWING,2035-NN-0084,LIFTING & INSTALLATION OF J-TUBE AT US-218 BY ASTRO AQUILA,1,2023-11-02,,DATA/TECH/2035 Offshore Construction Engineering Register (Pipeline & Cables).xlsx,Drawings,174,INCLUDE,,REV-76a1c880e1e96de3c78ab199,SDOC-accb6fbdc869e6657922a098
2035,TECH,GENERAL / MULTIDISCIPLINE,DRAWING,ENGINEERING DRAWING,2035-NN-0084,LIFTING & INSTALLATION OF J-TUBE AT US-218 BY ASTRO AQUILA,2,2026-02-27,4,DATA/TECH/2035 Offshore Construction Engineering Register (Pipeline & Cables).xlsx,Drawings,175,INCLUDE,,REV-13c6b3f45daf547588bf6982,SDOC-accb6fbdc869e6657922a098
2035,TECH,GENERAL / MULTIDISCIPLINE,DRAWING,ENGINEERING DRAWING,2035-NN-0084,LIFTING & INSTALLATION OF J-TUBE AT US-218 BY ASTRO AQUILA,3,2024-12-12,2,DATA/TECH/2035 Offshore Construction Engineering Register (Pipeline & Cables).xlsx,Drawings,176,INCLUDE,,REV-c37e05108c5a110e309be75c,SDOC-accb6fbdc869e6657922a098
2035,TECH,GENERAL / MULTIDISCIPLINE,DRAWING,ENGINEERING DRAWING,2035-NN-0084,LIFTING & INSTALLATION OF J-TUBE AT US-218 BY ASTRO AQUILA,4,2026-02-27,4,DATA/TECH/2035 Offshore Construction Engineering Register (Pipeline & Cables).xlsx,Drawings,177,INCLUDE,,REV-08084b2081ccf6d6660bcb6a,SDOC-accb6fbdc869e6657922a098
2035,TECH,GENERAL / MULTIDISCIPLINE,DRAWING,ENGINEERING DRAWING,2035-NN-0085,LIFTING & INSTALLATION OF J-TUBE CLAMP AT US-218 BY ASTRO AQUILA,1,2024-11-02,,DATA/TECH/2035 Offshore Construction Engineering Register (Pipeline & Cables).xlsx,Drawings,178,INCLUDE,,REV-c67f417dbc18f83c29f241bf,SDOC-6a8190d307e32d6bdb1ed1bb
2035,TECH,GENERAL / MULTIDISCIPLINE,DRAWING,ENGINEERING DRAWING,2035-NN-0085,LIFTING & INSTALLATION OF J-TUBE CLAMP AT US-218 BY ASTRO AQUILA,2,2023-11-21,,DATA/TECH/2035 Offshore Construction Engineering Register (Pipeline & Cables).xlsx,Drawings,179,INCLUDE,,REV-3432ab87a148eb2472dba226,SDOC-6a8190d307e32d6bdb1ed1bb
2035,TECH,GENERAL / MULTIDISCIPLINE,DRAWING,ENGINEERING DRAWING,2035-NN-0085,LIFTING & INSTALLATION OF J-TUBE CLAMP AT US-218 BY ASTRO AQUILA,3,,,DATA/TECH/2035 Offshore Construction Engineering Register (Pipeline & Cables).xlsx,Drawings,180,INCLUDE,,REV-1bf1c4a555255e9eac6bcbcc,SDOC-6a8190d307e32d6bdb1ed1bb
2035,TECH,GENERAL / MULTIDISCIPLINE,DRAWING,ENGINEERING DRAWING,2035-NN-0086,LOADING ARRANGEMENT & SEAFASTENING DETAILS OF CONCRETE SLEEPERS @ ES-282 (TRIP-3),1,2023-11-22,1,DATA/TECH/2035 Offshore Construction Engineering Register (Pipeline & Cables).xlsx,Drawings,181,INCLUDE,,REV-b7fff699fd0cfaa3cc96a668,SDOC-7f1ec92594779166c618bd49
2035,TECH,GENERAL / MULTIDISCIPLINE,DRAWING,ENGINEERING DRAWING,2035-NN-0087,TYPICAL PERSONNEL TRANSFER BASKET ARRANGEMENT FROM VESSEL,1,2024-01-22,1,DATA/TECH/2035 Offshore Construction Engineering Register (Pipeline & Cables).xlsx,Drawings,182,INCLUDE,,REV-45b7e1fdbed20793a18ade98,SDOC-85a9f68b449a315d072ec87f
2035,TECH,GENERAL / MULTIDISCIPLINE,DRAWING,ENGINEERING DRAWING,2035-NN-0087,TYPICAL PERSONNEL TRANSFER BASKET ARRANGEMENT FROM VESSEL,2,2024-01-31,,DATA/TECH/2035 Offshore Construction Engineering Register (Pipeline & Cables).xlsx,Drawings,183,INCLUDE,,REV-13cd9fd7cdfbff03c6b1ec18,SDOC-85a9f68b449a315d072ec87f
2035,TECH,GENERAL / MULTIDISCIPLINE,DRAWING,ENGINEERING DRAWING,2035-NN-0088,TYPICAL LIFTING AND INSTALLATION OF CONCRETE SLEEPERS FOR PL-3 BY SAFEEN 3000,1,,Approved,DATA/TECH/2035 Offshore Construction Engineering Register (Pipeline & Cables).xlsx,Drawings,184,INCLUDE,DATE_TEXT_PRESERVED,REV-80628b0d36521e67bc97ff3c,SDOC-26cbb041976d13217da2e1bd
2035,TECH,GENERAL / MULTIDISCIPLINE,DRAWING,ENGINEERING DRAWING,2035-NN-0088,TYPICAL LIFTING AND INSTALLATION OF CONCRETE SLEEPERS FOR PL-3 BY SAFEEN 3000,2,,,DATA/TECH/2035 Offshore Construction Engineering Register (Pipeline & Cables).xlsx,Drawings,185,INCLUDE,,REV-0b270c8a3b7e44c96612da41,SDOC-26cbb041976d13217da2e1bd
2035,TECH,GENERAL / MULTIDISCIPLINE,DRAWING,ENGINEERING DRAWING,2035-NN-0089,TYPICAL LIFTING AND INSTALLATION OF CONCRETE SLEEPERS FOR PL-4 BY SAFEEN 3000,1,2023-12-21,,DATA/TECH/2035 Offshore Construction Engineering Register (Pipeline & Cables).xlsx,Drawings,186,INCLUDE,,REV-74fe895710ff8f9e23916caf,SDOC-53c10518bd93466e27497f34
2035,TECH,GENERAL / MULTIDISCIPLINE,DRAWING,ENGINEERING DRAWING,2035-NN-0089,TYPICAL LIFTING AND INSTALLATION OF CONCRETE SLEEPERS FOR PL-4 BY SAFEEN 3000,2,,,DATA/TECH/2035 Offshore Construction Engineering Register (Pipeline & Cables).xlsx,Drawings,187,INCLUDE,,REV-be53ff47ae129531d36a0c32,SDOC-53c10518bd93466e27497f34
2035,TECH,GENERAL / MULTIDISCIPLINE,DRAWING,ENGINEERING DRAWING,2035-NN-0090,TYPICAL LIFTING AND INSTALLATION OF CONCRETE SLEEPERS FOR PL-3 BY SAFEEN SURVEYOR,,,,DATA/TECH/2035 Offshore Construction Engineering Register (Pipeline & Cables).xlsx,Drawings,188,INCLUDE,,REV-29f7f7918faf545959c1bd86,SDOC-60eace155d1e6c35383f2b45
2035,TECH,GENERAL / MULTIDISCIPLINE,DRAWING,ENGINEERING DRAWING,2035-NN-0091,TYPICAL LIFTING AND INSTALLATION OF CONCRETE SLEEPERS FOR PL-3 BY UMM SHAIF,1,2024-01-19,,DATA/TECH/2035 Offshore Construction Engineering Register (Pipeline & Cables).xlsx,Drawings,189,INCLUDE,,REV-a0fd33258dfc80ef7b3d9124,SDOC-91dd193e3891125ee05727bc
2035,TECH,GENERAL / MULTIDISCIPLINE,DRAWING,ENGINEERING DRAWING,2035-NN-0092,TYPICAL LIFTING AND INSTALLATION OF CONCRETE SLEEPERS FOR PL-3 BY TELFORD25,1,2024-04-15,5,DATA/TECH/2035 Offshore Construction Engineering Register (Pipeline & Cables).xlsx,Drawings,190,INCLUDE,,REV-54cc134c4dbe901abda94267,SDOC-1e3fda53e62d2e676747d8e4
2035,TECH,GENERAL / MULTIDISCIPLINE,DRAWING,ENGINEERING DRAWING,2035-NN-0092,TYPICAL LIFTING AND INSTALLATION OF CONCRETE SLEEPERS FOR PL-3 BY TELFORD25,2,2026-02-05,,DATA/TECH/2035 Offshore Construction Engineering Register (Pipeline & Cables).xlsx,Drawings,191,INCLUDE,,REV-dee593bb5dd6c88fff1e6805,SDOC-1e3fda53e62d2e676747d8e4
2035,TECH,GENERAL / MULTIDISCIPLINE,DRAWING,ENGINEERING DRAWING,2035-NN-0093,LOADING ARRANGEMENT & SEAFASTENING DETAILS OF CONCRETE SLEEPERS (PL-3) @ ASTRO-304,1,2024-03-13,Approved,DATA/TECH/2035 Offshore Construction Engineering Register (Pipeline & Cables).xlsx,Drawings,192,INCLUDE,,REV-eca4559440e49d034fd505d0,SDOC-e67dee33b1fe40c526744bd7
2035,TECH,GENERAL / MULTIDISCIPLINE,DRAWING,ENGINEERING DRAWING,2035-NN-0093,LOADING ARRANGEMENT & SEAFASTENING DETAILS OF CONCRETE SLEEPERS (PL-3) @ ASTRO-304,2,2024-03-22,Approved,DATA/TECH/2035 Offshore Construction Engineering Register (Pipeline & Cables).xlsx,Drawings,193,INCLUDE,,REV-e85dabf14761448d98f51313,SDOC-e67dee33b1fe40c526744bd7
2035,TECH,GENERAL / MULTIDISCIPLINE,DRAWING,ENGINEERING DRAWING,2035-NN-0094,TYPICAL LIFTING AND INSTALLATION OF CONCRETE SLEEPERS FOR PL-5 BY SAFEEN 3000,1,2024-02-16,,DATA/TECH/2035 Offshore Construction Engineering Register (Pipeline & Cables).xlsx,Drawings,194,INCLUDE,,REV-95aed0241066d14f9e5b607b,SDOC-f3c23df4c78a1ec59ab44b70
2035,TECH,GENERAL / MULTIDISCIPLINE,DRAWING,ENGINEERING DRAWING,2035-NN-0095,"LOADING ARRANGEMENT & SEAFASTENING DETAILS OF CONCRETE SLEEPERS (PL-3, PL-2 & PL-1) @ ES-282",1,2024-03-13,,DATA/TECH/2035 Offshore Construction Engineering Register (Pipeline & Cables).xlsx,Drawings,195,INCLUDE,,REV-f26c82bed03e9c38a2de98da,SDOC-6f623fc04b4c7d39edf6e7f6
2035,TECH,GENERAL / MULTIDISCIPLINE,DRAWING,ENGINEERING DRAWING,2035-NN-0095,"LOADING ARRANGEMENT & SEAFASTENING DETAILS OF CONCRETE SLEEPERS (PL-3, PL-2 & PL-1) @ ES-282",2,2024-05-21,,DATA/TECH/2035 Offshore Construction Engineering Register (Pipeline & Cables).xlsx,Drawings,196,INCLUDE,,REV-7725e9a206dde633cacdb55d,SDOC-6f623fc04b4c7d39edf6e7f6
2035,TECH,GENERAL / MULTIDISCIPLINE,DRAWING,ENGINEERING DRAWING,2035-NN-0096,TYPICAL LIFTING AND INSTALLATION OF BUCKLE TRIGGER FLEXIBLE MATTRESSES BY SAFEEN 3000,1,2024-02-29,,DATA/TECH/2035 Offshore Construction Engineering Register (Pipeline & Cables).xlsx,Drawings,197,INCLUDE,,REV-ca2b6dec761f98724200e926,SDOC-a2f1c2b0a96452a17b1a56a3
2035,TECH,GENERAL / MULTIDISCIPLINE,DRAWING,ENGINEERING DRAWING,2035-NN-0096,TYPICAL LIFTING AND INSTALLATION OF BUCKLE TRIGGER FLEXIBLE MATTRESSES BY SAFEEN 3000,2,2024-04-26,,DATA/TECH/2035 Offshore Construction Engineering Register (Pipeline & Cables).xlsx,Drawings,198,INCLUDE,,REV-efcd73e3d5c8ee4a1c34f9f7,SDOC-a2f1c2b0a96452a17b1a56a3
2035,TECH,GENERAL / MULTIDISCIPLINE,DRAWING,ENGINEERING DRAWING,2035-NN-0096,TYPICAL LIFTING AND INSTALLATION OF BUCKLE TRIGGER FLEXIBLE MATTRESSES BY SAFEEN 3000,3,,,DATA/TECH/2035 Offshore Construction Engineering Register (Pipeline & Cables).xlsx,Drawings,199,INCLUDE,,REV-5539c24c2b03639ed699b7de,SDOC-a2f1c2b0a96452a17b1a56a3
2035,TECH,GENERAL / MULTIDISCIPLINE,DRAWING,ENGINEERING DRAWING,2035-NN-0096,TYPICAL LIFTING AND INSTALLATION OF BUCKLE TRIGGER FLEXIBLE MATTRESSES BY SAFEEN 3000,4,2024-08-14,,DATA/TECH/2035 Offshore Construction Engineering Register (Pipeline & Cables).xlsx,Drawings,200,INCLUDE,,REV-7215c32c0ba0d5e722cc5f0f,SDOC-a2f1c2b0a96452a17b1a56a3
2035,TECH,GENERAL / MULTIDISCIPLINE,DRAWING,ENGINEERING DRAWING,2035-NN-0097,TYPICAL LIFTING AND INSTALLATION OF CONCRETE SLEEPERS FOR PL-3 BY TELFORD-31,1,2024-03-25,2,DATA/TECH/2035 Offshore Construction Engineering Register (Pipeline & Cables).xlsx,Drawings,201,INCLUDE,,REV-40ada031cbaf8d3beb0b62cc,SDOC-a66856e00ef21be98fabad28
2035,TECH,GENERAL / MULTIDISCIPLINE,DRAWING,ENGINEERING DRAWING,2035-NN-0097,TYPICAL LIFTING AND INSTALLATION OF CONCRETE SLEEPERS FOR PL-3 BY TELFORD-31,2,2024-03-28,,DATA/TECH/2035 Offshore Construction Engineering Register (Pipeline & Cables).xlsx,Drawings,202,INCLUDE,,REV-50fc637225b145e426e98293,SDOC-a66856e00ef21be98fabad28
2035,TECH,GENERAL / MULTIDISCIPLINE,DRAWING,ENGINEERING DRAWING,2035-NN-0097,TYPICAL LIFTING AND INSTALLATION OF CONCRETE SLEEPERS FOR PL-3 BY TELFORD-31,3,2024-04-25,,DATA/TECH/2035 Offshore Construction Engineering Register (Pipeline & Cables).xlsx,Drawings,203,INCLUDE,,REV-c32d683f40777de911d51593,SDOC-a66856e00ef21be98fabad28
2035,TECH,GENERAL / MULTIDISCIPLINE,DRAWING,ENGINEERING DRAWING,2035-NN-0097,TYPICAL LIFTING AND INSTALLATION OF CONCRETE SLEEPERS FOR PL-3 BY TELFORD-31,4,2024-05-16,,DATA/TECH/2035 Offshore Construction Engineering Register (Pipeline & Cables).xlsx,Drawings,204,INCLUDE,,REV-8ca931eb6cc0650fab570ad6,SDOC-a66856e00ef21be98fabad28
2035,TECH,GENERAL / MULTIDISCIPLINE,DRAWING,ENGINEERING DRAWING,2035-NN-0097,TYPICAL LIFTING AND INSTALLATION OF CONCRETE SLEEPERS FOR PL-3 BY TELFORD-31,5,2024-05-27,,DATA/TECH/2035 Offshore Construction Engineering Register (Pipeline & Cables).xlsx,Drawings,205,INCLUDE,,REV-45246e46363c8dbf31434bd2,SDOC-a66856e00ef21be98fabad28
2035,TECH,GENERAL / MULTIDISCIPLINE,DRAWING,ENGINEERING DRAWING,2035-NN-0098,"LIFTING AND INSTALLATION OF LINE CO-30"" PIPING AT CSP-01 UTILIZING DP VESSEL UMM SHAIF",1,2024-03-21,,DATA/TECH/2035 Offshore Construction Engineering Register (Pipeline & Cables).xlsx,Drawings,206,INCLUDE,,REV-55c10413e7efd648a0d45ce1,SDOC-f2ccfc7ee5fcb6391331f008
2035,TECH,GENERAL / MULTIDISCIPLINE,DRAWING,ENGINEERING DRAWING,2035-NN-0098,"LIFTING AND INSTALLATION OF LINE CO-30"" PIPING AT CSP-01 UTILIZING DP VESSEL UMM SHAIF",2,2024-05-13,,DATA/TECH/2035 Offshore Construction Engineering Register (Pipeline & Cables).xlsx,Drawings,207,INCLUDE,,REV-a70d2a075c5bd8f2e37c3fea,SDOC-f2ccfc7ee5fcb6391331f008
2035,TECH,GENERAL / MULTIDISCIPLINE,DRAWING,ENGINEERING DRAWING,2035-NN-0098,"LIFTING AND INSTALLATION OF LINE CO-30"" PIPING AT CSP-01 UTILIZING DP VESSEL UMM SHAIF",3,2024-07-22,3,DATA/TECH/2035 Offshore Construction Engineering Register (Pipeline & Cables).xlsx,Drawings,208,INCLUDE,,REV-f0a3a6a16aa8fc92d2fe8a26,SDOC-f2ccfc7ee5fcb6391331f008
2035,TECH,GENERAL / MULTIDISCIPLINE,DRAWING,ENGINEERING DRAWING,2035-NN-0098,"LIFTING AND INSTALLATION OF LINE CO-30"" PIPING AT CSP-01 UTILIZING DP VESSEL UMM SHAIF",4,2024-12-10,,DATA/TECH/2035 Offshore Construction Engineering Register (Pipeline & Cables).xlsx,Drawings,209,INCLUDE,,REV-3f1be3bbd20adfc5066bd582,SDOC-f2ccfc7ee5fcb6391331f008
2035,TECH,GENERAL / MULTIDISCIPLINE,DRAWING,ENGINEERING DRAWING,2035-NN-0099,"LIFTING AND INSTALLATION OF LINE TW-24"" PIPING AT CSP-01  UTILIZING DP VESSEL UMM SHAIF",1,2024-06-05,3,DATA/TECH/2035 Offshore Construction Engineering Register (Pipeline & Cables).xlsx,Drawings,210,INCLUDE,,REV-66425c6f89bd2d81be95608b,SDOC-fcee1d61265fe1618a464299
2035,TECH,GENERAL / MULTIDISCIPLINE,DRAWING,ENGINEERING DRAWING,2035-NN-0099,"LIFTING AND INSTALLATION OF LINE TW-24"" PIPING AT CSP-01  UTILIZING DP VESSEL UMM SHAIF",2,2024-07-09,,DATA/TECH/2035 Offshore Construction Engineering Register (Pipeline & Cables).xlsx,Drawings,211,INCLUDE,,REV-31335c818948089f847c463d,SDOC-fcee1d61265fe1618a464299
2035,TECH,GENERAL / MULTIDISCIPLINE,DRAWING,ENGINEERING DRAWING,2035-NN-0099,"LIFTING AND INSTALLATION OF LINE TW-24"" PIPING AT CSP-01  UTILIZING DP VESSEL UMM SHAIF",3,2024-12-19,,DATA/TECH/2035 Offshore Construction Engineering Register (Pipeline & Cables).xlsx,Drawings,212,INCLUDE,,REV-7cc36487d1119f65413b05dd,SDOC-fcee1d61265fe1618a464299
2035,TECH,GENERAL / MULTIDISCIPLINE,DRAWING,ENGINEERING DRAWING,2035-NN-0100,"LIFTING AND INSTALLATION OF LINE CO-20"" PIPING AT CSP-01 UTILIZING DP VESSEL UMM SHAIF",1,2024-06-05,3,DATA/TECH/2035 Offshore Construction Engineering Register (Pipeline & Cables).xlsx,Drawings,213,INCLUDE,,REV-c71dd555710e0f4197c3ddcc,SDOC-0599a5e1624978b87f48ab37
2035,TECH,GENERAL / MULTIDISCIPLINE,DRAWING,ENGINEERING DRAWING,2035-NN-0100,"LIFTING AND INSTALLATION OF LINE CO-20"" PIPING AT CSP-01 UTILIZING DP VESSEL UMM SHAIF",2,2024-07-09,,DATA/TECH/2035 Offshore Construction Engineering Register (Pipeline & Cables).xlsx,Drawings,214,INCLUDE,,REV-46e7a0a34ce278aa105f3c78,SDOC-0599a5e1624978b87f48ab37
2035,TECH,GENERAL / MULTIDISCIPLINE,DRAWING,ENGINEERING DRAWING,2035-NN-0100,"LIFTING AND INSTALLATION OF LINE CO-20"" PIPING AT CSP-01 UTILIZING DP VESSEL UMM SHAIF",3,2024-12-01,,DATA/TECH/2035 Offshore Construction Engineering Register (Pipeline & Cables).xlsx,Drawings,215,INCLUDE,,REV-a75f8c20c143c509d9728a35,SDOC-0599a5e1624978b87f48ab37
2035,TECH,GENERAL / MULTIDISCIPLINE,DRAWING,ENGINEERING DRAWING,2035-NN-0101,"TYPICAL TEMP. SUPPORT LIFTING AND INSTALLATION FOR 16"" & 18"" PIPELINE BY TELFORD-31",1,2024-05-07,,DATA/TECH/2035 Offshore Construction Engineering Register (Pipeline & Cables).xlsx,Drawings,216,INCLUDE,,REV-0ba75fc9acb6d49f64335154,SDOC-4fedc6929ac042e7485b4ed3
2035,TECH,GENERAL / MULTIDISCIPLINE,DRAWING,ENGINEERING DRAWING,2035-NN-0102,"LIFTING AND INSTALLATION OF SPOOL AT BRIDGE B16, B17 & B18 UTILIZING DP VESSEL UMM SHAIF",1,2024-05-10,,DATA/TECH/2035 Offshore Construction Engineering Register (Pipeline & Cables).xlsx,Drawings,217,INCLUDE,,REV-8744c4d0afc85e0625fe1669,SDOC-3539ce69a9e55745c302cc0c
2035,TECH,GENERAL / MULTIDISCIPLINE,DRAWING,ENGINEERING DRAWING,2035-NN-0102,"LIFTING AND INSTALLATION OF SPOOL AT BRIDGE B16, B17 & B18 UTILIZING DP VESSEL UMM SHAIF",2,,,DATA/TECH/2035 Offshore Construction Engineering Register (Pipeline & Cables).xlsx,Drawings,218,INCLUDE,,REV-2a015a9ec67c83239b0bab09,SDOC-3539ce69a9e55745c302cc0c
2035,TECH,GENERAL / MULTIDISCIPLINE,DRAWING,ENGINEERING DRAWING,2035-NN-0102,"LIFTING AND INSTALLATION OF SPOOL AT BRIDGE B16, B17 & B18 UTILIZING DP VESSEL UMM SHAIF",3,,,DATA/TECH/2035 Offshore Construction Engineering Register (Pipeline & Cables).xlsx,Drawings,219,INCLUDE,DATE_TEXT_PRESERVED,REV-f00fa50832c104bc9bd16815,SDOC-3539ce69a9e55745c302cc0c
2035,TECH,GENERAL / MULTIDISCIPLINE,DRAWING,ENGINEERING DRAWING,2035-NN-0103,TYPICAL LIFTING AND INSTALLATION OF CONCRETE SLEEPERS FOR PL-2 BY TELFORD-31,1,2024-05-14,,DATA/TECH/2035 Offshore Construction Engineering Register (Pipeline & Cables).xlsx,Drawings,220,INCLUDE,,REV-36ce01d76e00144be5932b2b,SDOC-146b1e43653a225e9284533f
2035,TECH,GENERAL / MULTIDISCIPLINE,DRAWING,ENGINEERING DRAWING,2035-NN-0103,TYPICAL LIFTING AND INSTALLATION OF CONCRETE SLEEPERS FOR PL-2 BY TELFORD-31,2,2024-07-01,1,DATA/TECH/2035 Offshore Construction Engineering Register (Pipeline & Cables).xlsx,Drawings,221,INCLUDE,,REV-75d31f5f1b82a8d14ca26c74,SDOC-146b1e43653a225e9284533f
2035,TECH,GENERAL / MULTIDISCIPLINE,DRAWING,ENGINEERING DRAWING,2035-NN-0104,TYPICAL LIFTING AND INSTALLATION OF CONCRETE SLEEPERS FOR PL-1 BY TELFORD-31,1,2024-05-14,,DATA/TECH/2035 Offshore Construction Engineering Register (Pipeline & Cables).xlsx,Drawings,222,INCLUDE,,REV-ba6e14f7fcdea0529c9da529,SDOC-fcf392a7823c58fa32e654fb
2035,TECH,GENERAL / MULTIDISCIPLINE,DRAWING,ENGINEERING DRAWING,2035-NN-0104,TYPICAL LIFTING AND INSTALLATION OF CONCRETE SLEEPERS FOR PL-1 BY TELFORD-31,2,2024-07-01,1,DATA/TECH/2035 Offshore Construction Engineering Register (Pipeline & Cables).xlsx,Drawings,223,INCLUDE,,REV-bc4307a6dd6fac9c12f1ce2d,SDOC-fcf392a7823c58fa32e654fb
2035,TECH,GENERAL / MULTIDISCIPLINE,DRAWING,ENGINEERING DRAWING,2035-NN-0105,LOADING ARRANGEMENT & SEAFASTENING DETAILS OF CONCRETE SLEEPERS (PL-1) @ ASTRO-250,1,2024-05-31,Approved,DATA/TECH/2035 Offshore Construction Engineering Register (Pipeline & Cables).xlsx,Drawings,224,INCLUDE,,REV-217c921c59fce54525cd32fc,SDOC-b23b093c16a3e1228bd79580
2035,TECH,GENERAL / MULTIDISCIPLINE,DRAWING,ENGINEERING DRAWING,2035-NN-0105,LOADING ARRANGEMENT & SEAFASTENING DETAILS OF CONCRETE SLEEPERS (PL-1) @ ASTRO-250,2,2024-06-05,,DATA/TECH/2035 Offshore Construction Engineering Register (Pipeline & Cables).xlsx,Drawings,225,INCLUDE,,REV-c6bb77937250358a7767fd8c,SDOC-b23b093c16a3e1228bd79580
2035,TECH,GENERAL / MULTIDISCIPLINE,DRAWING,ENGINEERING DRAWING,2035-NN-0105,LOADING ARRANGEMENT & SEAFASTENING DETAILS OF CONCRETE SLEEPERS (PL-1) @ ASTRO-250,3,2024-06-12,,DATA/TECH/2035 Offshore Construction Engineering Register (Pipeline & Cables).xlsx,Drawings,226,INCLUDE,,REV-0a02546072cf97698f86c8da,SDOC-b23b093c16a3e1228bd79580
2035,TECH,GENERAL / MULTIDISCIPLINE,DRAWING,ENGINEERING DRAWING,2035-NN-0106,LOADING ARRANGEMENT & SEAFASTENING DETAILS OF CONCRETE SLEEPERS (PL-5) @ ASTRO-304,1,2024-06-15,Approved,DATA/TECH/2035 Offshore Construction Engineering Register (Pipeline & Cables).xlsx,Drawings,227,INCLUDE,,REV-7a2884dc4696dcb97062e2cd,SDOC-f5dea88e5e7ea8f5741ee3cb
2035,TECH,GENERAL / MULTIDISCIPLINE,DRAWING,ENGINEERING DRAWING,2035-NN-0107,"LOADING ARRANGEMENT & SEAFASTENING DETAILS OF CONCRETE SLEEPERS (PL-5, PL-4, PL-6 & PL-11) AT ES-282",1,2024-06-25,,DATA/TECH/2035 Offshore Construction Engineering Register (Pipeline & Cables).xlsx,Drawings,228,INCLUDE,,REV-da9ebe70021e57259b7c455a,SDOC-7a44defaf798c8b58c14ed2d
2035,TECH,GENERAL / MULTIDISCIPLINE,DRAWING,ENGINEERING DRAWING,2035-NN-0108,"LOADING ARRANGEMENT & SEAFASTENING DETAILS OF CONCRETE SLEEPERS (PL-6, PL7, PL-11 & PL-10) @ ASTRO-250",1,2024-07-09,1,DATA/TECH/2035 Offshore Construction Engineering Register (Pipeline & Cables).xlsx,Drawings,229,INCLUDE,,REV-dba90cf187934a91208bd29e,SDOC-a47487b06b980b3dae266b7c
2035,TECH,GENERAL / MULTIDISCIPLINE,DRAWING,ENGINEERING DRAWING,2035-NN-0109,TYPICAL LIFTING AND INSTALLATION OF CONCRETE SLEEPERS FOR PL-4 BY TELFORD-31,1,2024-07-01,1,DATA/TECH/2035 Offshore Construction Engineering Register (Pipeline & Cables).xlsx,Drawings,230,INCLUDE,,REV-482bdf4b5c488cf20146a27e,SDOC-becba9858e4501dde8446e9d
2035,TECH,GENERAL / MULTIDISCIPLINE,DRAWING,ENGINEERING DRAWING,2035-NN-0110,TYPICAL LIFTING AND INSTALLATION OF CONCRETE SLEEPERS FOR PL-5 BY TELFORD-31,1,,,DATA/TECH/2035 Offshore Construction Engineering Register (Pipeline & Cables).xlsx,Drawings,231,INCLUDE,,REV-0bf7ba83e2ac42d15e8202c7,SDOC-f1f813548df842664f794482
2035,TECH,GENERAL / MULTIDISCIPLINE,DRAWING,ENGINEERING DRAWING,2035-NN-0111,TYPICAL LIFTING AND INSTALLATION OF CONCRETE SLEEPERS FOR PL-6 & PL-11 BY TELFORD-31,1,2024-06-11,,DATA/TECH/2035 Offshore Construction Engineering Register (Pipeline & Cables).xlsx,Drawings,232,INCLUDE,,REV-98cd26fce0cde2fd6914a363,SDOC-1a7a8c7ce1a22e80ec8de019
2035,TECH,GENERAL / MULTIDISCIPLINE,DRAWING,ENGINEERING DRAWING,2035-NN-0112,TYPICAL LIFTING AND INSTALLATION OF REELS BY SAFEEN 3000,1,2024-06-11,,DATA/TECH/2035 Offshore Construction Engineering Register (Pipeline & Cables).xlsx,Drawings,233,INCLUDE,,REV-d07ed707401f2c7ae380edc5,SDOC-464fbb9b2c154392259e7d2b
2035,TECH,GENERAL / MULTIDISCIPLINE,DRAWING,ENGINEERING DRAWING,2035-NN-0112,TYPICAL LIFTING AND INSTALLATION OF REELS BY SAFEEN 3000,2,2025-08-01,,DATA/TECH/2035 Offshore Construction Engineering Register (Pipeline & Cables).xlsx,Drawings,234,INCLUDE,,REV-c44cec185e08b5ac11b75b2d,SDOC-464fbb9b2c154392259e7d2b
2035,TECH,GENERAL / MULTIDISCIPLINE,DRAWING,ENGINEERING DRAWING,2035-NN-0112,TYPICAL LIFTING AND INSTALLATION OF REELS BY SAFEEN 3000,3,2026-04-03,Accepted,DATA/TECH/2035 Offshore Construction Engineering Register (Pipeline & Cables).xlsx,Drawings,235,INCLUDE,,REV-0d824442e5812c129457c016,SDOC-464fbb9b2c154392259e7d2b
2035,TECH,GENERAL / MULTIDISCIPLINE,DRAWING,ENGINEERING DRAWING,2035-NN-0113,TYPICAL LIFTING AND INSTALLATION OF CONCRETE SLEEPERS FOR PL-7 & PL-10 BY TELFORD-31,1,2024-07-01,,DATA/TECH/2035 Offshore Construction Engineering Register (Pipeline & Cables).xlsx,Drawings,236,INCLUDE,,REV-c5d6d43bed6454ba9b81405a,SDOC-627ac486a5d41ce757877ba5
2035,TECH,GENERAL / MULTIDISCIPLINE,DRAWING,ENGINEERING DRAWING,2035-NN-0113,TYPICAL LIFTING AND INSTALLATION OF CONCRETE SLEEPERS FOR PL-7 & PL-10 BY TELFORD-31,2,2024-07-17,,DATA/TECH/2035 Offshore Construction Engineering Register (Pipeline & Cables).xlsx,Drawings,237,INCLUDE,,REV-a0f2a85b3468b37aa022479e,SDOC-627ac486a5d41ce757877ba5
2035,TECH,GENERAL / MULTIDISCIPLINE,DRAWING,ENGINEERING DRAWING,2035-NN-0114,TYPICAL LIFTING AND INSTALLATION OF CONCRETE SLEEPERS FOR PL-8 & PL-9 BY TELFORD-31,1,2024-07-09,,DATA/TECH/2035 Offshore Construction Engineering Register (Pipeline & Cables).xlsx,Drawings,238,INCLUDE,,REV-018f5b745572ee468fd10206,SDOC-8a495f6d75a7d319972d6ed6
2035,TECH,GENERAL / MULTIDISCIPLINE,DRAWING,ENGINEERING DRAWING,2035-NN-0114,TYPICAL LIFTING AND INSTALLATION OF CONCRETE SLEEPERS FOR PL-8 & PL-9 BY TELFORD-31,2,2026-02-05,,DATA/TECH/2035 Offshore Construction Engineering Register (Pipeline & Cables).xlsx,Drawings,239,INCLUDE,,REV-4e57323fbb5eaf5a9e2d6b01,SDOC-8a495f6d75a7d319972d6ed6
2035,TECH,GENERAL / MULTIDISCIPLINE,DRAWING,ENGINEERING DRAWING,2035-NN-0115,LOADING ARRANGEMENT & SEAFASTENING DETAILS OF CONCRETE SLEEPERS & MATTRESSES TRIP-8  (PL-7 & PL-10) AT ASTRO 304,1,2024-07-25,,DATA/TECH/2035 Offshore Construction Engineering Register (Pipeline & Cables).xlsx,Drawings,240,INCLUDE,,REV-0b010957a7c6e47f311f377c,SDOC-dfab5e971cf6d2cdc7aa75be
2035,TECH,GENERAL / MULTIDISCIPLINE,DRAWING,ENGINEERING DRAWING,2035-NN-0116,TYPICAL LIFTING AND INSTALLATION OF FLEXIBLE MATTRESSES BY SAFEEN PEARL FOR CABLE CROSSING LOCATIONS,1,2024-09-09,1,DATA/TECH/2035 Offshore Construction Engineering Register (Pipeline & Cables).xlsx,Drawings,241,INCLUDE,,REV-5eb93963174f31ac0608d7e7,SDOC-700ab15ec841fec3c9e2cad2
2035,TECH,GENERAL / MULTIDISCIPLINE,DRAWING,ENGINEERING DRAWING,2035-NN-0116,TYPICAL LIFTING AND INSTALLATION OF FLEXIBLE MATTRESSES BY SAFEEN PEARL FOR CABLE CROSSING LOCATIONS,2,2024-09-12,HOLD,DATA/TECH/2035 Offshore Construction Engineering Register (Pipeline & Cables).xlsx,Drawings,242,INCLUDE,,REV-88e9dc53b59c5d4a6a61ee1d,SDOC-700ab15ec841fec3c9e2cad2
2035,TECH,GENERAL / MULTIDISCIPLINE,DRAWING,ENGINEERING DRAWING,2035-NN-0116,TYPICAL LIFTING AND INSTALLATION OF FLEXIBLE MATTRESSES BY SAFEEN PEARL FOR CABLE CROSSING LOCATIONS,3,2024-09-26,,DATA/TECH/2035 Offshore Construction Engineering Register (Pipeline & Cables).xlsx,Drawings,243,INCLUDE,,REV-a58b9d902e8206c65ff63ee2,SDOC-700ab15ec841fec3c9e2cad2
2035,TECH,GENERAL / MULTIDISCIPLINE,DRAWING,ENGINEERING DRAWING,2035-NN-0116,TYPICAL LIFTING AND INSTALLATION OF FLEXIBLE MATTRESSES BY SAFEEN PEARL FOR CABLE CROSSING LOCATIONS,4,2024-10-01,,DATA/TECH/2035 Offshore Construction Engineering Register (Pipeline & Cables).xlsx,Drawings,244,INCLUDE,,REV-8f04c8ca583d7ce4380f7d33,SDOC-700ab15ec841fec3c9e2cad2
2035,TECH,GENERAL / MULTIDISCIPLINE,DRAWING,ENGINEERING DRAWING,2035-NN-0117,TYPICAL LIFTING AND INSTALLATION OF FLEXIBLE MATTRESSES BY TELFORD-31 FOR CABLE CROSSING LOCATIONS,1,2024-08-13,,DATA/TECH/2035 Offshore Construction Engineering Register (Pipeline & Cables).xlsx,Drawings,245,INCLUDE,,REV-bb4b0a182e6aea4350510f18,SDOC-a644dc7593c09726a8c0cf2a
2035,TECH,GENERAL / MULTIDISCIPLINE,DRAWING,ENGINEERING DRAWING,2035-NN-0118,"TYPICAL LIFTING AND INSTALLATION OF CONCRETE SLEEPERS FOR PL-6, PL-7, PL-8, PL-9, PL-10 &  PL-11 BY SAFEEN OSV PEARL",1,2024-08-01,,DATA/TECH/2035 Offshore Construction Engineering Register (Pipeline & Cables).xlsx,Drawings,246,INCLUDE,,REV-c011fc595afa5bb439ed860a,SDOC-afd495e0394ed3bf8d32690e
2035,TECH,GENERAL / MULTIDISCIPLINE,DRAWING,ENGINEERING DRAWING,2035-NN-0118,"TYPICAL LIFTING AND INSTALLATION OF CONCRETE SLEEPERS FOR PL-6, PL-7, PL-8, PL-9, PL-10 &  PL-11 BY SAFEEN OSV PEARL",2,2024-09-11,3,DATA/TECH/2035 Offshore Construction Engineering Register (Pipeline & Cables).xlsx,Drawings,247,INCLUDE,,REV-a6cd891efbd53d839128767d,SDOC-afd495e0394ed3bf8d32690e
2035,TECH,GENERAL / MULTIDISCIPLINE,DRAWING,ENGINEERING DRAWING,2035-NN-0118,"TYPICAL LIFTING AND INSTALLATION OF CONCRETE SLEEPERS FOR PL-6, PL-7, PL-8, PL-9, PL-10 &  PL-11 BY SAFEEN OSV PEARL",3,2024-09-27,1 - Approved,DATA/TECH/2035 Offshore Construction Engineering Register (Pipeline & Cables).xlsx,Drawings,248,INCLUDE,,REV-c86d952a8e512b2caaea6133,SDOC-afd495e0394ed3bf8d32690e
2035,TECH,GENERAL / MULTIDISCIPLINE,DRAWING,ENGINEERING DRAWING,2035-NN-0119,LOADING ARRANGEMENT & SEAFASTENING DETAILS OF CONCRETE SLEEPERS TRIP-9  (PL-7 & PL-10) AT ASTRO-304,1,2024-08-01,,DATA/TECH/2035 Offshore Construction Engineering Register (Pipeline & Cables).xlsx,Drawings,249,INCLUDE,,REV-62fdfaebf58505f41b10093d,SDOC-32c846f48abad4ce72734c83
2035,TECH,GENERAL / MULTIDISCIPLINE,DRAWING,ENGINEERING DRAWING,2035-NN-0119,LOADING ARRANGEMENT & SEAFASTENING DETAILS OF CONCRETE SLEEPERS TRIP-9  (PL-7 & PL-10) AT ASTRO-304,2,2024-09-12,,DATA/TECH/2035 Offshore Construction Engineering Register (Pipeline & Cables).xlsx,Drawings,250,INCLUDE,,REV-7168de242b20b5fcda039170,SDOC-32c846f48abad4ce72734c83
2035,TECH,GENERAL / MULTIDISCIPLINE,DRAWING,ENGINEERING DRAWING,2035-NN-0120,"TEMPORARY KNEE BRACE DETAILS FOR 16"" WELL FLUID PIPELINE (WITH SINGLE 2"" PIGGYBACK) FORM US-142A TO USSC-RP1 (PL-3) AT USSC-RP1",1,2024-08-06,,DATA/TECH/2035 Offshore Construction Engineering Register (Pipeline & Cables).xlsx,Drawings,251,INCLUDE,,REV-cff8e124e9e035a3cae08c67,SDOC-6bfb11f3f8bd644a58bf0805
2035,TECH,GENERAL / MULTIDISCIPLINE,DRAWING,ENGINEERING DRAWING,2035-NN-0121,"TEMPORARY KNEE BRACE DETAILS FOR 16"" WELL FLUID PIPELINE (WITH SINGLE 2"" PIGGYBACK) FORM US-142A TO USSC-RP1 (PL-3) AT US-142A",,,,DATA/TECH/2035 Offshore Construction Engineering Register (Pipeline & Cables).xlsx,Drawings,252,INCLUDE,,REV-b6ca7da5a55f0421c998f613,SDOC-7e33e1c1394981fcf6a98ec1
2035,TECH,GENERAL / MULTIDISCIPLINE,DRAWING,ENGINEERING DRAWING,2035-NN-0122,"TEMPORARY KNEE BRACE DETAILS FOR 16"" WELL FLUID PIPELINE (WITH SINGLE 2"" PIGGYBACK)  FROM US-153A TO USSC-RP1 (PL-5) AT USSC-RP1",1,2024-08-06,,DATA/TECH/2035 Offshore Construction Engineering Register (Pipeline & Cables).xlsx,Drawings,253,INCLUDE,,REV-34811cdf368acf382fb8206f,SDOC-7285c089146336c1655ba8d0
2035,TECH,GENERAL / MULTIDISCIPLINE,DRAWING,ENGINEERING DRAWING,2035-NN-0123,"TEMPORARY KNEE BRACE DETAILS FOR 16"" WELL FLUID PIPELINE (WITH SINGLE 2"" PIGGYBACK)  FROM US-153A TO USSC-RP1 (PL-5) AT US-153A",,,,DATA/TECH/2035 Offshore Construction Engineering Register (Pipeline & Cables).xlsx,Drawings,254,INCLUDE,,REV-73c919e812c594b52d983ef2,SDOC-f8742459bdcc7c08547f9ca4
2035,TECH,GENERAL / MULTIDISCIPLINE,DRAWING,ENGINEERING DRAWING,2035-NN-0124,"TEMPORARY KNEE BRACE DETAILS FOR 16"" WELL FLUID PIPELINE FROM US-12B TO USSC-RP1 (PL-2) @ USSC-RP-1",1,2024-08-28,,DATA/TECH/2035 Offshore Construction Engineering Register (Pipeline & Cables).xlsx,Drawings,255,INCLUDE,,REV-54db07f0f7a1dccff3419c09,SDOC-124e83c8551f1575e86b6588
2035,TECH,GENERAL / MULTIDISCIPLINE,DRAWING,ENGINEERING DRAWING,2035-NN-0125,"TEMPORARY KNEE BRACE DETAILS FOR 16"" WELL FLUID PIPELINE (WITH SINGLE 2"" PIGGYBACK)  FROM US-12B TO USSC-RP1 (PL-2) AT US-12B",,,,DATA/TECH/2035 Offshore Construction Engineering Register (Pipeline & Cables).xlsx,Drawings,256,INCLUDE,,REV-1d295cb4f4c32a4442b67af4,SDOC-ff218bd48c98b2b68aeb962c
2035,TECH,GENERAL / MULTIDISCIPLINE,DRAWING,ENGINEERING DRAWING,2035-NN-0126,"TEMPORARY KNEE BRACE DETAILS FOR 18"" WELL FLUID PIPELINE FROM HP2 TO USSC-RP1 (PL-7) @ USSC-RP1",1,2024-08-28,,DATA/TECH/2035 Offshore Construction Engineering Register (Pipeline & Cables).xlsx,Drawings,257,INCLUDE,,REV-cdbcc94c6e6a41402f18051f,SDOC-4a50f9460f1c2c90ad4c8675
2035,TECH,GENERAL / MULTIDISCIPLINE,DRAWING,ENGINEERING DRAWING,2035-NN-0127,"TEMPORARY KNEE BRACE DETAILS FOR 18"" WELL FLUID PIPELINE (WITH SINGLE 2"" PIGGYBACK) FROM HP2 TO USSC-RP1 (PL-7) AT HP2",,,,DATA/TECH/2035 Offshore Construction Engineering Register (Pipeline & Cables).xlsx,Drawings,258,INCLUDE,,REV-fa6807857650fded4db9654c,SDOC-c6bce447d4eb210d422b32b4
2035,TECH,GENERAL / MULTIDISCIPLINE,DRAWING,ENGINEERING DRAWING,2035-NN-0128,"TEMPORARY KNEE BRACE DETAILS FOR 16"" WELL FLUID PIPELINE FROM HP3 TO USSC-RP1 (PL-8) AT USSC-RP1",1,2024-08-28,,DATA/TECH/2035 Offshore Construction Engineering Register (Pipeline & Cables).xlsx,Drawings,259,INCLUDE,,REV-a558633a9f12a7eb1b550606,SDOC-1b83302d5e0f2458204f96f7
2035,TECH,GENERAL / MULTIDISCIPLINE,DRAWING,ENGINEERING DRAWING,2035-NN-0129,"TEMPORARY KNEE BRACE DETAILS FOR 16"" WELL FLUID PIPELINE FROM HP3 TO USSC-RP1 (PL-8) HP3",,,,DATA/TECH/2035 Offshore Construction Engineering Register (Pipeline & Cables).xlsx,Drawings,260,INCLUDE,,REV-07bbc1dff0f9a51c4b59e77e,SDOC-dd2b1cb8917ef8231c25176f
2035,TECH,GENERAL / MULTIDISCIPLINE,DRAWING,ENGINEERING DRAWING,2035-NN-0130,LOADING ARRANGEMENT & SEAFASTENING DETAILS OF CONCRETE SLEEPERS  @ ASTRO-250 (TRIP-10),1,2024-08-20,,DATA/TECH/2035 Offshore Construction Engineering Register (Pipeline & Cables).xlsx,Drawings,261,INCLUDE,,REV-86de3d1cee8ff2abc25d07df,SDOC-cc8690f3a6bde42254df20e6
2035,TECH,GENERAL / MULTIDISCIPLINE,DRAWING,ENGINEERING DRAWING,2035-NN-0130,LOADING ARRANGEMENT & SEAFASTENING DETAILS OF CONCRETE SLEEPERS  @ ASTRO-250 (TRIP-10),2,2024-10-15,1,DATA/TECH/2035 Offshore Construction Engineering Register (Pipeline & Cables).xlsx,Drawings,262,INCLUDE,,REV-eedca9e549f73d0402aceece,SDOC-cc8690f3a6bde42254df20e6
2035,TECH,GENERAL / MULTIDISCIPLINE,DRAWING,ENGINEERING DRAWING,2035-NN-0130,LOADING ARRANGEMENT & SEAFASTENING DETAILS OF CONCRETE SLEEPERS  @ ASTRO-250 (TRIP-10),3,2024-10-20,1,DATA/TECH/2035 Offshore Construction Engineering Register (Pipeline & Cables).xlsx,Drawings,263,INCLUDE,,REV-2898b307f2911b7ed9dd7237,SDOC-cc8690f3a6bde42254df20e6
2035,TECH,GENERAL / MULTIDISCIPLINE,DRAWING,ENGINEERING DRAWING,2035-NN-0131,"TYPICAL TEMP. SUPPORT LIFTING AND INSTALLATION FOR 16"" & 18"" PIPELINE BY SAFEEN OSV PEARL",1,2024-08-15,,DATA/TECH/2035 Offshore Construction Engineering Register (Pipeline & Cables).xlsx,Drawings,264,INCLUDE,,REV-ced186621389ce664d027c01,SDOC-21a70d16e2fbbaa5b9d68b38
2035,TECH,GENERAL / MULTIDISCIPLINE,DRAWING,ENGINEERING DRAWING,2035-NN-0131,"TYPICAL TEMP. SUPPORT LIFTING AND INSTALLATION FOR 16"" & 18"" PIPELINE BY SAFEEN OSV PEARL",2,2024-09-26,,DATA/TECH/2035 Offshore Construction Engineering Register (Pipeline & Cables).xlsx,Drawings,265,INCLUDE,,REV-f28f9fb0bd52c13130ac3edb,SDOC-21a70d16e2fbbaa5b9d68b38
2035,TECH,GENERAL / MULTIDISCIPLINE,DRAWING,ENGINEERING DRAWING,2035-NN-0132,TYPICAL LIFTING AND INSTALLATION OF BUCKLE TRIGGER FLEXIBLE MATTRESSES BY SAFEEN OSV PEARL,1,,5,DATA/TECH/2035 Offshore Construction Engineering Register (Pipeline & Cables).xlsx,Drawings,266,INCLUDE,DATE_TEXT_PRESERVED,REV-2e1376520f88cf78b73387ec,SDOC-2bf666125e4ff18fbfbc031b
2035,TECH,GENERAL / MULTIDISCIPLINE,DRAWING,ENGINEERING DRAWING,2035-NN-0132,TYPICAL LIFTING AND INSTALLATION OF BUCKLE TRIGGER FLEXIBLE MATTRESSES BY SAFEEN OSV PEARL,2,2024-09-26,,DATA/TECH/2035 Offshore Construction Engineering Register (Pipeline & Cables).xlsx,Drawings,267,INCLUDE,,REV-14e5aaaef2ee63736f89e0c6,SDOC-2bf666125e4ff18fbfbc031b
2035,TECH,GENERAL / MULTIDISCIPLINE,DRAWING,ENGINEERING DRAWING,2035-NN-0133,TYPICAL LIFTING AND INSTALLATION OF CONCRETE SLEEPERS FOR PL-7 & PL-8 BY SAFEEN PEARL,1,2024-10-01,2,DATA/TECH/2035 Offshore Construction Engineering Register (Pipeline & Cables).xlsx,Drawings,268,INCLUDE,,REV-6bf4570cc0838a25c591aefc,SDOC-ef5e5fb0b79e2b387fc6e89b
2035,TECH,GENERAL / MULTIDISCIPLINE,DRAWING,ENGINEERING DRAWING,2035-NN-0133,TYPICAL LIFTING AND INSTALLATION OF CONCRETE SLEEPERS FOR PL-7 & PL-8 BY SAFEEN PEARL,2,,,DATA/TECH/2035 Offshore Construction Engineering Register (Pipeline & Cables).xlsx,Drawings,269,INCLUDE,DATE_TEXT_PRESERVED,REV-75b48cb5f24201d68dcfb256,SDOC-ef5e5fb0b79e2b387fc6e89b
2035,TECH,GENERAL / MULTIDISCIPLINE,DRAWING,ENGINEERING DRAWING,2035-NN-0134,LOADING ARRANGEMENT & SEAFASTENING DETAILS OF CONCRETE SLEEPERS AT ASTRO-250 (TRIP-10),,,,DATA/TECH/2035 Offshore Construction Engineering Register (Pipeline & Cables).xlsx,Drawings,270,INCLUDE,,REV-e486a05dc169c9faf6d06860,SDOC-7437f16d7c81a9312db88259
2035,TECH,GENERAL / MULTIDISCIPLINE,DRAWING,ENGINEERING DRAWING,2035-NN-0135,TYPICAL LIFTING AND INSTALLATION OF SANDBAGS BY CARGO NET USING SAFEEN PEARL,1,2024-10-15,1,DATA/TECH/2035 Offshore Construction Engineering Register (Pipeline & Cables).xlsx,Drawings,271,INCLUDE,,REV-3c1b9d06efda5800b2f1e76d,SDOC-b9af49cad4b4633d4c1433fd
2035,TECH,GENERAL / MULTIDISCIPLINE,DRAWING,ENGINEERING DRAWING,2035-NN-0136,"LOADING ARRANGEMENT & SEAFASTENING DETAILS OF CONCRETE SLEEPERS TRIP-11  (PL-7, PL-8 & PL-9) AT GAC-68",1,2024-11-13,1,DATA/TECH/2035 Offshore Construction Engineering Register (Pipeline & Cables).xlsx,Drawings,272,INCLUDE,,REV-0bafb413dd66415a423c2341,SDOC-95829a197a79239d6fc2204d
2035,TECH,GENERAL / MULTIDISCIPLINE,DRAWING,ENGINEERING DRAWING,2035-NN-0137,LOADING ARRANGEMENT & SEAFASTENING DETAILS OF CONCRETE SLEEPERS AT ASTRO-250 (TRIP-12),1,2024-12-12,1,DATA/TECH/2035 Offshore Construction Engineering Register (Pipeline & Cables).xlsx,Drawings,273,INCLUDE,,REV-ffcdf77bd9137386e5809cbe,SDOC-fe10c0a60173b2b18524792e
2035,TECH,GENERAL / MULTIDISCIPLINE,DRAWING,ENGINEERING DRAWING,2035-NN-0138,LIFTING AND INSTALLATION OF LINE C-30” PIPING AT CSP-01 UTILIZING DLB-1000,1,2024-12-06,,DATA/TECH/2035 Offshore Construction Engineering Register (Pipeline & Cables).xlsx,Drawings,274,INCLUDE,,REV-e910a9caddc5759e6dbb9c42,SDOC-63522501baa42045639a0c9c
2035,TECH,GENERAL / MULTIDISCIPLINE,DRAWING,ENGINEERING DRAWING,2035-NN-0139,"LIFTING AND INSTALLATION OF LINE CO-20"" PIPING AT CSP-01 UTILIZING DLB-1000",1,,,DATA/TECH/2035 Offshore Construction Engineering Register (Pipeline & Cables).xlsx,Drawings,275,INCLUDE,,REV-5aa051e08832a2c1f8c70bae,SDOC-69eedd9e55227dd4fe80c527
2035,TECH,GENERAL / MULTIDISCIPLINE,DRAWING,ENGINEERING DRAWING,2035-NN-0140,"TYPICAL LIFTING AND INSTALLATION OF CONCRETE SLEEPERS FOR PL-7, PL-8 & PL-9 BY SAFEEN PEARL",1,,,DATA/TECH/2035 Offshore Construction Engineering Register (Pipeline & Cables).xlsx,Drawings,276,INCLUDE,,REV-57ce7486ce99750b4669d7b9,SDOC-21a3caa912558b01cb64d287
2035,TECH,GENERAL / MULTIDISCIPLINE,DRAWING,ENGINEERING DRAWING,2035-NN-0141,LIFTING AND INSTALLATION OF MISCELLANEOUS HOOK UP SPOOLS AT BRIDGE B-26 BY DLB-1000,,,,DATA/TECH/2035 Offshore Construction Engineering Register (Pipeline & Cables).xlsx,Drawings,277,INCLUDE,,REV-79abab315fcdb55567c23fd3,SDOC-d5c1e94d33017932f1b27c82
2035,TECH,GENERAL / MULTIDISCIPLINE,DRAWING,ENGINEERING DRAWING,2035-NN-0142,LIFTING AND INSTALLATION OF MONORAIL FRAME AT BRIDGE B-26 BY DLB-1000,1,2024-12-20,,DATA/TECH/2035 Offshore Construction Engineering Register (Pipeline & Cables).xlsx,Drawings,278,INCLUDE,,REV-43325bb94197e5448b584a94,SDOC-427d9a13060343df617de7c3
2035,TECH,GENERAL / MULTIDISCIPLINE,DRAWING,ENGINEERING DRAWING,2035-NN-0143,LOADING ARRANGEMENT & SEAFASTENING DETAILS OF CONCRETE SLEEPERS AT ASTRO-251 CB (TRIP-13),1,2025-01-08,1,DATA/TECH/2035 Offshore Construction Engineering Register (Pipeline & Cables).xlsx,Drawings,279,INCLUDE,,REV-2523653aa97feca3bcd8e0e5,SDOC-b0bc69764487f338d70b96b8
2035,TECH,GENERAL / MULTIDISCIPLINE,DRAWING,ENGINEERING DRAWING,2035-NN-0144,"LIFTING AND INSTALLATION OF 30"" BRACE RIGGING ARRANGEMENT BELOW BRIDGE LANDING BY DLB-1000",1,2024-12-10,,DATA/TECH/2035 Offshore Construction Engineering Register (Pipeline & Cables).xlsx,Drawings,280,INCLUDE,,REV-36d8f3ca19487433e6a5f0bf,SDOC-f147f07e93fd919be2a8f5e6
2035,TECH,GENERAL / MULTIDISCIPLINE,DRAWING,ENGINEERING DRAWING,2035-NN-0145,LOADING ARRANGEMENT & SEAFASTENING DETAILS OF CONCRETE SLEEPERS AT ASTRO-250 CB (TRIP-14),1,2024-12-20,,DATA/TECH/2035 Offshore Construction Engineering Register (Pipeline & Cables).xlsx,Drawings,281,INCLUDE,,REV-b01df250aeafeb235d8093f6,SDOC-f49d4552c84daa58d48baca3
2035,TECH,GENERAL / MULTIDISCIPLINE,DRAWING,ENGINEERING DRAWING,2035-NN-0146,LIFTING AND INSTALLATION OF MISCELLANEOUS HOOK UP SPOOLS AT BRIDGE B-26 BY UMM SHAIF,1,2024-12-31,,DATA/TECH/2035 Offshore Construction Engineering Register (Pipeline & Cables).xlsx,Drawings,282,INCLUDE,,REV-d78d1fe4df01c40efaa0619f,SDOC-1a64de2857f09ea354b88125
2035,TECH,GENERAL / MULTIDISCIPLINE,DRAWING,ENGINEERING DRAWING,2035-NN-0146,LIFTING AND INSTALLATION OF MISCELLANEOUS HOOK UP SPOOLS AT BRIDGE B-26 BY UMM SHAIF,2,2025-01-24,3,DATA/TECH/2035 Offshore Construction Engineering Register (Pipeline & Cables).xlsx,Drawings,283,INCLUDE,,REV-0c9a5094e2e49357f782278d,SDOC-1a64de2857f09ea354b88125
2035,TECH,GENERAL / MULTIDISCIPLINE,DRAWING,ENGINEERING DRAWING,2035-NN-0146,LIFTING AND INSTALLATION OF MISCELLANEOUS HOOK UP SPOOLS AT BRIDGE B-26 BY UMM SHAIF,3,2026-03-04,4,DATA/TECH/2035 Offshore Construction Engineering Register (Pipeline & Cables).xlsx,Drawings,284,INCLUDE,,REV-cf57679582718b3fd726497c,SDOC-1a64de2857f09ea354b88125
2035,TECH,GENERAL / MULTIDISCIPLINE,DRAWING,ENGINEERING DRAWING,2035-NN-0147,LIFTING AND INSTALLATION OF 20’’ TIE-IN SPOOL BY SEP-750,1,2025-02-08,,DATA/TECH/2035 Offshore Construction Engineering Register (Pipeline & Cables).xlsx,Drawings,285,INCLUDE,,REV-0973e7a063c6fe3bad0261ed,SDOC-d29e98706f532c9984cf38d3
2035,TECH,GENERAL / MULTIDISCIPLINE,DRAWING,ENGINEERING DRAWING,2035-NN-0148,LOADING ARRANGEMENT & SEAFASTENING DETAILS OF CONCRETE MATTRESSES @ ASTRO-251,1,,,DATA/TECH/2035 Offshore Construction Engineering Register (Pipeline & Cables).xlsx,Drawings,286,INCLUDE,DATE_TEXT_PRESERVED,REV-4411a52cd109847653a0e945,SDOC-654f33dfbdc370efa351e614
2035,TECH,GENERAL / MULTIDISCIPLINE,DRAWING,ENGINEERING DRAWING,2035-NN-0148,LOADING ARRANGEMENT & SEAFASTENING DETAILS OF CONCRETE MATTRESSES @ ASTRO-251,2,2025-03-07,,DATA/TECH/2035 Offshore Construction Engineering Register (Pipeline & Cables).xlsx,Drawings,287,INCLUDE,,REV-84b95fa86afd4a420dd5ab6e,SDOC-654f33dfbdc370efa351e614
2035,TECH,GENERAL / MULTIDISCIPLINE,DRAWING,ENGINEERING DRAWING,2035-NN-0149,LIFTING AND INSTALLATION OF RV LINE / FLARE HEAD BY UMM SHAIF,1,2025-01-22,1,DATA/TECH/2035 Offshore Construction Engineering Register (Pipeline & Cables).xlsx,Drawings,289,INCLUDE,,REV-b664723ba0f70e10fcddc28c,SDOC-40d3b1092ebe15572b2e2806
2035,TECH,GENERAL / MULTIDISCIPLINE,DRAWING,ENGINEERING DRAWING,2035-NN-0150,DEMOLITION AND INSTALLATION OF 36’’ TIE-IN SPOOL BY SEP-750,1,2025-02-12,1,DATA/TECH/2035 Offshore Construction Engineering Register (Pipeline & Cables).xlsx,Drawings,290,INCLUDE,,REV-8979a44f9cff84881e038539,SDOC-a7cd698f0970f22c0ad2e3d5
2035,TECH,GENERAL / MULTIDISCIPLINE,DRAWING,ENGINEERING DRAWING,2035-NN-0151,LIFTING AND INSTALLATION OF MISCELLANEOUS HOOK UP SPOOLS AT BRIDGE B-26 BY KRAKEN,1,,,DATA/TECH/2035 Offshore Construction Engineering Register (Pipeline & Cables).xlsx,Drawings,291,INCLUDE,,REV-f6567f4193403b4fd11b217e,SDOC-d72353b821d7318ccc0d1032
2035,TECH,GENERAL / MULTIDISCIPLINE,DRAWING,ENGINEERING DRAWING,2035-NN-0152,LIFTING AND INSTALLATION OF RV LINE / FLARE HEAD BY KRAKEN,1,2025-02-06,2,DATA/TECH/2035 Offshore Construction Engineering Register (Pipeline & Cables).xlsx,Drawings,292,INCLUDE,,REV-bb42e519e6f729af25177401,SDOC-3b8bff65efacf11409893e80
2035,TECH,GENERAL / MULTIDISCIPLINE,DRAWING,ENGINEERING DRAWING,2035-NN-0152,LIFTING AND INSTALLATION OF RV LINE / FLARE HEAD BY KRAKEN,2,2026-03-04,4,DATA/TECH/2035 Offshore Construction Engineering Register (Pipeline & Cables).xlsx,Drawings,293,INCLUDE,,REV-dc992709639d308bc9a50108,SDOC-3b8bff65efacf11409893e80
2035,TECH,GENERAL / MULTIDISCIPLINE,DRAWING,ENGINEERING DRAWING,2035-NN-0153,LIFTING AND INSTALLATION OF MOV BY SEP-750,,,,DATA/TECH/2035 Offshore Construction Engineering Register (Pipeline & Cables).xlsx,Drawings,294,INCLUDE,,REV-b760e51643ca278e2661f7f2,SDOC-a90008b5806df61f1a6b6736
2035,TECH,GENERAL / MULTIDISCIPLINE,DRAWING,ENGINEERING DRAWING,2035-NN-0154,LIFTING AND INSTALLATION OF LINE TW-24’’ SPOOL  AT CSP-01 & 24’’ SPOOL AT  BRIDGE B16 BY SEP-750,1,2025-03-03,,DATA/TECH/2035 Offshore Construction Engineering Register (Pipeline & Cables).xlsx,Drawings,295,INCLUDE,,REV-1440ebdd223adc82ef3c8437,SDOC-9f703725260fa7c6b808edb0
2035,TECH,GENERAL / MULTIDISCIPLINE,DRAWING,ENGINEERING DRAWING,2035-NN-0154,LIFTING AND INSTALLATION OF LINE TW-24’’ SPOOL  AT CSP-01 & 24’’ SPOOL AT  BRIDGE B16 BY SEP-750,2,2025-03-27,,DATA/TECH/2035 Offshore Construction Engineering Register (Pipeline & Cables).xlsx,Drawings,296,INCLUDE,,REV-ef3dbe7c8e9268b9f27aa661,SDOC-9f703725260fa7c6b808edb0
2035,TECH,GENERAL / MULTIDISCIPLINE,DRAWING,ENGINEERING DRAWING,2035-NN-0155,UMM SHAIF - LIFTING AND INSTALLATION OF SPOOLS AT BRIDGE B16 & B17 UTILIZING JACK-UP BARGE SEP-750,1,,,DATA/TECH/2035 Offshore Construction Engineering Register (Pipeline & Cables).xlsx,Drawings,297,INCLUDE,,REV-980dcb153d53307a91e5ca57,SDOC-af4e4095569ddb88a1d23e49
2035,TECH,GENERAL / MULTIDISCIPLINE,DRAWING,ENGINEERING DRAWING,2035-NN-0156,"Installation of 24"" TW line spool at B16 (Spool EO)",1,2025-05-19,,DATA/TECH/2035 Offshore Construction Engineering Register (Pipeline & Cables).xlsx,Drawings,298,INCLUDE,,REV-bc3b3abb8389b7512a36bad1,SDOC-3577356fece1911b6952a8d2
2035,TECH,GENERAL / MULTIDISCIPLINE,DRAWING,ENGINEERING DRAWING,2035-NN-0157,LIFTING AND INSTALLATION OF PIPE RACK SUPPORT AT BRIDGE B17 UTILIZING JACK-UP BARGE SEP-750,1,2025-06-09,,DATA/TECH/2035 Offshore Construction Engineering Register (Pipeline & Cables).xlsx,Drawings,299,INCLUDE,,REV-ad2ac836cc0f9a6a498c8a6f,SDOC-3280ba39eb9b127043fc5470
2035,TECH,GENERAL / MULTIDISCIPLINE,DRAWING,ENGINEERING DRAWING,2035-NN-0158,"LIFTING AND INSTALLATION OF 24'' & 30"" SPOOL AT B17 & B18 BY HEA TITAN",1,,,DATA/TECH/2035 Offshore Construction Engineering Register (Pipeline & Cables).xlsx,Drawings,300,INCLUDE,,REV-6515213bade5b87d78a262e0,SDOC-2c7f97075d9492f61a880238
2035,TECH,GENERAL / MULTIDISCIPLINE,DRAWING,ENGINEERING DRAWING,2035-NN-0158,"LIFTING AND INSTALLATION OF 24'' & 30"" SPOOL AT B17 & B18 BY HEA TITAN",2,2025-10-16,,DATA/TECH/2035 Offshore Construction Engineering Register (Pipeline & Cables).xlsx,Drawings,301,INCLUDE,,REV-9568696f7713e9c8c3aa2c43,SDOC-2c7f97075d9492f61a880238
2035,TECH,GENERAL / MULTIDISCIPLINE,DRAWING,ENGINEERING DRAWING,2035-NN-0159,"TEMPORARY KNEE BRACE DETAILS FOR 16"" WELL FLUID SPOOL (WITH SINGLE 2"" PIGGYBACK) FROM US-19B TO US-153A (PL-4) AT US-19B",1,2025-07-31,,DATA/TECH/2035 Offshore Construction Engineering Register (Pipeline & Cables).xlsx,Drawings,302,INCLUDE,,REV-3de9e916dcb23ee69e1fccaf,SDOC-1f24a0b610b3ccb48f3051a2
2035,TECH,GENERAL / MULTIDISCIPLINE,DRAWING,ENGINEERING DRAWING,2035-NN-0160,LOADING ARRANGEMENT & SEAFASTENING DETAILS OF RISERS AND SPOOLS @ ES - 282,1,2025-11-20,1 - Approved,DATA/TECH/2035 Offshore Construction Engineering Register (Pipeline & Cables).xlsx,Drawings,303,INCLUDE,,REV-430753269122f95dcfc6171a,SDOC-53521fae14334dc28e02fd14
2035,TECH,GENERAL / MULTIDISCIPLINE,DRAWING,ENGINEERING DRAWING,2035-NN-0161,UMM SHAIF - LIFTING AND INSTALLATION OF PIPE RACK SUPPORT AT BRIDGE B18 UTILIZING JACK-UP BARGE HEA TITAN,1,2025-11-24,2,DATA/TECH/2035 Offshore Construction Engineering Register (Pipeline & Cables).xlsx,Drawings,304,INCLUDE,,REV-0f4b4c3431255cd13106137b,SDOC-13c411a27e0c45c52b250f80
2035,TECH,GENERAL / MULTIDISCIPLINE,DRAWING,ENGINEERING DRAWING,2035-NN-0161,UMM SHAIF - LIFTING AND INSTALLATION OF PIPE RACK SUPPORT AT BRIDGE B18 UTILIZING JACK-UP BARGE HEA TITAN,2,,,DATA/TECH/2035 Offshore Construction Engineering Register (Pipeline & Cables).xlsx,Drawings,305,INCLUDE,DATE_TEXT_PRESERVED,REV-5d5bccd7ebc0c9997d02c9e0,SDOC-13c411a27e0c45c52b250f80
2035,TECH,GENERAL / MULTIDISCIPLINE,DRAWING,ENGINEERING DRAWING,2035-NN-0162,LOADING ARRANGEMENT AND SEAFASTENING DETAILS OF CC PIPES (PL-7) AT CREST-2802 (TRIP-6),1,2025-12-15,1,DATA/TECH/2035 Offshore Construction Engineering Register (Pipeline & Cables).xlsx,Drawings,306,INCLUDE,,REV-b00493b4733fc74859e63346,SDOC-b024b1391022fd7712adb066
2035,TECH,GENERAL / MULTIDISCIPLINE,DRAWING,ENGINEERING DRAWING,2035-NN-0163,"INSTALLATION OF 24"" TW LINE EO SPOOL IN TWO PIECES AT B16 BY MUTAWA 401",1,2025-11-24,2,DATA/TECH/2035 Offshore Construction Engineering Register (Pipeline & Cables).xlsx,Drawings,307,INCLUDE,,REV-5b4d69d6a9b1ed25af220e75,SDOC-592017bb93018ab6e410021c
2035,TECH,GENERAL / MULTIDISCIPLINE,DRAWING,ENGINEERING DRAWING,2035-NN-0164,UMM SHAIF- LIFTING AND INSTALLATION OF 14’’ SPOOLS AT WIP-2 & WIP-5 BY HEA TITAN,1,2025-12-03,,DATA/TECH/2035 Offshore Construction Engineering Register (Pipeline & Cables).xlsx,Drawings,308,INCLUDE,,REV-018cb3586723a9b6ece139b1,SDOC-60b84cdf6bd7a468e212d893
2035,TECH,GENERAL / MULTIDISCIPLINE,DRAWING,ENGINEERING DRAWING,2035-NN-0165,"RISER TOP PART LIFTING AND INSTALLATION FOR 16"" WELL FLUID PIPELINE FROM US-142A TO USSC-RP1 (PL-3) @ USSC-RP1",1,2025-12-04,,DATA/TECH/2035 Offshore Construction Engineering Register (Pipeline & Cables).xlsx,Drawings,309,INCLUDE,,REV-0921957e3c8827c23c4461ad,SDOC-ca1bc27cf9fce41c6ea416fe
2035,TECH,GENERAL / MULTIDISCIPLINE,DRAWING,ENGINEERING DRAWING,2035-NN-0166,"RISER TOP PART LIFTING AND INSTALLATION FOR 16"" WELL FLUID PIPELINE FROM US-153A TO USSC-RP1 (PL-5) @ USSC-RP1",1,2025-12-03,,DATA/TECH/2035 Offshore Construction Engineering Register (Pipeline & Cables).xlsx,Drawings,310,INCLUDE,,REV-3048b02294389189c01ab402,SDOC-7077635544a67bfa5ba755eb
2035,TECH,GENERAL / MULTIDISCIPLINE,DRAWING,ENGINEERING DRAWING,2035-NN-0166,"RISER TOP PART LIFTING AND INSTALLATION FOR 16"" WELL FLUID PIPELINE FROM US-153A TO USSC-RP1 (PL-5) @ USSC-RP1",2,2025-12-23,,DATA/TECH/2035 Offshore Construction Engineering Register (Pipeline & Cables).xlsx,Drawings,311,INCLUDE,,REV-c297b514941da68ce3d6a61f,SDOC-7077635544a67bfa5ba755eb
2035,TECH,GENERAL / MULTIDISCIPLINE,DRAWING,ENGINEERING DRAWING,2035-NN-0166,"RISER TOP PART LIFTING AND INSTALLATION FOR 16"" WELL FLUID PIPELINE FROM US-153A TO USSC-RP1 (PL-5) @ USSC-RP1",3,,,DATA/TECH/2035 Offshore Construction Engineering Register (Pipeline & Cables).xlsx,Drawings,312,INCLUDE,,REV-a8b207b63d05ca4273589927,SDOC-7077635544a67bfa5ba755eb
2035,TECH,GENERAL / MULTIDISCIPLINE,DRAWING,ENGINEERING DRAWING,2035-NN-0167,SOUTH RISER GUARD TEMPORARY INSTALLATION AID LIFTING USING MUTAWA 401,1,2025-12-18,1 - Approved,DATA/TECH/2035 Offshore Construction Engineering Register (Pipeline & Cables).xlsx,Drawings,313,INCLUDE,,REV-c1280f92e4263905c6093529,SDOC-20510cb4ece955ebf5e8c3da
2035,TECH,GENERAL / MULTIDISCIPLINE,DRAWING,ENGINEERING DRAWING,2035-NN-0167,SOUTH RISER GUARD TEMPORARY INSTALLATION AID LIFTING USING MUTAWA 401,2,2026-01-29,1 - Approved,DATA/TECH/2035 Offshore Construction Engineering Register (Pipeline & Cables).xlsx,Drawings,314,INCLUDE,,REV-2861c94c3362bedd5a4c4e54,SDOC-20510cb4ece955ebf5e8c3da
2035,TECH,GENERAL / MULTIDISCIPLINE,DRAWING,ENGINEERING DRAWING,2035-NN-0168,LOADING ARRANGEMENT & SEAFASTENING DETAILS OF CC PIPES ON (PL-7) AT SAFEEN B-281 (TRIP-7),1,2026-01-16,2,DATA/TECH/2035 Offshore Construction Engineering Register (Pipeline & Cables).xlsx,Drawings,315,INCLUDE,,REV-6d746ae8a2bdcf4a99867869,SDOC-f54be1047b854ac4ebc99784
2035,TECH,GENERAL / MULTIDISCIPLINE,DRAWING,ENGINEERING DRAWING,2035-NN-0168,LOADING ARRANGEMENT & SEAFASTENING DETAILS OF CC PIPES ON (PL-7) AT SAFEEN B-281 (TRIP-7),2,2026-01-14,,DATA/TECH/2035 Offshore Construction Engineering Register (Pipeline & Cables).xlsx,Drawings,316,INCLUDE,,REV-069e662ae59f992b75faca5a,SDOC-f54be1047b854ac4ebc99784
2035,TECH,GENERAL / MULTIDISCIPLINE,DRAWING,ENGINEERING DRAWING,2035-NN-0169,REMOVAL ARRANGEMENT OF BST-S13 BUMPERS BY SAFEEN-3000,,,,DATA/TECH/2035 Offshore Construction Engineering Register (Pipeline & Cables).xlsx,Drawings,317,INCLUDE,,REV-e7c19f61aa4be1a0087f74c7,SDOC-6f1bda311e7ed08d95288b02
2035,TECH,GENERAL / MULTIDISCIPLINE,DRAWING,ENGINEERING DRAWING,2035-NN-0170,LOADING ARRANGEMENT & SEAFASTENING DETAILS OF CC PIPES (PL-6 & PL-7) AT SAFEEN B-284 (TRIP-1),1,2026-01-22,,DATA/TECH/2035 Offshore Construction Engineering Register (Pipeline & Cables).xlsx,Drawings,318,INCLUDE,,REV-1b9cb4c8ac213bfbdf3bb1ed,SDOC-fb6af3e19a660a229327dbfe
2035,TECH,GENERAL / MULTIDISCIPLINE,DRAWING,ENGINEERING DRAWING,2035-NN-0170,LOADING ARRANGEMENT & SEAFASTENING DETAILS OF CC PIPES (PL-6 & PL-7) AT SAFEEN B-284 (TRIP-1),2,2026-01-29,,DATA/TECH/2035 Offshore Construction Engineering Register (Pipeline & Cables).xlsx,Drawings,319,INCLUDE,,REV-21f2df9732e950c66c22d11e,SDOC-fb6af3e19a660a229327dbfe
2035,TECH,GENERAL / MULTIDISCIPLINE,DRAWING,ENGINEERING DRAWING,2035-NN-0171,LOADING ARRANGEMENT & SEAFASTENING DETAILS OF CC PIPES (PL-6 & PL-8) ON ASTRO-251 (TRIP-2),1,2026-02-11,,DATA/TECH/2035 Offshore Construction Engineering Register (Pipeline & Cables).xlsx,Drawings,320,INCLUDE,,REV-71b03d660696866b023cb448,SDOC-2f0776d7f51ba7457c309878
2035,TECH,GENERAL / MULTIDISCIPLINE,DRAWING,ENGINEERING DRAWING,2035-NN-0172,"CLOSE OUT SPOOL LIFTING AND INSTALLATION FOR 16"" HP OIL SUBSEA PIPELINE FROM US-153A TO USSC-RP1 (PL-5) @ US-153A",1,2026-02-12,2,DATA/TECH/2035 Offshore Construction Engineering Register (Pipeline & Cables).xlsx,Drawings,321,INCLUDE,,REV-21e37f8f3a2384d5b30cfd48,SDOC-a21d7b987fbbfcb0d610b944
2035,TECH,GENERAL / MULTIDISCIPLINE,DRAWING,ENGINEERING DRAWING,2035-NN-0172,"CLOSE OUT SPOOL LIFTING AND INSTALLATION FOR 16"" HP OIL SUBSEA PIPELINE FROM US-153A TO USSC-RP1 (PL-5) @ US-153A",2,2026-02-17,,DATA/TECH/2035 Offshore Construction Engineering Register (Pipeline & Cables).xlsx,Drawings,322,INCLUDE,,REV-8e1f4ae9954201fce6a271e7,SDOC-a21d7b987fbbfcb0d610b944
2035,TECH,GENERAL / MULTIDISCIPLINE,DRAWING,ENGINEERING DRAWING,2035-NN-0173,"LOADING ARRANGEMENT & SEAFASTENING DETAILS OF CC PIPES (PL-7 & PL-10, PL-8) ON SAFEEN B-284 (TRIP-8)",1,2026-03-18,1,DATA/TECH/2035 Offshore Construction Engineering Register (Pipeline & Cables).xlsx,Drawings,323,INCLUDE,,REV-71b56328d1920c16b3b62895,SDOC-6da0092f57553fac7ebf653a
2035,TECH,GENERAL / MULTIDISCIPLINE,DRAWING,ENGINEERING DRAWING,2035-NN-0174,"CLOSE OUT SPOOL LIFTING AND INSTALLATION FOR 16"" HP OIL SUBSEA PIPELINE FROM US-142A TO USSC-RP1 (PL-3) @ US-142A",1,2026-02-16,1 - Approved,DATA/TECH/2035 Offshore Construction Engineering Register (Pipeline & Cables).xlsx,Drawings,324,INCLUDE,,REV-a8e5a35fd28aba3452e2b7da,SDOC-39781a9bf019dbf8474e872b
2035,TECH,GENERAL / MULTIDISCIPLINE,DRAWING,ENGINEERING DRAWING,2035-NN-0174,"CLOSE OUT SPOOL LIFTING AND INSTALLATION FOR 16"" HP OIL SUBSEA PIPELINE FROM US-142A TO USSC-RP1 (PL-3) @ US-142A",2,2026-02-17,,DATA/TECH/2035 Offshore Construction Engineering Register (Pipeline & Cables).xlsx,Drawings,325,INCLUDE,,REV-293e7ad47b2fd32f96a83b4d,SDOC-39781a9bf019dbf8474e872b
2035,TECH,GENERAL / MULTIDISCIPLINE,DRAWING,ENGINEERING DRAWING,2035-NN-0175,"LOADING ARRANGEMENT & SEAFASTENING DETAILS 
OF CC PIPES AT PFC-02 (TRIP-3)",1,2026-03-30,1,DATA/TECH/2035 Offshore Construction Engineering Register (Pipeline & Cables).xlsx,Drawings,326,INCLUDE,,REV-0daef4461debf58f384b5ea3,SDOC-df1244da8fb5538249bce068
2035,TECH,GENERAL / MULTIDISCIPLINE,DRAWING,ENGINEERING DRAWING,2035-NN-0176,LOADING ARRANGEMENT & SEAFASTENING DETAILS OF CC PIPES (PL-10) ON SAFEEN B-281 (TRIP-9),1,2026-02-10,,DATA/TECH/2035 Offshore Construction Engineering Register (Pipeline & Cables).xlsx,Drawings,327,INCLUDE,,REV-8a1f1bace07601241707ca48,SDOC-235d50f130409627c344f585
2035,TECH,GENERAL / MULTIDISCIPLINE,DRAWING,ENGINEERING DRAWING,2035-NN-0177,LOADING ARRANGEMENT & SEAFASTENING OF REEL ON MUTAWA-401,,,,DATA/TECH/2035 Offshore Construction Engineering Register (Pipeline & Cables).xlsx,Drawings,328,INCLUDE,,REV-315f7ffcff30690bed198ff8,SDOC-5b5739121caf4464c8e0de84
2035,TECH,GENERAL / MULTIDISCIPLINE,DRAWING,ENGINEERING DRAWING,2035-NN-0178,LOADING ARRANGEMENT AND SEAFASTENING DETAILS OF CC PIPES (PL-8 & PL-2) ON ASTRO-251 (TRIP-4),1,2026-03-30,1,DATA/TECH/2035 Offshore Construction Engineering Register (Pipeline & Cables).xlsx,Drawings,329,INCLUDE,,REV-f0146c49d28da797e88597f7,SDOC-1b103f21a5e0fa7b50c7cfc0
2035,TECH,GENERAL / MULTIDISCIPLINE,DRAWING,ENGINEERING DRAWING,2035-NN-0179,LOADING ARRANGEMENT AND SEAFASTENING DETAILS OF CC PIPES (PL-2 & PL-9) ON SAFEEN B-282 (TRIP-10),1,2026-03-13,,DATA/TECH/2035 Offshore Construction Engineering Register (Pipeline & Cables).xlsx,Drawings,330,INCLUDE,,REV-c6e92be26c39cea6200807ad,SDOC-99a3f4c920ea8593b18b2f9e
2035,TECH,GENERAL / MULTIDISCIPLINE,DRAWING,ENGINEERING DRAWING,2035-NN-0179,LOADING ARRANGEMENT AND SEAFASTENING DETAILS OF CC PIPES (PL-2 & PL-9) ON SAFEEN B-282 (TRIP-10),2,2026-04-20,,DATA/TECH/2035 Offshore Construction Engineering Register (Pipeline & Cables).xlsx,Drawings,331,INCLUDE,,REV-a844f706a1685d6bc5d577d2,SDOC-99a3f4c920ea8593b18b2f9e
2035,TECH,GENERAL / MULTIDISCIPLINE,DRAWING,ENGINEERING DRAWING,2035-NN-0180,"RISER TOP PART LIFTING AND INSTALLATION FOR 18"" WELL FLUID PIPELINE FROM HP2 TO USSC-RP1 (PL-7) @ USSC-RP1",1,2026-04-03,1 - Approved,DATA/TECH/2035 Offshore Construction Engineering Register (Pipeline & Cables).xlsx,Drawings,332,INCLUDE,,REV-7240690a644bd09fb64ba52c,SDOC-1acb30e63064cb8e36ba443a
2035,TECH,GENERAL / MULTIDISCIPLINE,DRAWING,ENGINEERING DRAWING,2035-NN-0180,"RISER TOP PART LIFTING AND INSTALLATION FOR 18"" WELL FLUID PIPELINE FROM HP2 TO USSC-RP1 (PL-7) @ USSC-RP1",2,2026-06-17,1,DATA/TECH/2035 Offshore Construction Engineering Register (Pipeline & Cables).xlsx,Drawings,333,INCLUDE,,REV-dec840127980cce0de04ac77,SDOC-1acb30e63064cb8e36ba443a
2035,TECH,GENERAL / MULTIDISCIPLINE,DRAWING,ENGINEERING DRAWING,2035-NN-0180,"RISER TOP PART LIFTING AND INSTALLATION FOR 18"" WELL FLUID PIPELINE FROM HP2 TO USSC-RP1 (PL-7) @ USSC-RP1",3,2026-07-31,,DATA/TECH/2035 Offshore Construction Engineering Register (Pipeline & Cables).xlsx,Drawings,334,INCLUDE,,REV-3d12b8ba3d66136a5223fee3,SDOC-1acb30e63064cb8e36ba443a
2035,TECH,GENERAL / MULTIDISCIPLINE,DRAWING,ENGINEERING DRAWING,2035-NN-0180,"RISER TOP PART LIFTING AND INSTALLATION FOR 18"" WELL FLUID PIPELINE FROM HP2 TO USSC-RP1 (PL-7) @ USSC-RP1",4,2026-08-21,,DATA/TECH/2035 Offshore Construction Engineering Register (Pipeline & Cables).xlsx,Drawings,335,INCLUDE,,REV-fd37be50bf30ff40e5cafe7b,SDOC-1acb30e63064cb8e36ba443a
2035,TECH,GENERAL / MULTIDISCIPLINE,DRAWING,ENGINEERING DRAWING,2035-NN-0181,LOADING ARRANGEMENT & SEAFASTENING DETAILS OF SPOOLS @AESEN-2811,1,2026-05-01,,DATA/TECH/2035 Offshore Construction Engineering Register (Pipeline & Cables).xlsx,Drawings,336,INCLUDE,,REV-cc674bd0179d9ba2d33e9d7b,SDOC-f7e0ca11cc91afbe5ff067ce
2035,TECH,GENERAL / MULTIDISCIPLINE,DRAWING,ENGINEERING DRAWING,2035-NN-0182,LOADING ARRANGEMENT AND SEAFASTENING DETAILS OF CC PIPES (PL-1) ON ASTRO-251 (TRIP-5),1,2026-07-06,,DATA/TECH/2035 Offshore Construction Engineering Register (Pipeline & Cables).xlsx,Drawings,337,INCLUDE,,REV-e74e10ac730edcaaa9ab7041,SDOC-9932ec14471641bdbbe35484
2035,TECH,GENERAL / MULTIDISCIPLINE,DRAWING,ENGINEERING DRAWING,2035-NN-0183,LOADING ARRANGEMENT & SEAFASTENING DETAILS OF CC PIPES (PL-9) ON ASTRO-251 (TRIP-5),1,2026-08-12,1 - Approved,DATA/TECH/2035 Offshore Construction Engineering Register (Pipeline & Cables).xlsx,Drawings,338,INCLUDE,,REV-9bdffc91edfc4f740867d0b9,SDOC-3ed9a57a6e246c40616ef00d
2035,TECH,GENERAL / MULTIDISCIPLINE,DRAWING,ENGINEERING DRAWING,2035-NN-0184,"DETAIL OF 16"" TEMPORARY PIG LAUNCHER & RECEIVER",1,2026-07-20,,DATA/TECH/2035 Offshore Construction Engineering Register (Pipeline & Cables).xlsx,Drawings,339,INCLUDE,,REV-2e4c0f1dcd2838697036d930,SDOC-66bd4b6a59f5ebc3b75ea521
2035,TECH,GENERAL / MULTIDISCIPLINE,DRAWING,ENGINEERING DRAWING,2035-NN-0185,LOADING ARRANGEMENT AND SEAFASTENING DETAILS OF CABLE REEL ON SAFEEN B-281 (TRIP-6),1,2026-07-31,,DATA/TECH/2035 Offshore Construction Engineering Register (Pipeline & Cables).xlsx,Drawings,340,INCLUDE,,REV-171193a3d461b2780a6ce5f2,SDOC-bbf8d2ed34e96e2274f43e53
2035,TECH,GENERAL / MULTIDISCIPLINE,DRAWING,ENGINEERING DRAWING,2035-NN-0186,LOADING ARRANGEMENT AND SEAFASTENING DETAILS OF CC PIPES (PL-1) ON SAFEEN B-282  (TRIP-7),1,2026-08-04,,DATA/TECH/2035 Offshore Construction Engineering Register (Pipeline & Cables).xlsx,Drawings,341,INCLUDE,,REV-5a752fafc41e6a0419f61493,SDOC-d957198b948321fc2a9fb0aa
2035,TECH,GENERAL / MULTIDISCIPLINE,DRAWING,ENGINEERING DRAWING,2035-NN-0187,"LIFTING OF S-1400-A1 SLEEPERS AT CX-04 TO CX-05
AND TS-500A SLEEPERS AT BUCKLE TRIGGER - 1 BY HEA OCEANIC
FOR 16"" WELL FLUID PIPELINE FROM HP-3 TO USSC-RP1 (PL-8)",1,2026-08-19,,DATA/TECH/2035 Offshore Construction Engineering Register (Pipeline & Cables).xlsx,Drawings,342,INCLUDE,,REV-3e3b7f0f21c7d259e34f2960,SDOC-5b3b90dd0462f2caab9698a0
2035,TECH,GENERAL / MULTIDISCIPLINE,DRAWING,ENGINEERING DRAWING,2035-NN-0188,LOADING ARRANGEMENT AND SEAFASTENING DETAILS OF 16” CC PIPES (PL-4) ON SAFEEN B-284 CB (TRIP-13),1,2026-08-12,1 - Approved,DATA/TECH/2035 Offshore Construction Engineering Register (Pipeline & Cables).xlsx,Drawings,343,INCLUDE,,REV-cb0f23cbdfd0c6f1915d3339,SDOC-9067ba38ecd634c888827293
2035,TECH,GENERAL / MULTIDISCIPLINE,DRAWING,ENGINEERING DRAWING,2035-NN-0189,"SPOOL LIFTING AND INSTALLATION FOR 16"" WATER INJECTION SUBSEA PIPELINE FROM HP2 TO HP1 (PL-11) @ HP1 BY SAFEEN 3000",1,2026-08-18,,DATA/TECH/2035 Offshore Construction Engineering Register (Pipeline & Cables).xlsx,Drawings,344,INCLUDE,,REV-08a8a100ad126108026893eb,SDOC-4dbb2ba40e1fa4957b4457b0
2035,TECH,GENERAL / MULTIDISCIPLINE,DRAWING,ENGINEERING DRAWING,2035-NN-0189,"SPOOL LIFTING AND INSTALLATION FOR 16"" WATER INJECTION SUBSEA PIPELINE FROM HP2 TO HP1 (PL-11) @ HP1 BY SAFEEN 3000",2,2026-09-04,,DATA/TECH/2035 Offshore Construction Engineering Register (Pipeline & Cables).xlsx,Drawings,345,INCLUDE,,REV-ce986349b743766a2078258f,SDOC-4dbb2ba40e1fa4957b4457b0
2035,TECH,GENERAL / MULTIDISCIPLINE,DRAWING,ENGINEERING DRAWING,2035-NN-0190,"SPOOL LIFTING AND INSTALLATION FOR 16"" WATER INJECTION SUBSEA PIPELINE FROM HP2 TO HP1 (PL-11) @ HP2 BY SAFEEN 3000",1,2026-08-17,,DATA/TECH/2035 Offshore Construction Engineering Register (Pipeline & Cables).xlsx,Drawings,346,INCLUDE,,REV-5343e09b5870d2c5d8261c7e,SDOC-7b310ff65c4b8ee341b28815
2035,TECH,GENERAL / MULTIDISCIPLINE,DRAWING,ENGINEERING DRAWING,2035-NN-0190,"SPOOL LIFTING AND INSTALLATION FOR 16"" WATER INJECTION SUBSEA PIPELINE FROM HP2 TO HP1 (PL-11) @ HP2 BY SAFEEN 3000",2,2026-09-04,,DATA/TECH/2035 Offshore Construction Engineering Register (Pipeline & Cables).xlsx,Drawings,347,INCLUDE,,REV-b20ba5a5b71fe5785c2c74e2,SDOC-7b310ff65c4b8ee341b28815
2035,TECH,GENERAL / MULTIDISCIPLINE,DRAWING,ENGINEERING DRAWING,2035-NN-0191,"SPOOL LIFTING AND INSTALLATION FOR 16"" WELL FLUID PIPELINE FROM US-19B TO US-153A (PL-4) @US-19B BY SAFEEN 3000",1,2026-08-27,,DATA/TECH/2035 Offshore Construction Engineering Register (Pipeline & Cables).xlsx,Drawings,348,INCLUDE,,REV-385bd3911dae81a627be8b42,SDOC-d3c33421c7f6617713ba331d
2035,TECH,GENERAL / MULTIDISCIPLINE,DRAWING,ENGINEERING DRAWING,2035-NN-0192,"SPOOL LIFTING AND INSTALLATION FOR 16"" WELL FLUID PIPELINE FROM US-19B TO US-153A (PL-4) @US-153A BY SAFEEN 3000",1,2026-08-27,,DATA/TECH/2035 Offshore Construction Engineering Register (Pipeline & Cables).xlsx,Drawings,349,INCLUDE,,REV-6ab1ba4b755689f6a6a36133,SDOC-04e7fcb49d8b42fb16509dba
2035,TECH,GENERAL / MULTIDISCIPLINE,SKETCH,ENGINEERING SKETCH,OFO-P2035-SK-001,100 MT S.W.L SPREADER BAR DETAILS,D,,,DATA/TECH/2035 Offshore Construction Engineering Register (Pipeline & Cables).xlsx,Sketch,5,INCLUDE,,REV-97a8419045b29c7480423562,SDOC-ca580d1c33a9a89f9829eea7
2035,TECH,GENERAL / MULTIDISCIPLINE,SKETCH,ENGINEERING SKETCH,OFO-P2035-SK-002,REEL LIFTING ARRANGEMENT,,,,DATA/TECH/2035 Offshore Construction Engineering Register (Pipeline & Cables).xlsx,Sketch,6,INCLUDE,,REV-131a828e54c2265f97c36b50,SDOC-7a8421f07ac4211fc1e685f8
2035,TECH,GENERAL / MULTIDISCIPLINE,SKETCH,ENGINEERING SKETCH,OFO-P2035-SK-003,MARKER AND TRANSITION JOINTS (PL-1),B,,,DATA/TECH/2035 Offshore Construction Engineering Register (Pipeline & Cables).xlsx,Sketch,7,INCLUDE,,REV-052ef3600ab5afbd31d7a6f8,SDOC-48c7f4016a8e4155173da061
2035,TECH,GENERAL / MULTIDISCIPLINE,SKETCH,ENGINEERING SKETCH,OFO-P2035-SK-004,MARKER AND TRANSITION JOINTS (PL-2),B,,,DATA/TECH/2035 Offshore Construction Engineering Register (Pipeline & Cables).xlsx,Sketch,8,INCLUDE,,REV-9ac9c17dd8e0503b1047211b,SDOC-4434466dbadcb01ebfea1605
2035,TECH,GENERAL / MULTIDISCIPLINE,SKETCH,ENGINEERING SKETCH,OFO-P2035-SK-005,MARKER AND TRANSITION JOINTS (PL-3),B,,,DATA/TECH/2035 Offshore Construction Engineering Register (Pipeline & Cables).xlsx,Sketch,9,INCLUDE,,REV-e0037e224925ca28f1352feb,SDOC-bde028cf2acd4f6e8246a38a
2035,TECH,GENERAL / MULTIDISCIPLINE,SKETCH,ENGINEERING SKETCH,OFO-P2035-SK-006,MARKER AND TRANSITION JOINTS (PL-4),B,,,DATA/TECH/2035 Offshore Construction Engineering Register (Pipeline & Cables).xlsx,Sketch,10,INCLUDE,,REV-8945ac7a8b7a41c926d2e2ba,SDOC-b948aa07cb7ec37dc1d28c6b
2035,TECH,GENERAL / MULTIDISCIPLINE,SKETCH,ENGINEERING SKETCH,OFO-P2035-SK-007,MARKER AND TRANSITION JOINTS (PL-5),B,,,DATA/TECH/2035 Offshore Construction Engineering Register (Pipeline & Cables).xlsx,Sketch,11,INCLUDE,,REV-491b913bd0f30efcbdf62a86,SDOC-efa95a83a2d682ba8dc9fb12
2035,TECH,GENERAL / MULTIDISCIPLINE,SKETCH,ENGINEERING SKETCH,OFO-P2035-SK-008,MARKER AND TRANSITION JOINTS (PL-6),B,,,DATA/TECH/2035 Offshore Construction Engineering Register (Pipeline & Cables).xlsx,Sketch,12,INCLUDE,,REV-42bfdd28c1c0eb12f438d5ab,SDOC-cda1ab380aa1e6155cc55403
2035,TECH,GENERAL / MULTIDISCIPLINE,SKETCH,ENGINEERING SKETCH,OFO-P2035-SK-009,MARKER AND TRANSITION JOINTS (PL-7),B,2023-08-17,,DATA/TECH/2035 Offshore Construction Engineering Register (Pipeline & Cables).xlsx,Sketch,13,INCLUDE,,REV-5fb1114cce71b55b9fe94be5,SDOC-5395270261ca866851215c66
2035,TECH,GENERAL / MULTIDISCIPLINE,SKETCH,ENGINEERING SKETCH,OFO-P2035-SK-010,MARKER AND TRANSITION JOINTS (PL-8),B,2023-08-17,,DATA/TECH/2035 Offshore Construction Engineering Register (Pipeline & Cables).xlsx,Sketch,14,INCLUDE,,REV-049334edf10689c8515f1fe5,SDOC-01227818eae5213db507cdaa
2035,TECH,GENERAL / MULTIDISCIPLINE,SKETCH,ENGINEERING SKETCH,OFO-P2035-SK-011,MARKER AND TRANSITION JOINTS (PL-9),B,,,DATA/TECH/2035 Offshore Construction Engineering Register (Pipeline & Cables).xlsx,Sketch,15,INCLUDE,,REV-60a07de6ed2173bbf44f25dc,SDOC-2f83f795c54e59e55be455c0
2035,TECH,GENERAL / MULTIDISCIPLINE,SKETCH,ENGINEERING SKETCH,OFO-P2035-SK-012,MARKER AND TRANSITION JOINTS (PL-10),B,2023-08-17,,DATA/TECH/2035 Offshore Construction Engineering Register (Pipeline & Cables).xlsx,Sketch,16,INCLUDE,,REV-185c954dc1759b831b7418d3,SDOC-8347a8d6fbfdca101eb607c2
2035,TECH,GENERAL / MULTIDISCIPLINE,SKETCH,ENGINEERING SKETCH,OFO-P2035-SK-013,MARKER AND TRANSITION JOINTS (PL-11),B,,,DATA/TECH/2035 Offshore Construction Engineering Register (Pipeline & Cables).xlsx,Sketch,17,INCLUDE,,REV-7b6b7894cfeb1b980529096e,SDOC-dcb9d666a3a46789a01b3f49
2035,TECH,GENERAL / MULTIDISCIPLINE,SKETCH,ENGINEERING SKETCH,OFO-P2035-SK-014,HSS PEEL-OFF TEST REQUIREMENT,A,,,DATA/TECH/2035 Offshore Construction Engineering Register (Pipeline & Cables).xlsx,Sketch,18,INCLUDE,,REV-725ce27f2513c87ee8dbc306,SDOC-2d139fb6cee790f896258241
2035,TECH,GENERAL / MULTIDISCIPLINE,SKETCH,ENGINEERING SKETCH,OFO-P2035-SK-015,TEMPORARY SUPPORT FOR HBC CROSSING LOCATION AT (PL-4) FROM US-19B TO US-153A @ US-19B,B,,,DATA/TECH/2035 Offshore Construction Engineering Register (Pipeline & Cables).xlsx,Sketch,19,INCLUDE,,REV-b9ebb9fe5affc00d1b7cb322,SDOC-e3ded65c2b9900f22d088018
2035,TECH,GENERAL / MULTIDISCIPLINE,SKETCH,ENGINEERING SKETCH,OFO-P2035-SK-016,TEMPORARY SUPPORT FOR HBC CROSSING LOCATION AT (PL-10) FROM HP-3 TO HP-2 (PCKG-2) @ HP-3,A,,,DATA/TECH/2035 Offshore Construction Engineering Register (Pipeline & Cables).xlsx,Sketch,20,INCLUDE,,REV-8c3a924e5401ae58569b55a2,SDOC-9e93477c6fbb1e837d545907
2035,TECH,GENERAL / MULTIDISCIPLINE,SKETCH,ENGINEERING SKETCH,OFO-P2035-SK-017,HAMMER HEAD CRANE VESSEL – GRAVITY ANCHORS ARRANGEMENT LAYOUT,A,,,DATA/TECH/2035 Offshore Construction Engineering Register (Pipeline & Cables).xlsx,Sketch,21,INCLUDE,,REV-33e0a1b14a041e054c154453,SDOC-60ea2e1ef839ac3e73890042
2035,TECH,GENERAL / MULTIDISCIPLINE,SKETCH,ENGINEERING SKETCH,OFO-P2035-SK-018,DETAILS OF TEMPORARY SUPPORT H-900 (TS-01),"B, 1",,,DATA/TECH/2035 Offshore Construction Engineering Register (Pipeline & Cables).xlsx,Sketch,22,INCLUDE,,REV-8500987a555b1bbc083dc0d0,SDOC-d0b24891338a6181cb235ba0
2035,TECH,GENERAL / MULTIDISCIPLINE,SKETCH,ENGINEERING SKETCH,OFO-P2035-SK-018,DETAILS OF TEMPORARY SUPPORT H-900 (TS-01),C,,,DATA/TECH/2035 Offshore Construction Engineering Register (Pipeline & Cables).xlsx,Sketch,23,INCLUDE,,REV-31a6cc7d10cccf3c459aa7ab,SDOC-d0b24891338a6181cb235ba0
2035,TECH,GENERAL / MULTIDISCIPLINE,SKETCH,ENGINEERING SKETCH,OFO-P2035-SK-019,DETAILS OF TEMPORARY SUPPORT H-1050 (TS-02),"B, 1",,,DATA/TECH/2035 Offshore Construction Engineering Register (Pipeline & Cables).xlsx,Sketch,24,INCLUDE,,REV-34eb60998426205ecc6e73ae,SDOC-6180c9549af5ef10e874a60f
2035,TECH,GENERAL / MULTIDISCIPLINE,SKETCH,ENGINEERING SKETCH,OFO-P2035-SK-019,DETAILS OF TEMPORARY SUPPORT H-1050 (TS-02),C,,,DATA/TECH/2035 Offshore Construction Engineering Register (Pipeline & Cables).xlsx,Sketch,25,INCLUDE,,REV-b6b6bb58880d7d06b6e1a659,SDOC-6180c9549af5ef10e874a60f
2035,TECH,GENERAL / MULTIDISCIPLINE,SKETCH,ENGINEERING SKETCH,OFO-P2035-SK-020,DETAILS OF TEMPORARY SUPPORT H-1250 (TS-03),"B, 1",,,DATA/TECH/2035 Offshore Construction Engineering Register (Pipeline & Cables).xlsx,Sketch,26,INCLUDE,,REV-ccb884fafca0af1ae17762d9,SDOC-716a4cbe0e5aa8218e140e0f
2035,TECH,GENERAL / MULTIDISCIPLINE,SKETCH,ENGINEERING SKETCH,OFO-P2035-SK-020,DETAILS OF TEMPORARY SUPPORT H-1250 (TS-03),C,,,DATA/TECH/2035 Offshore Construction Engineering Register (Pipeline & Cables).xlsx,Sketch,27,INCLUDE,,REV-45636ae54665842905126e3e,SDOC-716a4cbe0e5aa8218e140e0f
2035,TECH,GENERAL / MULTIDISCIPLINE,SKETCH,ENGINEERING SKETCH,OFO-P2035-SK-021,DETAILS OF TEMPORARY SUPPORT H-1600 (TS-04),"B, 1",,,DATA/TECH/2035 Offshore Construction Engineering Register (Pipeline & Cables).xlsx,Sketch,28,INCLUDE,,REV-ed5649c1b77378eed6464a39,SDOC-0ac934b04ca5ec9a6ec89d62
2035,TECH,GENERAL / MULTIDISCIPLINE,SKETCH,ENGINEERING SKETCH,OFO-P2035-SK-021,DETAILS OF TEMPORARY SUPPORT H-1600 (TS-04),C,,,DATA/TECH/2035 Offshore Construction Engineering Register (Pipeline & Cables).xlsx,Sketch,29,INCLUDE,,REV-3b8dc794565888f11fadb7fa,SDOC-0ac934b04ca5ec9a6ec89d62
2035,TECH,GENERAL / MULTIDISCIPLINE,SKETCH,ENGINEERING SKETCH,OFO-P2035-SK-022,SAFEEN 3000  MISC. EQUIPMENT LAYOUT,A,,,DATA/TECH/2035 Offshore Construction Engineering Register (Pipeline & Cables).xlsx,Sketch,30,INCLUDE,,REV-1f3b48f72a08bcd015cde3da,SDOC-974782d61fb5111dc8fe3a52
2035,TECH,GENERAL / MULTIDISCIPLINE,SKETCH,ENGINEERING SKETCH,OFO-P2035-SK-023,LIFTING ARRANGEMENT FOR DRILLING UNIT WIRTH 612/615 BY SAFEEN 3000,B,2023-07-28,,DATA/TECH/2035 Offshore Construction Engineering Register (Pipeline & Cables).xlsx,Sketch,31,INCLUDE,,REV-4551f0fce12a5e3cdfa89fd5,SDOC-295517d7870ef6d3c3ed621e
2035,TECH,GENERAL / MULTIDISCIPLINE,SKETCH,ENGINEERING SKETCH,OFO-P2035-SK-024,LIFTING ARRANGEMENT FOR DRILLING BHA WIRTH 612/615 BY SAFEEN 3000,A,,,DATA/TECH/2035 Offshore Construction Engineering Register (Pipeline & Cables).xlsx,Sketch,32,INCLUDE,,REV-946029ae8eece8fb9b08fc84,SDOC-ad45fe720c28dbb98e78590c
2035,TECH,GENERAL / MULTIDISCIPLINE,SKETCH,ENGINEERING SKETCH,OFO-P2035-SK-025,"DETAILS OF TEMPORARY SUPPORT AT (PL-10)
16"" WI PIPELINE (WITH DUAL 2"" PIGGYBACK) FROM HP3 TO HP2","A, 0",,,DATA/TECH/2035 Offshore Construction Engineering Register (Pipeline & Cables).xlsx,Sketch,33,INCLUDE,,REV-d2b47e69600d718d001daad5,SDOC-0a65ab306fecb305a38c6439
2035,TECH,GENERAL / MULTIDISCIPLINE,SKETCH,ENGINEERING SKETCH,OFO-P2035-SK-026,DETAILS OF TEMPORARY SUPPORT H-1100 (TS-06),"A, 0",,,DATA/TECH/2035 Offshore Construction Engineering Register (Pipeline & Cables).xlsx,Sketch,34,INCLUDE,,REV-57f003a62778a4eb60ed4aa4,SDOC-39840bca5aaad9812dbb7bee
2035,TECH,GENERAL / MULTIDISCIPLINE,SKETCH,ENGINEERING SKETCH,OFO-P2035-SK-026,DETAILS OF TEMPORARY SUPPORT H-1100 (TS-06),B,,,DATA/TECH/2035 Offshore Construction Engineering Register (Pipeline & Cables).xlsx,Sketch,35,INCLUDE,,REV-1ae02c204c08f96b039f532c,SDOC-39840bca5aaad9812dbb7bee
2035,TECH,GENERAL / MULTIDISCIPLINE,SKETCH,ENGINEERING SKETCH,OFO-P2035-SK-027,DETAILS OF TEMPORARY SUPPORT H-1200 (TS-07),"A, 0",,,DATA/TECH/2035 Offshore Construction Engineering Register (Pipeline & Cables).xlsx,Sketch,36,INCLUDE,,REV-0154428a6bf61bd7f44ca98f,SDOC-6f741c725141be41f682e9c2
2035,TECH,GENERAL / MULTIDISCIPLINE,SKETCH,ENGINEERING SKETCH,OFO-P2035-SK-027,DETAILS OF TEMPORARY SUPPORT H-1200 (TS-07),B,2024-05-28,,DATA/TECH/2035 Offshore Construction Engineering Register (Pipeline & Cables).xlsx,Sketch,37,INCLUDE,,REV-a9df1b82652bfd050c4ee56d,SDOC-6f741c725141be41f682e9c2
2035,TECH,GENERAL / MULTIDISCIPLINE,SKETCH,ENGINEERING SKETCH,OFO-P2035-SK-028,DETAILS OF TEMPORARY SUPPORT H-800 (TS-08),"A, 0",,,DATA/TECH/2035 Offshore Construction Engineering Register (Pipeline & Cables).xlsx,Sketch,38,INCLUDE,,REV-19230c78739dd458f4d282a5,SDOC-c37509ceede0b104f4ef413e
2035,TECH,GENERAL / MULTIDISCIPLINE,SKETCH,ENGINEERING SKETCH,OFO-P2035-SK-028,DETAILS OF TEMPORARY SUPPORT H-800 (TS-08),B,,,DATA/TECH/2035 Offshore Construction Engineering Register (Pipeline & Cables).xlsx,Sketch,39,INCLUDE,,REV-7a20778111cbcfbbbb113be8,SDOC-c37509ceede0b104f4ef413e
2035,TECH,GENERAL / MULTIDISCIPLINE,SKETCH,ENGINEERING SKETCH,OFO-P2035-SK-029,DETAILS OF TEMPORARY SUPPORT H-800 (TS-09),"A, 0",,,DATA/TECH/2035 Offshore Construction Engineering Register (Pipeline & Cables).xlsx,Sketch,40,INCLUDE,,REV-c144e8c97a697e35509ed983,SDOC-96d23cd7a0a1e9b4b0713bbf
2035,TECH,GENERAL / MULTIDISCIPLINE,SKETCH,ENGINEERING SKETCH,OFO-P2035-SK-029,DETAILS OF TEMPORARY SUPPORT H-800 (TS-09),B,,,DATA/TECH/2035 Offshore Construction Engineering Register (Pipeline & Cables).xlsx,Sketch,41,INCLUDE,,REV-5765a95d82e96c59975198b1,SDOC-96d23cd7a0a1e9b4b0713bbf
2035,TECH,GENERAL / MULTIDISCIPLINE,SKETCH,ENGINEERING SKETCH,OFO-P2035-SK-030,PIPELAY PROFILE WITH STINGER-SAFEEN-3000,B,,,DATA/TECH/2035 Offshore Construction Engineering Register (Pipeline & Cables).xlsx,Sketch,42,INCLUDE,,REV-e75253f22e80ce8adce52fe7,SDOC-4b75004d095ce5a70dac75f5
2035,TECH,GENERAL / MULTIDISCIPLINE,SKETCH,ENGINEERING SKETCH,OFO-P2035-SK-031,"FLANGE PROTECTOR DETAILS FOR 2"" PIPE LINE (FLANGE TYPE)","A, 0",,,DATA/TECH/2035 Offshore Construction Engineering Register (Pipeline & Cables).xlsx,Sketch,43,INCLUDE,,REV-4b8fddbcb6ebfcf919cccb1a,SDOC-428d5c578d3549be596e0b95
2035,TECH,GENERAL / MULTIDISCIPLINE,SKETCH,ENGINEERING SKETCH,OFO-P2035-SK-032,"PIGGING BACK PULLING HEAD FOR 2"" PIPE LINE (FLANGE TYPE)","A, 0",,,DATA/TECH/2035 Offshore Construction Engineering Register (Pipeline & Cables).xlsx,Sketch,44,INCLUDE,,REV-d2f540d58fd0798ba3e09e0c,SDOC-b2025b80aff15cc143f2f9eb
2035,TECH,GENERAL / MULTIDISCIPLINE,SKETCH,ENGINEERING SKETCH,OFO-P2035-SK-032,"PIGGING BACK PULLING HEAD FOR 2"" PIPE LINE (FLANGE TYPE)","B, 1",,,DATA/TECH/2035 Offshore Construction Engineering Register (Pipeline & Cables).xlsx,Sketch,45,INCLUDE,,REV-886427f9309439c36cbbc046,SDOC-b2025b80aff15cc143f2f9eb
2035,TECH,GENERAL / MULTIDISCIPLINE,SKETCH,ENGINEERING SKETCH,OFO-P2035-SK-033,STINGER SECTION-1 (SAFEEN-3000),A,,,DATA/TECH/2035 Offshore Construction Engineering Register (Pipeline & Cables).xlsx,Sketch,46,INCLUDE,,REV-4898ad639d9c48c0ddbcd5bc,SDOC-781ef86088402cfbff3a521a
2035,TECH,GENERAL / MULTIDISCIPLINE,SKETCH,ENGINEERING SKETCH,OFO-P2035-SK-034,TYPICAL ABANDONMENT & RECOVERY / LAYDOWN ARRANGEMENT,A,,,DATA/TECH/2035 Offshore Construction Engineering Register (Pipeline & Cables).xlsx,Sketch,47,INCLUDE,,REV-5d2204f6e4fb09058ab0f8bf,SDOC-31718dbfb922d40a6d9ed052
2035,TECH,GENERAL / MULTIDISCIPLINE,SKETCH,ENGINEERING SKETCH,OFO-P2035-SK-035,"HORIZONTAL (HBS) START-UP ARRANGEMENT 16"" WELL FLUID PIPELINE FROM US-153A TO USSC-RP1 (PL-5) (WITH ∅2"" SINGLE PIGGYBACK)",D,,,DATA/TECH/2035 Offshore Construction Engineering Register (Pipeline & Cables).xlsx,Sketch,48,INCLUDE,,REV-49845f8e5a5cfe5d28af488d,SDOC-3b2b40bf366489d753d6fba2
2035,TECH,GENERAL / MULTIDISCIPLINE,SKETCH,ENGINEERING SKETCH,OFO-P2035-SK-036,SAFEEN-3000 PIGGYBACK CABLE LAYING ARRANGEMENT,"A, 0",,,DATA/TECH/2035 Offshore Construction Engineering Register (Pipeline & Cables).xlsx,Sketch,49,INCLUDE,,REV-9dc85f35928a7f70de71b490,SDOC-055693734a54fb16667a7e1d
2035,TECH,GENERAL / MULTIDISCIPLINE,SKETCH,ENGINEERING SKETCH,OFO-P2035-SK-037,"START-UP ARRANGEMENT 16"" WELL FUID PIPELINE FROM US-159A TO US-12B (PL-1)",C,,,DATA/TECH/2035 Offshore Construction Engineering Register (Pipeline & Cables).xlsx,Sketch,50,INCLUDE,,REV-7c423936cf890b31c26ef59a,SDOC-88d0af8c7996c10450f044ab
2035,TECH,GENERAL / MULTIDISCIPLINE,SKETCH,ENGINEERING SKETCH,OFO-P2035-SK-038,STANCHIONS (W18x97),"A,0",,,DATA/TECH/2035 Offshore Construction Engineering Register (Pipeline & Cables).xlsx,Sketch,51,INCLUDE,,REV-54006b3f409dbaaca8a291fa,SDOC-16e4132841e062c36c3348bf
2035,TECH,GENERAL / MULTIDISCIPLINE,SKETCH,ENGINEERING SKETCH,OFO-P2035-SK-039,STANCHIONS (W24x131),"A,0",,,DATA/TECH/2035 Offshore Construction Engineering Register (Pipeline & Cables).xlsx,Sketch,52,INCLUDE,,REV-1499d161295cb55a240a3908,SDOC-a2e91cec7ed2aad6ffff3a53
2035,TECH,GENERAL / MULTIDISCIPLINE,SKETCH,ENGINEERING SKETCH,OFO-P2035-SK-040,STANCHIONS (W24x162),"A,0",,,DATA/TECH/2035 Offshore Construction Engineering Register (Pipeline & Cables).xlsx,Sketch,53,INCLUDE,,REV-6bc35f8b56271ce64fc63fd0,SDOC-94373c7672f63712e3adcd47
2035,TECH,GENERAL / MULTIDISCIPLINE,SKETCH,ENGINEERING SKETCH,OFO-P2035-SK-041,STANCHIONS (W27x94),"A,0",2023-12-21,,DATA/TECH/2035 Offshore Construction Engineering Register (Pipeline & Cables).xlsx,Sketch,54,INCLUDE,,REV-d63e9cd7e7c8bdda02b04984,SDOC-4ed275bfb3a20b274751d7ef
2035,TECH,GENERAL / MULTIDISCIPLINE,SKETCH,ENGINEERING SKETCH,OFO-P2035-SK-042,STANCHIONS (W27x161),"A,0",,,DATA/TECH/2035 Offshore Construction Engineering Register (Pipeline & Cables).xlsx,Sketch,55,INCLUDE,,REV-84119ea37186cb6889b38ef1,SDOC-6435dc15d626858b513adf01
2035,TECH,GENERAL / MULTIDISCIPLINE,SKETCH,ENGINEERING SKETCH,OFO-P2035-SK-043,AIR TUGGER GUIDE ROLLER ON CCC MARITIME - 2,B,,,DATA/TECH/2035 Offshore Construction Engineering Register (Pipeline & Cables).xlsx,Sketch,56,INCLUDE,,REV-8ab46b1b1309c9c68753fb16,SDOC-15559a5c68fa4e4658674ace
2035,TECH,GENERAL / MULTIDISCIPLINE,SKETCH,ENGINEERING SKETCH,OFO-P2035-SK-044,SAFEEN-3000 STERN EXTENSION LIFTING ARRANGEMENT,B,,,DATA/TECH/2035 Offshore Construction Engineering Register (Pipeline & Cables).xlsx,Sketch,57,INCLUDE,,REV-ccc8953b3e3c62c133eb2765,SDOC-d334df6c2f85384a31ae875a
2035,TECH,GENERAL / MULTIDISCIPLINE,SKETCH,ENGINEERING SKETCH,OFO-P2035-SK-045,"HORIZONTAL (HBS) START-UP ARRANGEMENT 16"" WF PIPELINE FROM US-12B TO USSC-RP1 (PL-2) AT RP-1",C,,,DATA/TECH/2035 Offshore Construction Engineering Register (Pipeline & Cables).xlsx,Sketch,58,INCLUDE,,REV-d614afb0fbe56165a3dd5c62,SDOC-752911718a0ef57234f03cb0
2035,TECH,GENERAL / MULTIDISCIPLINE,SKETCH,ENGINEERING SKETCH,OFO-P2035-SK-046,DAVIT LIFTING STROPS DETAILS,A,,,DATA/TECH/2035 Offshore Construction Engineering Register (Pipeline & Cables).xlsx,Sketch,59,INCLUDE,,REV-85f8dd1426131a1982d74fdf,SDOC-aa9c5ad2f428306612d13cf8
2035,TECH,GENERAL / MULTIDISCIPLINE,SKETCH,ENGINEERING SKETCH,OFO-P2035-SK-047,AIR BAG ARRANGEMENTS FOR 16 & 18” PIPELINE,B,,,DATA/TECH/2035 Offshore Construction Engineering Register (Pipeline & Cables).xlsx,Sketch,60,INCLUDE,,REV-cff1d98da972cc19888d87de,SDOC-98211a817caa29bce3bc44a1
2035,TECH,GENERAL / MULTIDISCIPLINE,SKETCH,ENGINEERING SKETCH,OFO-P2035-SK-048,"HORIZONTAL (HBS) START-UP ARRANGEMENT FOR 18"" WELL FLUID PIPELINE FROM HP-2 TO USSC-RP1 (PL-7)”",,,,DATA/TECH/2035 Offshore Construction Engineering Register (Pipeline & Cables).xlsx,Sketch,61,INCLUDE,,REV-879e5021396a593e6a9ea293,SDOC-06698bdad77f6acef6c9b704
2035,TECH,GENERAL / MULTIDISCIPLINE,SKETCH,ENGINEERING SKETCH,OFO-P2035-SK-049,EQUIPMENT LAYOUT ON SAFEEN-3000,B,,,DATA/TECH/2035 Offshore Construction Engineering Register (Pipeline & Cables).xlsx,Sketch,62,INCLUDE,,REV-5a302d4c776882fe371bd6e8,SDOC-3632450de4f0dd145c5e0b62
2035,TECH,GENERAL / MULTIDISCIPLINE,SKETCH,ENGINEERING SKETCH,OFO-P2035-SK-050,TYPICAL PERSONNEL TRANSFER BASKET ARRANGEMENT FROM VESSEL / CARGO BARGE,A,2024-05-10,,DATA/TECH/2035 Offshore Construction Engineering Register (Pipeline & Cables).xlsx,Sketch,63,INCLUDE,,REV-7e18df649c545e0c01780c2c,SDOC-3bc7a77a560231d22e815dfc
2035,TECH,GENERAL / MULTIDISCIPLINE,SKETCH,ENGINEERING SKETCH,OFO-P2035-SK-051,CABLE TRANSFER  BETWEEN UMM SHAIF AND CABLE TANK,A,,,DATA/TECH/2035 Offshore Construction Engineering Register (Pipeline & Cables).xlsx,Sketch,64,INCLUDE,,REV-6a7375f145e8dd51ab64f476,SDOC-e40767644c22232cc5d3f320
2035,TECH,GENERAL / MULTIDISCIPLINE,SKETCH,ENGINEERING SKETCH,OFO-P2035-SK-052,LIFTING & INSTALLATION OF 26m GANGWAY AT CSP-01,A,,,DATA/TECH/2035 Offshore Construction Engineering Register (Pipeline & Cables).xlsx,Sketch,65,INCLUDE,,REV-5bf7697099baa86d112e372c,SDOC-886240b833c49662f970d1f1
2035,TECH,GENERAL / MULTIDISCIPLINE,SKETCH,ENGINEERING SKETCH,OFO-P2035-SK-053,"HORIZONTAL (HBS) START-UP ARRANGEMENT 16"" WF PIPELINE FROM US-142A TO USSC-RP1 (PL-3) AT RP-1",C,,,DATA/TECH/2035 Offshore Construction Engineering Register (Pipeline & Cables).xlsx,Sketch,66,INCLUDE,,REV-cd2e032d478cfff19d8e36af,SDOC-b57383e4acf48fe6fb50bc14
2035,TECH,GENERAL / MULTIDISCIPLINE,SKETCH,ENGINEERING SKETCH,OFO-P2035-SK-054,GANGWAY ARRANGEMENT BETWEEN PLATFORM AND VESSEL AT LOCATION-2,C,,,DATA/TECH/2035 Offshore Construction Engineering Register (Pipeline & Cables).xlsx,Sketch,67,INCLUDE,,REV-17ab0b272200a7287d796e32,SDOC-6177ba417d53f8a4a64b59f4
2035,TECH,GENERAL / MULTIDISCIPLINE,SKETCH,ENGINEERING SKETCH,OFO-P2035-SK-055,GANGWAY ARRANGEMENT BETWEEN PLATFORM AND VESSEL POSITION-III,,2024-06-27,,DATA/TECH/2035 Offshore Construction Engineering Register (Pipeline & Cables).xlsx,Sketch,68,INCLUDE,,REV-2e032e4108f813011559c820,SDOC-0c3118b7a73a136c23dd224e
2035,TECH,GENERAL / MULTIDISCIPLINE,SKETCH,ENGINEERING SKETCH,OFO-P2035-SK-056,ADDITIONAL PADEYE ARRANGEMENT AT LB-II,"A,0",,,DATA/TECH/2035 Offshore Construction Engineering Register (Pipeline & Cables).xlsx,Sketch,69,INCLUDE,,REV-477a4d992992b597b7dfd6ee,SDOC-c6237600ffaaa9cc0b798736
2035,TECH,GENERAL / MULTIDISCIPLINE,SKETCH,ENGINEERING SKETCH,OFO-P2035-SK-057,LB-II MOORING WINCH LOAD TEST ARRANGEMENT,A,2024-07-27,,DATA/TECH/2035 Offshore Construction Engineering Register (Pipeline & Cables).xlsx,Sketch,70,INCLUDE,,REV-0935ffcd06fb2d9330a10b48,SDOC-acb6fb5304d0f7e4fabac772
2035,TECH,GENERAL / MULTIDISCIPLINE,SKETCH,ENGINEERING SKETCH,OFO-P2035-SK-058,SAFEEN PEARL CABLE LAYOUT ARRANGEMENT,F,,,DATA/TECH/2035 Offshore Construction Engineering Register (Pipeline & Cables).xlsx,Sketch,71,INCLUDE,,REV-37847748ad7a6b6247a85558,SDOC-7cc2190a1395114bf2bd565d
2035,TECH,GENERAL / MULTIDISCIPLINE,SKETCH,ENGINEERING SKETCH,OFO-P2035-SK-059,"DMA START-UP ARRANGEMENT PROPOSED (PL-4) 16"" WELL FLUID PL.  FROM US-19B TO US-153A (PACKAGE-1)",B,,,DATA/TECH/2035 Offshore Construction Engineering Register (Pipeline & Cables).xlsx,Sketch,72,INCLUDE,,REV-7aac0d0ba5820c4e41663639,SDOC-725c139fe9001caf733cf159
2035,TECH,GENERAL / MULTIDISCIPLINE,SKETCH,ENGINEERING SKETCH,OFO-P2035-SK-060,"DMA START-UP ARRAMGEMENT (PL-10) PROPOSED 16"" WI PLATFORM HP-3 TO HP-2",D,,,DATA/TECH/2035 Offshore Construction Engineering Register (Pipeline & Cables).xlsx,Sketch,73,INCLUDE,,REV-e194ff25548e7e4c2d8b58a9,SDOC-ce3194519cf6f182f7d348b4
2035,TECH,GENERAL / MULTIDISCIPLINE,SKETCH,ENGINEERING SKETCH,OFO-P2035-SK-061,TEMPORARY HANG OFF CLAMP for 87.2 DIA CABLE.,"A,0",,,DATA/TECH/2035 Offshore Construction Engineering Register (Pipeline & Cables).xlsx,Sketch,74,INCLUDE,,REV-0ffce37df026b1b63bbdbbd4,SDOC-0b5ae2bc63d33eb1172aa750
2035,TECH,GENERAL / MULTIDISCIPLINE,SKETCH,ENGINEERING SKETCH,OFO-P2035-SK-062,TEMPORARY HANG OFF CLAMP for 97.3 DIA CABLE.,"A,0",,,DATA/TECH/2035 Offshore Construction Engineering Register (Pipeline & Cables).xlsx,Sketch,75,INCLUDE,,REV-2f88662054330671dda6eb65,SDOC-65ad99c9c4bfa22f0076eea5
2035,TECH,GENERAL / MULTIDISCIPLINE,SKETCH,ENGINEERING SKETCH,OFO-P2035-SK-063,CABLE LAYING QUADRANT,A,,,DATA/TECH/2035 Offshore Construction Engineering Register (Pipeline & Cables).xlsx,Sketch,76,INCLUDE,,REV-605e5bd52eb63964a4a88f8c,SDOC-5e6d1794a0bdb5a0e789afc6
2035,TECH,GENERAL / MULTIDISCIPLINE,SKETCH,ENGINEERING SKETCH,OFO-P2035-SK-064,SEP-750 LIFTING & OFFLODING ARRANGEMENT FOR 20 FT. CONTAINER,A,,,DATA/TECH/2035 Offshore Construction Engineering Register (Pipeline & Cables).xlsx,Sketch,77,INCLUDE,,REV-f70941e5b5a175b0e1aa56e9,SDOC-15dbeb8a194e2a46dd506234
2035,TECH,GENERAL / MULTIDISCIPLINE,SKETCH,ENGINEERING SKETCH,OFO-P2035-SK-065,SEP-750 LIFTING & OFFLODING ARRANGEMENT FOR SCAFFOLDING PIPE BUNDLE,A,2024-09-28,,DATA/TECH/2035 Offshore Construction Engineering Register (Pipeline & Cables).xlsx,Sketch,78,INCLUDE,,REV-b0c50fee6ce4ec18569979d1,SDOC-89fa59d0b2fb1edc2c17f09d
2035,TECH,GENERAL / MULTIDISCIPLINE,SKETCH,ENGINEERING SKETCH,OFO-P2035-SK-066,SEP-750 LIFTING & OFFLOADING ARRANGEMENT FOR PERSONNEL TRANSFER BASKET,B,2024-10-04,,DATA/TECH/2035 Offshore Construction Engineering Register (Pipeline & Cables).xlsx,Sketch,79,INCLUDE,,REV-0eb0b497616152bb7829f7ae,SDOC-bd4bdfbed1149d0eadf93ab4
2035,TECH,GENERAL / MULTIDISCIPLINE,SKETCH,ENGINEERING SKETCH,OFO-P2035-SK-067,SEP-750 LIFTING & OFFLOADING ARRANGEMENT FOR 20 FT. CONTAINER  USING MAIN CRANE,A,,,DATA/TECH/2035 Offshore Construction Engineering Register (Pipeline & Cables).xlsx,Sketch,80,INCLUDE,,REV-0b759653912cb27443bf89ea,SDOC-4e30a1df8b7c4d78e14df0f8
2035,TECH,GENERAL / MULTIDISCIPLINE,SKETCH,ENGINEERING SKETCH,OFO-P2035-SK-068,SEP-750 LIFTING & OFFLOADING ARRANGEMENT FOR SCAFFOLDING PIPE BUNDLE USING MAIN CRANE,A,,,DATA/TECH/2035 Offshore Construction Engineering Register (Pipeline & Cables).xlsx,Sketch,81,INCLUDE,,REV-2377e19b2a258f3b1e029ac7,SDOC-ec46aa7182c25755b20bfdbe
2035,TECH,GENERAL / MULTIDISCIPLINE,SKETCH,ENGINEERING SKETCH,OFO-P2035-SK-069,SEP-450 LIFTING & OFFLOADING ARRANGEMENT FOR 20 FT. CONTAINER AT US 142,A,,,DATA/TECH/2035 Offshore Construction Engineering Register (Pipeline & Cables).xlsx,Sketch,82,INCLUDE,,REV-fdc22a560e2d8fdce4e752a7,SDOC-7714d572cd823a81194cd6c8
2035,TECH,GENERAL / MULTIDISCIPLINE,SKETCH,ENGINEERING SKETCH,OFO-P2035-SK-070,SEP-450 TRIDENT LIFTING & OFFLOADING ARRANGEMENT FOR  20 FT. CONTAINER FROM DECK TO  US-142 PLATFORM,A,,,DATA/TECH/2035 Offshore Construction Engineering Register (Pipeline & Cables).xlsx,Sketch,83,INCLUDE,,REV-75039218b6001ee08da635f4,SDOC-3fe1b3554085b183f8253084
2035,TECH,GENERAL / MULTIDISCIPLINE,SKETCH,ENGINEERING SKETCH,OFO-P2035-SK-071,SEP-450 LIFTING & OFFLOADING ARRANGEMENT FOR BILLY PUGH AT US 142 PLATFORM,A,,,DATA/TECH/2035 Offshore Construction Engineering Register (Pipeline & Cables).xlsx,Sketch,84,INCLUDE,,REV-94d0c2d8522272d789fbbb53,SDOC-1bbc0b8b16cdc4dcbe10c705
2035,TECH,GENERAL / MULTIDISCIPLINE,SKETCH,ENGINEERING SKETCH,OFO-P2035-SK-072,SEP-450 LIFTING & OFFLOADING BILLY PUGH FROM BARGE DECK TO PLATFORM AND FROM PLATFORM TO BARGE DECK AT US-142,A,,,DATA/TECH/2035 Offshore Construction Engineering Register (Pipeline & Cables).xlsx,Sketch,85,INCLUDE,,REV-338e23b133c5022d58fc9eda,SDOC-7ccb2844ec873621bc5ef98c
2035,TECH,GENERAL / MULTIDISCIPLINE,SKETCH,ENGINEERING SKETCH,OFO-P2035-SK-073,SEP-450 LIFTING & OFFLOADING ARRANGEMENT FOR GANGWAY AT US 142 PLATFORM,A,,,DATA/TECH/2035 Offshore Construction Engineering Register (Pipeline & Cables).xlsx,Sketch,86,INCLUDE,,REV-041c71e977118cfeb0b164bb,SDOC-fad454b5b5036750bf8fd86c
2035,TECH,GENERAL / MULTIDISCIPLINE,SKETCH,ENGINEERING SKETCH,OFO-P2035-SK-074,SEP-450 LIFTING & INSTALLATION ARRANGEMENT OF GANGWAY AT US 142,A,,,DATA/TECH/2035 Offshore Construction Engineering Register (Pipeline & Cables).xlsx,Sketch,87,INCLUDE,,REV-97e967aa213d6363e99c6eb3,SDOC-d629055c854546c22fd19ec4
2035,TECH,GENERAL / MULTIDISCIPLINE,SKETCH,ENGINEERING SKETCH,OFO-P2035-SK-075,SEAFOX TRIDENT LIFTING & OFFLOADING ARRANGEMENT FOR BILLY PUGH AT US 142 PLATFORM,D,,,DATA/TECH/2035 Offshore Construction Engineering Register (Pipeline & Cables).xlsx,Sketch,88,INCLUDE,,REV-2018bb69ef0831852547b917,SDOC-c3031a4e501a568e356be2ca
2035,TECH,GENERAL / MULTIDISCIPLINE,SKETCH,ENGINEERING SKETCH,OFO-P2035-SK-076,SEAFOX TRIDENT LIFTING & OFFLOADING BILL PUGH FROM BARGE DECK TO PLATFORM AND FROM PLATFORM TO BARGE DECK AT US 142,D,2024-11-24,,DATA/TECH/2035 Offshore Construction Engineering Register (Pipeline & Cables).xlsx,Sketch,89,INCLUDE,,REV-9e0056511b51c79d68ba128a,SDOC-92607c7176f11b36527a4095
2035,TECH,GENERAL / MULTIDISCIPLINE,SKETCH,ENGINEERING SKETCH,OFO-P2035-SK-077,SEAFOX TRIDENT LIFTING & OFFLOADING ARRANGEMENT FOR 20 FT. CONTAINER AT US 142,D,,,DATA/TECH/2035 Offshore Construction Engineering Register (Pipeline & Cables).xlsx,Sketch,90,INCLUDE,,REV-a3c0442641d3c5492b4d6641,SDOC-e4aaf510e873ea718cf57f34
2035,TECH,GENERAL / MULTIDISCIPLINE,SKETCH,ENGINEERING SKETCH,OFO-P2035-SK-078,SEAFOX TRIDENT LIFTING & OFFLOADING ARRANGEMENT FOR 10 FT. CONTAINER FROM BARGE DECK TO PLATFORM AND FROM PLATFORM TO BARGE DECK AT US 142,D,,,DATA/TECH/2035 Offshore Construction Engineering Register (Pipeline & Cables).xlsx,Sketch,91,INCLUDE,,REV-4376f11199a5e82483e95fab,SDOC-2c44929a9267afc81e0868ed
2035,TECH,GENERAL / MULTIDISCIPLINE,SKETCH,ENGINEERING SKETCH,OFO-P2035-SK-079,SEAFOX TRIDENT LIFTING & OFFLOADING ARRANGEMENT FOR GANGWAY AT US 142 PLATFORM,E,,,DATA/TECH/2035 Offshore Construction Engineering Register (Pipeline & Cables).xlsx,Sketch,92,INCLUDE,,REV-2251d0da843bba85af2a4c84,SDOC-7be1370ac6d0009eddbc6e34
2035,TECH,GENERAL / MULTIDISCIPLINE,SKETCH,ENGINEERING SKETCH,OFO-P2035-SK-080,SEAFOX TRIDENT LIFTING & INSTALLATION ARRANGEMENT OF GANGWAY AT US 142,E,,,DATA/TECH/2035 Offshore Construction Engineering Register (Pipeline & Cables).xlsx,Sketch,93,INCLUDE,,REV-fe144fbfcdb71ae3b5ee1f1a,SDOC-81b450aa580886bf829a6cf9
2035,TECH,GENERAL / MULTIDISCIPLINE,SKETCH,ENGINEERING SKETCH,OFO-P2035-SK-081,RECOVERY OF ZODIAC ARRANGEMENT FROM SEAFOX TRIDENT,,,,DATA/TECH/2035 Offshore Construction Engineering Register (Pipeline & Cables).xlsx,Sketch,94,INCLUDE,,REV-4afb9f387bef134ad67807f8,SDOC-dedfd607677698f44c5d5fe5
2035,TECH,GENERAL / MULTIDISCIPLINE,SKETCH,ENGINEERING SKETCH,OFO-P2035-SK-082,SEP-450 RECOVERY OF ZODIAC ARRANGEMENT AT US 142,A,,,DATA/TECH/2035 Offshore Construction Engineering Register (Pipeline & Cables).xlsx,Sketch,95,INCLUDE,,REV-3b717d24e4bd818fcdecb4d8,SDOC-42f3f81c7a6c4ee80f501ae6
2035,TECH,GENERAL / MULTIDISCIPLINE,SKETCH,ENGINEERING SKETCH,OFO-P2035-SK-083,SEP-450 REMOVAL ARRANGEMENT OF GANGWAY AT US 142,A,,,DATA/TECH/2035 Offshore Construction Engineering Register (Pipeline & Cables).xlsx,Sketch,96,INCLUDE,,REV-1ca7df617b76977e03f0cb21,SDOC-aae8b8d737def2687f88c2b7
2035,TECH,GENERAL / MULTIDISCIPLINE,SKETCH,ENGINEERING SKETCH,OFO-P2035-SK-084,SEP-650 LIFTING & OFFLOADING ARRANGEMENT FOR BILLY PUGH AT US 153 PLATFORM,B,2024-10-24,,DATA/TECH/2035 Offshore Construction Engineering Register (Pipeline & Cables).xlsx,Sketch,97,INCLUDE,,REV-f06c51d84019833855152681,SDOC-d780dca4c8756b5d1624a325
2035,TECH,GENERAL / MULTIDISCIPLINE,SKETCH,ENGINEERING SKETCH,OFO-P2035-SK-085,SEAFOX TRIDENT REMOVAL ARRANGEMENT OF GANGWAY AT US 142,E,,,DATA/TECH/2035 Offshore Construction Engineering Register (Pipeline & Cables).xlsx,Sketch,98,INCLUDE,,REV-581edbd8600348f513bc230e,SDOC-8073ab8a654007f4d48d7004
2035,TECH,GENERAL / MULTIDISCIPLINE,SKETCH,ENGINEERING SKETCH,OFO-P2035-SK-086,SEP-650 LIFTING & OFFLOADING ARRANGEMENT FOR 20 FT. CONTAINER AT US 153,B,,,DATA/TECH/2035 Offshore Construction Engineering Register (Pipeline & Cables).xlsx,Sketch,99,INCLUDE,,REV-5122121c3e348a74bf06af1a,SDOC-c4308bb5b0203a5be9858cc6
2035,TECH,GENERAL / MULTIDISCIPLINE,SKETCH,ENGINEERING SKETCH,OFO-P2035-SK-087,SEP-650 LIFTING & OFFLOADING ARRANGEMENT FOR 20 FT. CONTAINER FROM BARGE DECK TO PLATFORM AND FROM PLATFORM TO BARGE DECK AT US 153,B,,,DATA/TECH/2035 Offshore Construction Engineering Register (Pipeline & Cables).xlsx,Sketch,100,INCLUDE,,REV-d08ca61e7b11b1aa705791c1,SDOC-a2f8e4ee425831cd9392bb14
2035,TECH,GENERAL / MULTIDISCIPLINE,SKETCH,ENGINEERING SKETCH,OFO-P2035-SK-088,SEP-650 LIFTING & OFFLOADING ARRANGEMENT FOR GANGWAY AT US 153 PLATFORM,B,,,DATA/TECH/2035 Offshore Construction Engineering Register (Pipeline & Cables).xlsx,Sketch,101,INCLUDE,,REV-d82ddda0592b5b84998f59e8,SDOC-d23910d043aee7ddd43e53be
2035,TECH,GENERAL / MULTIDISCIPLINE,SKETCH,ENGINEERING SKETCH,OFO-P2035-SK-089,SEP-650 LIFTING & INSTALLATION ARRANGEMENT OF GANGWAY AT US 153,B,2024-10-24,,DATA/TECH/2035 Offshore Construction Engineering Register (Pipeline & Cables).xlsx,Sketch,102,INCLUDE,,REV-f3e4a43ef75e294d528bf182,SDOC-83a3f540e75297bee9cbd08f
2035,TECH,GENERAL / MULTIDISCIPLINE,SKETCH,ENGINEERING SKETCH,OFO-P2035-SK-090,SEP-650 REMOVAL ARRANGEMENT OF GANGWAY AT US 153,B,,,DATA/TECH/2035 Offshore Construction Engineering Register (Pipeline & Cables).xlsx,Sketch,103,INCLUDE,,REV-36ce459c6f280d5c476b14e5,SDOC-a18c13d1f7664eb655ed7a8d
2035,TECH,GENERAL / MULTIDISCIPLINE,SKETCH,ENGINEERING SKETCH,OFO-P2035-SK-091,RECOVERY OF ZODIAC ARRANGEMENT SEAFOX TRIDENT DECK AT US 142,D,2024-11-24,,DATA/TECH/2035 Offshore Construction Engineering Register (Pipeline & Cables).xlsx,Sketch,104,INCLUDE,,REV-39ddc0c3acad259ff3486978,SDOC-372745e04d6c032484b5fd0f
2035,TECH,GENERAL / MULTIDISCIPLINE,SKETCH,ENGINEERING SKETCH,OFO-P2035-SK-092,RECOVERY OF ZODIAC ARRANGEMENT FROM SEP-650 DECK AT US 153,,,,DATA/TECH/2035 Offshore Construction Engineering Register (Pipeline & Cables).xlsx,Sketch,105,INCLUDE,,REV-0e127d46012afd32930fe252,SDOC-a9a8db821d539dac719f83f5
2035,TECH,GENERAL / MULTIDISCIPLINE,SKETCH,ENGINEERING SKETCH,OFO-P2035-SK-093,SEP-650 RECOVERY OF ZODIAC ARRANGEMENT AT US 153,B,,,DATA/TECH/2035 Offshore Construction Engineering Register (Pipeline & Cables).xlsx,Sketch,106,INCLUDE,,REV-3e7d6d39948c96153c1786f6,SDOC-165c44c6c97bab33ee18b788
2035,TECH,GENERAL / MULTIDISCIPLINE,SKETCH,ENGINEERING SKETCH,OFO-P2035-SK-094,SEP-650 LIFTING & OFFLOADINGBILLY POGH FROM DECK TO PLATFORM AND FROM PLATFORM TO BARGE DECK AT US 153,B,,,DATA/TECH/2035 Offshore Construction Engineering Register (Pipeline & Cables).xlsx,Sketch,107,INCLUDE,,REV-4c30d95b47a97c197fae812c,SDOC-268cb05e3df3e0758a504b3e
2035,TECH,GENERAL / MULTIDISCIPLINE,SKETCH,ENGINEERING SKETCH,OFO-P2035-SK-095,HEA KRAKEN LIFTING & OFFLOADING ARRANGEMENT FOR 20 FT. CONTAINER AT US 159,B,2024-11-04,,DATA/TECH/2035 Offshore Construction Engineering Register (Pipeline & Cables).xlsx,Sketch,108,INCLUDE,,REV-aa88b598556bb45e31c01a2d,SDOC-e83db4126474c2f684f61bc1
2035,TECH,GENERAL / MULTIDISCIPLINE,SKETCH,ENGINEERING SKETCH,OFO-P2035-SK-096,HEA KRAKEN LIFTING & OFFLOADING ARRANGEMENT FOR 20 FT. CONTAINER FROM BARGE DECK TO PLATFORM AND FROM PLATFORM TO BARGE DECK AT US 159,B,2024-11-04,,DATA/TECH/2035 Offshore Construction Engineering Register (Pipeline & Cables).xlsx,Sketch,109,INCLUDE,,REV-493532f1b5251eadc1c019d7,SDOC-88b90333f1f611487b636997
2035,TECH,GENERAL / MULTIDISCIPLINE,SKETCH,ENGINEERING SKETCH,OFO-P2035-SK-097,HEA KRAKEN LIFTING & OFFLOADING ARRANGEMENT FOR GANGWAY AT US 159 PLATFORM,B,,,DATA/TECH/2035 Offshore Construction Engineering Register (Pipeline & Cables).xlsx,Sketch,110,INCLUDE,,REV-171132235886f16d21f39b63,SDOC-d194b34664709ffc0f837213
2035,TECH,GENERAL / MULTIDISCIPLINE,SKETCH,ENGINEERING SKETCH,OFO-P2035-SK-098,HEA KRAKEN LIFTING & INSTALLATION ARRANGEMENT OF GANGWAY AT US 159,B,,,DATA/TECH/2035 Offshore Construction Engineering Register (Pipeline & Cables).xlsx,Sketch,111,INCLUDE,,REV-e472b88bc47f92f0bd1a1a37,SDOC-66b5e1b4b2c0b4937a0add87
2035,TECH,GENERAL / MULTIDISCIPLINE,SKETCH,ENGINEERING SKETCH,OFO-P2035-SK-099,HEA KRAKEN REMOVAL ARRANGEMENT OF GANGWAY AT US 159,B,,,DATA/TECH/2035 Offshore Construction Engineering Register (Pipeline & Cables).xlsx,Sketch,112,INCLUDE,,REV-350e6ee87a8f8f0a47b54d77,SDOC-99f668da4cf49d1fcd057752
2035,TECH,GENERAL / MULTIDISCIPLINE,SKETCH,ENGINEERING SKETCH,OFO-P2035-SK-100,RECOVERY OF ZODIAC ARRANGEMENT FROM HEA KRAKEN DECK AT US 159,B,,,DATA/TECH/2035 Offshore Construction Engineering Register (Pipeline & Cables).xlsx,Sketch,113,INCLUDE,,REV-e590486c14ebc48af0066816,SDOC-b63061074a70d8eb4a59bf04
2035,TECH,GENERAL / MULTIDISCIPLINE,SKETCH,ENGINEERING SKETCH,OFO-P2035-SK-101,SEP-650 LIFTING & OFFLOADING ARRANGEMENT FOR PROJECT MATERIAL AT US 159,B,,,DATA/TECH/2035 Offshore Construction Engineering Register (Pipeline & Cables).xlsx,Sketch,114,INCLUDE,,REV-f8f07c5ed8b9308eaa097b36,SDOC-283045aea7343893dfe04a43
2035,TECH,GENERAL / MULTIDISCIPLINE,SKETCH,ENGINEERING SKETCH,OFO-P2035-SK-102,SEP-650 LIFTING & OFFLOADING ARRANGEMENT FOR PROJECT MATERIAL FROM BARGE DECK TO PLATFORM AND FROM PLATFORM TO BARGE DECK AT US 159,B,,,DATA/TECH/2035 Offshore Construction Engineering Register (Pipeline & Cables).xlsx,Sketch,115,INCLUDE,,REV-749d22920ad55624d5c07bb2,SDOC-c773e216278e9c517b93b1ca
2035,TECH,GENERAL / MULTIDISCIPLINE,SKETCH,ENGINEERING SKETCH,OFO-P2035-SK-103,SEAFOX TRIDENT LIFTING & OFFLOADING ARRANGEMENT FOR PROJECT MATERIAL AT US 142,D,,,DATA/TECH/2035 Offshore Construction Engineering Register (Pipeline & Cables).xlsx,Sketch,116,INCLUDE,,REV-90f4e07da2dc7f170e4c7db1,SDOC-259731146a062e02b4b70940
2035,TECH,GENERAL / MULTIDISCIPLINE,SKETCH,ENGINEERING SKETCH,OFO-P2035-SK-104,SEAFOX TRIDENT LIFTING & OFFLOADING ARRANGEMENT FOR PROJECT MATERIAL FROM BARGE DECK TO PLATFORM AND FROM PLATFORM TO BARGE DECK AT US 142,D,,,DATA/TECH/2035 Offshore Construction Engineering Register (Pipeline & Cables).xlsx,Sketch,117,INCLUDE,,REV-c538496d065101be243e3a87,SDOC-6e6d4250ae3f8264cac77a54
2035,TECH,GENERAL / MULTIDISCIPLINE,SKETCH,ENGINEERING SKETCH,OFO-P2035-SK-105,SEP-450 LIFTING & OFFLOADING ARRANGEMENT FOR PROJECT MATERIAL AT US 142,A,,,DATA/TECH/2035 Offshore Construction Engineering Register (Pipeline & Cables).xlsx,Sketch,118,INCLUDE,,REV-1b2c9a9d69a2f8daa8e017ce,SDOC-3c2f168062bf156af13c6012
2035,TECH,GENERAL / MULTIDISCIPLINE,SKETCH,ENGINEERING SKETCH,OFO-P2035-SK-106,SEP-450 LIFTING & OFFLOADING ARRANGEMENT FOR PROJECT MATERIAL FROM BARGE DECK TO PLATFORM AND FROM PLATFORM TO BARGE DECK AT US 142,A,,,DATA/TECH/2035 Offshore Construction Engineering Register (Pipeline & Cables).xlsx,Sketch,119,INCLUDE,,REV-385d67b72eee5610096e2657,SDOC-a140bb73657973d344e332e1
2035,TECH,GENERAL / MULTIDISCIPLINE,SKETCH,ENGINEERING SKETCH,OFO-P2035-SK-107,HEA KRAKEN LIFTING & OFFLOADING ARRANGEMENT FOR PROJECT MATERIAL AT US 159,B,,,DATA/TECH/2035 Offshore Construction Engineering Register (Pipeline & Cables).xlsx,Sketch,120,INCLUDE,,REV-64b5ba8a2a3a724ed32e7aaf,SDOC-f19a8615a3233bd80271c278
2035,TECH,GENERAL / MULTIDISCIPLINE,SKETCH,ENGINEERING SKETCH,OFO-P2035-SK-108,HEA KRAKEN LIFTING & OFFLOADING ARRANGEMENT FOR PROJECT MATERIAL FROM BARGE DECK TO PLATFORM AND FROM PLATFORM TO BARGE DECK AT US 159,B,,,DATA/TECH/2035 Offshore Construction Engineering Register (Pipeline & Cables).xlsx,Sketch,121,INCLUDE,,REV-8d514466c2b399814cbf2386,SDOC-e62ec10a076e5d8cf45e5836
2035,TECH,GENERAL / MULTIDISCIPLINE,SKETCH,ENGINEERING SKETCH,OFO-P2035-SK-109,HEA KRAKEN LIFTING & OFFLOADING ARRANGEMENT FOR BILLY PUGH AT US 159 PLATFORM,B,,,DATA/TECH/2035 Offshore Construction Engineering Register (Pipeline & Cables).xlsx,Sketch,122,INCLUDE,,REV-6adec755ecee303a85c4f1a2,SDOC-63b0a66965fe346481db4a78
2035,TECH,GENERAL / MULTIDISCIPLINE,SKETCH,ENGINEERING SKETCH,OFO-P2035-SK-110,HEA KRAKEN LIFTING & OFFLOADING BILL PUGH FROM BARGE DECK TO PLATFORM AND FROM PLATFORM TO BARGE DECK AT US 159,B,,,DATA/TECH/2035 Offshore Construction Engineering Register (Pipeline & Cables).xlsx,Sketch,123,INCLUDE,,REV-e37de91b5c5d4698a5d51e09,SDOC-bb97b1cdc2a843015e5afca6
2035,TECH,GENERAL / MULTIDISCIPLINE,SKETCH,ENGINEERING SKETCH,OFO-P2035-SK-111,TYPICAL LIFTING ARRANGEMENT OF 70MT GRAVITY ANCHOR BY DLB-1000,B,,,DATA/TECH/2035 Offshore Construction Engineering Register (Pipeline & Cables).xlsx,Sketch,124,INCLUDE,,REV-fe859ec6f19c5324a693c44a,SDOC-944f53c16244376d8ad8df0b
2035,TECH,GENERAL / MULTIDISCIPLINE,SKETCH,ENGINEERING SKETCH,OFO-P2035-SK-112,PADEYE DETAIL ON SAFEEN OSV PEARL BOOM REST,A,,,DATA/TECH/2035 Offshore Construction Engineering Register (Pipeline & Cables).xlsx,Sketch,125,INCLUDE,,REV-a341eb7746f17a9adcc45307,SDOC-60615ccf13a4a7f9ff84561d
2035,TECH,GENERAL / MULTIDISCIPLINE,SKETCH,ENGINEERING SKETCH,OFO-P2035-SK-113,SEA FASTENING GRILLAGE LAYOUT & DETAILS,"B, 0",,,DATA/TECH/2035 Offshore Construction Engineering Register (Pipeline & Cables).xlsx,Sketch,126,INCLUDE,,REV-6b836ad84c52bbdba1082f5f,SDOC-b8777616499ca280dfa0069e
2035,TECH,GENERAL / MULTIDISCIPLINE,SKETCH,ENGINEERING SKETCH,OFO-P2035-SK-114,CABLE TOWER DETAILS,C,,,DATA/TECH/2035 Offshore Construction Engineering Register (Pipeline & Cables).xlsx,Sketch,127,INCLUDE,,REV-97fde59cf34aaa65a86bb16f,SDOC-9a319d990577fc05ece613b4
2035,TECH,GENERAL / MULTIDISCIPLINE,SKETCH,ENGINEERING SKETCH,OFO-P2035-SK-115,REMOVAL AND RE-INSTALLATION OF SAFEEN PEARL CRANE BOOM REST,A,,,DATA/TECH/2035 Offshore Construction Engineering Register (Pipeline & Cables).xlsx,Sketch,128,INCLUDE,,REV-0aa7c31c0ab1222554e37771,SDOC-9dbfa422daac2a061473e8ef
2035,TECH,GENERAL / MULTIDISCIPLINE,SKETCH,ENGINEERING SKETCH,OFO-P2035-SK-116,"STORAGE QUADRANT-1.2M RADIUS FOR 16"" J-TUBE","B,0",,,DATA/TECH/2035 Offshore Construction Engineering Register (Pipeline & Cables).xlsx,Sketch,129,INCLUDE,,REV-172570ee4ba7d6ef466794f6,SDOC-fc30d9cd7d6a1e085cc7848e
2035,TECH,GENERAL / MULTIDISCIPLINE,SKETCH,ENGINEERING SKETCH,OFO-P2035-SK-117,TYPICAL CABLE PULLING ARRANGEMENT AT US-142A,A,,,DATA/TECH/2035 Offshore Construction Engineering Register (Pipeline & Cables).xlsx,Sketch,130,INCLUDE,,REV-36fe9ee58d0c23066b82fa02,SDOC-972b65f039c442bef148f8e6
2035,TECH,GENERAL / MULTIDISCIPLINE,SKETCH,ENGINEERING SKETCH,OFO-P2035-SK-118,RIGGING PLATFORM INSTALLATION ON BST-S13 JACKET BY DLB-1000,,,,DATA/TECH/2035 Offshore Construction Engineering Register (Pipeline & Cables).xlsx,Sketch,131,INCLUDE,,REV-fce37c928d050970a41a14f1,SDOC-f73581a0df6ecd12e785db4f
2035,TECH,GENERAL / MULTIDISCIPLINE,SKETCH,ENGINEERING SKETCH,OFO-P2035-SK-119,"LIFTING AND INSTALLATION OF 30"" BRACE RIGGING ARRANGEMENT BELOW BRIDGE LANDING BY DLB-1000",,2024-12-06,,DATA/TECH/2035 Offshore Construction Engineering Register (Pipeline & Cables).xlsx,Sketch,132,INCLUDE,,REV-3fae2ff194a817284c9f0c24,SDOC-63ca08303da630e21471b87d
2035,TECH,GENERAL / MULTIDISCIPLINE,SKETCH,ENGINEERING SKETCH,OFO-P2035-SK-120,TYPICAL LIFTING & HANDLING  ARRANGEMENT FOR PIPE JOINTS BY SAFEEN-3000,A,2025-01-09,,DATA/TECH/2035 Offshore Construction Engineering Register (Pipeline & Cables).xlsx,Sketch,133,INCLUDE,,REV-a59262b134003c4c2158f490,SDOC-1cf239ae556619e63eba5c87
2035,TECH,GENERAL / MULTIDISCIPLINE,SKETCH,ENGINEERING SKETCH,OFO-P2035-SK-121,UMM SHAIF PL-8 CX-01 TEMPORARY SUPPORT,A,,,DATA/TECH/2035 Offshore Construction Engineering Register (Pipeline & Cables).xlsx,Sketch,134,INCLUDE,,REV-ec19b6400bf724c48ff51e3a,SDOC-e79c6133252cbb5f9442a025
2035,TECH,GENERAL / MULTIDISCIPLINE,SKETCH,ENGINEERING SKETCH,OFO-P2035-SK-122,HEA KRAKEN LIFTING & OFFLOADING ARRANGEMENT FOR 20 FT. CONTAINER AT US-19/19A,A,,,DATA/TECH/2035 Offshore Construction Engineering Register (Pipeline & Cables).xlsx,Sketch,135,INCLUDE,,REV-49d29a28d6b3b31db0218149,SDOC-17539c92d5409ef4a2eae3a7
2035,TECH,GENERAL / MULTIDISCIPLINE,SKETCH,ENGINEERING SKETCH,OFO-P2035-SK-123,HEA KRAKEN LIFTING & OFFLOADING ARRANGEMENT FOR 20 FT. CONTAINER FROM BARGE DECK TO PLATFORM AND FROM PLATFORM TO BARGE DECK AT US -19/19A,A,,,DATA/TECH/2035 Offshore Construction Engineering Register (Pipeline & Cables).xlsx,Sketch,136,INCLUDE,,REV-483d9f1b3c5f7df9c92763c8,SDOC-f7c2d469c35379cfc5f751d9
2035,TECH,GENERAL / MULTIDISCIPLINE,SKETCH,ENGINEERING SKETCH,OFO-P2035-SK-124,HEA KRAKEN LIFTING & OFFLOADING ARRANGEMENT FOR GANGWAY AT US-19/19A PLATFORM,B,,,DATA/TECH/2035 Offshore Construction Engineering Register (Pipeline & Cables).xlsx,Sketch,137,INCLUDE,,REV-ab6b1742ca3af75be35dd16c,SDOC-0e9b0d09943fc0948b41de27
2035,TECH,GENERAL / MULTIDISCIPLINE,SKETCH,ENGINEERING SKETCH,OFO-P2035-SK-125,HEA KRAKEN LIFTING & INSTALLATION ARRANGEMENT OF GANGWAY AT US-19/19A,B,,,DATA/TECH/2035 Offshore Construction Engineering Register (Pipeline & Cables).xlsx,Sketch,138,INCLUDE,,REV-85fc75bbbb35f450225fb617,SDOC-03c42f7f6c13d8640ae64005
2035,TECH,GENERAL / MULTIDISCIPLINE,SKETCH,ENGINEERING SKETCH,OFO-P2035-SK-126,HEA KRAKEN REMOVAL ARRANGEMENT OF GANGWAY AT US-19/19A,B,,,DATA/TECH/2035 Offshore Construction Engineering Register (Pipeline & Cables).xlsx,Sketch,139,INCLUDE,,REV-fcb63e7ef55b39e7245dcfaa,SDOC-4ff653322392c6a91700687b
2035,TECH,GENERAL / MULTIDISCIPLINE,SKETCH,ENGINEERING SKETCH,OFO-P2035-SK-127,RECOVERY OF ZODIAC ARRANGEMENT FROM HEA KRAKEN DECK AT US-19/19A,A,,,DATA/TECH/2035 Offshore Construction Engineering Register (Pipeline & Cables).xlsx,Sketch,140,INCLUDE,,REV-e0f246f2a70b22b2cca77c59,SDOC-9b5abfe87c165ca699bd5930
2035,TECH,GENERAL / MULTIDISCIPLINE,SKETCH,ENGINEERING SKETCH,OFO-P2035-SK-128,HEA KRAKEN LIFTING & OFFLOADING ARRANGEMENT FOR PROJECT MATERIAL AT US-19/19A,B,,,DATA/TECH/2035 Offshore Construction Engineering Register (Pipeline & Cables).xlsx,Sketch,141,INCLUDE,,REV-9f8ea379caf7bded4567b33b,SDOC-f08bfccc8dba97cfa2effc39
2035,TECH,GENERAL / MULTIDISCIPLINE,SKETCH,ENGINEERING SKETCH,OFO-P2035-SK-129,HEA KRAKEN LIFTING & OFFLOADING ARRANGEMENT FOR PROJECT MATERIAL FROM BARGE DECK TO PLATFORM AND FROM PLATFORM TO BARGE DECK AT US-19/19A,B,,,DATA/TECH/2035 Offshore Construction Engineering Register (Pipeline & Cables).xlsx,Sketch,142,INCLUDE,,REV-a7ed601f6a0ce4b4271ec8a8,SDOC-b2092b9ae2d7c43834ff7ef2
2035,TECH,GENERAL / MULTIDISCIPLINE,SKETCH,ENGINEERING SKETCH,OFO-P2035-SK-130,HEA KRAKEN LIFTING & OFFLOADING ARRANGEMENT FOR BILLY PUGH AT US-19/19A PLATFORM,B,,,DATA/TECH/2035 Offshore Construction Engineering Register (Pipeline & Cables).xlsx,Sketch,143,INCLUDE,,REV-fae0deef1b6c485cdce72d1a,SDOC-004b428839d74fc2da6ab602
2035,TECH,GENERAL / MULTIDISCIPLINE,SKETCH,ENGINEERING SKETCH,OFO-P2035-SK-131,HEA KRAKEN LIFTING & OFFLOADING BILLY PUGH FROM BARGE DECK TO PLATFORM AND FROM PLATFORM TO BARGE DECK AT US-19/19A,B,,,DATA/TECH/2035 Offshore Construction Engineering Register (Pipeline & Cables).xlsx,Sketch,144,INCLUDE,,REV-f70e0a3b6047663112ab5d49,SDOC-02c7167157fa6e86458ca4ad
2035,TECH,GENERAL / MULTIDISCIPLINE,SKETCH,ENGINEERING SKETCH,OFO-P2035-SK-132,HEA KRAKEN LIFTING & OFFLOADING ARRANGEMENT FOR 20 FT. CONTAINER AT US-12/12A,A,2025-01-14,,DATA/TECH/2035 Offshore Construction Engineering Register (Pipeline & Cables).xlsx,Sketch,145,INCLUDE,,REV-458677188cd562ba994a46d5,SDOC-5d75c7c4fe9a7954340cd434
2035,TECH,GENERAL / MULTIDISCIPLINE,SKETCH,ENGINEERING SKETCH,OFO-P2035-SK-133,HEA KRAKEN LIFTING & OFFLOADING ARRANGEMENT FOR 20 FT. CONTAINER FROM BARGE DECK TO PLATFORM AND FROM PLATFORM TO BARGE DECK AT US -12/12A,A,,,DATA/TECH/2035 Offshore Construction Engineering Register (Pipeline & Cables).xlsx,Sketch,146,INCLUDE,,REV-0b995f62de8fc7c69e953252,SDOC-b81bd8f7a4c0d2900fce503b
2035,TECH,GENERAL / MULTIDISCIPLINE,SKETCH,ENGINEERING SKETCH,OFO-P2035-SK-134,HEA KRAKEN LIFTING & OFFLOADING ARRANGEMENT FOR GANGWAY AT US-12/12A PLATFORM,A,,,DATA/TECH/2035 Offshore Construction Engineering Register (Pipeline & Cables).xlsx,Sketch,147,INCLUDE,,REV-93f7a002b50ee486158ed922,SDOC-14d55416769731c8ec3b4439
2035,TECH,GENERAL / MULTIDISCIPLINE,SKETCH,ENGINEERING SKETCH,OFO-P2035-SK-135,HEA KRAKEN LIFTING & INSTALLATION ARRANGEMENT OF GANGWAY AT US-12/12A,A,2025-01-14,,DATA/TECH/2035 Offshore Construction Engineering Register (Pipeline & Cables).xlsx,Sketch,148,INCLUDE,,REV-ffca28ea24703260f102161b,SDOC-7536cd976d0b906d8a310005
2035,TECH,GENERAL / MULTIDISCIPLINE,SKETCH,ENGINEERING SKETCH,OFO-P2035-SK-136,HEA KRAKEN REMOVAL ARRANGEMENT OF GANGWAY AT US-12/12A,A,,,DATA/TECH/2035 Offshore Construction Engineering Register (Pipeline & Cables).xlsx,Sketch,149,INCLUDE,,REV-20cb96d31305e921029d60ca,SDOC-9cc007eda235fbdf4e2008ec
2035,TECH,GENERAL / MULTIDISCIPLINE,SKETCH,ENGINEERING SKETCH,OFO-P2035-SK-137,RECOVERY OF ZODIAC ARRANGEMENT FROM HEA KRAKEN DECK AT US-12/12A,A,,,DATA/TECH/2035 Offshore Construction Engineering Register (Pipeline & Cables).xlsx,Sketch,150,INCLUDE,,REV-47ee1ecbead2cbadd9827216,SDOC-1b9c4359d7978a3a2909054d
2035,TECH,GENERAL / MULTIDISCIPLINE,SKETCH,ENGINEERING SKETCH,OFO-P2035-SK-138,HEA KRAKEN LIFTING & OFFLOADING ARRANGEMENT FOR PROJECT MATERIAL AT US-12/12A,A,2025-01-14,,DATA/TECH/2035 Offshore Construction Engineering Register (Pipeline & Cables).xlsx,Sketch,151,INCLUDE,,REV-48253d21fc36d649515e4f44,SDOC-0ecea7b9daa7fa294b21a3b5
2035,TECH,GENERAL / MULTIDISCIPLINE,SKETCH,ENGINEERING SKETCH,OFO-P2035-SK-139,HEA KRAKEN LIFTING & OFFLOADING ARRANGEMENT FOR PROJECT MATERIAL FROM BARGE DECK TO PLATFORM AND FROM PLATFORM TO BARGE DECK AT US-12/12A,A,,,DATA/TECH/2035 Offshore Construction Engineering Register (Pipeline & Cables).xlsx,Sketch,152,INCLUDE,,REV-a2e436b486120a0ad3cdbc92,SDOC-a7e7567bb2d10558d315b91e
2035,TECH,GENERAL / MULTIDISCIPLINE,SKETCH,ENGINEERING SKETCH,OFO-P2035-SK-140,HEA KRAKEN LIFTING & OFFLOADING ARRANGEMENT FOR BILLY PUGH AT US-12/12A PLATFORM,A,,,DATA/TECH/2035 Offshore Construction Engineering Register (Pipeline & Cables).xlsx,Sketch,153,INCLUDE,,REV-a4e6850371e48716e335f26b,SDOC-ce6b0ed14c85092de6d1d3f8
2035,TECH,GENERAL / MULTIDISCIPLINE,SKETCH,ENGINEERING SKETCH,OFO-P2035-SK-141,HEA KRAKEN LIFTING & OFFLOADING BILLY PUGH FROM BARGE DECK TO PLATFORM AND FROM PLATFORM TO BARGE DECK AT US-12/12A,A,,,DATA/TECH/2035 Offshore Construction Engineering Register (Pipeline & Cables).xlsx,Sketch,154,INCLUDE,,REV-2928ccd3195d39d7e3041cd1,SDOC-6089d29390e8a04d24923038
2035,TECH,GENERAL / MULTIDISCIPLINE,SKETCH,ENGINEERING SKETCH,OFO-P2035-SK-142,UMM SHAIF PL-9 CX-16 TEMPORARY SUPPORT,A,,,DATA/TECH/2035 Offshore Construction Engineering Register (Pipeline & Cables).xlsx,Sketch,155,INCLUDE,,REV-8ed2485f2e187ad8ce9036cb,SDOC-98b95b34d16aade228491729
2035,TECH,GENERAL / MULTIDISCIPLINE,SKETCH,ENGINEERING SKETCH,OFO-P2035-SK-143,LAYOUT FOR TEMPORARY SUPPORT IN UMM SHAIF PL-8 CX-16,A,,,DATA/TECH/2035 Offshore Construction Engineering Register (Pipeline & Cables).xlsx,Sketch,156,INCLUDE,,REV-0a1737b2d3d604a39bc0e57a,SDOC-c994a207d35a1c9f21b7109d
2035,TECH,GENERAL / MULTIDISCIPLINE,SKETCH,ENGINEERING SKETCH,OFO-P2035-SK-144,HEA KRAKEN LIFTING & INSTALLATION ARRANGEMENT OF GANGWAY AT BRIDGE B-26,A,,,DATA/TECH/2035 Offshore Construction Engineering Register (Pipeline & Cables).xlsx,Sketch,157,INCLUDE,,REV-4fdf081d7b022bc6e211e649,SDOC-3b6aa801b00a682ec3bdea60
2035,TECH,GENERAL / MULTIDISCIPLINE,SKETCH,ENGINEERING SKETCH,OFO-P2035-SK-145,HEA KRAKEN LIFTING & OFFLOADING ARRANGEMENT FOR PROJECT MATERIAL AT BRIDGE B-26,A,,,DATA/TECH/2035 Offshore Construction Engineering Register (Pipeline & Cables).xlsx,Sketch,158,INCLUDE,,REV-5f467f197708b476d896cccb,SDOC-98378713b0fd4f71aa9a97ed
2035,TECH,GENERAL / MULTIDISCIPLINE,SKETCH,ENGINEERING SKETCH,OFO-P2035-SK-146,HEA KRAKEN LIFTING & OFFLOADING ARRANGEMENT FOR PROJECT MATERIAL FROM BARGE DECK TO PLATFORM AND FROM PLATFORM TO BARGE DECK AT BRIDGE B-26,A,,,DATA/TECH/2035 Offshore Construction Engineering Register (Pipeline & Cables).xlsx,Sketch,159,INCLUDE,,REV-2a8106a61da7ea44aa65f8b1,SDOC-4a2d388abec05eec9e5ac86e
2035,TECH,GENERAL / MULTIDISCIPLINE,SKETCH,ENGINEERING SKETCH,OFO-P2035-SK-147,HEA KRAKEN LIFTING & OFFLOADING ARRANGEMENT FOR BILLY PUGH AT BRIDGE B-26 PLATFORM,A,,,DATA/TECH/2035 Offshore Construction Engineering Register (Pipeline & Cables).xlsx,Sketch,160,INCLUDE,,REV-999ac75fd310151c7934d71f,SDOC-629ea6281c9cb5e408546f56
2035,TECH,GENERAL / MULTIDISCIPLINE,SKETCH,ENGINEERING SKETCH,OFO-P2035-SK-148,HEA KRAKEN LIFTING & OFFLOADING BILLY PUGH FROM BARGE DECK TO PLATFORM AND FROM PLATFORM TO BARGE DECK AT BRIDGE B-26,A,,,DATA/TECH/2035 Offshore Construction Engineering Register (Pipeline & Cables).xlsx,Sketch,161,INCLUDE,,REV-4e47a62dd3112154d4f6a855,SDOC-3a5972953a7a8261ef6210cb
2035,TECH,GENERAL / MULTIDISCIPLINE,SKETCH,ENGINEERING SKETCH,OFO-P2035-SK-149,RECOVERY OF ZODIAC ARRANGEMENT FROM HEA KRAKEN DECK AT BRIDGE B-26,A,,,DATA/TECH/2035 Offshore Construction Engineering Register (Pipeline & Cables).xlsx,Sketch,162,INCLUDE,,REV-4356eb1cf28c6f285e1c1092,SDOC-344e84e90cc0ca9ad0526144
2035,TECH,GENERAL / MULTIDISCIPLINE,SKETCH,ENGINEERING SKETCH,OFO-P2035-SK-150,HEA KRAKEN LIFTING & OFFLOADING ARRANGEMENT FOR GANGWAY AT BRIDGE B-26 PLATFORM,A,,,DATA/TECH/2035 Offshore Construction Engineering Register (Pipeline & Cables).xlsx,Sketch,163,INCLUDE,,REV-79650c048b8d9a2505dcc1b7,SDOC-50ad511babdaa7351e3aa2de
2035,TECH,GENERAL / MULTIDISCIPLINE,SKETCH,ENGINEERING SKETCH,OFO-P2035-SK-151,"START-UP ARRANGEMENT FOR 16"" WELL FUID PIPELINE FROM US-159A TO US-12B (PKG.-1)”",A,,,DATA/TECH/2035 Offshore Construction Engineering Register (Pipeline & Cables).xlsx,Sketch,164,INCLUDE,,REV-6c6a4ae541ead4663919f1e7,SDOC-2e3713ba8ad1e4517c463ed0
2035,TECH,GENERAL / MULTIDISCIPLINE,SKETCH,ENGINEERING SKETCH,OFO-P2035-SK-152,SAFEEN 3000 DECK LAYOUT FOR PIPELAY WITH PIGGYBACK REELS,A,,,DATA/TECH/2035 Offshore Construction Engineering Register (Pipeline & Cables).xlsx,Sketch,165,INCLUDE,,REV-03b8dca74a32fcc7379fd09a,SDOC-1ee672fe7aeea46bde30c9da
2035,TECH,GENERAL / MULTIDISCIPLINE,SKETCH,ENGINEERING SKETCH,OFO-P2035-SK-153,REELS CRADLE DETAILS,,,,DATA/TECH/2035 Offshore Construction Engineering Register (Pipeline & Cables).xlsx,Sketch,166,INCLUDE,,REV-53f19a10aeb5f887918e3917,SDOC-3c24a58b9fef07de7c62ba8f
2035,TECH,GENERAL / MULTIDISCIPLINE,SKETCH,ENGINEERING SKETCH,OFO-P2035-SK-154,PERSONNEL TRANSFER USING STEEL BASKET (DLB-1000),B,2025-04-02,,DATA/TECH/2035 Offshore Construction Engineering Register (Pipeline & Cables).xlsx,Sketch,167,INCLUDE,,REV-191336b2264f48c4b7f8b89f,SDOC-936387d47a23c2d0a0796ec6
2035,TECH,GENERAL / MULTIDISCIPLINE,SKETCH,ENGINEERING SKETCH,OFO-P2035-SK-155,TYPICAL CABLE PULLING ARRANGEMENTS AT US159A,B,,,DATA/TECH/2035 Offshore Construction Engineering Register (Pipeline & Cables).xlsx,Sketch,168,INCLUDE,,REV-901324911b34e380dfb64edf,SDOC-f4d4fd358176a31361676767
2035,TECH,GENERAL / MULTIDISCIPLINE,SKETCH,ENGINEERING SKETCH,OFO-P2035-SK-156,TYPICAL CABLE PULLING ARRANGEMENTS AT HP-3,B,,,DATA/TECH/2035 Offshore Construction Engineering Register (Pipeline & Cables).xlsx,Sketch,169,INCLUDE,,REV-fd00f2a1c8d62132ca133fea,SDOC-88ceeca2a986f89c254cc09b
2035,TECH,GENERAL / MULTIDISCIPLINE,SKETCH,ENGINEERING SKETCH,OFO-P2035-SK-157,TYPICAL CABLE PULLING ARRANGEMENTS AT USSC-RP1,B,,,DATA/TECH/2035 Offshore Construction Engineering Register (Pipeline & Cables).xlsx,Sketch,170,INCLUDE,,REV-5a487a6eeb8634041b1b3bf9,SDOC-c32e64c76cf4cf707951a0c6
2035,TECH,GENERAL / MULTIDISCIPLINE,SKETCH,ENGINEERING SKETCH,OFO-P2035-SK-158,SAFEEN-3000 STINGER SECTION-1 ON CB-6 LOADING ARRANGEMENT & SEAFASTENING DETAILS,,,,DATA/TECH/2035 Offshore Construction Engineering Register (Pipeline & Cables).xlsx,Sketch,171,INCLUDE,,REV-56f9e9708c2533175d931752,SDOC-6c0814efb1b898ff3faf088a
2035,TECH,GENERAL / MULTIDISCIPLINE,SKETCH,ENGINEERING SKETCH,OFO-P2035-SK-159,TYPICAL LIFTING ARRANGEMENT OF 70MT GRAVITY ANCHOR BY SAFEEN-3000,,,,DATA/TECH/2035 Offshore Construction Engineering Register (Pipeline & Cables).xlsx,Sketch,172,INCLUDE,,REV-31dba1b03b1d3e65d251dbc4,SDOC-8e389a0d21a01ff8eb5c5fcd
2035,TECH,GENERAL / MULTIDISCIPLINE,SKETCH,ENGINEERING SKETCH,OFO-P2035-SK-160,CABLE TOWER LADDER DETAIL,,,,DATA/TECH/2035 Offshore Construction Engineering Register (Pipeline & Cables).xlsx,Sketch,173,INCLUDE,,REV-f0270da9854c8f399a274306,SDOC-1b5a7d35ca35fdc176117517
2035,TECH,GENERAL / MULTIDISCIPLINE,SKETCH,ENGINEERING SKETCH,OFO-P2035-SK-161,DAVIT LIFT AT US-142A FOR PL-3 WITH DLB-1000 (STBD SIDE),A,,,DATA/TECH/2035 Offshore Construction Engineering Register (Pipeline & Cables).xlsx,Sketch,174,INCLUDE,,REV-5a13c8e90a5133470b9cecc1,SDOC-32959200c5497d3ecc02b355
2035,TECH,GENERAL / MULTIDISCIPLINE,SKETCH,ENGINEERING SKETCH,OFO-P2035-SK-162,STALK-ON AT RP1 FOR PL-3 WITH DLB-1000 (STBD SIDE),A,,,DATA/TECH/2035 Offshore Construction Engineering Register (Pipeline & Cables).xlsx,Sketch,175,INCLUDE,,REV-f7bd12c1a609e782ab7cf692,SDOC-f8733b56bbefc94015a5d2a2
2035,TECH,GENERAL / MULTIDISCIPLINE,SKETCH,ENGINEERING SKETCH,OFO-P2035-SK-163,STALK-ON AT RP1 FOR PL-5 WITH  DLB-1000 (STBD SIDE),B,,,DATA/TECH/2035 Offshore Construction Engineering Register (Pipeline & Cables).xlsx,Sketch,176,INCLUDE,,REV-325daabdb474b360dd44db66,SDOC-451ffc16feb78f5dba0b25b4
2035,TECH,GENERAL / MULTIDISCIPLINE,SKETCH,ENGINEERING SKETCH,OFO-P2035-SK-164,Loading arrangement of misc. equipment on Safeen-3000 main deck,A,,,DATA/TECH/2035 Offshore Construction Engineering Register (Pipeline & Cables).xlsx,Sketch,177,INCLUDE,,REV-cf07f09742af1cb9187965d0,SDOC-f2db6f3a593fb447cd47cabb
2035,TECH,GENERAL / MULTIDISCIPLINE,SKETCH,ENGINEERING SKETCH,OFO-P2035-SK-165,STALK-ON AT RP1 FOR PL-7 WITH  DLB-1000 (STBD SIDE),A,,,DATA/TECH/2035 Offshore Construction Engineering Register (Pipeline & Cables).xlsx,Sketch,178,INCLUDE,,REV-60d906a7d0139d1a2855fd52,SDOC-64ddead09af02b793dac1350
2035,TECH,GENERAL / MULTIDISCIPLINE,SKETCH,ENGINEERING SKETCH,OFO-P2035-SK-166,SEAFASTENING DETAILS OF CABLE BASKET ON SAFEEN PEARL VESSEL,A,,,DATA/TECH/2035 Offshore Construction Engineering Register (Pipeline & Cables).xlsx,Sketch,179,INCLUDE,,REV-da04bb98a5b0bf783b731b47,SDOC-93caeb795fe6280e1cffe2d6
2035,TECH,GENERAL / MULTIDISCIPLINE,SKETCH,ENGINEERING SKETCH,OFO-P2035-SK-167,SAFEEN PEARL LIFTING & OFFLOADING ARRANGEMENT FOR PERSONNEL TRANSFER BASKET AT RP-1 PLATFORM,A,,,DATA/TECH/2035 Offshore Construction Engineering Register (Pipeline & Cables).xlsx,Sketch,180,INCLUDE,,REV-0e47169195467fa86707a104,SDOC-6aa41581f61ffb882b03cb50
2035,TECH,GENERAL / MULTIDISCIPLINE,SKETCH,ENGINEERING SKETCH,OFO-P2035-SK-168,SAFEEN PEARL LIFTING & OFFLOADING ARRANGEMENT FOR PERSONNEL TRANSFER BASKET AT US142A PLATFORM,A,,,DATA/TECH/2035 Offshore Construction Engineering Register (Pipeline & Cables).xlsx,Sketch,181,INCLUDE,,REV-4075ee92fdd8fb5da5524f42,SDOC-65b276d0d8c201a61217718b
2035,TECH,GENERAL / MULTIDISCIPLINE,SKETCH,ENGINEERING SKETCH,OFO-P2035-SK-169,SEP-750 LIFTING & OFFLOADING ARRANGEMENT FOR GANGWAY AT S06 PLATFORM,A,,,DATA/TECH/2035 Offshore Construction Engineering Register (Pipeline & Cables).xlsx,Sketch,182,INCLUDE,,REV-7700eb3dedbb6fc74a27717c,SDOC-84bbb8f95696bb6331168e4e
2035,TECH,GENERAL / MULTIDISCIPLINE,SKETCH,ENGINEERING SKETCH,OFO-P2035-SK-170,SEP-750 LIFTING & INSTALLATION ARRANGEMENT OF GANGWAY AT S06 PLATFORM,B,,,DATA/TECH/2035 Offshore Construction Engineering Register (Pipeline & Cables).xlsx,Sketch,183,INCLUDE,,REV-cce5df6bc5a78107a0bcf867,SDOC-922462e942ac947b5c37114e
2035,TECH,GENERAL / MULTIDISCIPLINE,SKETCH,ENGINEERING SKETCH,OFO-P2035-SK-171,SEP-750 REMOVAL ARRANGEMENT OF GANGWAY AT S06 PLATFORM,B,,,DATA/TECH/2035 Offshore Construction Engineering Register (Pipeline & Cables).xlsx,Sketch,184,INCLUDE,,REV-e432b3d34ff5bb34bb64f76f,SDOC-ea27cbd87f79cba859c96a01
2035,TECH,GENERAL / MULTIDISCIPLINE,SKETCH,ENGINEERING SKETCH,OFO-P2035-SK-172,SEP-750 LIFTING & OFFLOADING ARRANGEMENT FOR BILLY PUGH AT S06 PLATFORM,A,,,DATA/TECH/2035 Offshore Construction Engineering Register (Pipeline & Cables).xlsx,Sketch,185,INCLUDE,,REV-be949fe8ee1b9520a1aa4aec,SDOC-f1fbb048a2280dcdebb44012
2035,TECH,GENERAL / MULTIDISCIPLINE,SKETCH,ENGINEERING SKETCH,OFO-P2035-SK-173,SEP-750 LIFTING & OFFLOADING BILLY PUGH FROM BARGE DECK TO PLATFORM AND FROM PLATFORM TO BARGE DECK AT S06 PLATFORM,A,2025-04-16,,DATA/TECH/2035 Offshore Construction Engineering Register (Pipeline & Cables).xlsx,Sketch,186,INCLUDE,,REV-088c79a2c3d4c47d1e2e82c9,SDOC-97af22688a969bb81280c09f
2035,TECH,GENERAL / MULTIDISCIPLINE,SKETCH,ENGINEERING SKETCH,OFO-P2035-SK-174,SEP-750 LIFTING & OFFLOADING ARRANGEMENT FOR PROJECT MATERIAL AT S06 PLATFORM,B,,,DATA/TECH/2035 Offshore Construction Engineering Register (Pipeline & Cables).xlsx,Sketch,187,INCLUDE,,REV-fd121ecaf5e60486b3816188,SDOC-44f3c9b6790ae1eb82bc2202
2035,TECH,GENERAL / MULTIDISCIPLINE,SKETCH,ENGINEERING SKETCH,OFO-P2035-SK-175,SEP-750 LIFTING & OFFLOADING ARRANGEMENT FOR PROJECT MATERIAL FROM BARGE DECK TO PLATFORM AND FROM PLATFORM TO BARGE DECK AT S06 PLATFORM,B,,,DATA/TECH/2035 Offshore Construction Engineering Register (Pipeline & Cables).xlsx,Sketch,188,INCLUDE,,REV-8394e6ac07994e312a85d1a0,SDOC-eeadedc4785872a7d04b0317
2035,TECH,GENERAL / MULTIDISCIPLINE,SKETCH,ENGINEERING SKETCH,OFO-P2035-SK-176,SEP-750 LIFTING FOR LAUNCHING AND RECOVERY OF ZODIAC AT S06 PLATFORM,B,,,DATA/TECH/2035 Offshore Construction Engineering Register (Pipeline & Cables).xlsx,Sketch,189,INCLUDE,,REV-5bfb19a160f6217c5f65e2af,SDOC-aef5c78086518ea2cb737280
2035,TECH,GENERAL / MULTIDISCIPLINE,SKETCH,ENGINEERING SKETCH,OFO-P2035-SK-177,LIFTING PLAN FOR STABBING GUIDE,A,,,DATA/TECH/2035 Offshore Construction Engineering Register (Pipeline & Cables).xlsx,Sketch,190,INCLUDE,,REV-7467c460090377bacf7a69fa,SDOC-da31a433f1d11457aa1c9ea9
2035,TECH,GENERAL / MULTIDISCIPLINE,SKETCH,ENGINEERING SKETCH,OFO-P2035-SK-178,A-FRAME ARRANGEMENTS FOR CABLE PULLING,B,,,DATA/TECH/2035 Offshore Construction Engineering Register (Pipeline & Cables).xlsx,Sketch,191,INCLUDE,,REV-460c20c4d4434166c240d5d2,SDOC-69b9c63a184b1b666c4d386d
2035,TECH,GENERAL / MULTIDISCIPLINE,SKETCH,ENGINEERING SKETCH,OFO-P2035-SK-179,"HORIZONTAL (HBS) START-UP ARRANGEMENT FOR 16"" WELL FLUID PIPELINE FROM HP-3 TO USSC-RP1 (PL-8)",B,,,DATA/TECH/2035 Offshore Construction Engineering Register (Pipeline & Cables).xlsx,Sketch,192,INCLUDE,,REV-3b16a7487d7390d4fc1f24d9,SDOC-c6a4566dc9fafd52e946663a
2035,TECH,GENERAL / MULTIDISCIPLINE,SKETCH,ENGINEERING SKETCH,OFO-P2035-SK-180,"HORIZONTAL (HBS) START-UP ARRANGEMENT FOR 16"" WATER INJECTION PIPELINE FROM HP-3 TO USSC-RP1 (PL-9)",B,,,DATA/TECH/2035 Offshore Construction Engineering Register (Pipeline & Cables).xlsx,Sketch,193,INCLUDE,,REV-40102f51565a60c5a550e675,SDOC-9bfe8ba99ef90c72890cd890
2035,TECH,GENERAL / MULTIDISCIPLINE,SKETCH,ENGINEERING SKETCH,OFO-P2035-SK-181,TYPICAL CABLE PULLING ARRANGEMENT AT HP3 (WITH TOPSIDE),B,,,DATA/TECH/2035 Offshore Construction Engineering Register (Pipeline & Cables).xlsx,Sketch,194,INCLUDE,,REV-53c309ad98e0a5aaacc60ecd,SDOC-554430f59c945b711769fe14
2035,TECH,GENERAL / MULTIDISCIPLINE,SKETCH,ENGINEERING SKETCH,OFO-P2035-SK-182,TYPICAL CABLE PULLING ARRANGEMENT AT RP1 (WITH TOPSIDE),B,,,DATA/TECH/2035 Offshore Construction Engineering Register (Pipeline & Cables).xlsx,Sketch,195,INCLUDE,,REV-bacf898d5bc94e065d3b9b4e,SDOC-3f52a79c68197b35c3b91782
2035,TECH,GENERAL / MULTIDISCIPLINE,SKETCH,ENGINEERING SKETCH,OFO-P2035-SK-183,GROUT BAG LIFTING ARRANGEMENT BY SAFEEN PEARL,A,,,DATA/TECH/2035 Offshore Construction Engineering Register (Pipeline & Cables).xlsx,Sketch,196,INCLUDE,,REV-ba496942c7e34688cc771c2d,SDOC-fe3e5f3cc52458f9aae7e5a3
2035,TECH,GENERAL / MULTIDISCIPLINE,SKETCH,ENGINEERING SKETCH,OFO-P2035-SK-184,SAPURA-1200 LOADING ARRANGEMENT FOR PIGGYBACK PIPE LAYING,B,,,DATA/TECH/2035 Offshore Construction Engineering Register (Pipeline & Cables).xlsx,Sketch,197,INCLUDE,,REV-6088db9e9fd6793be3659591,SDOC-6713dea368170bbcf51c6de4
2035,TECH,GENERAL / MULTIDISCIPLINE,SKETCH,ENGINEERING SKETCH,OFO-P2035-SK-185,TYPICAL CABLE PULLING ARRANGEMENT AT US159A (WITH TOPSIDE),B,,,DATA/TECH/2035 Offshore Construction Engineering Register (Pipeline & Cables).xlsx,Sketch,198,INCLUDE,,REV-9284f9a027909e86ca99aa76,SDOC-a876f34587c8d86e6fae3332
2035,TECH,GENERAL / MULTIDISCIPLINE,SKETCH,ENGINEERING SKETCH,OFO-P2035-SK-186,ROLLER  SUPPORTS FOR PIGGYBACK PIPE LAYING IN WAY OF HATCH OPENING,B,2025-05-21,,DATA/TECH/2035 Offshore Construction Engineering Register (Pipeline & Cables).xlsx,Sketch,199,INCLUDE,,REV-2013543c582df23726c7ca88,SDOC-617143131d324b7d7b1270eb
2035,TECH,GENERAL / MULTIDISCIPLINE,SKETCH,ENGINEERING SKETCH,OFO-P2035-SK-187,SEAFOX TRIDENT LIFTING & OFFLOADING BILLY PUGH FROM BARGE DECK TO PLATFORM AND FROM PLATFORM TO BARGE DECK AT US-218,A,,,DATA/TECH/2035 Offshore Construction Engineering Register (Pipeline & Cables).xlsx,Sketch,200,INCLUDE,,REV-97feb69647934e92cdf192a1,SDOC-a34ece94546dd14ad381be43
2035,TECH,GENERAL / MULTIDISCIPLINE,SKETCH,ENGINEERING SKETCH,OFO-P2035-SK-188,STINGER SECTION LAYOUT - SAPURA 1200,A,,,DATA/TECH/2035 Offshore Construction Engineering Register (Pipeline & Cables).xlsx,Sketch,201,INCLUDE,,REV-ee54dc6d36bcab54146af5af,SDOC-b66c443c15f4fe116c9811b0
2035,TECH,GENERAL / MULTIDISCIPLINE,SKETCH,ENGINEERING SKETCH,OFO-P2035-SK-189,TYPICAL CABLE PULLING ARRANGEMENT AT US-218 (WITH TOPSIDE),B,,,DATA/TECH/2035 Offshore Construction Engineering Register (Pipeline & Cables).xlsx,Sketch,202,INCLUDE,,REV-8f2c0f235d4a22e76a94ce61,SDOC-d2b6d1b39d2f760418202c8a
2035,TECH,GENERAL / MULTIDISCIPLINE,SKETCH,ENGINEERING SKETCH,OFO-P2035-SK-190,TYPICAL CABLE PULLING ARRANGEMENT AT US-216 (WITH TOPSIDE),B,,,DATA/TECH/2035 Offshore Construction Engineering Register (Pipeline & Cables).xlsx,Sketch,203,INCLUDE,,REV-08feab0e9d5abceb3972c854,SDOC-1e993484359004c1fcb833f3
2035,TECH,GENERAL / MULTIDISCIPLINE,SKETCH,ENGINEERING SKETCH,OFO-P2035-SK-191,SEAFOX TRIDENT LIFTING & OFFLOADING BILLY PUGH FROM VESSEL TO BARGE DECK AND FROM BARGE DECK TO VESSEL AT US-218,A,,,DATA/TECH/2035 Offshore Construction Engineering Register (Pipeline & Cables).xlsx,Sketch,204,INCLUDE,,REV-3a5b09e2adedb8e409ef9bff,SDOC-6989bb65c2aee4cd5096a367
2035,TECH,GENERAL / MULTIDISCIPLINE,SKETCH,ENGINEERING SKETCH,OFO-P2035-SK-192,PL-9 AT CX16 TEMPORARY SUPPORT LIFTING ARRANGEMENT BY SAFEEN PEARL,,,,DATA/TECH/2035 Offshore Construction Engineering Register (Pipeline & Cables).xlsx,Sketch,205,INCLUDE,,REV-3c8a219e0102919578edb9e9,SDOC-2c23e2deaf6baea302778fc5
2035,TECH,GENERAL / MULTIDISCIPLINE,SKETCH,ENGINEERING SKETCH,OFO-P2035-SK-193,PIPELAY PROFILE WITH STINGER - SAPURA 1200,A,,,DATA/TECH/2035 Offshore Construction Engineering Register (Pipeline & Cables).xlsx,Sketch,206,INCLUDE,,REV-3c005290d432573e1e5de71c,SDOC-635a61fafca14ef6e7839709
2035,TECH,GENERAL / MULTIDISCIPLINE,SKETCH,ENGINEERING SKETCH,OFO-P2035-SK-194,"ABANDONMENT &  RECOVERY / LAYDOWN ARRANGEMENT FOR PROPOSED 16"" WI PIPELINE FROM HP3 TO HP2 (PL-10 WITH SAPURA 1200 (TYPICAL)",A,,,DATA/TECH/2035 Offshore Construction Engineering Register (Pipeline & Cables).xlsx,Sketch,207,INCLUDE,,REV-d6508ebd685a0ccb8b3e9ae6,SDOC-8655efdc745d687424fac039
2035,TECH,GENERAL / MULTIDISCIPLINE,SKETCH,ENGINEERING SKETCH,OFO-P2035-SK-195,"DMA START UP ARRANGEMENT (PL-10) PROPOSED 16"" WI PL.FROM HP-3 TO HP-2 WITH SAPURA 1200",C,,,DATA/TECH/2035 Offshore Construction Engineering Register (Pipeline & Cables).xlsx,Sketch,208,INCLUDE,,REV-5eb88ab8e179cddd6bfd71e0,SDOC-e729edd0e495b70d02f928fc
2035,TECH,GENERAL / MULTIDISCIPLINE,SKETCH,ENGINEERING SKETCH,OFO-P2035-SK-196,"HORIZONTAL (HBS) START-UP ARRANGEMENT 16"" WF PIPELINE FROM US-142A TO USSC-RP1 (PL-3) AT RP-1 BY SAPURA 1200",A,,,DATA/TECH/2035 Offshore Construction Engineering Register (Pipeline & Cables).xlsx,Sketch,209,INCLUDE,,REV-95e6c693fa34b5bb8cbc00f5,SDOC-4546def92aafe0550c3d7af9
2035,TECH,GENERAL / MULTIDISCIPLINE,SKETCH,ENGINEERING SKETCH,OFO-P2035-SK-197,TYPICAL CABLE PULLING ARRANGEMENT AT US-19B (WITHOUT TOPSIDE),B,,,DATA/TECH/2035 Offshore Construction Engineering Register (Pipeline & Cables).xlsx,Sketch,210,INCLUDE,,REV-cb8a384d2236ec502d353ef6,SDOC-b0977edede77f8db20e21270
2035,TECH,GENERAL / MULTIDISCIPLINE,SKETCH,ENGINEERING SKETCH,OFO-P2035-SK-198,TYPICAL CABLE PULLING ARRANGEMENT AT US-19B (WITH TOPSIDE),A,,,DATA/TECH/2035 Offshore Construction Engineering Register (Pipeline & Cables).xlsx,Sketch,211,INCLUDE,,REV-37931a7df0d697e258c50a78,SDOC-f8c3f011c4b659b8a6f2e1ba
2035,TECH,GENERAL / MULTIDISCIPLINE,SKETCH,ENGINEERING SKETCH,OFO-P2035-SK-199,TYPICAL CABLE PULLING ARRANGEMENT AT PDP (WITH TOPSIDE),,,,DATA/TECH/2035 Offshore Construction Engineering Register (Pipeline & Cables).xlsx,Sketch,212,INCLUDE,,REV-6edec6eab419c43b5d3afaac,SDOC-c2d771933b28101b24740d46
2035,TECH,GENERAL / MULTIDISCIPLINE,SKETCH,ENGINEERING SKETCH,OFO-P2035-SK-200,SAPURA 1200 - VESSEL ROLLER SETTING,A,,,DATA/TECH/2035 Offshore Construction Engineering Register (Pipeline & Cables).xlsx,Sketch,213,INCLUDE,,REV-11ca0316e31010007839aa2f,SDOC-b671adec0ed75b57eb42ac71
2035,TECH,GENERAL / MULTIDISCIPLINE,SKETCH,ENGINEERING SKETCH,OFO-P2035-SK-201,SAPURA 1200 - STINGER ROLLER SETTING,B,2025-07-15,,DATA/TECH/2035 Offshore Construction Engineering Register (Pipeline & Cables).xlsx,Sketch,214,INCLUDE,,REV-16c2d1d36ed025ccc6782a73,SDOC-c5b8ef7f5a378cdb5b1f7090
2035,TECH,GENERAL / MULTIDISCIPLINE,SKETCH,ENGINEERING SKETCH,OFO-P2035-SK-202,TYPICAL LIFTING & HANDLING ARRANGEMENT FOR PIPE JOINTS BY SAPURA 1200,A,,,DATA/TECH/2035 Offshore Construction Engineering Register (Pipeline & Cables).xlsx,Sketch,215,INCLUDE,,REV-73b1cb53bf7d9868e9700046,SDOC-cc969e2694c6a05669a2abfd
2035,TECH,GENERAL / MULTIDISCIPLINE,SKETCH,ENGINEERING SKETCH,OFO-P2035-SK-203,SEAFOX TRIDENT LIFTING & OFFLOADING ARRANGEMENT FOR BILLY PUGH AT US-216 PLATFORM,A,,,DATA/TECH/2035 Offshore Construction Engineering Register (Pipeline & Cables).xlsx,Sketch,216,INCLUDE,,REV-e8c1378602b0e2d14dcc9629,SDOC-55e35d2e3a32b8aa55db4214
2035,TECH,GENERAL / MULTIDISCIPLINE,SKETCH,ENGINEERING SKETCH,OFO-P2035-SK-204,SEAFOX TRIDENT LIFTING & OFFLOADING BILLY PUGH FROM BARGE DECK TO PLATFORM AND FROM PLATFORM TO BARGE DECK AT US 216,A,,,DATA/TECH/2035 Offshore Construction Engineering Register (Pipeline & Cables).xlsx,Sketch,217,INCLUDE,,REV-1f45a166a4186885f840b575,SDOC-f9ed0656fca4f720085bf51a
2035,TECH,GENERAL / MULTIDISCIPLINE,SKETCH,ENGINEERING SKETCH,OFO-P2035-SK-205,"HORIZONTAL (HBS) START-UP ARRANGEMENT FOR 18"" WELL FLUID PIPELINE FROM HP-2 TO USSC-RP1 (PL-7) – SAPURA 1200",B,,,DATA/TECH/2035 Offshore Construction Engineering Register (Pipeline & Cables).xlsx,Sketch,218,INCLUDE,,REV-1e3d09f32d89023f2dc71895,SDOC-c60678b311927898a3327413
2035,TECH,GENERAL / MULTIDISCIPLINE,SKETCH,ENGINEERING SKETCH,OFO-P2035-SK-206,Horizontal (HBS) Start-Up Arrangement for Proposed 16” Well Fluid Pipeline from US-153A to USSC-RP1 (PL-5) with Sapura 1200,A,,,DATA/TECH/2035 Offshore Construction Engineering Register (Pipeline & Cables).xlsx,Sketch,219,INCLUDE,,REV-4965375265fec36187c6842a,SDOC-f21f307202b29c3da40ee1bb
2035,TECH,GENERAL / MULTIDISCIPLINE,SKETCH,ENGINEERING SKETCH,OFO-P2035-SK-207,"DMA START-UP ARRANGEMENT (PL-4) PROPOSED 16"" WF PL. FROM US-19B TO US-153A WITH SAPURA 1200",B,,,DATA/TECH/2035 Offshore Construction Engineering Register (Pipeline & Cables).xlsx,Sketch,220,INCLUDE,,REV-abb9ecb7acfe7c186cc3e0fb,SDOC-88d8d4582f7d17d0b1a74b42
2035,TECH,GENERAL / MULTIDISCIPLINE,SKETCH,ENGINEERING SKETCH,OFO-P2035-SK-208,SEP-750 LIFTING & OFFLOADING ARRANGEMENT FOR GANGWAY FROM VESSL TO BARGE AT US 142 PLATFORM,A,,,DATA/TECH/2035 Offshore Construction Engineering Register (Pipeline & Cables).xlsx,Sketch,221,INCLUDE,,REV-8778d64667a6fe90ee4b6153,SDOC-6e141eb5591f17c3f6a6dedb
2035,TECH,GENERAL / MULTIDISCIPLINE,SKETCH,ENGINEERING SKETCH,OFO-P2035-SK-209,SEP-750 LIFTING & OFFLOADING ARRANGEMENT FOR GANGWAY FROM BARGE TO VESSEL AT US 142 PLATFORM,A,,,DATA/TECH/2035 Offshore Construction Engineering Register (Pipeline & Cables).xlsx,Sketch,222,INCLUDE,,REV-e419e3d8631eec62fceb6245,SDOC-d0f8ec34990886d5a7a28f15
2035,TECH,GENERAL / MULTIDISCIPLINE,SKETCH,ENGINEERING SKETCH,OFO-P2035-SK-210,SEP-750 LIFTING & INSTALLATION ARRANGEMENT OF GANGWAY AT US 142 PLATFORM,A,,,DATA/TECH/2035 Offshore Construction Engineering Register (Pipeline & Cables).xlsx,Sketch,223,INCLUDE,,REV-73cf02dd7f3a2018210a2656,SDOC-0ede6a9a010282d7a7b58c2c
2035,TECH,GENERAL / MULTIDISCIPLINE,SKETCH,ENGINEERING SKETCH,OFO-P2035-SK-211,SEP-750 REMOVAL ARRANGEMENT OF GANGWAY AT US 142 PLATFORM,A,2025-07-10,,DATA/TECH/2035 Offshore Construction Engineering Register (Pipeline & Cables).xlsx,Sketch,224,INCLUDE,,REV-591e8a0d5c9419730d1217f8,SDOC-c0f634f817b76f81c2817e0f
2035,TECH,GENERAL / MULTIDISCIPLINE,SKETCH,ENGINEERING SKETCH,OFO-P2035-SK-212,SEP-750 LIFTING & OFFLOADING ARRANGEMENT FOR BILLY PUGH FROM VESSEL TO BARGE AT US142 PLATFORM,A,,,DATA/TECH/2035 Offshore Construction Engineering Register (Pipeline & Cables).xlsx,Sketch,225,INCLUDE,,REV-e5d58a25757ee870d81e006b,SDOC-86731c5dcc138a09cb6f6d8e
2035,TECH,GENERAL / MULTIDISCIPLINE,SKETCH,ENGINEERING SKETCH,OFO-P2035-SK-213,SEP-750 LIFTING & OFFLOADING ARRANGEMENT FOR BILLY PUGH FROM BARGE TO VESSEL AT US142 PLATFORM,A,,,DATA/TECH/2035 Offshore Construction Engineering Register (Pipeline & Cables).xlsx,Sketch,226,INCLUDE,,REV-bc9264f116c379742e5e4e7b,SDOC-ffea46f1fa9e4770cf578681
2035,TECH,GENERAL / MULTIDISCIPLINE,SKETCH,ENGINEERING SKETCH,OFO-P2035-SK-214,SEP-750 LIFTING & OFFLOADING BILLY PUGH FROM BARGE DECK TO PLATFORM AT US 142 PLATFORM,A,,,DATA/TECH/2035 Offshore Construction Engineering Register (Pipeline & Cables).xlsx,Sketch,227,INCLUDE,,REV-f89d35ed06a1020c4bc01013,SDOC-2277374207434172d09a1011
2035,TECH,GENERAL / MULTIDISCIPLINE,SKETCH,ENGINEERING SKETCH,OFO-P2035-SK-215,SEP-750 LIFTING & OFFLOADING BILLY PUGH FROM PLATFORM TO BARGE DECK AT US 142 PLATFORM,A,,,DATA/TECH/2035 Offshore Construction Engineering Register (Pipeline & Cables).xlsx,Sketch,228,INCLUDE,,REV-54083398b75849f0bc1f17c7,SDOC-01328ee7fb0dd002a0e3b3ab
2035,TECH,GENERAL / MULTIDISCIPLINE,SKETCH,ENGINEERING SKETCH,OFO-P2035-SK-216,SEP-750 LIFTING & OFFLOADING ARRANGEMENT FOR PROJECT MATERIAL FROM VESSEL TO BARGE AT US142 PLATFORM,A,,,DATA/TECH/2035 Offshore Construction Engineering Register (Pipeline & Cables).xlsx,Sketch,229,INCLUDE,,REV-a54397198daef2691dbeeaf2,SDOC-15bbb99303ea7e19e8d9eab0
2035,TECH,GENERAL / MULTIDISCIPLINE,SKETCH,ENGINEERING SKETCH,OFO-P2035-SK-217,SEP-750 LIFTING & OFFLOADING ARRANGEMENT FOR PROJECT MATERIAL FROM BARGE TO VESSEL AT US142 PLATFORM,A,,,DATA/TECH/2035 Offshore Construction Engineering Register (Pipeline & Cables).xlsx,Sketch,230,INCLUDE,,REV-f61d9dbbac12ac299ee07abf,SDOC-fe48563a851df205e4945810
2035,TECH,GENERAL / MULTIDISCIPLINE,SKETCH,ENGINEERING SKETCH,OFO-P2035-SK-218,SEP-750 LIFTING & OFFLOADING ARRANGEMENT FOR PROJECT MATERIAL FROM BARGE DECK TO PLATFORM AT US142 PLATFORM,A,,,DATA/TECH/2035 Offshore Construction Engineering Register (Pipeline & Cables).xlsx,Sketch,231,INCLUDE,,REV-a7be7ca8a0373ebc6ea3def8,SDOC-04232aa6b19c9bf43c870d42
2035,TECH,GENERAL / MULTIDISCIPLINE,SKETCH,ENGINEERING SKETCH,OFO-P2035-SK-219,SEP-750 LIFTING & OFFLOADING ARRANGEMENT FOR PROJECT MATERIAL FROM PLAT FORM TO BARGE DECK AT US142 PLATFORM,A,,,DATA/TECH/2035 Offshore Construction Engineering Register (Pipeline & Cables).xlsx,Sketch,232,INCLUDE,,REV-f4f651473658118eee7281b6,SDOC-38e17d0a69033bbbfe278be0
2035,TECH,GENERAL / MULTIDISCIPLINE,SKETCH,ENGINEERING SKETCH,OFO-P2035-SK-220,TYPICAL LIFTING ARRANGEMENT OF 70 MT GRAVITY ANCHOR BY SAPURA 1200,A,,,DATA/TECH/2035 Offshore Construction Engineering Register (Pipeline & Cables).xlsx,Sketch,233,INCLUDE,,REV-3e421791f1eb66910defcf58,SDOC-b76277b6950fdf077d06bb17
2035,TECH,GENERAL / MULTIDISCIPLINE,SKETCH,ENGINEERING SKETCH,OFO-P2035-SK-221,SAFEEN PEARL CABLE LAY CHUTE SHIFT TO STERN,A,2025-07-31,,DATA/TECH/2035 Offshore Construction Engineering Register (Pipeline & Cables).xlsx,Sketch,234,INCLUDE,,REV-798f19d6de92a4c9e830d077,SDOC-db3ea05ef3253eef2e636dc8
2035,TECH,GENERAL / MULTIDISCIPLINE,SKETCH,ENGINEERING SKETCH,OFO-P2035-SK-222,SEP-750 LIFTING & OFFLOADING ARRANGEMENT FOR 20 FT. CONTAINER FROM VESSEL TO BARGE AT US142 PLATFORM,A,,,DATA/TECH/2035 Offshore Construction Engineering Register (Pipeline & Cables).xlsx,Sketch,235,INCLUDE,,REV-8898e2c3f4490a2ba7a78e3b,SDOC-b11f84e74090e16cd15f6406
2035,TECH,GENERAL / MULTIDISCIPLINE,SKETCH,ENGINEERING SKETCH,OFO-P2035-SK-223,SEP-750 LIFTING & OFFLOADING ARRANGEMENT FOR 20 FT. CONTAINER FROM BARGE TO VESSEL AT US142 PLATFORM,A,,,DATA/TECH/2035 Offshore Construction Engineering Register (Pipeline & Cables).xlsx,Sketch,236,INCLUDE,,REV-7d945f1e818f07aa35df0ff9,SDOC-d1a269e16c2ea8778725871a
2035,TECH,GENERAL / MULTIDISCIPLINE,SKETCH,ENGINEERING SKETCH,OFO-P2035-SK-224,SEP-750 LIFTING & OFFLOADING ARRANGEMENT FOR 20 FT. CONTAINER FROM BARGE DECK TO PLATFORM AT US142 PLATFORM,A,,,DATA/TECH/2035 Offshore Construction Engineering Register (Pipeline & Cables).xlsx,Sketch,237,INCLUDE,,REV-95d5ce0f36d57c343dd83e2d,SDOC-7cc25d856729bb1da6450280
2035,TECH,GENERAL / MULTIDISCIPLINE,SKETCH,ENGINEERING SKETCH,OFO-P2035-SK-225,"SEP-750 LIFTING & OFFLOADING ARRANGEMENT FOR 20 FT. CONTAINER FROM 
PLAT FORM TO BARGE DECK AT US142 PLATFORM",A,,,DATA/TECH/2035 Offshore Construction Engineering Register (Pipeline & Cables).xlsx,Sketch,238,INCLUDE,,REV-260ef857a78da9be58c47054,SDOC-b399c9cb222b1a3a6f126daf
2035,TECH,GENERAL / MULTIDISCIPLINE,SKETCH,ENGINEERING SKETCH,OFO-P2035-SK-226,TYPICAL LIFTING ARRANGEMENT OF ANCHOR BUOY BY SAPURA 1200,A,,,DATA/TECH/2035 Offshore Construction Engineering Register (Pipeline & Cables).xlsx,Sketch,239,INCLUDE,,REV-64614715947155e72aec363b,SDOC-7339d805c97511a1dd379f2f
2035,TECH,GENERAL / MULTIDISCIPLINE,SKETCH,ENGINEERING SKETCH,OFO-P2035-SK-227,LBII Access Platform During RP-1 Floatover,"A,0",,,DATA/TECH/2035 Offshore Construction Engineering Register (Pipeline & Cables).xlsx,Sketch,240,INCLUDE,,REV-5f42344f05e8ed45bf38609f,SDOC-9a894dc567ca8e8f3e5eb868
2035,TECH,GENERAL / MULTIDISCIPLINE,SKETCH,ENGINEERING SKETCH,OFO-P2035-SK-228,TYPICAL CABLE PULLING ARRANGEMENT AT HP-1 (WITHOUT TOPSIDE),B,,,DATA/TECH/2035 Offshore Construction Engineering Register (Pipeline & Cables).xlsx,Sketch,241,INCLUDE,,REV-77ad5cefc52b99677fafdbe7,SDOC-29b0c5491ec16c0818cbf0b2
2035,TECH,GENERAL / MULTIDISCIPLINE,SKETCH,ENGINEERING SKETCH,OFO-P2035-SK-229,TYPICAL CABLE PULLING ARRANGEMENT AT HP-1 (WITH TOPSIDE),A,,,DATA/TECH/2035 Offshore Construction Engineering Register (Pipeline & Cables).xlsx,Sketch,242,INCLUDE,,REV-335c5651889c4fb2c13bf700,SDOC-4543a02a54ad416291c85680
2035,TECH,GENERAL / MULTIDISCIPLINE,SKETCH,ENGINEERING SKETCH,OFO-P2035-SK-230,TYPICAL CABLE PULLING ARRANGEMENT AT HP-2 (WITHOUT TOPSIDE),A,,,DATA/TECH/2035 Offshore Construction Engineering Register (Pipeline & Cables).xlsx,Sketch,243,INCLUDE,,REV-1446a252b55ae8d5b15e2893,SDOC-ac53cfb2f1d8d2adfee82fdd
2035,TECH,GENERAL / MULTIDISCIPLINE,SKETCH,ENGINEERING SKETCH,OFO-P2035-SK-231,TYPICAL CABLE PULLING ARRANGEMENT AT HP-2 (WITH TOPSIDE),A,,,DATA/TECH/2035 Offshore Construction Engineering Register (Pipeline & Cables).xlsx,Sketch,244,INCLUDE,,REV-d21869646416dd2865d00e20,SDOC-bed95570a9619cc0ac2d615a
2035,TECH,GENERAL / MULTIDISCIPLINE,SKETCH,ENGINEERING SKETCH,OFO-P2035-SK-232,TYPICAL CABLE PULLING ARRANGEMENT AT US-142A (WITHOUT TOPSIDE),A,,,DATA/TECH/2035 Offshore Construction Engineering Register (Pipeline & Cables).xlsx,Sketch,245,INCLUDE,,REV-f061dc35b755bb68cb0abd01,SDOC-34f8136795c54e993a0a4a14
2035,TECH,GENERAL / MULTIDISCIPLINE,SKETCH,ENGINEERING SKETCH,OFO-P2035-SK-233,TYPICAL CABLE PULLING ARRANGEMENT AT US-142A (WITH TOPSIDE),A,,,DATA/TECH/2035 Offshore Construction Engineering Register (Pipeline & Cables).xlsx,Sketch,246,INCLUDE,,REV-a8b932106802cd6883eb2ed6,SDOC-75a577f7bac5f7938460d860
2035,TECH,GENERAL / MULTIDISCIPLINE,SKETCH,ENGINEERING SKETCH,OFO-P2035-SK-234,"HORIZONTAL (HBS) START-UP ARRANGEMENT 16"" WF PIPELINE FROM US-12B TO USSC-RP1 (PL-2) AT RP-1 WITH SAPURA 1200",A,,,DATA/TECH/2035 Offshore Construction Engineering Register (Pipeline & Cables).xlsx,Sketch,247,INCLUDE,,REV-b0f954cd4a0b231229e055ac,SDOC-682ec5b827cd69542207f443
2035,TECH,GENERAL / MULTIDISCIPLINE,SKETCH,ENGINEERING SKETCH,OFO-P2035-SK-235,"START-UP ARRANGEMENT FOR 16"" WELL FLUID PIPELINE FROM US-159A TO US-12B (PL-1) - SAPURA 1200",A,,,DATA/TECH/2035 Offshore Construction Engineering Register (Pipeline & Cables).xlsx,Sketch,248,INCLUDE,,REV-f69bb19512c7bfcb32359274,SDOC-b0b1595d769357cdb13dbedd
2035,TECH,GENERAL / MULTIDISCIPLINE,SKETCH,ENGINEERING SKETCH,OFO-P2035-SK-236,PADEYE FOR ROV CROSSHAUL - SAPURA 1200,B,,,DATA/TECH/2035 Offshore Construction Engineering Register (Pipeline & Cables).xlsx,Sketch,249,INCLUDE,,REV-6751fed14106977d5aecccba,SDOC-c6b54b5788f59bfdc496aab4
2035,TECH,GENERAL / MULTIDISCIPLINE,SKETCH,ENGINEERING SKETCH,OFO-P2035-SK-237,HP-1 COUNTERWEIGHT PLATFORM LIFTING ARRANGEMENT & DETAILS,A,,,DATA/TECH/2035 Offshore Construction Engineering Register (Pipeline & Cables).xlsx,Sketch,250,INCLUDE,,REV-9f61e21e9e7e99c9b101c273,SDOC-0ae5060847460219a1adf663
2035,TECH,GENERAL / MULTIDISCIPLINE,SKETCH,ENGINEERING SKETCH,OFO-P2035-SK-238,HP-2 COUNTERWEIGHT PLATFORM LIFTING ARRANGEMENT & DETAILS,,,,DATA/TECH/2035 Offshore Construction Engineering Register (Pipeline & Cables).xlsx,Sketch,251,INCLUDE,,REV-05cb3ffa36eb124c71ef74b7,SDOC-620078e2112832246e8b94ed
2035,TECH,GENERAL / MULTIDISCIPLINE,SKETCH,ENGINEERING SKETCH,OFO-P2035-SK-239,"START-UP ARRANGEMENT FOR 16"" WELL FLUID PIPELINE FROM HP-3 TO USSC-RP1 (PL-8) - SAPURA 1200",A,,,DATA/TECH/2035 Offshore Construction Engineering Register (Pipeline & Cables).xlsx,Sketch,252,INCLUDE,,REV-696820d53cb7a020eb9fbbe8,SDOC-aae21052f9b0a0ae656e8510
2035,TECH,GENERAL / MULTIDISCIPLINE,SKETCH,ENGINEERING SKETCH,OFO-P2035-SK-240,HP-3 COUNTERWEIGHT PLATFORM LIFTING ARRANGEMENT & DETAILS,A,,,DATA/TECH/2035 Offshore Construction Engineering Register (Pipeline & Cables).xlsx,Sketch,253,INCLUDE,,REV-c9c23035ca84f876e1185602,SDOC-ac06da972730a421a38512dc
2035,TECH,GENERAL / MULTIDISCIPLINE,SKETCH,ENGINEERING SKETCH,OFO-P2035-SK-241,"TYPICAL GRAVITY ANCHOR LIFTING ARRANGEMENT (HP1, HP2 AND HP3 COUNTER WEIGHT PLATFORM) USING DLS-4200",A,2025-08-11,,DATA/TECH/2035 Offshore Construction Engineering Register (Pipeline & Cables).xlsx,Sketch,254,INCLUDE,,REV-9b7117fa87ae43af50c65ca2,SDOC-d6c9269d65bf334812f10be9
2035,TECH,GENERAL / MULTIDISCIPLINE,SKETCH,ENGINEERING SKETCH,OFO-P2035-SK-242,SEP-750 INSTALLATION ARRANGEMENT OF GANGWAY BETWEEN US 142 AND US 142A,A,,,DATA/TECH/2035 Offshore Construction Engineering Register (Pipeline & Cables).xlsx,Sketch,255,INCLUDE,,REV-30875b69833fd1a1893abd9b,SDOC-1e9fe4c5f3db958712fe1d5a
2035,TECH,GENERAL / MULTIDISCIPLINE,SKETCH,ENGINEERING SKETCH,OFO-P2035-SK-243,INSTALLATION RIGGING FOR SAND/CEMENT BAG,A,,,DATA/TECH/2035 Offshore Construction Engineering Register (Pipeline & Cables).xlsx,Sketch,256,INCLUDE,,REV-4ff30a489da11ecb9c34d3aa,SDOC-6c607349eba926da426ebb61
2035,TECH,GENERAL / MULTIDISCIPLINE,SKETCH,ENGINEERING SKETCH,OFO-P2035-SK-244,TYPICAL LIFTING & HANDLING ARRANGEMENT FOR HALF-MOON BY OSV SAFEEN PEARL,A,,,DATA/TECH/2035 Offshore Construction Engineering Register (Pipeline & Cables).xlsx,Sketch,257,INCLUDE,,REV-f055b83f0997dabca2bec770,SDOC-f861f00308a02ad620dc435e
2035,TECH,GENERAL / MULTIDISCIPLINE,SKETCH,ENGINEERING SKETCH,OFO-P2035-SK-245,PIPELINE SHIFTING SEQUENCE DURING LAYDOWN SKETCH FOR PL-5,A,,,DATA/TECH/2035 Offshore Construction Engineering Register (Pipeline & Cables).xlsx,Sketch,258,INCLUDE,,REV-85be8262cf7455b9e67bbc18,SDOC-444e4fdbb823b81e898b6473
2035,TECH,GENERAL / MULTIDISCIPLINE,SKETCH,ENGINEERING SKETCH,OFO-P2035-SK-246,TEMPORARY BOLLARD DETAILS FOR ASTRO-304,A,,,DATA/TECH/2035 Offshore Construction Engineering Register (Pipeline & Cables).xlsx,Sketch,259,INCLUDE,,REV-94999ed4a03ca32095a0e36a,SDOC-4ed6274f97ee9197cdf11e36
2035,TECH,GENERAL / MULTIDISCIPLINE,SKETCH,ENGINEERING SKETCH,OFO-P2035-SK-247,HEA TITAN LIFTING & OFFLOADING ARRANGEMENT FOR GANGWAY AT WIP,,,,DATA/TECH/2035 Offshore Construction Engineering Register (Pipeline & Cables).xlsx,Sketch,260,INCLUDE,,REV-36dcc08892754c20f812648e,SDOC-6f327e2a4437362f21ab14b2
2035,TECH,GENERAL / MULTIDISCIPLINE,SKETCH,ENGINEERING SKETCH,OFO-P2035-SK-248,HEA TITAN LIFTING & INSTALLATION ARRANGEMENT OF GANGWAY AT WIP,,,,DATA/TECH/2035 Offshore Construction Engineering Register (Pipeline & Cables).xlsx,Sketch,261,INCLUDE,,REV-91147f20c40d791fa93addd4,SDOC-c1dccb6927ce020b7528de81
2035,TECH,GENERAL / MULTIDISCIPLINE,SKETCH,ENGINEERING SKETCH,OFO-P2035-SK-249,HEA TITAN REMOVAL ARRANGEMENT OF GANGWAY AT WIP,,,,DATA/TECH/2035 Offshore Construction Engineering Register (Pipeline & Cables).xlsx,Sketch,262,INCLUDE,,REV-1cd31070a3994bef35eb91ce,SDOC-0975f85ee17eb8c209d91aca
2035,TECH,GENERAL / MULTIDISCIPLINE,SKETCH,ENGINEERING SKETCH,OFO-P2035-SK-250,"PIPELINE SHIFTING DURING LAYDOWN AT US-12B (KP3.934) FOR PROPOSED 16"" WELL FLUID PIPELINE FROM US-159A TO US-12B (PL-1)",B,,,DATA/TECH/2035 Offshore Construction Engineering Register (Pipeline & Cables).xlsx,Sketch,263,INCLUDE,,REV-032474ed0b63d1a9ca124504,SDOC-b0ed84206c9be716a5ae5488
2035,TECH,GENERAL / MULTIDISCIPLINE,SKETCH,ENGINEERING SKETCH,OFO-P2035-SK-251,"DMA START-UP ARRANGEMENT FOR  PROPOSED 18"" WELL FUID SUBSEA PIPELINE FROM (PL-6) FROM HP-1 TO HP2",G,,,DATA/TECH/2035 Offshore Construction Engineering Register (Pipeline & Cables).xlsx,Sketch,264,INCLUDE,,REV-48541e8c1e843f1b465aa6d9,SDOC-72c9612f40c184f2897ea92b
2035,TECH,GENERAL / MULTIDISCIPLINE,SKETCH,ENGINEERING SKETCH,OFO-P2035-SK-252,TYPICAL LIFTING ARRANGEMENT FOR TEMPORARY SUPPORT,C,,,DATA/TECH/2035 Offshore Construction Engineering Register (Pipeline & Cables).xlsx,Sketch,265,INCLUDE,,REV-69acd3ab27744f6af853d635,SDOC-b9992004dc4ed60650fdcb44
2035,TECH,GENERAL / MULTIDISCIPLINE,SKETCH,ENGINEERING SKETCH,OFO-P2035-SK-253,HEA TITAN LIFTING & OFFLOADING ARRANGEMENT FOR GANGWAY FROM BARGE DECK TO PLATFORM & PLATFORM TO BARGE DECK AT WIP,B,,,DATA/TECH/2035 Offshore Construction Engineering Register (Pipeline & Cables).xlsx,Sketch,266,INCLUDE,,REV-7f4e25ca32cb4cecb740c487,SDOC-97cb4ffe575544abc91e8c67
2035,TECH,GENERAL / MULTIDISCIPLINE,SKETCH,ENGINEERING SKETCH,OFO-P2035-SK-254,HEA TITAN  LIFTING & OFFLOADING ARRANGEMENT OF BILLY PUGH AT SUPPLY VESSEL & BARGE DECK,B,,,DATA/TECH/2035 Offshore Construction Engineering Register (Pipeline & Cables).xlsx,Sketch,267,INCLUDE,,REV-a3e81ddc1def54b7e746ac94,SDOC-49560ff13bd900973179118d
2035,TECH,GENERAL / MULTIDISCIPLINE,SKETCH,ENGINEERING SKETCH,OFO-P2035-SK-255,HEA TITAN  LIFTING & OFFLOADING ARRANGEMENT OF BILLY PUGH AT BARGE DECK & WIP PLATFORM,B,,,DATA/TECH/2035 Offshore Construction Engineering Register (Pipeline & Cables).xlsx,Sketch,268,INCLUDE,,REV-78a6fa61b456be6ab7cbc5c8,SDOC-e9b49b94ee06d89b10ccbd6e
2035,TECH,GENERAL / MULTIDISCIPLINE,SKETCH,ENGINEERING SKETCH,OFO-P2035-SK-256,HEA TITAN  LIFTING & OFFLOADING ARRANGEMENT OF 20 FT. CONTAINER AT SUPPLY VESSEL & BARGE DECK,B,,,DATA/TECH/2035 Offshore Construction Engineering Register (Pipeline & Cables).xlsx,Sketch,269,INCLUDE,,REV-29effc56d2ec42c887b091dd,SDOC-e273f242c88a3fbd7ee90362
2035,TECH,GENERAL / MULTIDISCIPLINE,SKETCH,ENGINEERING SKETCH,OFO-P2035-SK-257,HEA TITAN  LIFTING & OFFLOADING ARRANGEMENT OF 20 FT. CONTAINER AT BARGE DECK & WIP PLATFORM,A,2025-09-10,,DATA/TECH/2035 Offshore Construction Engineering Register (Pipeline & Cables).xlsx,Sketch,270,INCLUDE,,REV-b8a01adc422cf3a963ddc898,SDOC-474715962e4f18f3870b1a38
2035,TECH,GENERAL / MULTIDISCIPLINE,SKETCH,ENGINEERING SKETCH,OFO-P2035-SK-258,TYPICAL LIFTING & OFFLOADING ARRANGEMENT FOR BELL MOUTH PLATE BY SAFEEN PEARL,B,,,DATA/TECH/2035 Offshore Construction Engineering Register (Pipeline & Cables).xlsx,Sketch,271,INCLUDE,,REV-469e82bc09d196f0a3b57235,SDOC-87bb0c2926790b7c3c7eab03
2035,TECH,GENERAL / MULTIDISCIPLINE,SKETCH,ENGINEERING SKETCH,OFO-P2035-SK-259,HEA TITAN LIFTING & OFFLOADING ARRANGEMENT OF SCAFFOLDING BUNDLE AT SUPPLY VESSEL & BARGE DECK,B,,,DATA/TECH/2035 Offshore Construction Engineering Register (Pipeline & Cables).xlsx,Sketch,272,INCLUDE,,REV-b10083c40eb0c4e1fab76c88,SDOC-f33e1e2f4125303e75709e7b
2035,TECH,GENERAL / MULTIDISCIPLINE,SKETCH,ENGINEERING SKETCH,OFO-P2035-SK-260,HEA TITAN LIFTING & OFFLOADING ARRANGEMENT OF SCAFFOLDING BUNDLE  AT BARGE DECK & WIP PLATFORM,A,,,DATA/TECH/2035 Offshore Construction Engineering Register (Pipeline & Cables).xlsx,Sketch,273,INCLUDE,,REV-067aaf461082ce56e7625069,SDOC-1a23a852a682223ef549dd4a
2035,TECH,GENERAL / MULTIDISCIPLINE,SKETCH,ENGINEERING SKETCH,OFO-P2035-SK-261,PL-2 PIPELINE DAVIT LIFT AT US-12B WITH DLB-1000 (STBD SIDE),A,,,DATA/TECH/2035 Offshore Construction Engineering Register (Pipeline & Cables).xlsx,Sketch,274,INCLUDE,,REV-e0b892a741ee91a3e7a48fc0,SDOC-4875cd1bbcd78b2cdfdb9de1
2035,TECH,GENERAL / MULTIDISCIPLINE,SKETCH,ENGINEERING SKETCH,OFO-P2035-SK-262,STALK-ON AT RP1 FOR PL-2 WITH DLB-1000 (STBD SIDE),A,,,DATA/TECH/2035 Offshore Construction Engineering Register (Pipeline & Cables).xlsx,Sketch,275,INCLUDE,,REV-632a860ea185954bbf28fc8d,SDOC-3c399626ec07ed7123615906
2035,TECH,GENERAL / MULTIDISCIPLINE,SKETCH,ENGINEERING SKETCH,OFO-P2035-SK-263,A-FRAME DETAILS  (AS-BUILT),A,,,DATA/TECH/2035 Offshore Construction Engineering Register (Pipeline & Cables).xlsx,Sketch,276,INCLUDE,,REV-69b2542c38e6eacdac9d3231,SDOC-60d1ad4155f8459c53931fa0
2035,TECH,GENERAL / MULTIDISCIPLINE,SKETCH,ENGINEERING SKETCH,OFO-P2035-SK-264,MONO RAIL SUPPORT DETAILS (AS-BUILT),A,,,DATA/TECH/2035 Offshore Construction Engineering Register (Pipeline & Cables).xlsx,Sketch,277,INCLUDE,,REV-f70e3f8006b750c5069b2542,SDOC-c518f1a3c498d94d0e168ed1
2035,TECH,GENERAL / MULTIDISCIPLINE,SKETCH,ENGINEERING SKETCH,OFO-P2035-SK-265,ROLLER BOX SUPPORT DETAILS (AS-BUILT),A,,,DATA/TECH/2035 Offshore Construction Engineering Register (Pipeline & Cables).xlsx,Sketch,278,INCLUDE,,REV-0baaef2da4101d6139bd4a35,SDOC-329f1d35f1d5403d16e13aea
2035,TECH,GENERAL / MULTIDISCIPLINE,SKETCH,ENGINEERING SKETCH,OFO-P2035-SK-266,SEP-750 LIFTING & INSTALLATION ARRANGEMENT OF GANGWAY AT USSC-RP1WEST SIDE PLATFORM,A,,,DATA/TECH/2035 Offshore Construction Engineering Register (Pipeline & Cables).xlsx,Sketch,279,INCLUDE,,REV-7e976ca02f9c7c944d34b048,SDOC-a02810ab3057486d5c4c1a40
2035,TECH,GENERAL / MULTIDISCIPLINE,SKETCH,ENGINEERING SKETCH,OFO-P2035-SK-267,SEP-750 REMOVAL ARRANGEMENT OF GANGWAY AT USSC-RP1WEST SIDE PLATFORM,A,,,DATA/TECH/2035 Offshore Construction Engineering Register (Pipeline & Cables).xlsx,Sketch,280,INCLUDE,,REV-84f342aa94b5fc2ed03cbb29,SDOC-30f6e1291e350f6a6f264219
2035,TECH,GENERAL / MULTIDISCIPLINE,SKETCH,ENGINEERING SKETCH,OFO-P2035-SK-268,SEP-750 LIFTING & OFFLOADING ARRANGEMENT FOR BILLY PUGH FROM VESSEL TO USSC-RP1WEST SIDE PLATFORM,A,,,DATA/TECH/2035 Offshore Construction Engineering Register (Pipeline & Cables).xlsx,Sketch,281,INCLUDE,,REV-d6cc01a0016c6162b611c092,SDOC-80d0a6a7fc3fcc12eb28be4f
2035,TECH,GENERAL / MULTIDISCIPLINE,SKETCH,ENGINEERING SKETCH,OFO-P2035-SK-269,SEP-750 LIFTING & OFFLOADING ARRANGEMENT FOR BILLY PUGH FROM BARGE TO VESSEL AT USSC-RP1WEST SIDE PLATFORM,A,,,DATA/TECH/2035 Offshore Construction Engineering Register (Pipeline & Cables).xlsx,Sketch,282,INCLUDE,,REV-9e5d9404353d21a984352539,SDOC-63bb2c6e8d7373e98db16a0b
2035,TECH,GENERAL / MULTIDISCIPLINE,SKETCH,ENGINEERING SKETCH,OFO-P2035-SK-270,SEP-750 LIFTING & OFFLOADING BILLY PUGH FROM BARGE DECK TO PLATFORM AT USSC-RP1 WEST SIDE PLATFORM,A,,,DATA/TECH/2035 Offshore Construction Engineering Register (Pipeline & Cables).xlsx,Sketch,283,INCLUDE,,REV-234629de6f0824013f4856dc,SDOC-604cfd59b7e0d9033e81744f
2035,TECH,GENERAL / MULTIDISCIPLINE,SKETCH,ENGINEERING SKETCH,OFO-P2035-SK-271,SEP-750 LIFTING & OFFLOADING BILLY PUGH FROM PLATFORM TO BARGE DECK AT USSC-RP1 WEST SIDE PLATFORM,A,,,DATA/TECH/2035 Offshore Construction Engineering Register (Pipeline & Cables).xlsx,Sketch,284,INCLUDE,,REV-498c55de7acc35310d37a323,SDOC-3a243c182b831ac1e63dd727
2035,TECH,GENERAL / MULTIDISCIPLINE,SKETCH,ENGINEERING SKETCH,OFO-P2035-SK-272,SEP-750 LIFTING & OFFLOADING ARRANGEMENT FOR PROJECT MATERIAL FROM VESSEL TO BARGE AT USSC-RP1 WEST SIDE PLATFORM,A,2025-09-26,,DATA/TECH/2035 Offshore Construction Engineering Register (Pipeline & Cables).xlsx,Sketch,285,INCLUDE,,REV-cdcc7cb52ee50a9faea5983f,SDOC-94c1500d184d6bcf14445591
2035,TECH,GENERAL / MULTIDISCIPLINE,SKETCH,ENGINEERING SKETCH,OFO-P2035-SK-273,SEP-750 LIFTING & OFFLOADING ARRANGEMENT FOR PROJECT MATERIAL FROM BARGE TO VESSEL AT USSC-RP1 WEST SIDE PLATFORM,A,2025-09-26,,DATA/TECH/2035 Offshore Construction Engineering Register (Pipeline & Cables).xlsx,Sketch,286,INCLUDE,,REV-0da07f30072590bfec511010,SDOC-864cc75d78409c1d46c2f8d3
2035,TECH,GENERAL / MULTIDISCIPLINE,SKETCH,ENGINEERING SKETCH,OFO-P2035-SK-274,SEP-750 LIFTING & OFFLOADING ARRANGEMENT FOR PROJECT MATERIAL FROM BARGE DECK TO PLATFORM AT USSC-RP1 WEST SIDE PLATFORM,A,,,DATA/TECH/2035 Offshore Construction Engineering Register (Pipeline & Cables).xlsx,Sketch,287,INCLUDE,,REV-6f20984d4e687a895d7a9df6,SDOC-8b68bc6a0ee02f96e7390614
2035,TECH,GENERAL / MULTIDISCIPLINE,SKETCH,ENGINEERING SKETCH,OFO-P2035-SK-275,SEP-750 LIFTING & OFFLOADING ARRANGEMENT FOR PROJECT MATERIAL FROM PLATFORM TO BARGE DECK AT USSC-RP1 WEST SIDE PLATFORM,A,2025-09-26,,DATA/TECH/2035 Offshore Construction Engineering Register (Pipeline & Cables).xlsx,Sketch,288,INCLUDE,,REV-2fe4607f6463eafc5c4b4fad,SDOC-82dabe031effd86ae50089da
2035,TECH,GENERAL / MULTIDISCIPLINE,SKETCH,ENGINEERING SKETCH,OFO-P2035-SK-276,"DMA START-UP ARRANGEMENT FOR 16"" WI PIPELINE (PL-11) FROM HP-2 TO HP-1",F,,,DATA/TECH/2035 Offshore Construction Engineering Register (Pipeline & Cables).xlsx,Sketch,289,INCLUDE,,REV-247bda20bcceb707f4789fa4,SDOC-c5629ad41dffeb6b1fa9211f
2035,TECH,GENERAL / MULTIDISCIPLINE,SKETCH,ENGINEERING SKETCH,OFO-P2035-SK-277,SEP-750 LIFTING & OFFLOADING ARRANGEMENT FOR 20FT CONTAINER FROM VESSEL TO BARGE AT USSC-RP1 PLATFORM,,,,DATA/TECH/2035 Offshore Construction Engineering Register (Pipeline & Cables).xlsx,Sketch,290,INCLUDE,,REV-60bf303288d3a821a255d1e7,SDOC-a6de7d849c60795e4ecf8445
2035,TECH,GENERAL / MULTIDISCIPLINE,SKETCH,ENGINEERING SKETCH,OFO-P2035-SK-278,SEP-750 LIFTING & OFFLOADING ARRANGEMENT FOR 20FT CONTAINER FROM BARGE TO VESSEL AT USSC-RP1 PLATFORM,,,,DATA/TECH/2035 Offshore Construction Engineering Register (Pipeline & Cables).xlsx,Sketch,291,INCLUDE,,REV-06da45e18f413330b1a76386,SDOC-abcac61ada2b7d97f493cd5b
2035,TECH,GENERAL / MULTIDISCIPLINE,SKETCH,ENGINEERING SKETCH,OFO-P2035-SK-279,STALK-ON AT RP-1 FOR PL-3 WITH SAFEEN-3000 (PORT SIDE),B,,,DATA/TECH/2035 Offshore Construction Engineering Register (Pipeline & Cables).xlsx,Sketch,292,INCLUDE,,REV-6f8e65cd325998bb2ab300b5,SDOC-339f60a86c17d2376e22f2e8
2035,TECH,GENERAL / MULTIDISCIPLINE,SKETCH,ENGINEERING SKETCH,OFO-P2035-SK-280,PL3 PIPELINE DAVIT LIFT AT US-142A WITH SAFEEN 3000 (PORT SIDE),B,,,DATA/TECH/2035 Offshore Construction Engineering Register (Pipeline & Cables).xlsx,Sketch,293,INCLUDE,,REV-1007f4cefae5d495182dfee3,SDOC-8ef961d856cd8411fc4c4d34
2035,TECH,GENERAL / MULTIDISCIPLINE,SKETCH,ENGINEERING SKETCH,OFO-P2035-SK-281,STALK-ON AT RP-1 FOR PL-5 WITH SAFEEN-3000 (PORT SIDE),A,,,DATA/TECH/2035 Offshore Construction Engineering Register (Pipeline & Cables).xlsx,Sketch,294,INCLUDE,,REV-89433cf6c801ea790f733ff2,SDOC-4abbabb21b3b059727afa9d3
2035,TECH,GENERAL / MULTIDISCIPLINE,SKETCH,ENGINEERING SKETCH,OFO-P2035-SK-282,H&G - SAFEEN 3000 DECK LAYOUT DURING STALK ON RISER INSTALLATION,A,,,DATA/TECH/2035 Offshore Construction Engineering Register (Pipeline & Cables).xlsx,Sketch,295,INCLUDE,,REV-a0e9691ccfd9c6ec04a48c58,SDOC-9cde27d0ad3b8b1d68a1be2e
2035,TECH,GENERAL / MULTIDISCIPLINE,SKETCH,ENGINEERING SKETCH,OFO-P2035-SK-283,STALK-ON AT RP-1 FOR PL-7 WITH SAFEEN-3000 (PORT SIDE),A,,,DATA/TECH/2035 Offshore Construction Engineering Register (Pipeline & Cables).xlsx,Sketch,296,INCLUDE,,REV-0b189e35f91517bf128f42e1,SDOC-4f2fe5fdc39fa2cf45dfc3e6
2035,TECH,GENERAL / MULTIDISCIPLINE,SKETCH,ENGINEERING SKETCH,OFO-P2035-SK-284,"RISER TOP PLATE & PADEYE DETAILS FOR 16"" RISER","B,1",,,DATA/TECH/2035 Offshore Construction Engineering Register (Pipeline & Cables).xlsx,Sketch,297,INCLUDE,,REV-5028a6154be1bc92a847ec2f,SDOC-eb843a43ec282f2fca8a08a1
2035,TECH,GENERAL / MULTIDISCIPLINE,SKETCH,ENGINEERING SKETCH,OFO-P2035-SK-285,"RISER TOP PLATE & PADEYE DETAILS FOR 18"" RISER","B,1",,,DATA/TECH/2035 Offshore Construction Engineering Register (Pipeline & Cables).xlsx,Sketch,298,INCLUDE,,REV-217c31258afcfedc52b3ad8c,SDOC-bf9541b0b749019962137554
2035,TECH,GENERAL / MULTIDISCIPLINE,SKETCH,ENGINEERING SKETCH,OFO-P2035-SK-286,"AWTI PLATFORM, ROV CONTROL SEAFASTENING AND MOORING GUARD DETAIL AT SAFEEN 3000",A,,,DATA/TECH/2035 Offshore Construction Engineering Register (Pipeline & Cables).xlsx,Sketch,299,INCLUDE,,REV-753c63dc96aa3b748e989980,SDOC-786802096625dabc4e54c9b5
2035,TECH,GENERAL / MULTIDISCIPLINE,SKETCH,ENGINEERING SKETCH,OFO-P2035-SK-287,STALK-ON AT RP-1 FOR PL8 WITH SAFEEN-3000 (PORT SIDE),C,,,DATA/TECH/2035 Offshore Construction Engineering Register (Pipeline & Cables).xlsx,Sketch,300,INCLUDE,,REV-640789d4101dd05aa0f4ae34,SDOC-84f1ccf164ea8e5b56707690
2035,TECH,GENERAL / MULTIDISCIPLINE,SKETCH,ENGINEERING SKETCH,OFO-P2035-SK-288,STALK-ON AT RP-1 FOR PL2 WITH SAFEEN-3000 (PORT SIDE),B,,,DATA/TECH/2035 Offshore Construction Engineering Register (Pipeline & Cables).xlsx,Sketch,301,INCLUDE,,REV-d62dd148bf56bd86a712c34d,SDOC-e6379d435b9b5c963b119326
2035,TECH,GENERAL / MULTIDISCIPLINE,SKETCH,ENGINEERING SKETCH,OFO-P2035-SK-289,PL-2 PIPELINE DAVIT LIFT AT US-12B WITH SAFEEN-3000 (PORT SIDE),B,,,DATA/TECH/2035 Offshore Construction Engineering Register (Pipeline & Cables).xlsx,Sketch,302,INCLUDE,,REV-ffa56f123870e7fb6f53c801,SDOC-9d043dd1904b1cde20033956
2035,TECH,GENERAL / MULTIDISCIPLINE,SKETCH,ENGINEERING SKETCH,OFO-P2035-SK-290,GAUGE PLATE DETAILS,C,,,DATA/TECH/2035 Offshore Construction Engineering Register (Pipeline & Cables).xlsx,Sketch,303,INCLUDE,,REV-2c09051487b946edc4dc2696,SDOC-c8a0bd8f56105d6db13d7f99
2035,TECH,GENERAL / MULTIDISCIPLINE,SKETCH,ENGINEERING SKETCH,OFO-P2035-SK-291,TYPICAL LIFTING AND INSTALLATION OF REELS BY SAFEEN 3000,C,,,DATA/TECH/2035 Offshore Construction Engineering Register (Pipeline & Cables).xlsx,Sketch,304,INCLUDE,,REV-b200fb7ed0cce298a4339d57,SDOC-1037ac617be10b843802f78c
2035,TECH,GENERAL / MULTIDISCIPLINE,SKETCH,ENGINEERING SKETCH,OFO-P2035-SK-292,LIFTING ARRANGEMENT OF DIVING MATERIAL BASKET BY SAFEEN-3000,B,,,DATA/TECH/2035 Offshore Construction Engineering Register (Pipeline & Cables).xlsx,Sketch,305,INCLUDE,,REV-708b38c30d4bc88268629c75,SDOC-e93f5c9377a6876bfaf7c69b
2035,TECH,GENERAL / MULTIDISCIPLINE,SKETCH,ENGINEERING SKETCH,OFO-P2035-SK-293,LIFTING ARRANGEMENT OF SAND / CEMENT BAGS USING JUMBO BAG BY SAFEEN-3000,B,,,DATA/TECH/2035 Offshore Construction Engineering Register (Pipeline & Cables).xlsx,Sketch,306,INCLUDE,,REV-5e2f80ffb0ba2ac1bc06bb90,SDOC-d5ad0d4bb2a08a2b762e5df2
2035,TECH,GENERAL / MULTIDISCIPLINE,SKETCH,ENGINEERING SKETCH,OFO-P2035-SK-294,LIFTING ARRANGEMENT OF SAND / CEMENT BAGS USING CARGO NET BAG BY SAFEEN-3000,B,,,DATA/TECH/2035 Offshore Construction Engineering Register (Pipeline & Cables).xlsx,Sketch,307,INCLUDE,,REV-66c8311174ff5910dda5ee24,SDOC-82f575b728b3677671947fb3
2035,TECH,GENERAL / MULTIDISCIPLINE,SKETCH,ENGINEERING SKETCH,OFO-P2035-SK-295,14 INCHES NON RATED SPADE,A,,,DATA/TECH/2035 Offshore Construction Engineering Register (Pipeline & Cables).xlsx,Sketch,308,INCLUDE,,REV-f3f708e768186a8e3e788f2c,SDOC-fc57b7bc1f756f029a230de7
2035,TECH,GENERAL / MULTIDISCIPLINE,SKETCH,ENGINEERING SKETCH,OFO-P2035-SK-296,LIFTING ARRANGEMENT OF DIVING BASKET FOR GOLDEN GATE DEPLOYMENT BY SAFEEN-3000,C,,,DATA/TECH/2035 Offshore Construction Engineering Register (Pipeline & Cables).xlsx,Sketch,309,INCLUDE,,REV-8e7ae42333f2f4dc7739dc9b,SDOC-dec66ea8f4e8b00be9b09518
2035,TECH,GENERAL / MULTIDISCIPLINE,SKETCH,ENGINEERING SKETCH,OFO-P2035-SK-297,SEP-750 LIFTING & OFFLOADING BILLY PUGH BETWEEN BARGE DECK AT USSC-RP1 WEST SIDE AND SUPPLY VESSEL AT PORTSIDE USING SEA TRAX CRANE,,2025-11-24,,DATA/TECH/2035 Offshore Construction Engineering Register (Pipeline & Cables).xlsx,Sketch,310,INCLUDE,,REV-b9dd261126d29e8b5cc291c7,SDOC-816b30008cd569317b1c118a
2035,TECH,GENERAL / MULTIDISCIPLINE,SKETCH,ENGINEERING SKETCH,OFO-P2035-SK-298,SEP-750 LIFTING & OFFLOADING PROJECT MATERIAL BETWEEN BARGE DECK AT USSC-RP1 WEST SIDE AND SUPPLY VESSEL AT STARBOARD SIDE USING SEA TRAX CRANE,,2025-11-24,,DATA/TECH/2035 Offshore Construction Engineering Register (Pipeline & Cables).xlsx,Sketch,311,INCLUDE,,REV-2a66caab3614426b9c78a1fc,SDOC-929ede202e3fb8327bde7094
2035,TECH,GENERAL / MULTIDISCIPLINE,SKETCH,ENGINEERING SKETCH,OFO-P2035-SK-299,SEP-750 LIFTING & OFFLOADING BILLY PUGH BETWEEN BARGE DECK AT USSC-RP1 WEST SIDE AND SUPPLY VESSEL AT STARBOARD USING SEA TRAX CRANE,,,,DATA/TECH/2035 Offshore Construction Engineering Register (Pipeline & Cables).xlsx,Sketch,312,INCLUDE,,REV-fad3ec3e320b0ca66ced5372,SDOC-40b15e3eeb006d86654c7494
2035,TECH,GENERAL / MULTIDISCIPLINE,SKETCH,ENGINEERING SKETCH,OFO-P2035-SK-300,SEP-750 LIFTING & OFFLOADING PROJECT MATERIAL BETWEEN BARGE DECK AT USSC-RP1 WEST SIDE AND SUPPLY VESSEL AT PORTSIDE USING SEA TRAX CRANE,,2025-11-25,,DATA/TECH/2035 Offshore Construction Engineering Register (Pipeline & Cables).xlsx,Sketch,313,INCLUDE,,REV-0eb1d96e83664ec850bc4f86,SDOC-b3d35dd8713be44eb1216da7
2035,TECH,GENERAL / MULTIDISCIPLINE,SKETCH,ENGINEERING SKETCH,OFO-P2035-SK-301,RECOVERY ARRANGEMENT OF START-UP / LAYDOWN HEAD BY SAFEEN-3000,B,,,DATA/TECH/2035 Offshore Construction Engineering Register (Pipeline & Cables).xlsx,Sketch,314,INCLUDE,,REV-20e32a588cf1143364d12a79,SDOC-aafd61b6fd4d9a6b74831a9e
2035,TECH,GENERAL / MULTIDISCIPLINE,SKETCH,ENGINEERING SKETCH,OFO-P2035-SK-302,RECOVERY ARRANGEMENT OF KNEE BARCE BY SAFEEN-3000,A,,,DATA/TECH/2035 Offshore Construction Engineering Register (Pipeline & Cables).xlsx,Sketch,315,INCLUDE,,REV-6fc8c57d741f60eb1a82dc1b,SDOC-36c01b1aec2fe9c1330d6ceb
2035,TECH,GENERAL / MULTIDISCIPLINE,SKETCH,ENGINEERING SKETCH,OFO-P2035-SK-303,LIFTING ARRANGEMENT OF WIRE ROPE BY SAFEEN-3000,A,2025-12-05,,DATA/TECH/2035 Offshore Construction Engineering Register (Pipeline & Cables).xlsx,Sketch,316,INCLUDE,,REV-d467e89509ef44e6fa126dc1,SDOC-a929ece6c990f5348d041d84
2035,TECH,GENERAL / MULTIDISCIPLINE,SKETCH,ENGINEERING SKETCH,OFO-P2035-SK-304,LIFTING ARRANGEMENT OF AIRLIFT PIPE BY SAFEEN-3000,A,,,DATA/TECH/2035 Offshore Construction Engineering Register (Pipeline & Cables).xlsx,Sketch,317,INCLUDE,,REV-8029bd12dd34ef306885f3ad,SDOC-669478ffdeca11f814f17f94
2035,TECH,GENERAL / MULTIDISCIPLINE,SKETCH,ENGINEERING SKETCH,OFO-P2035-SK-305,PL-8 PIPELINE DAVIT LIFT AT HP-3 WITH SAFEEN-3000 (PORT SIDE),A,,,DATA/TECH/2035 Offshore Construction Engineering Register (Pipeline & Cables).xlsx,Sketch,318,INCLUDE,,REV-cf46e9966874e594786ac0d8,SDOC-48aac001f165a03a27154e78
2035,TECH,GENERAL / MULTIDISCIPLINE,SKETCH,ENGINEERING SKETCH,OFO-P2035-SK-306,SEP-750 LIFTING & OFFLOADING CCU BETWEEN BARGE DECK AT USSC-RP1 WEST SIDE AND SUPPLY VESSEL AT STARBOARD SIDE USING SEA TRAX CRANE,,,,DATA/TECH/2035 Offshore Construction Engineering Register (Pipeline & Cables).xlsx,Sketch,319,INCLUDE,,REV-5da09613ee488447db92b748,SDOC-b1f1b529cb5be7b2f12cb3f4
2035,TECH,GENERAL / MULTIDISCIPLINE,SKETCH,ENGINEERING SKETCH,OFO-P2035-SK-307,SEP-750 LIFTING & OFFLOADING CCU BETWEEN BARGE DECK AT USSC-RP1 WEST SIDE AND SUPPLY VESSEL AT PORTSIDE USING SEA TRAX CRANE,,,,DATA/TECH/2035 Offshore Construction Engineering Register (Pipeline & Cables).xlsx,Sketch,320,INCLUDE,,REV-ff60d33846d4ef40852ace6c,SDOC-f0e83f2ed5bbb0f3608aee3f
2035,TECH,GENERAL / MULTIDISCIPLINE,SKETCH,ENGINEERING SKETCH,OFO-P2035-SK-308,SEP-750 LIFTING & OFFLOADING CCU BETWEEN SUPPLY VESSEL AND USSC-RP1 PLATFORM AT STARBOARD SIDE USING SEA TRAX CRANE,,2025-11-27,,DATA/TECH/2035 Offshore Construction Engineering Register (Pipeline & Cables).xlsx,Sketch,321,INCLUDE,,REV-26ed4836b0833783ef3a8633,SDOC-8f109a8b9237a12fe61a07ba
2035,TECH,GENERAL / MULTIDISCIPLINE,SKETCH,ENGINEERING SKETCH,OFO-P2035-SK-309,SEP-750 LIFTING & OFFLOADING CCU BETWEEN SUPPLY VESSEL AND USSC-RP1 PLATFORM AT PORTSIDE USING SEA TRAX CRANE,,,,DATA/TECH/2035 Offshore Construction Engineering Register (Pipeline & Cables).xlsx,Sketch,322,INCLUDE,,REV-dafc63858d8fad245d7d2807,SDOC-23e2cc24d2e9e7c3a1572abd
2035,TECH,GENERAL / MULTIDISCIPLINE,SKETCH,ENGINEERING SKETCH,OFO-P2035-SK-310,SEP-750 LIFTING & OFFLOADING PROJECT MATERIAL BETWEEN SUPPLY VESSEL AND USSC-RP1 PLATFORM AT STARBOARD SIDE USING SEA TRAX CRANE,,,,DATA/TECH/2035 Offshore Construction Engineering Register (Pipeline & Cables).xlsx,Sketch,323,INCLUDE,,REV-5363289d596f19d2c44dccc4,SDOC-832d8c8b49f3c576c39e378f
2035,TECH,GENERAL / MULTIDISCIPLINE,SKETCH,ENGINEERING SKETCH,OFO-P2035-SK-311,SEP-750 LIFTING & OFFLOADING PROJECT MATERIAL BETWEEN SUPPLY VESSEL AND USSC-RP1 PLATFORM AT PORTSIDE USING SEA TRAX CRANE,,,,DATA/TECH/2035 Offshore Construction Engineering Register (Pipeline & Cables).xlsx,Sketch,324,INCLUDE,,REV-1abf5fbd42ab97287ca6343e,SDOC-a7173cde3dd2fcc2f40a4499
2035,TECH,GENERAL / MULTIDISCIPLINE,SKETCH,ENGINEERING SKETCH,OFO-P2035-SK-312,RECOVERY ARRANGEMENT OF KNEE BRACE CLAMP BY SAFEEN-3000,A,,,DATA/TECH/2035 Offshore Construction Engineering Register (Pipeline & Cables).xlsx,Sketch,325,INCLUDE,,REV-861caa15bb2e288ac072dd04,SDOC-49d8d4d8391804317325ebcf
2035,TECH,GENERAL / MULTIDISCIPLINE,SKETCH,ENGINEERING SKETCH,OFO-P2035-SK-313,RECOVERY ARRANGEMENT OF 16’’ BLIND FLANGE BY SAFEEN-3000,A,,,DATA/TECH/2035 Offshore Construction Engineering Register (Pipeline & Cables).xlsx,Sketch,326,INCLUDE,,REV-31b49bb6995aed8fd5856689,SDOC-c6cd73758c67b5494cf45c8a
2035,TECH,GENERAL / MULTIDISCIPLINE,SKETCH,ENGINEERING SKETCH,OFO-P2035-SK-314,RECOVERY ARRANGEMENT OF 18’’ BLIND FLANGE BY SAFEEN-3000,A,,,DATA/TECH/2035 Offshore Construction Engineering Register (Pipeline & Cables).xlsx,Sketch,327,INCLUDE,,REV-0b16a05657f38aafff3be428,SDOC-bdda259f552fb06e04746347
2035,TECH,GENERAL / MULTIDISCIPLINE,SKETCH,ENGINEERING SKETCH,OFO-P2035-SK-315,LIFTING ARRANGEMENT OF SAND / CEMENT BAGS USING JUMBO BAG BY HEA OCEANIC,A,,,DATA/TECH/2035 Offshore Construction Engineering Register (Pipeline & Cables).xlsx,Sketch,328,INCLUDE,,REV-d47fd31a78ba516b2bfe2b1b,SDOC-bba56ee865b6583fdef32487
2035,TECH,GENERAL / MULTIDISCIPLINE,SKETCH,ENGINEERING SKETCH,OFO-P2035-SK-316,LIFTING ARRANGEMENT OF SAND / CEMENT BAGS USING CARGO NET BAG BY HEA OCEANIC,A,,,DATA/TECH/2035 Offshore Construction Engineering Register (Pipeline & Cables).xlsx,Sketch,329,INCLUDE,,REV-63c1210736b6e15ea7f254ac,SDOC-9e9857c42305cba969988fcb
2035,TECH,GENERAL / MULTIDISCIPLINE,SKETCH,ENGINEERING SKETCH,OFO-P2035-SK-317,LIFTING ARRANGEMENT OF DIVING MATERIAL BASKET BY HEA OCEANIC,A,,,DATA/TECH/2035 Offshore Construction Engineering Register (Pipeline & Cables).xlsx,Sketch,330,INCLUDE,,REV-f3029368291c38fda0daf896,SDOC-6e41678ace504bd770409c57
2035,TECH,GENERAL / MULTIDISCIPLINE,SKETCH,ENGINEERING SKETCH,OFO-P2035-SK-318,RECOVERY ARRANGEMENT OF START-UP / LAYDOWN HEAD BY HEA OCEANIC,A,,,DATA/TECH/2035 Offshore Construction Engineering Register (Pipeline & Cables).xlsx,Sketch,331,INCLUDE,,REV-359e7b9bc2707c42678f489a,SDOC-535ed33bc9eb8e7cb5c8313d
2035,TECH,GENERAL / MULTIDISCIPLINE,SKETCH,ENGINEERING SKETCH,OFO-P2035-SK-319,LIFTING ARRANGEMENT OF DIVING BASKET FOR GOLDEN GATE DEPLOYMENT BY HEA OCEANIC,A,,,DATA/TECH/2035 Offshore Construction Engineering Register (Pipeline & Cables).xlsx,Sketch,332,INCLUDE,,REV-79484f4b06714553c47c4608,SDOC-5552bd50e31b0d2492c9da5a
2035,TECH,GENERAL / MULTIDISCIPLINE,SKETCH,ENGINEERING SKETCH,OFO-P2035-SK-320,LIFTING ARRANGEMENT OF AIRLIFT PIPE BY HEA OCEANIC,B,,,DATA/TECH/2035 Offshore Construction Engineering Register (Pipeline & Cables).xlsx,Sketch,333,INCLUDE,,REV-a10bb545ee86a5d67802ab0e,SDOC-21844a34e6e8cdd20f0f2e78
2035,TECH,GENERAL / MULTIDISCIPLINE,SKETCH,ENGINEERING SKETCH,OFO-P2035-SK-321,RECOVERY ARRANGEMENT OF 16'' BLIND FLANGE BY HEA OCEANIC,,,,DATA/TECH/2035 Offshore Construction Engineering Register (Pipeline & Cables).xlsx,Sketch,334,INCLUDE,,REV-2955e66bf625018922267e24,SDOC-d89d693b5c59ba330b2f15ec
2035,TECH,GENERAL / MULTIDISCIPLINE,SKETCH,ENGINEERING SKETCH,OFO-P2035-SK-322,LIFTING ARRANGEMENT OF 18'' BLIND FLANGE BY HEA OCEANIC,A,,,DATA/TECH/2035 Offshore Construction Engineering Register (Pipeline & Cables).xlsx,Sketch,335,INCLUDE,,REV-75403e86ec189cb7db87c69c,SDOC-9664aa28620ba4f7792dec39
2035,TECH,GENERAL / MULTIDISCIPLINE,SKETCH,ENGINEERING SKETCH,OFO-P2035-SK-323,LIFTING ARRANGEMENT OF WIRE ROPE BY HEA OCEANIC,A,,,DATA/TECH/2035 Offshore Construction Engineering Register (Pipeline & Cables).xlsx,Sketch,336,INCLUDE,,REV-520ae9ad516a89d346d3cd08,SDOC-405eefa5e9dcf09c69659f95
2035,TECH,GENERAL / MULTIDISCIPLINE,SKETCH,ENGINEERING SKETCH,OFO-P2035-SK-324,LIFTING ARRANGEMENT OF A FRAME (AF-04-14) (AF-04-15) BY HEA OCEANIC,A,2025-12-26,,DATA/TECH/2035 Offshore Construction Engineering Register (Pipeline & Cables).xlsx,Sketch,337,INCLUDE,,REV-add2183ac2df0cd153ba320f,SDOC-5aa3b4e5af4e917af5664f90
2035,TECH,GENERAL / MULTIDISCIPLINE,SKETCH,ENGINEERING SKETCH,OFO-P2035-SK-325,LIFTING ARRANGEMENT OF A FRAME (AF-01) BY HEA OCEANIC,B,,,DATA/TECH/2035 Offshore Construction Engineering Register (Pipeline & Cables).xlsx,Sketch,338,INCLUDE,,REV-ca7b15dce859dd4788edb410,SDOC-5293502c2ee7d6ede13674d8
2035,TECH,GENERAL / MULTIDISCIPLINE,SKETCH,ENGINEERING SKETCH,OFO-P2035-SK-326,LIFTING ARRANGEMENT OF A FRAME (AF-2004-15) BY HEA OCEANIC,,2025-12-17,,DATA/TECH/2035 Offshore Construction Engineering Register (Pipeline & Cables).xlsx,Sketch,339,INCLUDE,,REV-031331201516520f65cb28ce,SDOC-91b4d305056390b8815cf951
2035,TECH,GENERAL / MULTIDISCIPLINE,SKETCH,ENGINEERING SKETCH,OFO-P2035-SK-327,MATTRESSES & GROUTING EQUIPMENT SET-UP LAYOUT ON HEA OCEAN,B,,,DATA/TECH/2035 Offshore Construction Engineering Register (Pipeline & Cables).xlsx,Sketch,340,INCLUDE,,REV-71954fb0d9378c811c9eb172,SDOC-097bec856760c2bd8b705f55
2035,TECH,GENERAL / MULTIDISCIPLINE,SKETCH,ENGINEERING SKETCH,OFO-P2035-SK-328,LIFTING ARRANGEMENT OF EMPTY GROUT BAGS BY HEA OCEANIC,A,,,DATA/TECH/2035 Offshore Construction Engineering Register (Pipeline & Cables).xlsx,Sketch,341,INCLUDE,,REV-3403f0e6a746fde574d569cd,SDOC-68c94e11eac4fb69aa4246d3
2035,TECH,GENERAL / MULTIDISCIPLINE,SKETCH,ENGINEERING SKETCH,OFO-P2035-SK-329,LIFTING ARRANGEMENT OF FLANGE SHROUD BY HEA OCEANIC,B,,,DATA/TECH/2035 Offshore Construction Engineering Register (Pipeline & Cables).xlsx,Sketch,342,INCLUDE,,REV-57c05bab3bb9ee7e07fa967a,SDOC-d32bca535a946ca9049ad052
2035,TECH,GENERAL / MULTIDISCIPLINE,SKETCH,ENGINEERING SKETCH,OFO-P2035-SK-330,LIFTING ARRANGEMENT OF 2IN TIE IN SPOOL BY HEA OCEANIC,C,,,DATA/TECH/2035 Offshore Construction Engineering Register (Pipeline & Cables).xlsx,Sketch,343,INCLUDE,,REV-4c05d4fc411cdea2062021d5,SDOC-9defb40946d888832168aac7
2035,TECH,GENERAL / MULTIDISCIPLINE,SKETCH,ENGINEERING SKETCH,OFO-P2035-SK-331,REMOVAL ARRANGEMENT OF BST-S13 BUMPERS BY SAFEEN-3000,B,,,DATA/TECH/2035 Offshore Construction Engineering Register (Pipeline & Cables).xlsx,Sketch,344,INCLUDE,,REV-72dd7ce437700cfa1ee41358,SDOC-d189d053b4ac25609ea63047
2035,TECH,GENERAL / MULTIDISCIPLINE,SKETCH,ENGINEERING SKETCH,OFO-P2035-SK-332,RECOVERY ARRANGEMENT OF KNEE BARCE WITH CLAMP BY SAFEEN-3000,A,,,DATA/TECH/2035 Offshore Construction Engineering Register (Pipeline & Cables).xlsx,Sketch,345,INCLUDE,,REV-e76c48e5a37147ee930e9302,SDOC-1c7901281108aceadc1591b1
2035,TECH,GENERAL / MULTIDISCIPLINE,SKETCH,ENGINEERING SKETCH,OFO-P2035-SK-333,"HORIZONTAL (HBS) START-UP ARRANGEMENT FOR 16"" WATER INJECTION PIPELINE FROM HP-3 TO USSC-RP1 (PL-9) BY SAFEEN 3000",A,,,DATA/TECH/2035 Offshore Construction Engineering Register (Pipeline & Cables).xlsx,Sketch,346,INCLUDE,,REV-1099a25b9c606f5b660cb658,SDOC-e99b7a0fc68ddb950dd947fd
2035,TECH,GENERAL / MULTIDISCIPLINE,SKETCH,ENGINEERING SKETCH,OFO-P2035-SK-334,LIFTING ARRANGEMENT FOR TRANSFERRING RISER SPOOLS FROM WEST TO EAST SIDE OF RP-1 BY SAFEEN-3000,A,,,DATA/TECH/2035 Offshore Construction Engineering Register (Pipeline & Cables).xlsx,Sketch,347,INCLUDE,,REV-8337983fb88492074678aaec,SDOC-6bc45c3b6282077786ba2a47
2035,TECH,GENERAL / MULTIDISCIPLINE,SKETCH,ENGINEERING SKETCH,OFO-P2035-SK-335,ROV CROSS HAULING -FROM BARGE STERN  OPTION-2,,,,DATA/TECH/2035 Offshore Construction Engineering Register (Pipeline & Cables).xlsx,Sketch,348,INCLUDE,,REV-6b80cc01a2a14ee0ac75ab51,SDOC-8c355dc593c448bd48f4a82c
2035,TECH,GENERAL / MULTIDISCIPLINE,SKETCH,ENGINEERING SKETCH,OFO-P2035-SK-336,TYPICAL LIFTING ARRANGEMENT FOR TEMPORARY SUPPORT DURING INSTALLATION AND REMOVAL,B,,,DATA/TECH/2035 Offshore Construction Engineering Register (Pipeline & Cables).xlsx,Sketch,349,INCLUDE,,REV-e583289bd213eac625e7fceb,SDOC-d0ea0a24fd7358cae286326b
2035,TECH,GENERAL / MULTIDISCIPLINE,SKETCH,ENGINEERING SKETCH,OFO-P2035-SK-337,PIPELINE SHIFTING DURING LAYDOWN AT US-153A (KP 3.540) FOR PROPOSED 16” WF SUBSEA PIPELINE FROM US-19B TO US-153A (PL-4),B,,,DATA/TECH/2035 Offshore Construction Engineering Register (Pipeline & Cables).xlsx,Sketch,350,INCLUDE,,REV-2d51a3e899ffa384924da557,SDOC-e392e4545477b2a70fb4298e
2035,TECH,GENERAL / MULTIDISCIPLINE,SKETCH,ENGINEERING SKETCH,OFO-P2035-SK-338,LAYDOWN HEAD DETAIL FOR 16” PIPELINE (FLANGE TYPE),A,,,DATA/TECH/2035 Offshore Construction Engineering Register (Pipeline & Cables).xlsx,Sketch,351,INCLUDE,,REV-d3866cfa90c5fb8667c7d449,SDOC-84dcc29347424c8663c1f930
2035,TECH,GENERAL / MULTIDISCIPLINE,SKETCH,ENGINEERING SKETCH,OFO-P2035-SK-339,PL-08 PIPELINE DAVIT LIFTING AT HP-03 PLATFORM WITH DLB-1000 (PORT SIDE),B,,,DATA/TECH/2035 Offshore Construction Engineering Register (Pipeline & Cables).xlsx,Sketch,352,INCLUDE,,REV-076d1a6483ef86b798356f9e,SDOC-2956b5ac7668e6e652c64d75
2035,TECH,GENERAL / MULTIDISCIPLINE,SKETCH,ENGINEERING SKETCH,OFO-P2035-SK-340,PL-09 PIPELINE DAVIT LIFTING AND SHIFTING AT HP-03 PLATFORM WITH DLB-1000 (PORT SIDE),D,,,DATA/TECH/2035 Offshore Construction Engineering Register (Pipeline & Cables).xlsx,Sketch,353,INCLUDE,,REV-ea89e133ab5be2b725a09143,SDOC-e5fb6beddb2cf1dacd408342
2035,TECH,GENERAL / MULTIDISCIPLINE,SKETCH,ENGINEERING SKETCH,OFO-P2035-SK-341,PL-8 Pipeline Davit Lift Arrangement Sketch at USSC RP-1,B,,,DATA/TECH/2035 Offshore Construction Engineering Register (Pipeline & Cables).xlsx,Sketch,354,INCLUDE,,REV-8bc2f308891e2b5fe0f68eaa,SDOC-9da726eaae54a44a660b5849
2035,TECH,GENERAL / MULTIDISCIPLINE,SKETCH,ENGINEERING SKETCH,OFO-P2035-SK-342,QMS SUBHIYA LIFTING & OFFLOADING ARRANGEMENT OF BILLY PUGH AT SUPPLY VESSEL & BARGE DECK (US-159),A,,,DATA/TECH/2035 Offshore Construction Engineering Register (Pipeline & Cables).xlsx,Sketch,355,INCLUDE,,REV-20eea78e9f04839dcb485a5d,SDOC-0ba340938a034effd57c9482
2035,TECH,GENERAL / MULTIDISCIPLINE,SKETCH,ENGINEERING SKETCH,OFO-P2035-SK-343,QMS SUBHIYA LIFTING & OFFLOADING ARRANGEMENT OF BILLY PUGH AT BARGE DECK & US-159 PLATFORM,A,2026-02-16,,DATA/TECH/2035 Offshore Construction Engineering Register (Pipeline & Cables).xlsx,Sketch,356,INCLUDE,,REV-d8960132695160a42774b19a,SDOC-b4b8f6d8c808eb0d0d84b476
2035,TECH,GENERAL / MULTIDISCIPLINE,SKETCH,ENGINEERING SKETCH,OFO-P2035-SK-344,QMS SUBHIYA LIFTING & OFFLOADING ARRANGEMENT OF GANGWAY AT SUPPLY VESSEL & BARGE DECK (US-159),A,,,DATA/TECH/2035 Offshore Construction Engineering Register (Pipeline & Cables).xlsx,Sketch,357,INCLUDE,,REV-563d7c90c0add80a704743c6,SDOC-7285bb9aa3d17cf090763e96
2035,TECH,GENERAL / MULTIDISCIPLINE,SKETCH,ENGINEERING SKETCH,OFO-P2035-SK-345,QMS SUBHIYA LIFTING & OFFLOADING ARRANGEMENT OF GANGWAY AT BARGE DECK & US-159 PLATFORM,A,,,DATA/TECH/2035 Offshore Construction Engineering Register (Pipeline & Cables).xlsx,Sketch,358,INCLUDE,,REV-7dd3c20a6ef66530ca97302c,SDOC-622bbb8c54468b43183cf780
2035,TECH,GENERAL / MULTIDISCIPLINE,SKETCH,ENGINEERING SKETCH,OFO-P2035-SK-346,QMS SUBHIYA LIFTING & OFFLOADING ARRANGEMENT OF PROJECT MATERIAL AT SUPPLY VESSEL & BARGE DECK (US-159),A,,,DATA/TECH/2035 Offshore Construction Engineering Register (Pipeline & Cables).xlsx,Sketch,359,INCLUDE,,REV-794fcd456be3b878f6791e9b,SDOC-4c630a0894dfd8c93dc443cb
2035,TECH,GENERAL / MULTIDISCIPLINE,SKETCH,ENGINEERING SKETCH,OFO-P2035-SK-347,QMS SUBHIYA LIFTING & OFFLOADING ARRANGEMENT OF PROJECT MATERIAL AT BARGE DECK & US-159 PLATFORM,A,,,DATA/TECH/2035 Offshore Construction Engineering Register (Pipeline & Cables).xlsx,Sketch,360,INCLUDE,,REV-a021c433947e199d2bf86c70,SDOC-364abd658ddbb86dff6d97a9
2035,TECH,GENERAL / MULTIDISCIPLINE,SKETCH,ENGINEERING SKETCH,OFO-P2035-SK-348,QMS SUBHIYA LIFTING & OFFLOADING ARRANGEMENT OF 20FT CONTAINER AT SUPPLY VESSEL & BARGE DECK (US-159),A,,,DATA/TECH/2035 Offshore Construction Engineering Register (Pipeline & Cables).xlsx,Sketch,361,INCLUDE,,REV-6cf70816cb4b2dbe905e0b65,SDOC-d4d25991bd3066b5ee2dd935
2035,TECH,GENERAL / MULTIDISCIPLINE,SKETCH,ENGINEERING SKETCH,OFO-P2035-SK-349,QMS SUBHIYA LIFTING & OFFLOADING ARRANGEMENT OF 20FT CONTAINER AT BARGE DECK & US-159 PLATFORM,A,,,DATA/TECH/2035 Offshore Construction Engineering Register (Pipeline & Cables).xlsx,Sketch,362,INCLUDE,,REV-d2ad431b220c3afcaecb555c,SDOC-506a9ae8c488bbb85338e657
2035,TECH,GENERAL / MULTIDISCIPLINE,SKETCH,ENGINEERING SKETCH,OFO-P2035-SK-350,RECOVERY ARRANGEMENT OF KNEE BRACE WITH CLAMP BY HEA OCEANIC,A,,,DATA/TECH/2035 Offshore Construction Engineering Register (Pipeline & Cables).xlsx,Sketch,363,INCLUDE,,REV-21c8c59b1190db19e681e516,SDOC-87273b10d34fafeae937cb93
2035,TECH,GENERAL / MULTIDISCIPLINE,SKETCH,ENGINEERING SKETCH,OFO-P2035-SK-351,RECOVERY ARRANGEMENT OF TEMPORARY SHROUD BY HEA OCEANIC,A,,,DATA/TECH/2035 Offshore Construction Engineering Register (Pipeline & Cables).xlsx,Sketch,364,INCLUDE,,REV-5fa40cda6ae97b9589bb9989,SDOC-7dbfb7fe99bcb7114f83ce82
2035,TECH,GENERAL / MULTIDISCIPLINE,SKETCH,ENGINEERING SKETCH,OFO-P2035-SK-352,SEP-750 LIFTING & OFFLOADING ARRANGEMENT FOR GANGWAY FROM VESSL TO BARGE AT US 153 PLATFORM,A,,,DATA/TECH/2035 Offshore Construction Engineering Register (Pipeline & Cables).xlsx,Sketch,365,INCLUDE,,REV-73697629bf9e10315c5af723,SDOC-ec3bca93d4407773d7cf0845
2035,TECH,GENERAL / MULTIDISCIPLINE,SKETCH,ENGINEERING SKETCH,OFO-P2035-SK-353,SEP-750 LIFTING & OFFLOADING ARRANGEMENT FOR GANGWAY FROM BARGE TO VESSEL AT US 153 PLATFORM,A,,,DATA/TECH/2035 Offshore Construction Engineering Register (Pipeline & Cables).xlsx,Sketch,366,INCLUDE,,REV-5425973ba3cf813683ab245a,SDOC-2e82879a91d6b9d64e376ed2
2035,TECH,GENERAL / MULTIDISCIPLINE,SKETCH,ENGINEERING SKETCH,OFO-P2035-SK-354,SEP-750 LIFTING & INSTALLATION ARRANGEMENT OF GANGWAY AT US 153 PLATFORM,A,,,DATA/TECH/2035 Offshore Construction Engineering Register (Pipeline & Cables).xlsx,Sketch,367,INCLUDE,,REV-15e97f6217105d5b7f7f2701,SDOC-ee298883b945411259034a42
2035,TECH,GENERAL / MULTIDISCIPLINE,SKETCH,ENGINEERING SKETCH,OFO-P2035-SK-355,SEP-750 REMOVAL ARRANGEMENT OF GANGWAY AT US 153 PLATFORM,A,,,DATA/TECH/2035 Offshore Construction Engineering Register (Pipeline & Cables).xlsx,Sketch,368,INCLUDE,,REV-ae5aee746c4058007b0e08a5,SDOC-f0f48d8b1709a6a44d0a2c9e
2035,TECH,GENERAL / MULTIDISCIPLINE,SKETCH,ENGINEERING SKETCH,OFO-P2035-SK-356,SEP-750 LIFTING & OFFLOADING ARRANGEMENT FOR BILLY PUGH FROM VESSEL TO BARGE AT US153 PLATFORM,A,,,DATA/TECH/2035 Offshore Construction Engineering Register (Pipeline & Cables).xlsx,Sketch,369,INCLUDE,,REV-9bfbde677da77b23686e7df0,SDOC-a503dad2a42712fea792782b
2035,TECH,GENERAL / MULTIDISCIPLINE,SKETCH,ENGINEERING SKETCH,OFO-P2035-SK-357,SEP-750 LIFTING & OFFLOADING ARRANGEMENT FOR BILLY PUGH FROM BARGE TO VESSEL AT US153 PLATFORM,A,,,DATA/TECH/2035 Offshore Construction Engineering Register (Pipeline & Cables).xlsx,Sketch,370,INCLUDE,,REV-7a237b0521581bf54a30d02a,SDOC-45befb6a2d280a2a9a749bab
2035,TECH,GENERAL / MULTIDISCIPLINE,SKETCH,ENGINEERING SKETCH,OFO-P2035-SK-358,SEP-750 LIFTING & OFFLOADING BILLY PUGH FROM BARGE DECK TO PLATFORM AT US 153 PLATFORM,A,,,DATA/TECH/2035 Offshore Construction Engineering Register (Pipeline & Cables).xlsx,Sketch,371,INCLUDE,,REV-99e083abd3a814512236eada,SDOC-985fcd878af8a642f65e5362
2035,TECH,GENERAL / MULTIDISCIPLINE,SKETCH,ENGINEERING SKETCH,OFO-P2035-SK-359,SEP-750 LIFTING & OFFLOADING BILLY PUGH FROM PLATFORM TO BARGE DECK AT US 153 PLATFORM,A,,,DATA/TECH/2035 Offshore Construction Engineering Register (Pipeline & Cables).xlsx,Sketch,372,INCLUDE,,REV-d8d4ee1448696f2652455dbf,SDOC-4fde9fca1a4b650fa393acf7
2035,TECH,GENERAL / MULTIDISCIPLINE,SKETCH,ENGINEERING SKETCH,OFO-P2035-SK-360,SEP-750 LIFTING & OFFLOADING ARRANGEMENT FOR PROJECT MATERIAL FROM VESSEL TO BARGE AT US153 PLATFORM,A,,,DATA/TECH/2035 Offshore Construction Engineering Register (Pipeline & Cables).xlsx,Sketch,373,INCLUDE,,REV-27303b005abf8f4cc46ab5dc,SDOC-18a552d310f03400bdcef350
2035,TECH,GENERAL / MULTIDISCIPLINE,SKETCH,ENGINEERING SKETCH,OFO-P2035-SK-361,SEP-750 LIFTING & OFFLOADING ARRANGEMENT FOR PROJECT MATERIAL FROM BARGE TO VESSEL AT US153 PLATFORM,A,,,DATA/TECH/2035 Offshore Construction Engineering Register (Pipeline & Cables).xlsx,Sketch,374,INCLUDE,,REV-7c4f420d099c71aad8e0e206,SDOC-c8639cb1bf3e4baaf3c58b7e
2035,TECH,GENERAL / MULTIDISCIPLINE,SKETCH,ENGINEERING SKETCH,OFO-P2035-SK-362,SEP-750 LIFTING & OFFLOADING ARRANGEMENT FOR PROJECT MATERIAL FROM BARGE DECK TO PLATFORM AT US153 PLATFORM,A,,,DATA/TECH/2035 Offshore Construction Engineering Register (Pipeline & Cables).xlsx,Sketch,375,INCLUDE,,REV-3fcb05ec71d578260bcb69cc,SDOC-286d759738f0d20b9c22ba58
2035,TECH,GENERAL / MULTIDISCIPLINE,SKETCH,ENGINEERING SKETCH,OFO-P2035-SK-363,SEP-750 LIFTING & OFFLOADING ARRANGEMENT FOR PROJECT MATERIAL FROM PLAT FORM TO BARGE DECK AT US153 PLATFORM,A,,,DATA/TECH/2035 Offshore Construction Engineering Register (Pipeline & Cables).xlsx,Sketch,376,INCLUDE,,REV-d20d4c35c3d049d88e19ca67,SDOC-14ea0b9f496fb05231a7b66f
2035,TECH,GENERAL / MULTIDISCIPLINE,SKETCH,ENGINEERING SKETCH,OFO-P2035-SK-364,SEP-750 LIFTING & OFFLOADING ARRANGEMENT FOR 20 FT. CONTAINER FROM VESSEL TO BARGE AT US-153 PLATFORM,A,,,DATA/TECH/2035 Offshore Construction Engineering Register (Pipeline & Cables).xlsx,Sketch,377,INCLUDE,,REV-7d7da235c0a6c1256deec974,SDOC-f9da8b866cc128f87ea97e73
2035,TECH,GENERAL / MULTIDISCIPLINE,SKETCH,ENGINEERING SKETCH,OFO-P2035-SK-365,SEP-750 LIFTING & OFFLOADING ARRANGEMENT FOR 20 FT. CONTAINER FROM BARGE TO VESSEL AT US-153 PLATFORM,A,,,DATA/TECH/2035 Offshore Construction Engineering Register (Pipeline & Cables).xlsx,Sketch,378,INCLUDE,,REV-cb83a54d251326ffc0dfcca0,SDOC-877e969a762317ab680d716b
2035,TECH,GENERAL / MULTIDISCIPLINE,SKETCH,ENGINEERING SKETCH,OFO-P2035-SK-366,SEP-750 LIFTING & OFFLOADING ARRANGEMENT FOR 20 FT. CONTAINER FROM BARGE DECK TO PLATFORM AT US-153 PLATFORM,A,,,DATA/TECH/2035 Offshore Construction Engineering Register (Pipeline & Cables).xlsx,Sketch,379,INCLUDE,,REV-4c60344e4a084f800b15a8b8,SDOC-f417fd95f35d995c7da6d932
2035,TECH,GENERAL / MULTIDISCIPLINE,SKETCH,ENGINEERING SKETCH,OFO-P2035-SK-367,SEP-750 LIFTING & OFFLOADING ARRANGEMENT FOR 20 FT. CONTAINER FROM PLAT FORM TO BARGE DECK AT US-153 PLATFORM,A,,,DATA/TECH/2035 Offshore Construction Engineering Register (Pipeline & Cables).xlsx,Sketch,380,INCLUDE,,REV-1b2fbbfe878c5b6ac1e2c06e,SDOC-825ff29e0bd7dca4ffd51723
2035,TECH,GENERAL / MULTIDISCIPLINE,SKETCH,ENGINEERING SKETCH,OFO-P2035-SK-368,TYPICAL LIFTING AND INSTALLATION OF REELS BY SAFEEN-3000 FROM MUTAWA-401,A,,,DATA/TECH/2035 Offshore Construction Engineering Register (Pipeline & Cables).xlsx,Sketch,381,INCLUDE,,REV-88bd8162e4a564eeb4b62e79,SDOC-1abf8fd359bc320183b81eb7
2035,TECH,GENERAL / MULTIDISCIPLINE,SKETCH,ENGINEERING SKETCH,OFO-P2035-SK-369,TYPICAL LIFTING AND INSTALLATION OF REELS BY SAPURA-1200 FROM MUTAWA-401,A,,,DATA/TECH/2035 Offshore Construction Engineering Register (Pipeline & Cables).xlsx,Sketch,382,INCLUDE,,REV-1715a16e3468a698dcedba6e,SDOC-ab18e10f6ccaca29f5f0fbff
2035,TECH,GENERAL / MULTIDISCIPLINE,SKETCH,ENGINEERING SKETCH,OFO-P2035-SK-370,STALK -ON AT RP-1 FOR PL-2 WITH DLB-1000 (PORT SIDE),B,,,DATA/TECH/2035 Offshore Construction Engineering Register (Pipeline & Cables).xlsx,Sketch,383,INCLUDE,,REV-dfcd919477d1b584b7ff1c79,SDOC-7e95c46fd3d2475b66e25d1a
2035,TECH,GENERAL / MULTIDISCIPLINE,SKETCH,ENGINEERING SKETCH,OFO-P2035-SK-371,PL-2 PIPELINE DAVIT LIFT AT US-12B WITH DLB-1000 (PORT SIDE),A,,,DATA/TECH/2035 Offshore Construction Engineering Register (Pipeline & Cables).xlsx,Sketch,384,INCLUDE,,REV-eb23d933fcf7f7530e856d83,SDOC-cfe61f3ed668e3695a98a3ca
2035,TECH,GENERAL / MULTIDISCIPLINE,SKETCH,ENGINEERING SKETCH,OFO-P2035-SK-372,Deployment & Recovery Arrangement of 75MT Gravity Anchor by DLB-1000,A,,,DATA/TECH/2035 Offshore Construction Engineering Register (Pipeline & Cables).xlsx,Sketch,385,INCLUDE,,REV-2a6e5859a7d05317a0c6269f,SDOC-3acf70ed5bcb135e0a002600
2035,TECH,GENERAL / MULTIDISCIPLINE,SKETCH,ENGINEERING SKETCH,OFO-P2035-SK-373,Recovery Arrangement of Knee Brace by DLB-1000,A,,,DATA/TECH/2035 Offshore Construction Engineering Register (Pipeline & Cables).xlsx,Sketch,386,INCLUDE,,REV-1a1ffe3761dc4ace30fb0f47,SDOC-efa83c8b3750ac246f0fab9e
2035,TECH,GENERAL / MULTIDISCIPLINE,SKETCH,ENGINEERING SKETCH,OFO-P2035-SK-374,Lifting Arrangement of Sand/ Cement Bags using Jumbo Bag by DLB-1000,A,,,DATA/TECH/2035 Offshore Construction Engineering Register (Pipeline & Cables).xlsx,Sketch,387,INCLUDE,,REV-7f7ba3e8dd8530dcde34668f,SDOC-eaa56ca8832757468545dbba
2035,TECH,GENERAL / MULTIDISCIPLINE,SKETCH,ENGINEERING SKETCH,OFO-P2035-SK-375,Lifting Arrangement of Diving Material Basket by DLB-1000,A,,,DATA/TECH/2035 Offshore Construction Engineering Register (Pipeline & Cables).xlsx,Sketch,388,INCLUDE,,REV-4829b3bf7ce4e0e3076a408e,SDOC-0f2d5a0e986c5561029c2737
2035,TECH,GENERAL / MULTIDISCIPLINE,SKETCH,ENGINEERING SKETCH,OFO-P2035-SK-376,Lifting Arrangement of Sand/ Cement Bags using Cargo Net Bag by DLB-1000,A,,,DATA/TECH/2035 Offshore Construction Engineering Register (Pipeline & Cables).xlsx,Sketch,389,INCLUDE,,REV-d41f552b66bd0154c87debe1,SDOC-e01d2c1d743f01f14dee3548
2035,TECH,GENERAL / MULTIDISCIPLINE,SKETCH,ENGINEERING SKETCH,OFO-P2035-SK-377,Recovery Arrangement of Start-up/Laydown Head by DLB-1000,A,,,DATA/TECH/2035 Offshore Construction Engineering Register (Pipeline & Cables).xlsx,Sketch,390,INCLUDE,,REV-f2fd91f65d142aab4678b394,SDOC-4eea75ae0b4c9f3069eda043
2035,TECH,GENERAL / MULTIDISCIPLINE,SKETCH,ENGINEERING SKETCH,OFO-P2035-SK-378,Lifting Arrangement of Airlift Pipe by DLB-1000,A,,,DATA/TECH/2035 Offshore Construction Engineering Register (Pipeline & Cables).xlsx,Sketch,391,INCLUDE,,REV-ba71119b76103831e91020c0,SDOC-90d6c09d6d65bd6bcb92e6a5
2035,TECH,GENERAL / MULTIDISCIPLINE,SKETCH,ENGINEERING SKETCH,OFO-P2035-SK-379,Recovery Arrangement of Knee Brace Clamps by DLB-1000,A,,,DATA/TECH/2035 Offshore Construction Engineering Register (Pipeline & Cables).xlsx,Sketch,392,INCLUDE,,REV-bc841c0fd1891c4f221cad6f,SDOC-1e679b7d73759f8fc32245e7
2035,TECH,GENERAL / MULTIDISCIPLINE,SKETCH,ENGINEERING SKETCH,OFO-P2035-SK-380,Recovery Arrangement of 18in Blind Flange by DLB-1000,A,,,DATA/TECH/2035 Offshore Construction Engineering Register (Pipeline & Cables).xlsx,Sketch,393,INCLUDE,,REV-d3c1c195b1c04f5b455078c1,SDOC-7a1a52c2216f9efa3b24d59d
2035,TECH,GENERAL / MULTIDISCIPLINE,SKETCH,ENGINEERING SKETCH,OFO-P2035-SK-381,Lifting Arrangement of Wire Rope by DLB-1000,A,,,DATA/TECH/2035 Offshore Construction Engineering Register (Pipeline & Cables).xlsx,Sketch,394,INCLUDE,,REV-b8a94c9261df0114093c47f8,SDOC-129b68a13e13abdbd164454c
2035,TECH,GENERAL / MULTIDISCIPLINE,SKETCH,ENGINEERING SKETCH,OFO-P2035-SK-382,Lifting Arrangement of A-Frame (AF-01),A,,,DATA/TECH/2035 Offshore Construction Engineering Register (Pipeline & Cables).xlsx,Sketch,395,INCLUDE,,REV-484740339bb8dd39419b0cc0,SDOC-1216055d28f41cc8e294e8e0
2035,TECH,GENERAL / MULTIDISCIPLINE,SKETCH,ENGINEERING SKETCH,OFO-P2035-SK-383,Lifting Arrangement of A-Frame (AF-04-14) / (AF-2004-15),A,,,DATA/TECH/2035 Offshore Construction Engineering Register (Pipeline & Cables).xlsx,Sketch,396,INCLUDE,,REV-c3328d768263aa3ec8a0e7f5,SDOC-c9d92ec969445915c990667d
2035,TECH,GENERAL / MULTIDISCIPLINE,SKETCH,ENGINEERING SKETCH,OFO-P2035-SK-384,DIXIE PATRIOT LIFTING & INSTALLATION ARRANGEMENT OF GANGWAY AT USSC-RP1WEST SIDE PLATFORM,,,,DATA/TECH/2035 Offshore Construction Engineering Register (Pipeline & Cables).xlsx,Sketch,397,INCLUDE,,REV-70f557b292473fd5a2a5537b,SDOC-db100fb8f21a021efc86cbb6
2035,TECH,GENERAL / MULTIDISCIPLINE,SKETCH,ENGINEERING SKETCH,OFO-P2035-SK-385,DIXIE PATRIOT REMOVAL ARRANGEMENT OF GANGWAY AT USSC-RP1WEST SIDE PLATFORM,,,,DATA/TECH/2035 Offshore Construction Engineering Register (Pipeline & Cables).xlsx,Sketch,398,INCLUDE,,REV-520f4ecfba72731fd0935595,SDOC-17f19f905a890765ad165395
2035,TECH,GENERAL / MULTIDISCIPLINE,SKETCH,ENGINEERING SKETCH,OFO-P2035-SK-386,DIXIE PATRIOT LIFTING & OFFLOADING ARRANGEMENT FOR BILLY PUGH FROM VESSEL TO USSC-RP1WEST SIDE PLATFORM,,,,DATA/TECH/2035 Offshore Construction Engineering Register (Pipeline & Cables).xlsx,Sketch,399,INCLUDE,,REV-5d390e2a41f7aedfde7c7abc,SDOC-3e70c0cc0416d1b928a1553d
2035,TECH,GENERAL / MULTIDISCIPLINE,SKETCH,ENGINEERING SKETCH,OFO-P2035-SK-387,DIXIE PATRIOT LIFTING & OFFLOADING ARRANGEMENT FOR BILLY PUGH FROM BARGE TO VESSEL AT USSC-RP1WEST SIDE PLATFORM,,,,DATA/TECH/2035 Offshore Construction Engineering Register (Pipeline & Cables).xlsx,Sketch,400,INCLUDE,,REV-3624d48b7f51f59bbc31570d,SDOC-e86f5e87e1e5b304d1ee53cf
2035,TECH,GENERAL / MULTIDISCIPLINE,SKETCH,ENGINEERING SKETCH,OFO-P2035-SK-388,DIXIE PATRIOT LIFTING & OFFLOADING BILLY PUGH FROM BARGE DECK TO PLATFORM AT USSC-RP1 WEST SIDE PLATFORM,,2026-03-09,,DATA/TECH/2035 Offshore Construction Engineering Register (Pipeline & Cables).xlsx,Sketch,401,INCLUDE,,REV-6de5e92f447ece68cb6f1a62,SDOC-93fac9bd94177545507d2627
2035,TECH,GENERAL / MULTIDISCIPLINE,SKETCH,ENGINEERING SKETCH,OFO-P2035-SK-389,DIXIE PATRIOT LIFTING & OFFLOADING BILLY PUGH FROM PLATFORM TO BARGE DECK AT USSC-RP1 WEST SIDE PLATFORM,,,,DATA/TECH/2035 Offshore Construction Engineering Register (Pipeline & Cables).xlsx,Sketch,402,INCLUDE,,REV-b48ac744ffb71353240b1d2b,SDOC-9d423ed456372ae45f78866a
2035,TECH,GENERAL / MULTIDISCIPLINE,SKETCH,ENGINEERING SKETCH,OFO-P2035-SK-390,DIXIE PATRIOT LIFTING & OFFLOADING ARRANGEMENT FOR PROJECT MATERIAL FROM VESSEL TO BARGE AT USSC-RP1 WEST SIDE PLATFORM,,2026-03-09,,DATA/TECH/2035 Offshore Construction Engineering Register (Pipeline & Cables).xlsx,Sketch,403,INCLUDE,,REV-36c349dc01775dfd50165928,SDOC-c05ec86eea79969c5d32f31d
2035,TECH,GENERAL / MULTIDISCIPLINE,SKETCH,ENGINEERING SKETCH,OFO-P2035-SK-391,DIXIE PATRIOT LIFTING & OFFLOADING ARRANGEMENT FOR PROJECT MATERIAL FROM BARGE TO VESSEL AT USSC-RP1 WEST SIDE PLATFORM,,2026-03-09,,DATA/TECH/2035 Offshore Construction Engineering Register (Pipeline & Cables).xlsx,Sketch,404,INCLUDE,,REV-4e4e45b50ed5579838bc5160,SDOC-b65f549af388ebf4e83e841d
2035,TECH,GENERAL / MULTIDISCIPLINE,SKETCH,ENGINEERING SKETCH,OFO-P2035-SK-392,DIXIE PATRIOT LIFTING & OFFLOADING ARRANGEMENT FOR PROJECT MATERIAL FROM BARGE DECK TO PLATFORM AT USSC-RP1 WEST SIDE PLATFORM,,2026-03-09,,DATA/TECH/2035 Offshore Construction Engineering Register (Pipeline & Cables).xlsx,Sketch,405,INCLUDE,,REV-f2db82a823cc074284391a6a,SDOC-35d77a4ecfddff38c66ebe5e
2035,TECH,GENERAL / MULTIDISCIPLINE,SKETCH,ENGINEERING SKETCH,OFO-P2035-SK-393,DIXIE PATRIOT LIFTING & OFFLOADING ARRANGEMENT FOR PROJECT MATERIAL FROM PLATFORM TO BARGE DECK AT USSC-RP1 WEST SIDE PLATFORM,,,,DATA/TECH/2035 Offshore Construction Engineering Register (Pipeline & Cables).xlsx,Sketch,406,INCLUDE,,REV-fd91adca0ede270659114a24,SDOC-4c5718595a9cdca34e8a2484
2035,TECH,GENERAL / MULTIDISCIPLINE,SKETCH,ENGINEERING SKETCH,OFO-P2035-SK-394,DIXIE PATRIOT LIFTING & OFFLOADING ARRANGEMENT FOR 20FT CONTAINER FROM VESSEL TO BARGE AT USSC-RP1 PLATFORM,,,,DATA/TECH/2035 Offshore Construction Engineering Register (Pipeline & Cables).xlsx,Sketch,407,INCLUDE,,REV-647544520849ad64b618e6a9,SDOC-5a3ede01b40af010ceb28b0a
2035,TECH,GENERAL / MULTIDISCIPLINE,SKETCH,ENGINEERING SKETCH,OFO-P2035-SK-395,DIXIE PATRIOT LIFTING & OFFLOADING ARRANGEMENT FOR 20FT CONTAINER FROM BARGE TO VESSEL AT USSC-RP1 PLATFORM,,,,DATA/TECH/2035 Offshore Construction Engineering Register (Pipeline & Cables).xlsx,Sketch,408,INCLUDE,,REV-bec8cb648b4a7f37fc48d275,SDOC-0bd9ea057c7cb30e65b275ac
2035,TECH,GENERAL / MULTIDISCIPLINE,SKETCH,ENGINEERING SKETCH,OFO-P2035-SK-396,DMA Start-Up Arrangement Sketch for PL-11 by SAFEEN 3000,,,,DATA/TECH/2035 Offshore Construction Engineering Register (Pipeline & Cables).xlsx,Sketch,409,INCLUDE,,REV-6b134a6bd958556f5ec5bf61,SDOC-6f9e1bf260817469d7335951
2035,TECH,GENERAL / MULTIDISCIPLINE,SKETCH,ENGINEERING SKETCH,OFO-P2035-SK-397,US LTDP-1 Project] Pipelay Profile with Stinger - DLS 4200 (for PL-1),A,,,DATA/TECH/2035 Offshore Construction Engineering Register (Pipeline & Cables).xlsx,Sketch,410,INCLUDE,,REV-3783e6bf15a36650a8feb54b,SDOC-15ec5d8798908dd4a9fa0e0e
2035,TECH,GENERAL / MULTIDISCIPLINE,SKETCH,ENGINEERING SKETCH,OFO-P2035-SK-398,A-FRAME,C,,,DATA/TECH/2035 Offshore Construction Engineering Register (Pipeline & Cables).xlsx,Sketch,411,INCLUDE,,REV-c5ab8870d681431ddbfcc019,SDOC-c9ee1e4af68a468d3fc72bc4
2035,TECH,GENERAL / MULTIDISCIPLINE,SKETCH,ENGINEERING SKETCH,OFO-P2035-SK-399,DLB-1000 DECK LAYOUT FOR STALK ON RISER AND SPOOLS INSTALLATION,A,,,DATA/TECH/2035 Offshore Construction Engineering Register (Pipeline & Cables).xlsx,Sketch,412,INCLUDE,,REV-064b27b35ce66acb1872be24,SDOC-cdfb3d5e5ccb294a7c479d9a
2035,TECH,GENERAL / MULTIDISCIPLINE,SKETCH,ENGINEERING SKETCH,OFO-P2035-SK-400,TYPICAL ABANDONMENT AND RECOVERY / LAYDOWN ARRANGEMENT WITH DLS-4200,A,,,DATA/TECH/2035 Offshore Construction Engineering Register (Pipeline & Cables).xlsx,Sketch,413,INCLUDE,,REV-0be476bc3494c63908761b38,SDOC-bb4552fb7dae8120f1f39d59
2035,TECH,GENERAL / MULTIDISCIPLINE,SKETCH,ENGINEERING SKETCH,OFO-P2035-SK-401,(SEP-650) LIFTING & OFFLOADING ARRANGEMENT FOR GANGWAY BETWEEN BARGE AND VESSEL AT (RP1) PLATFORM,,,,DATA/TECH/2035 Offshore Construction Engineering Register (Pipeline & Cables).xlsx,Sketch,414,INCLUDE,,REV-42a5a0f0228b87394a39da2c,SDOC-b7ae5aebf07c56ff81deb5c3
2035,TECH,GENERAL / MULTIDISCIPLINE,SKETCH,ENGINEERING SKETCH,OFO-P2035-SK-402,(SEP-650) LIFTING & OFFLOADING ARRANGEMENT FOR GANGWAY BETWEEN BARGE AND PLATFORM AT (RP1) PLATFORM,,,,DATA/TECH/2035 Offshore Construction Engineering Register (Pipeline & Cables).xlsx,Sketch,415,INCLUDE,,REV-c4b0319b84963f2a1b4f55f8,SDOC-85e82098ddf660169da08311
2035,TECH,GENERAL / MULTIDISCIPLINE,SKETCH,ENGINEERING SKETCH,OFO-P2035-SK-403,(SEP-650) LIFTING & OFFLOADING ARRANGEMENT FOR BILLY PUGH BETWEEN BARGE AND VESSEL AT (RP1) PLATFORM,A,,,DATA/TECH/2035 Offshore Construction Engineering Register (Pipeline & Cables).xlsx,Sketch,416,INCLUDE,,REV-2e16e0ac5d2f51db804ba5a7,SDOC-f4edc92db4a72b737167d70f
2035,TECH,GENERAL / MULTIDISCIPLINE,SKETCH,ENGINEERING SKETCH,OFO-P2035-SK-404,(SEP-650) LIFTING & OFFLOADING ARRANGEMENT FOR BILLY PUGH BETWEEN BARGE AND PLATFORM AT (RP1) PLATFORM,A,,,DATA/TECH/2035 Offshore Construction Engineering Register (Pipeline & Cables).xlsx,Sketch,417,INCLUDE,,REV-b3740d56154723db2f782b0f,SDOC-c2174142a93b9520bf364564
2035,TECH,GENERAL / MULTIDISCIPLINE,SKETCH,ENGINEERING SKETCH,OFO-P2035-SK-405,(SEP-650) LIFTING & OFFLOADING ARRANGEMENT FOR PROJECT MATERIAL BETWEEN BARGE AND VESSEL AT (RP1) PLATFORM,A,2026-04-09,,DATA/TECH/2035 Offshore Construction Engineering Register (Pipeline & Cables).xlsx,Sketch,418,INCLUDE,,REV-b05f3d0a1a839ae68c4de80f,SDOC-0ebb60664b2bfc0e2651d583
2035,TECH,GENERAL / MULTIDISCIPLINE,SKETCH,ENGINEERING SKETCH,OFO-P2035-SK-406,(SEP-650) LIFTING & OFFLOADING ARRANGEMENT FOR PROJECT MATERIAL BETWEEN BARGE AND PLATFORM AT (RP1) PLATFORM,A,,,DATA/TECH/2035 Offshore Construction Engineering Register (Pipeline & Cables).xlsx,Sketch,419,INCLUDE,,REV-9fed42c1ebfbb63f5d108c3b,SDOC-48814565c13b73cdef36e8d9
2035,TECH,GENERAL / MULTIDISCIPLINE,SKETCH,ENGINEERING SKETCH,OFO-P2035-SK-407,(SEP-650) LIFTING & OFFLOADING ARRANGEMENT FOR CCU CARGO CONTAINER BETWEEN BARGE AND VESSEL AT (RP1) PLATFORM,A,,,DATA/TECH/2035 Offshore Construction Engineering Register (Pipeline & Cables).xlsx,Sketch,420,INCLUDE,,REV-f796b062829dcdfb16b8847d,SDOC-a58c10d0459668f6de94253e
2035,TECH,GENERAL / MULTIDISCIPLINE,SKETCH,ENGINEERING SKETCH,OFO-P2035-SK-408,(SEP-650) LIFTING & OFFLOADING ARRANGEMENT FOR CCU CARGO CONTAINER BETWEEN BARGE AND PLATFORM AT (RP1) PLATFORM,A,,,DATA/TECH/2035 Offshore Construction Engineering Register (Pipeline & Cables).xlsx,Sketch,421,INCLUDE,,REV-5819e6f0f13a0d04ed7b89bd,SDOC-ef4e908c6e833cd289360ad5
2035,TECH,GENERAL / MULTIDISCIPLINE,SKETCH,ENGINEERING SKETCH,OFO-P2035-SK-409,STROP ARRANGEMENT FOR PL-7 DAVIT LIFT @ USSC RP-1 WITH DLB 1000,A,2026-04-06,,DATA/TECH/2035 Offshore Construction Engineering Register (Pipeline & Cables).xlsx,Sketch,422,INCLUDE,,REV-6aa927c4efb3490107dda85f,SDOC-97a344399564551a0feced92
2035,TECH,GENERAL / MULTIDISCIPLINE,SKETCH,ENGINEERING SKETCH,OFO-P2035-SK-410,DECK LAYOUT FOR MUTAWA-17 DURING PRE-COMMISSIONING SCOPE,A,,,DATA/TECH/2035 Offshore Construction Engineering Register (Pipeline & Cables).xlsx,Sketch,423,INCLUDE,,REV-01022d32c3f369c634e7a919,SDOC-900129d47436869673565f6c
2035,TECH,GENERAL / MULTIDISCIPLINE,SKETCH,ENGINEERING SKETCH,OFO-P2035-SK-411,MUTAWA-401 LIFTING & OFFLOADING ARRANGEMENT OF PROJECT MATERIAL AT SUPPLY VESSEL & PLATFORM (US-159A),A,2026-04-21,,DATA/TECH/2035 Offshore Construction Engineering Register (Pipeline & Cables).xlsx,Sketch,424,INCLUDE,,REV-430f3e0330758683e8f3747b,SDOC-1f639050688ae2a5df005ed8
2035,TECH,GENERAL / MULTIDISCIPLINE,SKETCH,ENGINEERING SKETCH,OFO-P2035-SK-412,MUTAWA-401 LIFTING & OFFLOADING ARRANGEMENT OF E&I JUNCTION BOX AT SUPPLY VESSEL & PLATFORM (US-159A),A,,,DATA/TECH/2035 Offshore Construction Engineering Register (Pipeline & Cables).xlsx,Sketch,425,INCLUDE,,REV-bb699653c8c0f8ab3a13665c,SDOC-ea4d3e595cb917094fc694ba
2035,TECH,GENERAL / MULTIDISCIPLINE,SKETCH,ENGINEERING SKETCH,OFO-P2035-SK-413,TYPICAL ABANDONMENT AND RECOVERY / LAYDOWN ARRANGEMENT WITH DLB-750,A,,,DATA/TECH/2035 Offshore Construction Engineering Register (Pipeline & Cables).xlsx,Sketch,426,INCLUDE,,REV-3050271e7c2784c67e715a97,SDOC-9b244b96fa0afd538c818d31
2035,TECH,GENERAL / MULTIDISCIPLINE,SKETCH,ENGINEERING SKETCH,OFO-P2035-SK-414,DLB-750 PIPELAY PROFILE,B,,,DATA/TECH/2035 Offshore Construction Engineering Register (Pipeline & Cables).xlsx,Sketch,427,INCLUDE,,REV-5f626fd7f94f9050a78ccb96,SDOC-83c96a18974f1e74571a2cfe
2035,TECH,GENERAL / MULTIDISCIPLINE,SKETCH,ENGINEERING SKETCH,OFO-P2035-SK-415,16” START-UP HEAD LIFTING AND LOWERING WITH HEA OCEANIC (PL-8),B,,,DATA/TECH/2035 Offshore Construction Engineering Register (Pipeline & Cables).xlsx,Sketch,428,INCLUDE,,REV-38f4ad3cb006f555825d5dde,SDOC-5480890aff27c884deb02164
2035,TECH,GENERAL / MULTIDISCIPLINE,SKETCH,ENGINEERING SKETCH,OFO-P2035-SK-416,START-UP ARRANGEMENT FOR 16” WELL FLUID PIPELINE FROM US-159A TO US-12B (PL-1) BY DLB-750,A,,,DATA/TECH/2035 Offshore Construction Engineering Register (Pipeline & Cables).xlsx,Sketch,429,INCLUDE,,REV-1e524b3b37fbd14aaeb2e83b,SDOC-42d19b19adb2ed5306d4b7e5
2035,TECH,GENERAL / MULTIDISCIPLINE,SKETCH,ENGINEERING SKETCH,OFO-P2035-SK-417,Pipeline Shifting Sequence during Laydown Sketch for PL-1 with DLB-750,B,,,DATA/TECH/2035 Offshore Construction Engineering Register (Pipeline & Cables).xlsx,Sketch,430,INCLUDE,,REV-715396fdcf7caff96b63e050,SDOC-afbcecd92d38fe921c69ed8e
2035,TECH,GENERAL / MULTIDISCIPLINE,SKETCH,ENGINEERING SKETCH,OFO-P2035-SK-418,USLTDP-1 2035 - As-Laid Drawing Request – L-Frame Davit for ROV Deployment (DLB-1000),A,,,DATA/TECH/2035 Offshore Construction Engineering Register (Pipeline & Cables).xlsx,Sketch,431,INCLUDE,,REV-fa592fdc660e916942c4b79f,SDOC-f1f1f9e0cfc8bec42c2fd36a
2035,TECH,GENERAL / MULTIDISCIPLINE,SKETCH,ENGINEERING SKETCH,OFO-P2035-SK-419,Lifting Temporary Pig Launcher & Receiver by MUTAWA 17 at US-159A WHT,A,,,DATA/TECH/2035 Offshore Construction Engineering Register (Pipeline & Cables).xlsx,Sketch,432,INCLUDE,,REV-fbf72f3f852c221d54048857,SDOC-69b768572be807fa654c1f95
2035,TECH,GENERAL / MULTIDISCIPLINE,SKETCH,ENGINEERING SKETCH,OFO-P2035-SK-420,SEP-750 LIFTING & OFFLOADING ARRANGEMENT FOR GANGWAY BETWEEN BARGE AND VESSEL AT (US-19A) PLATFORM,A,,,DATA/TECH/2035 Offshore Construction Engineering Register (Pipeline & Cables).xlsx,Sketch,433,INCLUDE,,REV-496f4e1a11f969e6244f84ff,SDOC-7e85909b5dbd8796e34cdf41
2035,TECH,GENERAL / MULTIDISCIPLINE,SKETCH,ENGINEERING SKETCH,OFO-P2035-SK-421,SEP-750 LIFTING & OFFLOADING ARRANGEMENT FOR GANGWAY BETWEEN BARGE AND PLATFORM AT (US-19A ) PLATFORM,A,,,DATA/TECH/2035 Offshore Construction Engineering Register (Pipeline & Cables).xlsx,Sketch,434,INCLUDE,,REV-a40781a981f2dae3e06ec49c,SDOC-4c2e94e09c5c6a35d3348687
2035,TECH,GENERAL / MULTIDISCIPLINE,SKETCH,ENGINEERING SKETCH,OFO-P2035-SK-422,Lifting Temporary Pig Launcher & Receiver by MUTAWA 17 at HP1,A,,,DATA/TECH/2035 Offshore Construction Engineering Register (Pipeline & Cables).xlsx,Sketch,435,INCLUDE,,REV-d513bc17e6e49f8e48c22509,SDOC-0ec5a64690cbab34c377a896
2035,TECH,GENERAL / MULTIDISCIPLINE,SKETCH,ENGINEERING SKETCH,OFO-P2035-SK-423,Lifting Temporary Pig Launcher & Receiver by MUTAWA 17 at RP1,A,,,DATA/TECH/2035 Offshore Construction Engineering Register (Pipeline & Cables).xlsx,Sketch,436,INCLUDE,,REV-e6d899db23f78795d15ab2aa,SDOC-e1132589f4aa558cc8478f84
2035,TECH,GENERAL / MULTIDISCIPLINE,SKETCH,ENGINEERING SKETCH,OFO-P2035-SK-424,Lifting Arrangement of Flange Shroud by DLB-1000,A,,,DATA/TECH/2035 Offshore Construction Engineering Register (Pipeline & Cables).xlsx,Sketch,437,INCLUDE,,REV-ba6b8daf3e18e1d9ccbe7410,SDOC-ca5ad4683d631dfd9f8233c3
2035,TECH,GENERAL / MULTIDISCIPLINE,SKETCH,ENGINEERING SKETCH,OFO-P2035-SK-425,Recovery Arrangement of Temporary Shroud by DLB-1000,A,,,DATA/TECH/2035 Offshore Construction Engineering Register (Pipeline & Cables).xlsx,Sketch,438,INCLUDE,,REV-dbfc248e8a60d7f2dea3f1a7,SDOC-75143b64dc8e4c797e8ca02c
2035,TECH,GENERAL / MULTIDISCIPLINE,SKETCH,ENGINEERING SKETCH,OFO-P2035-SK-426,PIPELINE SHIFTING DURING LAYDOWN AT US-153A (KP 3.540) FOR PROPOSED 16” WF SUBSEA PIPELINE FROM US-19B TO US-153A (PL-4) WITH DLB-750,A,,,DATA/TECH/2035 Offshore Construction Engineering Register (Pipeline & Cables).xlsx,Sketch,439,INCLUDE,,REV-01e8e2f8b5300ed399c78a84,SDOC-48717e535007e864b60a843b
2035,TECH,GENERAL / MULTIDISCIPLINE,SKETCH,ENGINEERING SKETCH,OFO-P2035-SK-427,SPARE,,,,DATA/TECH/2035 Offshore Construction Engineering Register (Pipeline & Cables).xlsx,Sketch,440,INCLUDE,,REV-add9e27d0d5f8304add5bef1,SDOC-7c7332cf497e3e51d67990b3
2035,TECH,GENERAL / MULTIDISCIPLINE,SKETCH,ENGINEERING SKETCH,OFO-P2035-SK-428,DECK LAYOUT FOR DLB-750 DURING PIGGYBACK PIPELAY INSTALLATION,A,2026-07-13,,DATA/TECH/2035 Offshore Construction Engineering Register (Pipeline & Cables).xlsx,Sketch,441,INCLUDE,,REV-602bb77d83d3b825670d73d6,SDOC-8a48173009c348896dfdf4b4
2035,TECH,GENERAL / MULTIDISCIPLINE,SKETCH,ENGINEERING SKETCH,OFO-P2035-SK-429,DMA Start-Up Arrangement for Proposed (PL-4) 16” Well Fluid PL. from US-19B to US-153A by DLB-750,A,,,DATA/TECH/2035 Offshore Construction Engineering Register (Pipeline & Cables).xlsx,Sketch,442,INCLUDE,,REV-ec217f2f08065fefdd2a5537,SDOC-86963e7e00f6e3791e6d28b7
2035,TECH,GENERAL / MULTIDISCIPLINE,SKETCH,ENGINEERING SKETCH,OFO-P2035-SK-430,SEP-750 LIFTING & OFFLOADING ARRANGEMENT FOR GANGWAY (19M LG.)  BETWEEN BARGE AND VESSEL AT (US-19A) PLATFORM,A,,,DATA/TECH/2035 Offshore Construction Engineering Register (Pipeline & Cables).xlsx,Sketch,443,INCLUDE,,REV-dfcf11e4856c536e193a5c09,SDOC-5798b2d4037b28bcc1090804
2035,TECH,GENERAL / MULTIDISCIPLINE,SKETCH,ENGINEERING SKETCH,OFO-P2035-SK-431,SEP-750 LIFTING & OFFLOADING ARRANGEMENT FOR GANGWAY (19M LG.) BETWEEN BARGE AND PLATFORM AT (US-19A ) PLATFORM,A,,,DATA/TECH/2035 Offshore Construction Engineering Register (Pipeline & Cables).xlsx,Sketch,444,INCLUDE,,REV-60b482cbe56a9624ffa15bfd,SDOC-6777aa44e7daf4410bf4437e
2035,TECH,GENERAL / MULTIDISCIPLINE,SKETCH,ENGINEERING SKETCH,OFO-P2035-SK-432,AIR BAG ARRANGEMENT FOR LIFTING OF 16” WF PIPELINE FROM US-HP3 TO USSC-RP1 (PL-8) AT KP 0.908,A,,,DATA/TECH/2035 Offshore Construction Engineering Register (Pipeline & Cables).xlsx,Sketch,445,INCLUDE,,REV-81d4876b8cea0a02f0274263,SDOC-2832b0f7b8c1141317438a5d
2035,TECH,GENERAL / MULTIDISCIPLINE,SKETCH,ENGINEERING SKETCH,OFO-P2035-SK-433,AIR BAG ARRANGEMENT FOR LIFTING OF 16” WF PIPELINE FROM US-HP3 TO USSC-RP1 (PL-8) AT KP 1.583,A,,,DATA/TECH/2035 Offshore Construction Engineering Register (Pipeline & Cables).xlsx,Sketch,446,INCLUDE,,REV-f25849601459ab5d22175309,SDOC-579d63961f37f2859c6fd5bb
2035,TECH,GENERAL / MULTIDISCIPLINE,SKETCH,ENGINEERING SKETCH,OFO-P2035-SK-434,DMA START-UP ARRANGEMENT FOR PL-11 AT US-HP2 BY SAFEEN 3000,C,,,DATA/TECH/2035 Offshore Construction Engineering Register (Pipeline & Cables).xlsx,Sketch,447,INCLUDE,,REV-a4d07de45037d667d3ec2f66,SDOC-c4d252b9b621ff4f6c5564ac
2035,TECH,GENERAL / MULTIDISCIPLINE,SKETCH,ENGINEERING SKETCH,OFO-P2035-SK-435,Typical Lifting and Handling for Pipe Joints by DLB-750,A,,,DATA/TECH/2035 Offshore Construction Engineering Register (Pipeline & Cables).xlsx,Sketch,448,INCLUDE,,REV-62fbf8ce9f1120b14f324c94,SDOC-0ca3a71e5a34a677b17c08d7
2035,TECH,GENERAL / MULTIDISCIPLINE,SKETCH,ENGINEERING SKETCH,OFO-P2035-SK-436,Typical Lifting and Installation of Reels by DLB-750,A,,,DATA/TECH/2035 Offshore Construction Engineering Register (Pipeline & Cables).xlsx,Sketch,449,INCLUDE,,REV-cd12c2b41bb0bb0dab1b0312,SDOC-770149e123564df6212c2595
2035,TECH,GENERAL / MULTIDISCIPLINE,SKETCH,ENGINEERING SKETCH,OFO-P2035-SK-437,Deployment & Recovery Arrangement of 75MT Gravity Anchor by DLB-750,A,,,DATA/TECH/2035 Offshore Construction Engineering Register (Pipeline & Cables).xlsx,Sketch,450,INCLUDE,,REV-bab8e2b8953c15ce3349c532,SDOC-a08a446f4cf468a2fa9c5c49
2035,TECH,GENERAL / MULTIDISCIPLINE,SKETCH,ENGINEERING SKETCH,OFO-P2035-SK-438,Recovery Arrangement of Temporary Shroud by DLB-750,A,,,DATA/TECH/2035 Offshore Construction Engineering Register (Pipeline & Cables).xlsx,Sketch,451,INCLUDE,,REV-55355774e62ebb50735aad04,SDOC-8d668429281b4766e9fd9847
2035,TECH,GENERAL / MULTIDISCIPLINE,SKETCH,ENGINEERING SKETCH,OFO-P2035-SK-439,QMS SUBHIYA LIFTING & OFFLOADING ARRANGEMENT FOR BILLY PUGH BETWEEN BARGE AND STARBOARD SIDE VESSEL AT (HP-3) PLATFORM,A,,,DATA/TECH/2035 Offshore Construction Engineering Register (Pipeline & Cables).xlsx,Sketch,452,INCLUDE,,REV-742a7e50b93828941c4a72ca,SDOC-95000fdc58425d990567e10d
2035,TECH,GENERAL / MULTIDISCIPLINE,SKETCH,ENGINEERING SKETCH,OFO-P2035-SK-440,QMS SUBHIYA LIFTING & OFFLOADING ARRANGEMENT FOR BILLY PUGH BETWEEN BARGE AND PLATFORM AT (HP-3) PLATFORM,A,,,DATA/TECH/2035 Offshore Construction Engineering Register (Pipeline & Cables).xlsx,Sketch,453,INCLUDE,,REV-817075eb1de447d1656056ae,SDOC-b8e29bc653c54cebdb098fab
2035,TECH,GENERAL / MULTIDISCIPLINE,SKETCH,ENGINEERING SKETCH,OFO-P2035-SK-441,QMS SUBHIYA LIFTING & OFFLOADING ARRANGEMENT FOR PROJECT MATERIAL BETWEEN BARGE AND STARBOARD SIDE VESSEL AT (HP-3) PLATFORM,A,,,DATA/TECH/2035 Offshore Construction Engineering Register (Pipeline & Cables).xlsx,Sketch,454,INCLUDE,,REV-1b7b13a71342d49aee34d705,SDOC-a96853bcd4a7f774c96a7b6a
2035,TECH,GENERAL / MULTIDISCIPLINE,SKETCH,ENGINEERING SKETCH,OFO-P2035-SK-442,QMS SUBHIYA LIFTING & OFFLOADING ARRANGEMENT FOR PROJECT MATERIALBETWEEN BARGE AND PLATFORM AT (HP-3) PLATFORM,A,,,DATA/TECH/2035 Offshore Construction Engineering Register (Pipeline & Cables).xlsx,Sketch,455,INCLUDE,,REV-fe9e7ece3c1f3ca10c846b02,SDOC-0b29b63f4dc7b453006d3e64
2035,TECH,GENERAL / MULTIDISCIPLINE,SKETCH,ENGINEERING SKETCH,OFO-P2035-SK-443,QMS SUBHIYA LIFTING & OFFLOADING ARRANGEMENT FOR 20FT CONTAINER BETWEEN BARGE AND STARBOARD SIDE VESSEL AT (HP-3) PLATFORM,A,,,DATA/TECH/2035 Offshore Construction Engineering Register (Pipeline & Cables).xlsx,Sketch,456,INCLUDE,,REV-dff3f80b96827c5e354e01f2,SDOC-e7b5129855882d45ff85300a
2035,TECH,GENERAL / MULTIDISCIPLINE,SKETCH,ENGINEERING SKETCH,OFO-P2035-SK-444,QMS SUBHIYA LIFTING & OFFLOADING ARRANGEMENT FOR 20FT CONTAINER BETWEEN BARGE AND PLATFORM AT (HP-3) PLATFORM,A,,,DATA/TECH/2035 Offshore Construction Engineering Register (Pipeline & Cables).xlsx,Sketch,457,INCLUDE,,REV-a919753e81b361be2dc029c0,SDOC-ab5d00591382a45075cc062b
2035,TECH,GENERAL / MULTIDISCIPLINE,SKETCH,ENGINEERING SKETCH,OFO-P2035-SK-445,Lifting Temporary Pig Launcher & Receiver by DLB-1000 at USSC-RP1,B,,,DATA/TECH/2035 Offshore Construction Engineering Register (Pipeline & Cables).xlsx,Sketch,458,INCLUDE,,REV-3cd0fea7e6fdf03672510021,SDOC-e20b8545ffe7c9085ae7a57e
2035,TECH,GENERAL / MULTIDISCIPLINE,SKETCH,ENGINEERING SKETCH,OFO-P2035-SK-446,TYPICAL LIFTING ARRANGMENT OF A - FRAME BY DELMA 1000,B,,,DATA/TECH/2035 Offshore Construction Engineering Register (Pipeline & Cables).xlsx,Sketch,459,INCLUDE,,REV-2da8e0b4c54120c545b10bab,SDOC-5654d5ed287e1b8729305db3
2035,TECH,GENERAL / MULTIDISCIPLINE,SKETCH,ENGINEERING SKETCH,OFO-P2035-SK-447,LIFTING THREE-PHASE TRANSFORMER BY SAFEEN-3000 AT HP-3,A,,,DATA/TECH/2035 Offshore Construction Engineering Register (Pipeline & Cables).xlsx,Sketch,460,INCLUDE,,REV-a3dd6d50dbed46279418bb4b,SDOC-6133bd0538a96a856bbe4659
2035,TECH,GENERAL / MULTIDISCIPLINE,SKETCH,ENGINEERING SKETCH,OFO-P2035-SK-448,PIPELINE SHIFTING DURING LAYDOWN AT US-12B (KP 6.600) FOR PROPOSED 16” WATER INJECTION PIPELINE FROM US-HP2 TO US-HP1 (PL-11) WITH SAFEEN 3000,A,2026-08-03,,DATA/TECH/2035 Offshore Construction Engineering Register (Pipeline & Cables).xlsx,Sketch,461,INCLUDE,,REV-d56741c11791ec206bdab71f,SDOC-90f9f77f2a4320c372853b1a
2035,TECH,GENERAL / MULTIDISCIPLINE,SKETCH,ENGINEERING SKETCH,OFO-P2035-SK-449,TYPICAL LIFTING ARRANGEMENT FOR TEMPORARY SUPPORT DURING INSTALLATION AND REMOVAL (USING DLB-1000),A,,,DATA/TECH/2035 Offshore Construction Engineering Register (Pipeline & Cables).xlsx,Sketch,462,INCLUDE,,REV-4e08c58db85f9806784c1082,SDOC-f550c49f71029041dad8bd75
2035,TECH,GENERAL / MULTIDISCIPLINE,SKETCH,ENGINEERING SKETCH,OFO-P2035-SK-450,LIFTING ARRANGEMENT FOR ALUMINUM GANGWAY BY MUTAWA 17 AT US-159A WHT,A,,,DATA/TECH/2035 Offshore Construction Engineering Register (Pipeline & Cables).xlsx,Sketch,463,INCLUDE,,REV-f721c48aa270c8e3a908900f,SDOC-37b650e3f62ea83da865d00e
2035,TECH,GENERAL / MULTIDISCIPLINE,SKETCH,ENGINEERING SKETCH,OFO-P2035-SK-451,LIFTING ARRANGEMENT FOR ALUMINUM GANGWAY BY MUTAWA 17 AT HP1,A,,,DATA/TECH/2035 Offshore Construction Engineering Register (Pipeline & Cables).xlsx,Sketch,464,INCLUDE,,REV-e423ad38984a40d93600e145,SDOC-439e371a2620f8cab962e24d
2035,TECH,GENERAL / MULTIDISCIPLINE,SKETCH,ENGINEERING SKETCH,OFO-P2035-SK-452,LIFTING ARRANGEMENT FOR ALUMINUM GANGWAY BY MUTAWA 17 AT RP1,A,,,DATA/TECH/2035 Offshore Construction Engineering Register (Pipeline & Cables).xlsx,Sketch,465,INCLUDE,,REV-33e37fc6e3c88202b9353ba0,SDOC-9c31489b0b733de02e902a2b
2035,TECH,GENERAL / MULTIDISCIPLINE,SKETCH,ENGINEERING SKETCH,OFO-P2035-SK-453,LIFTING ARRANGEMENT FOR PROJECT MATERIAL BY MUTAWA 17 AT US-159A WHT,A,,,DATA/TECH/2035 Offshore Construction Engineering Register (Pipeline & Cables).xlsx,Sketch,466,INCLUDE,,REV-75f446a43b1743a1831a9d99,SDOC-3287a67e2a6d2457cd71dece
2035,TECH,GENERAL / MULTIDISCIPLINE,SKETCH,ENGINEERING SKETCH,OFO-P2035-SK-454,LIFTING ARRANGEMENT PROJECT MATERIAL BY MUTAWA 17 AT HP1,A,,,DATA/TECH/2035 Offshore Construction Engineering Register (Pipeline & Cables).xlsx,Sketch,467,INCLUDE,,REV-573db1f811700b4ee0967dfc,SDOC-902b9aef68ecd6b7d6e14106
2035,TECH,GENERAL / MULTIDISCIPLINE,SKETCH,ENGINEERING SKETCH,OFO-P2035-SK-455,LIFTING ARRANGEMENT FOR PROJECT MATERIAL BY MUTAWA 17 AT RP1,A,,,DATA/TECH/2035 Offshore Construction Engineering Register (Pipeline & Cables).xlsx,Sketch,468,INCLUDE,,REV-61e9a30a836bcb26eb7eba68,SDOC-1df1237d9f0f79d990f482e0
2035,TECH,GENERAL / MULTIDISCIPLINE,SKETCH,ENGINEERING SKETCH,OFO-P2035-SK-456,"SPOOL RECOVERY AND RE-INSTALLATION FOR 2"" SINGLE PIGGYBACK OF CORRIDOR SPOOL PL-5 FROM US-153A TO USSC-RP1 (PL-5) @ US-153A",A,,,DATA/TECH/2035 Offshore Construction Engineering Register (Pipeline & Cables).xlsx,Sketch,469,INCLUDE,,REV-29aa3df98069ae01221f51a5,SDOC-77ff04ddf13a8dfc1dd89290
2035,TECH,GENERAL / MULTIDISCIPLINE,SKETCH,ENGINEERING SKETCH,OFO-P2035-SK-457,"HORIZONTAL (HBS) START-UP ARRANGEMENT 16"" WF PIPELINE FROM US-19B TO US-153A (PL-4) AT US-19B",B,,,DATA/TECH/2035 Offshore Construction Engineering Register (Pipeline & Cables).xlsx,Sketch,470,INCLUDE,,REV-c90fc98f644b73dfff0fea88,SDOC-f657a2c9cd7878126145049e
2035,TECH,GENERAL / MULTIDISCIPLINE,SKETCH,ENGINEERING SKETCH,OFO-P2035-SK-458,PIPELINE SHIFTING SEQUENCE DURING LAYDOWN FOR PL-4 WITH SAFEEN 3000,B,,,DATA/TECH/2035 Offshore Construction Engineering Register (Pipeline & Cables).xlsx,Sketch,471,INCLUDE,,REV-d149d56c4653c886e1945a51,SDOC-67d55b9956de02d0f1cbcbd9
2035,TECH,GENERAL / MULTIDISCIPLINE,SKETCH,ENGINEERING SKETCH,OFO-P2035-SK-459,Recovery and Re-Installation for 2” Single Piggyback of Corridor Spool PL-5 from US-153A to USSC-RP1 (PL-5) @US-153A by SAFEEN-3000,A,,,DATA/TECH/2035 Offshore Construction Engineering Register (Pipeline & Cables).xlsx,Sketch,472,INCLUDE,,REV-33a172c9e68f5c6564394e9e,SDOC-257f2adfd6be717ebd92d07e
2035,TECH,GENERAL / MULTIDISCIPLINE,SKETCH,ENGINEERING SKETCH,OFO-P2035-SK-460,TESTING FLANGE & HYDROTEST REFERENCE DIAGRAM,A,,,DATA/TECH/2035 Offshore Construction Engineering Register (Pipeline & Cables).xlsx,Sketch,473,INCLUDE,,REV-eacd47cb99a047c8f942fa3c,SDOC-5b8e8a6c43a9e52ae31a15ae
2035,TECH,GENERAL / MULTIDISCIPLINE,SKETCH,ENGINEERING SKETCH,OFO-P2035-SK-461,Lifting Arrangement of Flange Shroud by SAFEEN-3000,A,2026-09-08,,DATA/TECH/2035 Offshore Construction Engineering Register (Pipeline & Cables).xlsx,Sketch,474,INCLUDE,,REV-5ef12929b11098f89153eeb9,SDOC-5f2762b76a33aa13f8fcba12
2035,TECH,GENERAL / MULTIDISCIPLINE,SKETCH,ENGINEERING SKETCH,OFO-P2035-SK-462,Recovery Arrangement of Temporary Shroud by SAFEEN-3000,A,,,DATA/TECH/2035 Offshore Construction Engineering Register (Pipeline & Cables).xlsx,Sketch,475,INCLUDE,,REV-3528e24b16c63cb5394b2037,SDOC-41106d2721f028cb19e7198f
2035,TECH,GENERAL / MULTIDISCIPLINE,SKETCH,ENGINEERING SKETCH,OFO-P2035-SK-463,MUTAWA 401 LIFTING OF BILLY PUGH FOR TRANSFERRING OF PERSONNEL FROM SUPPLY VESSEL TO BARGE AT US 218,,,,DATA/TECH/2035 Offshore Construction Engineering Register (Pipeline & Cables).xlsx,Sketch,476,INCLUDE,,REV-ff6e1e4ffbcd3879b6081470,SDOC-a95db338aeebef839cbbd81b
2035,TECH,GENERAL / MULTIDISCIPLINE,SKETCH,ENGINEERING SKETCH,OFO-P2035-SK-464,MUTAWA 401 LIFTING OF BILLY PUGH FOR TRANSFERRING OF PERSONNEL FROM BARGE TO PLATFORM AT US 218,,,,DATA/TECH/2035 Offshore Construction Engineering Register (Pipeline & Cables).xlsx,Sketch,477,INCLUDE,,REV-fa7dee18016642cf96559913,SDOC-f992639b5751c64fc35952f0
2035,TECH,GENERAL / MULTIDISCIPLINE,SKETCH,ENGINEERING SKETCH,OFO-P2035-SK-465,MUTAWA 401 LIFTING OF PROJECT MATERIALS AND CCUS FROM SUPPLY VESSEL TO BARGE AT US 218,,,,DATA/TECH/2035 Offshore Construction Engineering Register (Pipeline & Cables).xlsx,Sketch,478,INCLUDE,,REV-18dd8b7387528628890a9e64,SDOC-4cff169239537fb17ebadaf2
2035,TECH,GENERAL / MULTIDISCIPLINE,SKETCH,ENGINEERING SKETCH,OFO-P2035-SK-466,MUTAWA 401 LIFTING OF PROJECT MATERIALS AND CCUS FROM BARGE TO PLATFORM AT US 218,,,,DATA/TECH/2035 Offshore Construction Engineering Register (Pipeline & Cables).xlsx,Sketch,479,INCLUDE,,REV-24257b28525c8374b9b1162b,SDOC-d0068a62e3c248f9f0db75a1
2035,TECH,GENERAL / MULTIDISCIPLINE,SKETCH,ENGINEERING SKETCH,OFO-P2035-SK-467,MUTAWA 401 LIFTING OF HARD BOTTOM WORK BOAT (ZODIAC) FROM BARGE TO SEA AT US 218,,,,DATA/TECH/2035 Offshore Construction Engineering Register (Pipeline & Cables).xlsx,Sketch,480,INCLUDE,,REV-7246f47376e1320f69ca848f,SDOC-8aeb06d115871b186d52440a
2035,TECH,GENERAL / MULTIDISCIPLINE,SKETCH,ENGINEERING SKETCH,OFO-P2035-SK-468,MUTAWA 401 LIFTING OF BILLY PUGH FOR TRANSFERRING OF PERSONNEL FROM SUPPLY VESSEL TO BARGE AT US 88,,,,DATA/TECH/2035 Offshore Construction Engineering Register (Pipeline & Cables).xlsx,Sketch,481,INCLUDE,,REV-ae6ff2e33ada9846211fb7ac,SDOC-e19b21d9c2f2a4f829dadc7f
2035,TECH,GENERAL / MULTIDISCIPLINE,SKETCH,ENGINEERING SKETCH,OFO-P2035-SK-469,MUTAWA 401 LIFTING OF BILLY PUGH FOR TRANSFERRING OF PERSONNEL FROM BARGE TO PLATFORM AT US 88,,,,DATA/TECH/2035 Offshore Construction Engineering Register (Pipeline & Cables).xlsx,Sketch,482,INCLUDE,,REV-693730eac8ff163be1742ad9,SDOC-b453b1ffcc0dc3f6f3d1177b
2035,TECH,GENERAL / MULTIDISCIPLINE,SKETCH,ENGINEERING SKETCH,OFO-P2035-SK-470,MUTAWA 401 LIFTING OF PROJECT MATERIALS AND CCUS FROM SUPPLY VESSEL TO BARGE AT US 88,,2026-09-02,,DATA/TECH/2035 Offshore Construction Engineering Register (Pipeline & Cables).xlsx,Sketch,483,INCLUDE,,REV-64fe28fb2fbace31eebdd81d,SDOC-5ec7b799699ec10197e5084d
2035,TECH,GENERAL / MULTIDISCIPLINE,SKETCH,ENGINEERING SKETCH,OFO-P2035-SK-471,MUTAWA 401 LIFTING OF PROJECT MATERIALS AND CCUS FROM BARGE TO PLATFORM AT US 88,,,,DATA/TECH/2035 Offshore Construction Engineering Register (Pipeline & Cables).xlsx,Sketch,484,INCLUDE,,REV-819c55540db3991f6085becd,SDOC-e885947e12470611f243507e
2035,TECH,GENERAL / MULTIDISCIPLINE,SKETCH,ENGINEERING SKETCH,OFO-P2035-SK-472,MUTAWA 401 LIFTING OF HARD BOTTOM WORK BOAT (ZODIAC) FROM BARGE TO SEA AT US 88,,,,DATA/TECH/2035 Offshore Construction Engineering Register (Pipeline & Cables).xlsx,Sketch,485,INCLUDE,,REV-5e682091d3cda484fa83376c,SDOC-96cc0ff52e0e72abfe10dd9f
2035,TECH,PIPELINE & CABLE,DOCUMENT,SPECIFICATION,2136-N-SP-0314,SPECIFICATION FOR OFFSHORE PIPELINE AND RISER INSTALLATION – REV-A1,B1,2022-02-15,,DATA/TECH/2035 Offshore Construction Engineering Register (Pipeline & Cables).xlsx,Specification,9,INCLUDE,,REV-143326c811d0688d3d44b3e8,SDOC-60447eb5ee8c47c616598226
2631,METHODS,OFFSHORE INSTALLATION,PROCEDURE,INSTALLATION PROCEDURE,2631-PP-OF-0003,ANCHOR HANDLING AND MOORING PROCEDURE FOR FLOATING BARGES,A1,2024-07-13,,DATA/METHODS/2631 - 7 JKT ADNOC Delivarables.xlsx,Installation Procedures ,9,INCLUDE,,REV-c961206c021fc6505a141461,SDOC-66e76ed81a8d3c14cbf7ae1e
2631,METHODS,OFFSHORE INSTALLATION,PROCEDURE,INSTALLATION PROCEDURE,2631-PP-OF-0003,ANCHOR HANDLING AND MOORING PROCEDURE FOR FLOATING BARGES,1,2024-09-16,,DATA/METHODS/2631 - 7 JKT ADNOC Delivarables.xlsx,Installation Procedures ,10,INCLUDE,,REV-1e791e91f5537b0918da9c5a,SDOC-66e76ed81a8d3c14cbf7ae1e
2631,METHODS,OFFSHORE INSTALLATION,PROCEDURE,INSTALLATION PROCEDURE,2631-PP-OF-0003,ANCHOR HANDLING AND MOORING PROCEDURE FOR FLOATING BARGES,2,2025-01-06,1-Approved,DATA/METHODS/2631 - 7 JKT ADNOC Delivarables.xlsx,Installation Procedures ,11,INCLUDE,,REV-3d5fc7edb28ab77cdac47eeb,SDOC-66e76ed81a8d3c14cbf7ae1e
2631,METHODS,OFFSHORE INSTALLATION,PROCEDURE,INSTALLATION PROCEDURE,2631-PP-OF-0005,WHT 3-1 To WHT 3-5 Jackets Installation Procedure,A1,,,DATA/METHODS/2631 - 7 JKT ADNOC Delivarables.xlsx,Installation Procedures ,12,INCLUDE,,REV-2ba4fd51f73ff31ba47b4654,SDOC-fa49bad3bbe5a937971e6570
2631,METHODS,OFFSHORE INSTALLATION,PROCEDURE,INSTALLATION PROCEDURE,2631-PP-OF-0005,WHT 3-1 To WHT 3-5 Jackets Installation Procedure,1,2025-02-10,,DATA/METHODS/2631 - 7 JKT ADNOC Delivarables.xlsx,Installation Procedures ,13,INCLUDE,,REV-606e68397d0de30292502f3a,SDOC-fa49bad3bbe5a937971e6570
2631,METHODS,OFFSHORE INSTALLATION,PROCEDURE,INSTALLATION PROCEDURE,2631-PP-OF-0005,WHT 3-1 To WHT 3-5 Jackets Installation Procedure,2,2025-04-02,1-Approved,DATA/METHODS/2631 - 7 JKT ADNOC Delivarables.xlsx,Installation Procedures ,14,INCLUDE,,REV-d2cb91e0e4ba04eb535524d9,SDOC-fa49bad3bbe5a937971e6570
2631,METHODS,OFFSHORE INSTALLATION,PROCEDURE,INSTALLATION PROCEDURE,2631-PP-OF-0005,WHT 3-1 To WHT 3-5 Jackets Installation Procedure,3,2025-06-03,1-Approved,DATA/METHODS/2631 - 7 JKT ADNOC Delivarables.xlsx,Installation Procedures ,15,INCLUDE,,REV-3d47504bcce33fbd4107dcea,SDOC-fa49bad3bbe5a937971e6570
2631,METHODS,OFFSHORE INSTALLATION,PROCEDURE,INSTALLATION PROCEDURE,2631-PP-OF-0008,WHT-2 & WHT-3 Jackets Installation Procedure,A1,,,DATA/METHODS/2631 - 7 JKT ADNOC Delivarables.xlsx,Installation Procedures ,16,INCLUDE,,REV-1657fd6763cfdab787281bfe,SDOC-381154af2c63c68b4d03a4b7
2631,METHODS,OFFSHORE INSTALLATION,PROCEDURE,INSTALLATION PROCEDURE,2631-PP-OF-0008,WHT-2 & WHT-3 Jackets Installation Procedure,1,2024-12-18,,DATA/METHODS/2631 - 7 JKT ADNOC Delivarables.xlsx,Installation Procedures ,17,INCLUDE,,REV-27509db98e2a00b67d7f4b2d,SDOC-381154af2c63c68b4d03a4b7
2631,METHODS,OFFSHORE INSTALLATION,PROCEDURE,INSTALLATION PROCEDURE,2631-PP-OF-0008,WHT-2 & WHT-3 Jackets Installation Procedure,2,2024-12-24,,DATA/METHODS/2631 - 7 JKT ADNOC Delivarables.xlsx,Installation Procedures ,18,INCLUDE,,REV-2beedc89c0b56ba7b222212a,SDOC-381154af2c63c68b4d03a4b7
2631,METHODS,OFFSHORE INSTALLATION,PROCEDURE,INSTALLATION PROCEDURE,2631-PP-OF-0008,WHT-2 & WHT-3 Jackets Installation Procedure,3,2025-02-07,2-Commented,DATA/METHODS/2631 - 7 JKT ADNOC Delivarables.xlsx,Installation Procedures ,19,INCLUDE,,REV-ea153431f7574f420e84145d,SDOC-381154af2c63c68b4d03a4b7
2631,METHODS,OFFSHORE INSTALLATION,PROCEDURE,INSTALLATION PROCEDURE,2631-PP-OF-0008,WHT-2 & WHT-3 Jackets Installation Procedure,4,2025-03-20,,DATA/METHODS/2631 - 7 JKT ADNOC Delivarables.xlsx,Installation Procedures ,20,INCLUDE,,REV-cb041657e65a3febd0a0c05b,SDOC-381154af2c63c68b4d03a4b7
2631,METHODS,OFFSHORE INSTALLATION,PROCEDURE,INSTALLATION PROCEDURE,2631-PP-OF-0010,METHOD STATEMENT FOR JACKET COMPLETION AND PUNCH LIST CLEARANCE ACTIVITIES,1,2025-05-23,,DATA/METHODS/2631 - 7 JKT ADNOC Delivarables.xlsx,Installation Procedures ,21,INCLUDE,,REV-14a42565096aa47dbb64abfb,SDOC-dba486da407092963a7d0acc
2631,METHODS,OFFSHORE INSTALLATION,PROCEDURE,INSTALLATION PROCEDURE,2631-PP-OF-0010,METHOD STATEMENT FOR JACKET COMPLETION AND PUNCH LIST CLEARANCE ACTIVITIES,2,2025-06-23,,DATA/METHODS/2631 - 7 JKT ADNOC Delivarables.xlsx,Installation Procedures ,22,INCLUDE,,REV-29ebdbd524fb3415645eaedd,SDOC-dba486da407092963a7d0acc
2631,METHODS,MARINE OPERATIONS,DRAWING,ANCHOR PATTERN,2631-AP-0001,DLB-1000 ANCHOR PATTERN DURING WHT-2 JACKET INSTALLATION,1,2024-12-18,,DATA/METHODS/2631 - 7 JKT ADNOC Delivarables.xlsx,Setup Plans & Anchor Patterns,9,INCLUDE,,REV-7dd9482233e8f091774a16a3,SDOC-842ba24014c512f42145a14c
2631,METHODS,MARINE OPERATIONS,DRAWING,ANCHOR PATTERN,2631-AP-0001,DLB-1000 ANCHOR PATTERN DURING WHT-2 JACKET INSTALLATION,2,2025-01-02,,DATA/METHODS/2631 - 7 JKT ADNOC Delivarables.xlsx,Setup Plans & Anchor Patterns,10,INCLUDE,,REV-227f39e57e85b5f09a40cd4c,SDOC-842ba24014c512f42145a14c
2631,METHODS,MARINE OPERATIONS,DRAWING,ANCHOR PATTERN,2631-AP-0001,DLB-1000 ANCHOR PATTERN DURING WHT-2 JACKET INSTALLATION,3,,,DATA/METHODS/2631 - 7 JKT ADNOC Delivarables.xlsx,Setup Plans & Anchor Patterns,11,INCLUDE,,REV-dfafc3f658c192ee68ebfcc6,SDOC-842ba24014c512f42145a14c
2631,METHODS,MARINE OPERATIONS,DRAWING,ANCHOR PATTERN,2631-AP-0002,DLB-1000 ANCHOR PATTERN DURING WHT-3 JACKET INSTALLATION,1,2024-12-18,,DATA/METHODS/2631 - 7 JKT ADNOC Delivarables.xlsx,Setup Plans & Anchor Patterns,12,INCLUDE,,REV-dad5542424820bdc946a673e,SDOC-962183b4c00ef4f33c5e4283
2631,METHODS,MARINE OPERATIONS,DRAWING,ANCHOR PATTERN,2631-AP-0002,DLB-1000 ANCHOR PATTERN DURING WHT-3 JACKET INSTALLATION,2,2025-01-06,,DATA/METHODS/2631 - 7 JKT ADNOC Delivarables.xlsx,Setup Plans & Anchor Patterns,13,INCLUDE,,REV-e02b73daaef5957a06aa0a0b,SDOC-962183b4c00ef4f33c5e4283
2631,METHODS,MARINE OPERATIONS,DRAWING,ANCHOR PATTERN,2631-AP-0002,DLB-1000 ANCHOR PATTERN DURING WHT-3 JACKET INSTALLATION,3,2025-01-24,,DATA/METHODS/2631 - 7 JKT ADNOC Delivarables.xlsx,Setup Plans & Anchor Patterns,14,INCLUDE,,REV-adacb9e25f8edb3a951ba1bf,SDOC-962183b4c00ef4f33c5e4283
2631,METHODS,MARINE OPERATIONS,DRAWING,ANCHOR PATTERN,2631-AP-0002,DLB-1000 ANCHOR PATTERN DURING WHT-3 JACKET INSTALLATION,4,2026-08-20,4-Information Only,DATA/METHODS/2631 - 7 JKT ADNOC Delivarables.xlsx,Setup Plans & Anchor Patterns,15,INCLUDE,,REV-f53f857e4afb22fa7db7081f,SDOC-962183b4c00ef4f33c5e4283
2631,METHODS,MARINE OPERATIONS,DRAWING,ANCHOR PATTERN,2631-AP-0003,DLB-1000 ANCHOR PATTERN DURING WHT-3-1 JACKET PILES AND JACKET APPURTENANCES INSTALLATION,1,2025-03-06,,DATA/METHODS/2631 - 7 JKT ADNOC Delivarables.xlsx,Setup Plans & Anchor Patterns,16,INCLUDE,,REV-5dbc45a211ef76d5e6513f69,SDOC-368d1c1964f16fb4c6d51198
2631,METHODS,MARINE OPERATIONS,DRAWING,ANCHOR PATTERN,2631-AP-0003,DLB-1000 ANCHOR PATTERN DURING WHT-3-1 JACKET PILES AND JACKET APPURTENANCES INSTALLATION,2,2025-04-09,1-Approved,DATA/METHODS/2631 - 7 JKT ADNOC Delivarables.xlsx,Setup Plans & Anchor Patterns,17,INCLUDE,,REV-afb703288fe44838165d1475,SDOC-368d1c1964f16fb4c6d51198
2631,METHODS,MARINE OPERATIONS,DRAWING,ANCHOR PATTERN,2631-AP-0003,DLB-1000 ANCHOR PATTERN DURING WHT-3-1 JACKET PILES AND JACKET APPURTENANCES INSTALLATION,3,2026-08-11,4-Information Only,DATA/METHODS/2631 - 7 JKT ADNOC Delivarables.xlsx,Setup Plans & Anchor Patterns,18,INCLUDE,,REV-78a591913e41af9a5b7f7894,SDOC-368d1c1964f16fb4c6d51198
2631,METHODS,MARINE OPERATIONS,DRAWING,ANCHOR PATTERN,2631-AP-0004,DLB-1000 ANCHOR PATTERN DURING WHT-3-2 JACKET PILES AND JACKET APPURTENANCES INSTALLATION,1,2025-08-15,1-Approved,DATA/METHODS/2631 - 7 JKT ADNOC Delivarables.xlsx,Setup Plans & Anchor Patterns,19,INCLUDE,,REV-82bb20b9608f4d7779d98a12,SDOC-7805bf2690e7a618e4ae18a1
2631,METHODS,MARINE OPERATIONS,DRAWING,ANCHOR PATTERN,2631-AP-0004,DLB-1000 ANCHOR PATTERN DURING WHT-3-2 JACKET PILES AND JACKET APPURTENANCES INSTALLATION,2,,,DATA/METHODS/2631 - 7 JKT ADNOC Delivarables.xlsx,Setup Plans & Anchor Patterns,20,INCLUDE,,REV-a41eecfc941924ceaf04d157,SDOC-7805bf2690e7a618e4ae18a1
2631,METHODS,MARINE OPERATIONS,DRAWING,ANCHOR PATTERN,2631-AP-0005,DLB-1000 ANCHOR PATTERN DURING WHT-3-3 JACKET PILES AND JACKET APPURTENANCES INSTALLATION,1,2025-03-06,,DATA/METHODS/2631 - 7 JKT ADNOC Delivarables.xlsx,Setup Plans & Anchor Patterns,21,INCLUDE,,REV-ebdb943ca2dabd35f6e73588,SDOC-04bb61da13673c7e03f38019
2631,METHODS,MARINE OPERATIONS,DRAWING,ANCHOR PATTERN,2631-AP-0005,DLB-1000 ANCHOR PATTERN DURING WHT-3-3 JACKET PILES AND JACKET APPURTENANCES INSTALLATION,2,2025-04-03,,DATA/METHODS/2631 - 7 JKT ADNOC Delivarables.xlsx,Setup Plans & Anchor Patterns,22,INCLUDE,,REV-82ad765149c63192069204e9,SDOC-04bb61da13673c7e03f38019
2631,METHODS,MARINE OPERATIONS,DRAWING,ANCHOR PATTERN,2631-AP-0005,DLB-1000 ANCHOR PATTERN DURING WHT-3-3 JACKET PILES AND JACKET APPURTENANCES INSTALLATION,3,2025-05-27,,DATA/METHODS/2631 - 7 JKT ADNOC Delivarables.xlsx,Setup Plans & Anchor Patterns,23,INCLUDE,,REV-4a069a7734b3f4b4299ede34,SDOC-04bb61da13673c7e03f38019
2631,METHODS,MARINE OPERATIONS,DRAWING,ANCHOR PATTERN,2631-AP-0005,DLB-1000 ANCHOR PATTERN DURING WHT-3-3 JACKET PILES AND JACKET APPURTENANCES INSTALLATION,4,2025-06-10,,DATA/METHODS/2631 - 7 JKT ADNOC Delivarables.xlsx,Setup Plans & Anchor Patterns,24,INCLUDE,,REV-1a1b2323dbb180683bebb35b,SDOC-04bb61da13673c7e03f38019
2631,METHODS,MARINE OPERATIONS,DRAWING,ANCHOR PATTERN,2631-AP-0005,DLB-1000 ANCHOR PATTERN DURING WHT-3-3 JACKET PILES AND JACKET APPURTENANCES INSTALLATION,5,,,DATA/METHODS/2631 - 7 JKT ADNOC Delivarables.xlsx,Setup Plans & Anchor Patterns,25,INCLUDE,,REV-29bd483caf7340d1c047fb09,SDOC-04bb61da13673c7e03f38019
2631,METHODS,MARINE OPERATIONS,DRAWING,ANCHOR PATTERN,2631-AP-0006,DLB-1000 ANCHOR PATTERN DURING WHT-3-4 JACKET PILES AND JACKET APPURTENANCES INSTALLATION,1,2025-07-25,1-Approved,DATA/METHODS/2631 - 7 JKT ADNOC Delivarables.xlsx,Setup Plans & Anchor Patterns,27,INCLUDE,,REV-f49994a8334b35b7cd0a9076,SDOC-28bf8783a7333bcdd0e0ca4b
2631,METHODS,MARINE OPERATIONS,DRAWING,ANCHOR PATTERN,2631-AP-0006,DLB-1000 ANCHOR PATTERN DURING WHT-3-4 JACKET PILES AND JACKET APPURTENANCES INSTALLATION,2,2026-08-18,,DATA/METHODS/2631 - 7 JKT ADNOC Delivarables.xlsx,Setup Plans & Anchor Patterns,28,INCLUDE,,REV-0f567a4d936b1da4b7e0d2c9,SDOC-28bf8783a7333bcdd0e0ca4b
2631,METHODS,MARINE OPERATIONS,DRAWING,ANCHOR PATTERN,2631-AP-0007,DLB-1000 ANCHOR PATTERN DURING WHT-3-5 JACKET PILES AND JACKET APPURTENANCES INSTALLATION,1,2025-07-21,1-Approved,DATA/METHODS/2631 - 7 JKT ADNOC Delivarables.xlsx,Setup Plans & Anchor Patterns,29,INCLUDE,,REV-a3079157d21258988ff6023d,SDOC-f99d1c0c8bd31e57bec4cbfc
2631,METHODS,MARINE OPERATIONS,DRAWING,ANCHOR PATTERN,2631-AP-0007,DLB-1000 ANCHOR PATTERN DURING WHT-3-5 JACKET PILES AND JACKET APPURTENANCES INSTALLATION,2,2026-08-20,4-Information Only,DATA/METHODS/2631 - 7 JKT ADNOC Delivarables.xlsx,Setup Plans & Anchor Patterns,30,INCLUDE,,REV-3c5e3372227e42d6be25b0e6,SDOC-f99d1c0c8bd31e57bec4cbfc
2631,METHODS,MARINE OPERATIONS,DRAWING,SETUP PLAN,2631-DP-0001,SAFEEN-3000 SETUP PLAN DURING WHT 3-1 JACKET INSTALLATION,1,2025-04-02,1-Approved,DATA/METHODS/2631 - 7 JKT ADNOC Delivarables.xlsx,Setup Plans & Anchor Patterns,31,INCLUDE,,REV-1d5e15b9a9fad03ddd3ee0c4,SDOC-1b760ebea29305fb9fa811b4
2631,METHODS,MARINE OPERATIONS,DRAWING,SETUP PLAN,2631-DP-0001,SAFEEN-3000 SETUP PLAN DURING WHT 3-1 JACKET INSTALLATION,2,2026-08-18,,DATA/METHODS/2631 - 7 JKT ADNOC Delivarables.xlsx,Setup Plans & Anchor Patterns,32,INCLUDE,,REV-9b70c713449f36ffb8843d68,SDOC-1b760ebea29305fb9fa811b4
2631,METHODS,MARINE OPERATIONS,DRAWING,SETUP PLAN,2631-DP-0002,UMM SHAIF - EPC FOR SEVEN JACKETS INSTALLATION - SAFEEN-3000 SETUP PLAN DURING WHT 3-2 JACKET INSTALLATION,,,,DATA/METHODS/2631 - 7 JKT ADNOC Delivarables.xlsx,Setup Plans & Anchor Patterns,33,INCLUDE,,REV-cf20f71fe344ac633b86fe76,SDOC-b91dda71abd7ce850f1c802d
2631,METHODS,MARINE OPERATIONS,DRAWING,SETUP PLAN,2631-DP-0003,SAFEEN-3000 SETUP PLAN DURING WHT-3-3 JACKET INSTALLATION,1,2025-03-03,,DATA/METHODS/2631 - 7 JKT ADNOC Delivarables.xlsx,Setup Plans & Anchor Patterns,34,INCLUDE,,REV-6d255723fdb0ebeb3fdd6056,SDOC-065f4faaa2901a15ca4e6a25
2631,METHODS,MARINE OPERATIONS,DRAWING,SETUP PLAN,2631-DP-0003,SAFEEN-3000 SETUP PLAN DURING WHT-3-3 JACKET INSTALLATION,2,2025-05-21,1-Approved,DATA/METHODS/2631 - 7 JKT ADNOC Delivarables.xlsx,Setup Plans & Anchor Patterns,35,INCLUDE,,REV-2683db9ce6b3aadb347e0fd5,SDOC-065f4faaa2901a15ca4e6a25
2631,METHODS,MARINE OPERATIONS,DRAWING,SETUP PLAN,2631-DP-0003,SAFEEN-3000 SETUP PLAN DURING WHT-3-3 JACKET INSTALLATION,3,2026-09-03,4-Information Only,DATA/METHODS/2631 - 7 JKT ADNOC Delivarables.xlsx,Setup Plans & Anchor Patterns,36,INCLUDE,,REV-fa1c47e4b5bdb830f6f84a2e,SDOC-065f4faaa2901a15ca4e6a25
2631,METHODS,MARINE OPERATIONS,DRAWING,SETUP PLAN,2631-DP-0004,UMM SHAIF - EPC FOR SEVEN JACKETS INSTALLATION - SAFEEN-3000 SETUP PLAN DURING WHT 3-4 JACKET INSTALLATION,,,,DATA/METHODS/2631 - 7 JKT ADNOC Delivarables.xlsx,Setup Plans & Anchor Patterns,37,INCLUDE,,REV-5c4b077ef407736db58f98fa,SDOC-3c6d9eb71d6cd9c9ad88ab4a
2631,METHODS,MARINE OPERATIONS,DRAWING,SETUP PLAN,2631-DP-0005,UMM SHAIF - EPC FOR SEVEN JACKETS INSTALLATION - SAFEEN-3000 SETUP PLAN DURING WHT 3-5 JACKET INSTALLATION,,,,DATA/METHODS/2631 - 7 JKT ADNOC Delivarables.xlsx,Setup Plans & Anchor Patterns,38,INCLUDE,,REV-f95555eb86f5e90aa126ba1c,SDOC-739f5f103d0ff5d86564b9ea
2631,METHODS,MARINE OPERATIONS,DRAWING,SETUP PLAN,2631-DP-0006,SAPURA-1200 SETUP PLAN DURING WHT-3-3 JACKET INSTALLATION,1,2025-05-08,1-Approved,DATA/METHODS/2631 - 7 JKT ADNOC Delivarables.xlsx,Setup Plans & Anchor Patterns,39,INCLUDE,,REV-f181ddc4f51d7d9edac7f6cf,SDOC-067e4fff99197912d4567d70
2631,METHODS,MARINE OPERATIONS,DRAWING,SETUP PLAN,2631-DP-0006,SAPURA-1200 SETUP PLAN DURING WHT-3-3 JACKET INSTALLATION,2,2026-08-11,4-Information Only,DATA/METHODS/2631 - 7 JKT ADNOC Delivarables.xlsx,Setup Plans & Anchor Patterns,40,INCLUDE,,REV-128e04e3afd9437291ed2702,SDOC-067e4fff99197912d4567d70
2631,METHODS,MARINE OPERATIONS,DRAWING,SETUP PLAN,2631-DP-0007,SAPURA-1200 SETUP PLAN DURING WHT-3-5 JACKET INSTALLATION,1,2025-05-26,,DATA/METHODS/2631 - 7 JKT ADNOC Delivarables.xlsx,Setup Plans & Anchor Patterns,41,INCLUDE,,REV-33c18cd226f6951ed6dd97a7,SDOC-a8bb398e9d4e401195cedacf
2631,METHODS,MARINE OPERATIONS,DRAWING,SETUP PLAN,2631-DP-0007,SAPURA-1200 SETUP PLAN DURING WHT-3-5 JACKET INSTALLATION,2,2025-06-19,,DATA/METHODS/2631 - 7 JKT ADNOC Delivarables.xlsx,Setup Plans & Anchor Patterns,42,INCLUDE,,REV-1384e95f75b7f095713d0fd1,SDOC-a8bb398e9d4e401195cedacf
2631,METHODS,MARINE OPERATIONS,DRAWING,SETUP PLAN,2631-DP-0007,SAPURA-1200 SETUP PLAN DURING WHT-3-5 JACKET INSTALLATION,3,2026-09-03,,DATA/METHODS/2631 - 7 JKT ADNOC Delivarables.xlsx,Setup Plans & Anchor Patterns,43,INCLUDE,,REV-3eb3b68e703cb3a5fb2a331e,SDOC-a8bb398e9d4e401195cedacf
2631,METHODS,MARINE OPERATIONS,DRAWING,SETUP PLAN,2631-DP-0008,DLS-4200 SETUP PLAN DURING WHT 3-4 JACKET INSTALLATION,1,2025-06-19,2-Approved with Comments,DATA/METHODS/2631 - 7 JKT ADNOC Delivarables.xlsx,Setup Plans & Anchor Patterns,44,INCLUDE,,REV-75fb9a1205118d64c9a7c2b5,SDOC-190e43c0450c177581c174f5
2631,METHODS,MARINE OPERATIONS,DRAWING,SETUP PLAN,2631-DP-0008,DLS-4200 SETUP PLAN DURING WHT 3-4 JACKET INSTALLATION,2,2025-06-25,1-Approved,DATA/METHODS/2631 - 7 JKT ADNOC Delivarables.xlsx,Setup Plans & Anchor Patterns,45,INCLUDE,,REV-c92999fc56678b71bd18dfa9,SDOC-190e43c0450c177581c174f5
2631,METHODS,MARINE OPERATIONS,DRAWING,SETUP PLAN,2631-DP-0009,DLS-4200 SETUP PLAN DURING WHT 3-2 JACKET INSTALLATION,1,2025-06-23,1-Approved,DATA/METHODS/2631 - 7 JKT ADNOC Delivarables.xlsx,Setup Plans & Anchor Patterns,46,INCLUDE,,REV-dd98535dff6cfe1c2f5e288c,SDOC-ac41025e9aaec1d4e855e09e
2631,METHODS,MARINE OPERATIONS,DRAWING,SETUP PLAN,2631-DP-0009,DLS-4200 SETUP PLAN DURING WHT 3-2 JACKET INSTALLATION,2,2025-07-22,,DATA/METHODS/2631 - 7 JKT ADNOC Delivarables.xlsx,Setup Plans & Anchor Patterns,47,INCLUDE,,REV-2d7a2af9dcf1d0a384858547,SDOC-ac41025e9aaec1d4e855e09e
2631,METHODS,MARINE OPERATIONS,DRAWING,SETUP PLAN,2631-DP-0010,MUTAWA-401 SETUP PLAN DURING WHT 3-1 PUNCH LIST CLEARANCE ACTIVITIES,1,2025-05-31,,DATA/METHODS/2631 - 7 JKT ADNOC Delivarables.xlsx,Setup Plans & Anchor Patterns,48,INCLUDE,,REV-07b21a3930b2d9680e8e640c,SDOC-5c2f63169ab3686925473d85
2631,METHODS,MARINE OPERATIONS,DRAWING,SETUP PLAN,2631-DP-0010,MUTAWA-401 SETUP PLAN DURING WHT 3-1 PUNCH LIST CLEARANCE ACTIVITIES,2,2025-10-21,,DATA/METHODS/2631 - 7 JKT ADNOC Delivarables.xlsx,Setup Plans & Anchor Patterns,49,INCLUDE,,REV-0c23a1b42b39c59d9f844b23,SDOC-5c2f63169ab3686925473d85
2631,METHODS,MARINE OPERATIONS,DRAWING,SETUP PLAN,2631-DP-0010,MUTAWA-401 SETUP PLAN DURING WHT 3-1 PUNCH LIST CLEARANCE ACTIVITIES,3,2026-08-11,4-Information Only,DATA/METHODS/2631 - 7 JKT ADNOC Delivarables.xlsx,Setup Plans & Anchor Patterns,50,INCLUDE,,REV-374b8307a2c35fa0bdea75ed,SDOC-5c2f63169ab3686925473d85
2631,METHODS,MARINE OPERATIONS,DRAWING,SETUP PLAN,2631-DP-0011,MUTAWA-401 SETUP PLAN DURING WHT 3-3 PUNCH LIST CLEARANCE ACTIVITIES,1,2025-06-02,,DATA/METHODS/2631 - 7 JKT ADNOC Delivarables.xlsx,Setup Plans & Anchor Patterns,51,INCLUDE,,REV-e9efa64771484e18c247fd2f,SDOC-3f9ca686c2c35a6a7fc9a777
2631,METHODS,MARINE OPERATIONS,DRAWING,SETUP PLAN,2631-DP-0011,MUTAWA-401 SETUP PLAN DURING WHT 3-3 PUNCH LIST CLEARANCE ACTIVITIES,2,2025-11-14,2-Approved with Comments,DATA/METHODS/2631 - 7 JKT ADNOC Delivarables.xlsx,Setup Plans & Anchor Patterns,52,INCLUDE,,REV-b5cf51030f33e9f99a0cdf6e,SDOC-3f9ca686c2c35a6a7fc9a777
2631,METHODS,MARINE OPERATIONS,DRAWING,SETUP PLAN,2631-DP-0011,MUTAWA-401 SETUP PLAN DURING WHT 3-3 PUNCH LIST CLEARANCE ACTIVITIES,3,,,DATA/METHODS/2631 - 7 JKT ADNOC Delivarables.xlsx,Setup Plans & Anchor Patterns,53,INCLUDE,,REV-bcdd9a42075b673c0e995286,SDOC-3f9ca686c2c35a6a7fc9a777
2631,METHODS,MARINE OPERATIONS,DRAWING,SETUP PLAN,2631-DP-0012,MUTAWA-401 SETUP PLAN DURING WHT 2 PUNCH LIST CLEARANCE ACTIVITIES,1,2025-05-31,,DATA/METHODS/2631 - 7 JKT ADNOC Delivarables.xlsx,Setup Plans & Anchor Patterns,54,INCLUDE,,REV-2d69556e9b7c3d82a0ec3213,SDOC-0c8437a01a0661395ba2ccac
2631,METHODS,MARINE OPERATIONS,DRAWING,SETUP PLAN,2631-DP-0012,MUTAWA-401 SETUP PLAN DURING WHT 2 PUNCH LIST CLEARANCE ACTIVITIES,2,2026-08-11,4-Information Only,DATA/METHODS/2631 - 7 JKT ADNOC Delivarables.xlsx,Setup Plans & Anchor Patterns,55,INCLUDE,,REV-91049f9669033d65a7122c39,SDOC-0c8437a01a0661395ba2ccac
2631,METHODS,MARINE OPERATIONS,DRAWING,SETUP PLAN,2631-DP-0013,MUTAWA-401 SETUP PLAN DURING WHT 3 PUNCH LIST CLEARANCE ACTIVITIES,1,2025-06-30,3-Reviewed with Comments,DATA/METHODS/2631 - 7 JKT ADNOC Delivarables.xlsx,Setup Plans & Anchor Patterns,56,INCLUDE,,REV-696c5dbec6c9121aad8dced7,SDOC-d0b05f6fe1f639c1b87e4cec
2631,METHODS,MARINE OPERATIONS,DRAWING,SETUP PLAN,2631-DP-0013,MUTAWA-401 SETUP PLAN DURING WHT 3 PUNCH LIST CLEARANCE ACTIVITIES,2,2026-08-11,4-Information Only,DATA/METHODS/2631 - 7 JKT ADNOC Delivarables.xlsx,Setup Plans & Anchor Patterns,57,INCLUDE,,REV-3218dcb4f5f9c6c24dc57211,SDOC-d0b05f6fe1f639c1b87e4cec
2631,METHODS,MARINE OPERATIONS,DRAWING,SETUP PLAN,2631-DP-0014,MUTAWA-401 SETUP PLAN DURING WHT 3-2 PUNCH LIST CLEARANCE ACTIVITIES,1,2025-06-02,,DATA/METHODS/2631 - 7 JKT ADNOC Delivarables.xlsx,Setup Plans & Anchor Patterns,58,INCLUDE,,REV-b9318a1b8a813a5a4188c275,SDOC-f9f1c7c6484a9b181ecab56e
2631,METHODS,MARINE OPERATIONS,DRAWING,SETUP PLAN,2631-DP-0014,MUTAWA-401 SETUP PLAN DURING WHT 3-2 PUNCH LIST CLEARANCE ACTIVITIES,2,2025-10-20,,DATA/METHODS/2631 - 7 JKT ADNOC Delivarables.xlsx,Setup Plans & Anchor Patterns,59,INCLUDE,,REV-1973d594f12ce0fec931721b,SDOC-f9f1c7c6484a9b181ecab56e
2631,METHODS,MARINE OPERATIONS,DRAWING,SETUP PLAN,2631-DP-0014,MUTAWA-401 SETUP PLAN DURING WHT 3-2 PUNCH LIST CLEARANCE ACTIVITIES,3,,,DATA/METHODS/2631 - 7 JKT ADNOC Delivarables.xlsx,Setup Plans & Anchor Patterns,60,INCLUDE,,REV-4765e01bcf94f43d961806a0,SDOC-f9f1c7c6484a9b181ecab56e
2631,METHODS,MARINE OPERATIONS,DRAWING,SETUP PLAN,2631-DP-0015,MUTAWA-401 SETUP PLAN DURING WHT 3-4 PUNCH LIST CLEARANCE ACTIVITIES,1,2025-06-02,,DATA/METHODS/2631 - 7 JKT ADNOC Delivarables.xlsx,Setup Plans & Anchor Patterns,61,INCLUDE,,REV-151ee9ceb624dcc0aee4ac52,SDOC-3c771cec9fceabd62e9231a0
2631,METHODS,MARINE OPERATIONS,DRAWING,SETUP PLAN,2631-DP-0015,MUTAWA-401 SETUP PLAN DURING WHT 3-4 PUNCH LIST CLEARANCE ACTIVITIES,2,2025-10-20,,DATA/METHODS/2631 - 7 JKT ADNOC Delivarables.xlsx,Setup Plans & Anchor Patterns,62,INCLUDE,,REV-ca75e0bdb08875cda2c5fdb5,SDOC-3c771cec9fceabd62e9231a0
2631,METHODS,MARINE OPERATIONS,DRAWING,SETUP PLAN,2631-DP-0015,MUTAWA-401 SETUP PLAN DURING WHT 3-4 PUNCH LIST CLEARANCE ACTIVITIES,3,,,DATA/METHODS/2631 - 7 JKT ADNOC Delivarables.xlsx,Setup Plans & Anchor Patterns,63,INCLUDE,,REV-a290b6843495c6333d453368,SDOC-3c771cec9fceabd62e9231a0
2631,METHODS,MARINE OPERATIONS,DRAWING,SETUP PLAN,2631-DP-0016,MUTAWA-401 SETUP PLAN DURING WHT 3-5 PUNCH LIST CLEARANCE ACTIVITIES,1,2025-06-02,,DATA/METHODS/2631 - 7 JKT ADNOC Delivarables.xlsx,Setup Plans & Anchor Patterns,64,INCLUDE,,REV-7161c49b04c78b38d02c451c,SDOC-c43e235b61e64c5eb56c2f1a
2631,METHODS,MARINE OPERATIONS,DRAWING,SETUP PLAN,2631-DP-0016,MUTAWA-401 SETUP PLAN DURING WHT 3-5 PUNCH LIST CLEARANCE ACTIVITIES,2,2025-11-14,2-Approved with Comments,DATA/METHODS/2631 - 7 JKT ADNOC Delivarables.xlsx,Setup Plans & Anchor Patterns,65,INCLUDE,,REV-e1e6a0b306ff7809d7f6e812,SDOC-c43e235b61e64c5eb56c2f1a
2631,METHODS,MARINE OPERATIONS,DRAWING,SETUP PLAN,2631-DP-0016,MUTAWA-401 SETUP PLAN DURING WHT 3-5 PUNCH LIST CLEARANCE ACTIVITIES,3,,,DATA/METHODS/2631 - 7 JKT ADNOC Delivarables.xlsx,Setup Plans & Anchor Patterns,66,INCLUDE,,REV-3b69516da827f7b43045880f,SDOC-c43e235b61e64c5eb56c2f1a
2631,METHODS,OFFSHORE INSTALLATION,SKETCH,ENGINEERING SKETCH,2631-AP-0001,(DLB-1000 AP during WHT-2 JKT Installation),1,2024-10-31,,DATA/METHODS/2631 - 7 JKT ADNOC Delivarables.xlsx,Sketches,9,INCLUDE,,REV-fbac0c487c8ec6ef81b73356,SDOC-d57dfd6bcd7dcdad06f838df
2631,METHODS,OFFSHORE INSTALLATION,SKETCH,ENGINEERING SKETCH,2631-AP-0002,(DLB-1000 AP during WHT-3 JKT Installation),1,2024-10-31,,DATA/METHODS/2631 - 7 JKT ADNOC Delivarables.xlsx,Sketches,10,INCLUDE,,REV-137cf835818e8255798b57cd,SDOC-a39b814e9d6667cc278170c0
2631,METHODS,OFFSHORE INSTALLATION,SKETCH,ENGINEERING SKETCH,2631-A3-001,(Scaffolding Frame @ WHT-3),A,2024-12-18,,DATA/METHODS/2631 - 7 JKT ADNOC Delivarables.xlsx,Sketches,11,INCLUDE,,REV-b089b066bfb0ddb2d2936c42,SDOC-9fa80fdaf8f71890e754836c
2631,METHODS,OFFSHORE INSTALLATION,SKETCH,ENGINEERING SKETCH,2631-AP-0001,AP during WHT-2 JKT Installation,2,2025-01-02,,DATA/METHODS/2631 - 7 JKT ADNOC Delivarables.xlsx,Sketches,12,INCLUDE,,REV-9f5bfce39fcffcc9efc3a486,SDOC-d57dfd6bcd7dcdad06f838df
2631,METHODS,OFFSHORE INSTALLATION,SKETCH,ENGINEERING SKETCH,2631-AP-0002,AP during WHT-3 JKT Installation,2,2025-01-02,,DATA/METHODS/2631 - 7 JKT ADNOC Delivarables.xlsx,Sketches,13,INCLUDE,,REV-6c474f737955171b63510b82,SDOC-a39b814e9d6667cc278170c0
2631,METHODS,OFFSHORE INSTALLATION,SKETCH,ENGINEERING SKETCH,2631-A1-002,(Anchor line shfting sequence),A,2025-01-24,,DATA/METHODS/2631 - 7 JKT ADNOC Delivarables.xlsx,Sketches,14,INCLUDE,,REV-e58106a28034a7fe1bd895a5,SDOC-1b0126d8e685e5b5355139f6
2631,METHODS,OFFSHORE INSTALLATION,SKETCH,ENGINEERING SKETCH,2631-A1-003,(VESSEL PASSAGE PLAN TO WHT-2 & 3 Location),A,2025-01-24,,DATA/METHODS/2631 - 7 JKT ADNOC Delivarables.xlsx,Sketches,15,INCLUDE,,REV-3f59ebc23f89cf91b4ea77b0,SDOC-c18b0e52e77697e09c3dee1e
2631,METHODS,OFFSHORE INSTALLATION,SKETCH,ENGINEERING SKETCH,2631-AP-0002,(DLB-1000 AP during WHT-3 JKT Installation),3,2025-01-24,,DATA/METHODS/2631 - 7 JKT ADNOC Delivarables.xlsx,Sketches,16,INCLUDE,,REV-d000b1cd113bc89ff1156f2e,SDOC-a39b814e9d6667cc278170c0
2631,METHODS,OFFSHORE INSTALLATION,SKETCH,ENGINEERING SKETCH,2631-AP-0003,(DLB-1000 AP during WHT 3-1 JKT PILE & DRILL DECK Installation),1,2025-02-18,,DATA/METHODS/2631 - 7 JKT ADNOC Delivarables.xlsx,Sketches,17,INCLUDE,,REV-bd0217ef36795b3c7ef52383,SDOC-d9ea863922c62fc8f7750014
2631,METHODS,OFFSHORE INSTALLATION,SKETCH,ENGINEERING SKETCH,2631-AP-0004,(DLB-1000 AP during WHT 3-3 JKT PILE & DRILL DECK Installation),1,2025-02-18,,DATA/METHODS/2631 - 7 JKT ADNOC Delivarables.xlsx,Sketches,18,INCLUDE,,REV-f0d16a9dd98ddedeb491cda6,SDOC-d77c3dd61b9dbe2d56c0f554
2631,METHODS,OFFSHORE INSTALLATION,SKETCH,ENGINEERING SKETCH,2631-DP-0001,(SAFEEN-3000 DP Setup during WHT 3-1 JKT Installation),1,2025-02-18,,DATA/METHODS/2631 - 7 JKT ADNOC Delivarables.xlsx,Sketches,19,INCLUDE,,REV-0c87652ec68728dc4aaa9a0b,SDOC-9aec8b9b46080dfc37232681
2631,METHODS,OFFSHORE INSTALLATION,SKETCH,ENGINEERING SKETCH,2631-DP-0003,(SAFEEN-3000 DP Setup during WHT 3-3 JKT Installation),1,2025-02-18,,DATA/METHODS/2631 - 7 JKT ADNOC Delivarables.xlsx,Sketches,20,INCLUDE,,REV-6e4287c79aa7653f24145054,SDOC-97605c6e5f65a7ecdedae5d4
2631,METHODS,OFFSHORE INSTALLATION,SKETCH,ENGINEERING SKETCH,2631-AP-0003,(DLB-1000 AP during WHT 3-1 JKT PILES AND JACKET APPURTENANCES INSTALLATION),2,2025-04-02,,DATA/METHODS/2631 - 7 JKT ADNOC Delivarables.xlsx,Sketches,21,INCLUDE,,REV-0ff0233878971f2544db31a3,SDOC-d9ea863922c62fc8f7750014
2631,METHODS,OFFSHORE INSTALLATION,SKETCH,ENGINEERING SKETCH,2631-AP-0005,(DLB-1000 AP during WHT 3-3 JKT PILES AND JACKET APPURTENANCES INSTALLATION),2,2025-04-02,,DATA/METHODS/2631 - 7 JKT ADNOC Delivarables.xlsx,Sketches,22,INCLUDE,,REV-9efe6f8266c9ed9ae8c1fa9d,SDOC-3f7e3b2db606891d1735fa1f
2631,METHODS,OFFSHORE INSTALLATION,SKETCH,ENGINEERING SKETCH,2631-DP-0006,(SAPURA-1200 DP Setup during WHT 3-3 JKT Installation),1,2025-04-11,,DATA/METHODS/2631 - 7 JKT ADNOC Delivarables.xlsx,Sketches,23,INCLUDE,,REV-fcf4f59350dd2ee13b56b232,SDOC-845642fae5d0e108984b145c
2631,METHODS,OFFSHORE INSTALLATION,SKETCH,ENGINEERING SKETCH,2631-DP-0007,(SAPURA 1200 setup during WHT3-5 JKT installation),1,2025-05-01,,DATA/METHODS/2631 - 7 JKT ADNOC Delivarables.xlsx,Sketches,24,INCLUDE,,REV-59cb2f86d1afa7ab8faee53f,SDOC-231d7dcb77a63113e41c27b9
2631,METHODS,OFFSHORE INSTALLATION,SKETCH,ENGINEERING SKETCH,2631-DP-0008,(SAPURA 1200 setup during WHT3-4 JKT installation),1,2025-05-01,,DATA/METHODS/2631 - 7 JKT ADNOC Delivarables.xlsx,Sketches,25,INCLUDE,,REV-a51942f85a5fcede92f916f9,SDOC-810b6d3c74b459b197bcb57a
2631,METHODS,OFFSHORE INSTALLATION,SKETCH,ENGINEERING SKETCH,2631-DP-0009,(SAPURA 1200 setup during WHT3-2 JKT installation),1,2025-05-01,,DATA/METHODS/2631 - 7 JKT ADNOC Delivarables.xlsx,Sketches,26,INCLUDE,,REV-ca07eff2c16026cf37ffecbe,SDOC-06551d76f52a3ea0c1afe0d2
2631,METHODS,OFFSHORE INSTALLATION,SKETCH,ENGINEERING SKETCH,2631-A1-005,(DLS-4200 PASSAGE PLAN TO WHT 3-4 Location),A,2025-06-03,,DATA/METHODS/2631 - 7 JKT ADNOC Delivarables.xlsx,Sketches,27,INCLUDE,,REV-adcab65c295223082fb107df,SDOC-f8b686244be9d47c95438022
2631,METHODS,OFFSHORE INSTALLATION,SKETCH,ENGINEERING SKETCH,2631-DP-0017,(DLS-4200 DP Setup during WHT 3-3 JKT PILES AND JACKET APPURTENANCES INSTALLATION),1,2025-06-04,,DATA/METHODS/2631 - 7 JKT ADNOC Delivarables.xlsx,Sketches,28,INCLUDE,,REV-04dc10e7672c4215e44625ec,SDOC-0cb5d4a9ab079aafa8278cda
2631,METHODS,OFFSHORE INSTALLATION,SKETCH,ENGINEERING SKETCH,2631-DP-0007,(SAPURA 1200 setup during WHT3-5 JKT installation),3,2025-06-20,,DATA/METHODS/2631 - 7 JKT ADNOC Delivarables.xlsx,Sketches,29,INCLUDE,,REV-12bca7ad6bdd83463f1d209b,SDOC-231d7dcb77a63113e41c27b9
2631,TECH,NAVAL & MARINE,DOCUMENT,ANALYSIS,2631-ZZ-CL-0001,MOORING ANALYSIS DURING  INSTALLATION OF JACKET  WHT-2,1,2024-12-19,,DATA/TECH/2631-DOCUMENT REGISTER.xlsx,Naval & Marine doc,9,INCLUDE,,REV-1877d8f5e7f8229e7c22d9f2,SDOC-9f4ab124cb4858f52f212037
2631,TECH,NAVAL & MARINE,DOCUMENT,ANALYSIS,2631-ZZ-CL-0001,MOORING ANALYSIS DURING  INSTALLATION OF JACKET  WHT-2,2,2025-04-15,,DATA/TECH/2631-DOCUMENT REGISTER.xlsx,Naval & Marine doc,10,INCLUDE,,REV-f0298a82e87f4fdf40bd0216,SDOC-9f4ab124cb4858f52f212037
2631,TECH,NAVAL & MARINE,DOCUMENT,ANALYSIS,2631-ZZ-CL-0002,MOORING ANALYSIS DURING  INSTALLATION OF JACKET  WHT-3,1,2024-12-27,1,DATA/TECH/2631-DOCUMENT REGISTER.xlsx,Naval & Marine doc,11,INCLUDE,,REV-fa636f851ac10ee256a2b9be,SDOC-7465d1aec015dddf4ed5a98b
2631,TECH,NAVAL & MARINE,DOCUMENT,ANALYSIS,2631-ZZ-CL-0002,MOORING ANALYSIS DURING  INSTALLATION OF JACKET  WHT-3,2,2025-04-14,1,DATA/TECH/2631-DOCUMENT REGISTER.xlsx,Naval & Marine doc,12,INCLUDE,,REV-e8c45ef69c3d48ad41ee9642,SDOC-7465d1aec015dddf4ed5a98b
2631,TECH,NAVAL & MARINE,DOCUMENT,ANALYSIS,2631-ZZ-CL-0003,MOORING ANALYSIS DURING  INSTALLATION OF JACKET WHT-3-1,,,,DATA/TECH/2631-DOCUMENT REGISTER.xlsx,Naval & Marine doc,13,INCLUDE,,REV-c23e23dc44237f54417061b8,SDOC-c6e0a7a82225502f6bb72173
2631,TECH,NAVAL & MARINE,DOCUMENT,ANALYSIS,2631-ZZ-CL-0004,MOORING ANALYSIS DURING  INSTALLATION OF JACKET WHT-3-2 PILES AND APPURTENANCES,1,2025-07-11,1,DATA/TECH/2631-DOCUMENT REGISTER.xlsx,Naval & Marine doc,14,INCLUDE,,REV-557e506a587acf4fdcb58e5c,SDOC-87b5a553ebe5df67c70547b8
2631,TECH,NAVAL & MARINE,DOCUMENT,ANALYSIS,2631-ZZ-CL-0005,MOORING ANALYSIS DURING  INSTALLATION OF  WHT-3-3 PILES AND APPURTENANCES,1,2025-06-09,1,DATA/TECH/2631-DOCUMENT REGISTER.xlsx,Naval & Marine doc,15,INCLUDE,,REV-3ebd143e024d83568c1844c9,SDOC-a47ad88a3a7bb20f6c5358d8
2631,TECH,NAVAL & MARINE,DOCUMENT,ANALYSIS,2631-ZZ-CL-0006,MOORING ANALYSIS DURING WHT-3-4 JACKET INSTALLATION,1,2025-07-16,,DATA/TECH/2631-DOCUMENT REGISTER.xlsx,Naval & Marine doc,16,INCLUDE,,REV-239d7b41bc65c42abc1c45bc,SDOC-cdb12675d702df619b85e19a
2631,TECH,NAVAL & MARINE,DOCUMENT,ANALYSIS,2631-ZZ-CL-0007,MOORING ANALYSIS DURING  WHT-3-5 JACKET PILES AND JACKET APPURTENANCES INSTALLATION,1,2025-07-16,,DATA/TECH/2631-DOCUMENT REGISTER.xlsx,Naval & Marine doc,17,INCLUDE,,REV-0f7f4587ec9f1a87f2e6a780,SDOC-ae59dd075a16de390336afa1
2631,TECH,GENERAL / MULTIDISCIPLINE,SKETCH,ENGINEERING SKETCH,OFO-P2631-SK-T-001,LOADING ARRANGEMENT OF MISC EQUIPMENTS ON CB-6,A,,,DATA/TECH/2631-DOCUMENT REGISTER.xlsx,Sketch,4,INCLUDE,,REV-5dae490c1cf6ae66a9ea521d,SDOC-13d26024384948f03e1f793c
2631,TECH,GENERAL / MULTIDISCIPLINE,SKETCH,ENGINEERING SKETCH,OFO-P2631-SK-T-002,LOADING ARRANGEMENT OF MISC EQUIPMENTS ON SABINA CB,A,,,DATA/TECH/2631-DOCUMENT REGISTER.xlsx,Sketch,5,INCLUDE,,REV-46d12577c5495af4c1d7a87d,SDOC-04521ee8715061b0c237f610
2631,TECH,GENERAL / MULTIDISCIPLINE,SKETCH,ENGINEERING SKETCH,OFO-P2631-SK-T-003,PERSONNEL TRANSFER USING STEEL BASKET (SAFEEN-3000),A,,,DATA/TECH/2631-DOCUMENT REGISTER.xlsx,Sketch,6,INCLUDE,,REV-885ac5336ff17e9647636060,SDOC-9a806cc7a34919d2906fd1fd
2631,TECH,GENERAL / MULTIDISCIPLINE,SKETCH,ENGINEERING SKETCH,OFO-P2631-SK-T-004,SAPURA 1200 DECK LAYOUT FOR JACKET INSTALLATION - SAPURA 1200,,,,DATA/TECH/2631-DOCUMENT REGISTER.xlsx,Sketch,7,INCLUDE,,REV-f6fe0c2b70e58ddf3f4a6d67,SDOC-a03d422c3b56ae1efc2d817a
2631,TECH,GENERAL / MULTIDISCIPLINE,SKETCH,ENGINEERING SKETCH,OFO-P2631-SK-T-005,GANGWAY ARRANGEMENT FOR SAPURA-1200,A,,,DATA/TECH/2631-DOCUMENT REGISTER.xlsx,Sketch,8,INCLUDE,,REV-b2973bac4954bba84c8ddfd1,SDOC-89107ae0794b3e6cda51aec9
2631,TECH,GENERAL / MULTIDISCIPLINE,SKETCH,ENGINEERING SKETCH,OFO-P2631-SK-T-006,PERSONNEL LIFTING & INSTALLATION FOR JACKETS - 7JKT CAMPAIGN BY MUTAWA - 401,,,,DATA/TECH/2631-DOCUMENT REGISTER.xlsx,Sketch,9,INCLUDE,,REV-caf173646d3e1cf80e68f770,SDOC-90de6e175a1f6c58f6ed85df
2631,TECH,GENERAL / MULTIDISCIPLINE,SKETCH,ENGINEERING SKETCH,OFO-P2631-SK-T-007,GENERAL MATERIALS LIFTING & INSTALLATION FOR JACKETS - 7JKT CAMPAIGN BY MUTAWA - 401,,2025-05-15,,DATA/TECH/2631-DOCUMENT REGISTER.xlsx,Sketch,10,INCLUDE,,REV-01574e1857c484456af0190f,SDOC-3e69781a7967cfb969897816
2631,TECH,GENERAL / MULTIDISCIPLINE,SKETCH,ENGINEERING SKETCH,OFO-P2631-SK-T-008,PERSONNEL TRANSFER USING STEEL BASKET (SAPURA-1200),A,,,DATA/TECH/2631-DOCUMENT REGISTER.xlsx,Sketch,11,INCLUDE,,REV-29f64c327baba4752d800666,SDOC-8047ff289af06131bff2aacb
2631,TECH,GENERAL / MULTIDISCIPLINE,SKETCH,ENGINEERING SKETCH,OFO-P2631-SK-T-009,SAPURA 1200: GANGWAY LIFTING ARRANGEMENT,A,,,DATA/TECH/2631-DOCUMENT REGISTER.xlsx,Sketch,12,INCLUDE,,REV-f07467eff16421a27299b594,SDOC-9b1334f5205d7d433bbe2fe3
2631,TECH,GENERAL / MULTIDISCIPLINE,SKETCH,ENGINEERING SKETCH,OFO-P2631-SK-T-010,SADDLE DETAILS FOR GANGWAY,B,,,DATA/TECH/2631-DOCUMENT REGISTER.xlsx,Sketch,13,INCLUDE,,REV-10cb5c7a5088c4b4711a05a1,SDOC-2f769ed6b97c96839cd752f2
2631,TECH,GENERAL / MULTIDISCIPLINE,SKETCH,ENGINEERING SKETCH,OFO-P2631-SK-T-011,SAPURA 1200: GANGWAY LIFTING AND INSTALLATION,A,,,DATA/TECH/2631-DOCUMENT REGISTER.xlsx,Sketch,14,INCLUDE,,REV-adda0f2168c5055a1cef2944,SDOC-d0011418821a4c5aefd49933
2631,TECH,GENERAL / MULTIDISCIPLINE,SKETCH,ENGINEERING SKETCH,OFO-P2631-SK-T-012,PERSONNEL TRANSFER USING STEEL BASKET (DLS4200),B,,,DATA/TECH/2631-DOCUMENT REGISTER.xlsx,Sketch,15,INCLUDE,,REV-a014c157d76d9781cc193203,SDOC-3978ce001123fd8aa712ec2b
2705,TECH,PIPELINE & CABLE,DOCUMENT,ANALYSIS,SDOC-1000482-GG-500-9500-F35-NMD-51-001,PIPE STACKING ANALYSIS AT YARD,A,2024-10-23,comments,DATA/TECH/2705 -DOCUMENT REGISTER.xlsx,Documents - Pipeline & Cable,9,INCLUDE,,REV-b0805e7373b1c1bb3e8f90e2,SDOC-4a52ad89a22294997a26b16d
2705,TECH,PIPELINE & CABLE,DOCUMENT,ANALYSIS,SDOC-1000482-GG-500-9500-F35-NMD-51-001,PIPE STACKING ANALYSIS AT YARD,B,,,DATA/TECH/2705 -DOCUMENT REGISTER.xlsx,Documents - Pipeline & Cable,10,INCLUDE,DATE_TEXT_PRESERVED,REV-5ff4c3e84648b703e2efff24,SDOC-4a52ad89a22294997a26b16d
2705,TECH,GENERAL / MULTIDISCIPLINE,DRAWING,ENGINEERING DRAWING,2824-NN-0001,,,,,DATA/TECH/2705 -DOCUMENT REGISTER.xlsx,Drawings,9,INCLUDE,,REV-2d7c947bb0abd2a8b4ecdd6e,SDOC-f503674c8a2460e1f7c4e7fb
2745,METHODS,OFFSHORE INSTALLATION,PROCEDURE,INSTALLATION PROCEDURE,2745-PP-OF-023,ANCHOR HANDLING PROCEDURE BY HAMMER HEAD CRANE VESSEL,A1,2025-02-05,,DATA/METHODS/2745  -EPS-2 and PDP Delivarables.xlsx,Installation Procedures ,9,INCLUDE,,REV-a9737626f629595f0196b955,SDOC-993dd5226490d204d05bf9be
2745,METHODS,OFFSHORE INSTALLATION,PROCEDURE,INSTALLATION PROCEDURE,2745-PP-OF-024,ANCHOR HANDLING AND MOORING PROCEDURE FOR WORK BOATS,,,,DATA/METHODS/2745  -EPS-2 and PDP Delivarables.xlsx,Installation Procedures ,10,INCLUDE,,REV-56796e4c6353418ac26bd943,SDOC-430e3b75db3475f66ca77a86
2745,METHODS,OFFSHORE INSTALLATION,PROCEDURE,INSTALLATION PROCEDURE,2745-PP-OF-025,ANCHOR HANDLING AND MOORING PROCEDURE FOR FLOATING BARGES,A1,2025-01-03,,DATA/METHODS/2745  -EPS-2 and PDP Delivarables.xlsx,Installation Procedures ,11,INCLUDE,,REV-b6e27578926e79b895d3ae28,SDOC-558df4009b0df30d0fe2b1af
2745,METHODS,OFFSHORE INSTALLATION,PROCEDURE,INSTALLATION PROCEDURE,2745-PP-OF-025,ANCHOR HANDLING AND MOORING PROCEDURE FOR FLOATING BARGES,1,2025-10-09,,DATA/METHODS/2745  -EPS-2 and PDP Delivarables.xlsx,Installation Procedures ,12,INCLUDE,,REV-574a6362106878e8884fc20e,SDOC-558df4009b0df30d0fe2b1af
2745,METHODS,OFFSHORE INSTALLATION,PROCEDURE,INSTALLATION PROCEDURE,2745-PP-OF-025,ANCHOR HANDLING AND MOORING PROCEDURE FOR FLOATING BARGES,2,2026-06-12,,DATA/METHODS/2745  -EPS-2 and PDP Delivarables.xlsx,Installation Procedures ,13,INCLUDE,,REV-f4cdbc0fdbf01cf6c1b88675,SDOC-558df4009b0df30d0fe2b1af
2745,METHODS,OFFSHORE INSTALLATION,PROCEDURE,INSTALLATION PROCEDURE,2745-PP-OF-025,ANCHOR HANDLING AND MOORING PROCEDURE FOR FLOATING BARGES,3,2026-06-23,,DATA/METHODS/2745  -EPS-2 and PDP Delivarables.xlsx,Installation Procedures ,14,INCLUDE,,REV-202f39664cdb983e045210f6,SDOC-558df4009b0df30d0fe2b1af
2745,METHODS,OFFSHORE INSTALLATION,PROCEDURE,INSTALLATION PROCEDURE,2745-PP-OF-026,ANCHOR HANDLING PROCEDURE FOR JACK UP BARGES,A1,2025-01-21,,DATA/METHODS/2745  -EPS-2 and PDP Delivarables.xlsx,Installation Procedures ,15,INCLUDE,,REV-7754f20ddab0d1fc798fa742,SDOC-2101cb01e9e6ce5bd840da13
2745,METHODS,OFFSHORE INSTALLATION,PROCEDURE,INSTALLATION PROCEDURE,2745-PP-OF-026,ANCHOR HANDLING PROCEDURE FOR JACK UP BARGES,1,2025-10-09,,DATA/METHODS/2745  -EPS-2 and PDP Delivarables.xlsx,Installation Procedures ,16,INCLUDE,,REV-518902be6e4288c029904fe9,SDOC-2101cb01e9e6ce5bd840da13
2745,METHODS,OFFSHORE INSTALLATION,PROCEDURE,INSTALLATION PROCEDURE,2745-PP-OF-027,FREE SPANS CORRECTION & GROUT BAG INSTALLATION PROCEURE,A1,,,DATA/METHODS/2745  -EPS-2 and PDP Delivarables.xlsx,Installation Procedures ,17,INCLUDE,,REV-900cf8dd3bd0c0d50a4d5411,SDOC-dbfd5bf8f27780a4f3891c59
2745,METHODS,OFFSHORE INSTALLATION,PROCEDURE,INSTALLATION PROCEDURE,2745-PP-OF-027,FREE SPANS CORRECTION & GROUT BAG INSTALLATION PROCEURE,1,2026-08-21,,DATA/METHODS/2745  -EPS-2 and PDP Delivarables.xlsx,Installation Procedures ,18,INCLUDE,,REV-43c60d1e260ac2833862e9a6,SDOC-dbfd5bf8f27780a4f3891c59
2745,METHODS,OFFSHORE INSTALLATION,PROCEDURE,INSTALLATION PROCEDURE,2745-PP-OF-028,SLEEPERS INSTALLATION PROCEDURE,A1,2025-07-21,,DATA/METHODS/2745  -EPS-2 and PDP Delivarables.xlsx,Installation Procedures ,19,INCLUDE,,REV-68b90d74124abdfeeed8cca2,SDOC-fd81e06925b202d05fd458d8
2745,METHODS,OFFSHORE INSTALLATION,PROCEDURE,INSTALLATION PROCEDURE,2745-PP-OF-028,SLEEPERS INSTALLATION PROCEDURE,1,2025-09-29,,DATA/METHODS/2745  -EPS-2 and PDP Delivarables.xlsx,Installation Procedures ,20,INCLUDE,,REV-79a332038b0bd4fb30a4df3f,SDOC-fd81e06925b202d05fd458d8
2745,METHODS,OFFSHORE INSTALLATION,PROCEDURE,INSTALLATION PROCEDURE,2745-PP-OF-028,SLEEPERS INSTALLATION PROCEDURE,2,2026-05-11,,DATA/METHODS/2745  -EPS-2 and PDP Delivarables.xlsx,Installation Procedures ,21,INCLUDE,,REV-9f25cf43bf3c80250eb6e0e0,SDOC-fd81e06925b202d05fd458d8
2745,METHODS,OFFSHORE INSTALLATION,PROCEDURE,INSTALLATION PROCEDURE,2745-PP-OF-028,SLEEPERS INSTALLATION PROCEDURE,3,2026-07-09,,DATA/METHODS/2745  -EPS-2 and PDP Delivarables.xlsx,Installation Procedures ,22,INCLUDE,,REV-88783e9778f69e31d85fec58,SDOC-fd81e06925b202d05fd458d8
2745,METHODS,OFFSHORE INSTALLATION,PROCEDURE,INSTALLATION PROCEDURE,2745-PP-OF-028,SLEEPERS INSTALLATION PROCEDURE,4,2026-08-25,1. Approved,DATA/METHODS/2745  -EPS-2 and PDP Delivarables.xlsx,Installation Procedures ,23,INCLUDE,,REV-8f79d748fe1aecd40881a8e9,SDOC-fd81e06925b202d05fd458d8
2745,METHODS,OFFSHORE INSTALLATION,PROCEDURE,INSTALLATION PROCEDURE,2745-PP-OF-029,PIPELINE INFILL MATERIAL FIELD JOINT COATING PROCEDURE,,,,DATA/METHODS/2745  -EPS-2 and PDP Delivarables.xlsx,Installation Procedures ,24,INCLUDE,,REV-9b339ff7612baf8176c39397,SDOC-55619d1dd641c872b445a4f3
2745,METHODS,OFFSHORE INSTALLATION,PROCEDURE,INSTALLATION PROCEDURE,2745-PP-OF-030,PIPELINE ANTI-CORROSION FIELD JOINT COATING PROCEDURE,,,,DATA/METHODS/2745  -EPS-2 and PDP Delivarables.xlsx,Installation Procedures ,25,INCLUDE,,REV-74cf175dd9a8d1ddf6ef2a41,SDOC-ac282bb3e033f7fdf7476d4f
2745,METHODS,OFFSHORE INSTALLATION,PROCEDURE,INSTALLATION PROCEDURE,2745-PP-OF-031,PIPELINES INSTALLATION MANUAL,1,,,DATA/METHODS/2745  -EPS-2 and PDP Delivarables.xlsx,Installation Procedures ,26,INCLUDE,,REV-3f9c75027e7525afc91d6aee,SDOC-c1dc0354991adce37039ca98
2745,METHODS,OFFSHORE INSTALLATION,PROCEDURE,INSTALLATION PROCEDURE,2745-PP-OF-031,PIPELINES INSTALLATION MANUAL,2,2026-04-30,,DATA/METHODS/2745  -EPS-2 and PDP Delivarables.xlsx,Installation Procedures ,27,INCLUDE,,REV-15e8a23c4a08d9679536c6fb,SDOC-c1dc0354991adce37039ca98
2745,METHODS,OFFSHORE INSTALLATION,PROCEDURE,INSTALLATION PROCEDURE,2745-PP-OF-031,PIPELINES INSTALLATION MANUAL,3,,,DATA/METHODS/2745  -EPS-2 and PDP Delivarables.xlsx,Installation Procedures ,28,INCLUDE,,REV-5eadbac23d8a0919363721ae,SDOC-c1dc0354991adce37039ca98
2745,METHODS,OFFSHORE INSTALLATION,PROCEDURE,INSTALLATION PROCEDURE,2745-PP-OF-031,PIPELINES INSTALLATION MANUAL,4,2026-08-31,,DATA/METHODS/2745  -EPS-2 and PDP Delivarables.xlsx,Installation Procedures ,29,INCLUDE,,REV-aa6f65b5bb893b7e6e08b12c,SDOC-c1dc0354991adce37039ca98
2745,METHODS,OFFSHORE INSTALLATION,PROCEDURE,INSTALLATION PROCEDURE,2745-PP-OF-032,COMPOSITE CABLE INSTALLATION PROCEDURE,,,,DATA/METHODS/2745  -EPS-2 and PDP Delivarables.xlsx,Installation Procedures ,30,INCLUDE,,REV-233e3cec5fb527e2f7554f84,SDOC-359065b030c53cc2f20c97da
2745,METHODS,OFFSHORE INSTALLATION,PROCEDURE,INSTALLATION PROCEDURE,2745-PP-OF-033,RISER INSTALLATION PROCEDURE,,,,DATA/METHODS/2745  -EPS-2 and PDP Delivarables.xlsx,Installation Procedures ,31,INCLUDE,,REV-66cecc6f811d22b81ce95395,SDOC-5388fbd3f3229bb1d95c515c
2745,METHODS,OFFSHORE INSTALLATION,PROCEDURE,INSTALLATION PROCEDURE,2745-PP-OF-034,J-TUBE AND RISER CLAMPS INSTALLATION PROCEDURE,A1,,,DATA/METHODS/2745  -EPS-2 and PDP Delivarables.xlsx,Installation Procedures ,32,INCLUDE,,REV-ab751ef92079bf068290b10b,SDOC-d2bfdb2a65c22d45ce422f02
2745,METHODS,OFFSHORE INSTALLATION,PROCEDURE,INSTALLATION PROCEDURE,2745-PP-OF-034,J-TUBE AND RISER CLAMPS INSTALLATION PROCEDURE,1,2026-05-13,3 - Reviewed with Comments,DATA/METHODS/2745  -EPS-2 and PDP Delivarables.xlsx,Installation Procedures ,33,INCLUDE,,REV-c728052832e43432c3c0404d,SDOC-d2bfdb2a65c22d45ce422f02
2745,METHODS,OFFSHORE INSTALLATION,PROCEDURE,INSTALLATION PROCEDURE,2745-PP-OF-034,J-TUBE AND RISER CLAMPS INSTALLATION PROCEDURE,2,2026-07-01,,DATA/METHODS/2745  -EPS-2 and PDP Delivarables.xlsx,Installation Procedures ,34,INCLUDE,,REV-ca96638cd96c534f74d1c86d,SDOC-d2bfdb2a65c22d45ce422f02
2745,METHODS,OFFSHORE INSTALLATION,PROCEDURE,INSTALLATION PROCEDURE,2745-PP-OF-034,J-TUBE AND RISER CLAMPS INSTALLATION PROCEDURE,3,2026-08-25,,DATA/METHODS/2745  -EPS-2 and PDP Delivarables.xlsx,Installation Procedures ,35,INCLUDE,,REV-b14180671a033365a8013b1f,SDOC-d2bfdb2a65c22d45ce422f02
2745,METHODS,OFFSHORE INSTALLATION,PROCEDURE,INSTALLATION PROCEDURE,2745-PP-OF-035,J-TUBE INSTALLATION PROCEDURE,1,2025-10-09,,DATA/METHODS/2745  -EPS-2 and PDP Delivarables.xlsx,Installation Procedures ,36,INCLUDE,,REV-b8a77e5f18aca9fcb8515343,SDOC-417544b996953d0e084417a1
2745,METHODS,OFFSHORE INSTALLATION,PROCEDURE,INSTALLATION PROCEDURE,2745-PP-OF-035,J-TUBE INSTALLATION PROCEDURE,2,2025-11-21,,DATA/METHODS/2745  -EPS-2 and PDP Delivarables.xlsx,Installation Procedures ,37,INCLUDE,,REV-194c8fd4c69eeba187d3b3ba,SDOC-417544b996953d0e084417a1
2745,METHODS,OFFSHORE INSTALLATION,PROCEDURE,INSTALLATION PROCEDURE,2745-PP-OF-035,J-TUBE INSTALLATION PROCEDURE,3,2026-04-15,3 - Reviewed with Comments,DATA/METHODS/2745  -EPS-2 and PDP Delivarables.xlsx,Installation Procedures ,38,INCLUDE,,REV-30f5caae9e38cc69d16720e7,SDOC-417544b996953d0e084417a1
2745,METHODS,OFFSHORE INSTALLATION,PROCEDURE,INSTALLATION PROCEDURE,2745-PP-OF-035,J-TUBE INSTALLATION PROCEDURE,4,,,DATA/METHODS/2745  -EPS-2 and PDP Delivarables.xlsx,Installation Procedures ,39,INCLUDE,DATE_TEXT_PRESERVED,REV-cf96f1e0a9c9cf5f5bc8a7cd,SDOC-417544b996953d0e084417a1
2745,METHODS,OFFSHORE INSTALLATION,PROCEDURE,INSTALLATION PROCEDURE,2745-PP-OF-035,J-TUBE INSTALLATION PROCEDURE,5,2026-07-03,,DATA/METHODS/2745  -EPS-2 and PDP Delivarables.xlsx,Installation Procedures ,40,INCLUDE,,REV-7f1a9a6587942af00ac39d08,SDOC-417544b996953d0e084417a1
2745,METHODS,OFFSHORE INSTALLATION,PROCEDURE,INSTALLATION PROCEDURE,2745-PP-OF-035,J-TUBE INSTALLATION PROCEDURE,6,2026-08-19,,DATA/METHODS/2745  -EPS-2 and PDP Delivarables.xlsx,Installation Procedures ,41,INCLUDE,,REV-4e9de3ae0bc75b4aaf32eda3,SDOC-417544b996953d0e084417a1
2745,METHODS,OFFSHORE INSTALLATION,PROCEDURE,INSTALLATION PROCEDURE,2745-PP-OF-036,TOPSIDE INSTALLATION PROCEDURE,,,,DATA/METHODS/2745  -EPS-2 and PDP Delivarables.xlsx,Installation Procedures ,42,INCLUDE,,REV-51c7fc8e6f1937b9064450a0,SDOC-0a84ab9c98ecfdeb79b2e439
2745,METHODS,OFFSHORE INSTALLATION,PROCEDURE,INSTALLATION PROCEDURE,2745-PP-OF-037,TOPSIDE INSTALLATION BY FLOATOVER METHOD PROCEDURE,,,,DATA/METHODS/2745  -EPS-2 and PDP Delivarables.xlsx,Installation Procedures ,43,INCLUDE,,REV-b66107314d7f8e86a992dfc0,SDOC-475987a8397b1e4944e1d146
2745,METHODS,OFFSHORE INSTALLATION,PROCEDURE,INSTALLATION PROCEDURE,2745-PP-OF-038,TOPSIDE INSTALLATION BY LIFTING METHOD PROCEDURE,,,,DATA/METHODS/2745  -EPS-2 and PDP Delivarables.xlsx,Installation Procedures ,44,INCLUDE,,REV-b88260e836fc40ee4d0b29ce,SDOC-ad1e58dbbc37a27a3fb87cff
2745,METHODS,OFFSHORE INSTALLATION,PROCEDURE,INSTALLATION PROCEDURE,2745-PP-OF-039,JACKET INSTALLATION PROCEDURE,,,,DATA/METHODS/2745  -EPS-2 and PDP Delivarables.xlsx,Installation Procedures ,45,INCLUDE,,REV-ee9dfec93e9c785c151a5d44,SDOC-fd05a07d7fa0cc7ea66ae46a
2745,METHODS,OFFSHORE INSTALLATION,PROCEDURE,INSTALLATION PROCEDURE,2745-PP-OF-040,BRIDGE INSTALLATION PROCEDURE,,,,DATA/METHODS/2745  -EPS-2 and PDP Delivarables.xlsx,Installation Procedures ,46,INCLUDE,,REV-d40ad2ec28d6d1672277c3b6,SDOC-95b499cd62bad7c9e26eeed0
2745,METHODS,OFFSHORE INSTALLATION,PROCEDURE,INSTALLATION PROCEDURE,2745-PP-OF-041,"PIPELINES FLOODING, GAUGING, CLEANING AND HYDROTESTING PROCEDURE",,,,DATA/METHODS/2745  -EPS-2 and PDP Delivarables.xlsx,Installation Procedures ,47,INCLUDE,,REV-fb68fb84efb6d870babc6e34,SDOC-9a5952abd0712b9ba5291434
2745,METHODS,OFFSHORE INSTALLATION,PROCEDURE,INSTALLATION PROCEDURE,2745-PP-OF-042,OFFSHORE HOOK-UP PROCEDURE,,,,DATA/METHODS/2745  -EPS-2 and PDP Delivarables.xlsx,Installation Procedures ,48,INCLUDE,,REV-27c59b6f7561a9b0e3871b54,SDOC-1d743ea48eeb1e8790c84c21
2745,METHODS,OFFSHORE INSTALLATION,PROCEDURE,INSTALLATION PROCEDURE,2745-PP-OF-043,PIPELINES CALIPER PIGGING PROCEDURE,,,,DATA/METHODS/2745  -EPS-2 and PDP Delivarables.xlsx,Installation Procedures ,49,INCLUDE,,REV-5b6c9689bc4a85569c79e1ec,SDOC-f4084596a5a9c2092b0a7ae3
2745,METHODS,OFFSHORE INSTALLATION,PROCEDURE,INSTALLATION PROCEDURE,2745-PP-OF-044,PIPELINES Intelligent  PIGGING & Preservation PROCEDURE,,,,DATA/METHODS/2745  -EPS-2 and PDP Delivarables.xlsx,Installation Procedures ,50,INCLUDE,,REV-6c004b95620303f2de0f0386,SDOC-b32983389e7981258cf7e1c2
2745,METHODS,OFFSHORE INSTALLATION,PROCEDURE,INSTALLATION PROCEDURE,2745-PP-OF-045,"PIPELINES DEWATERING, DRYING AND NITROGEN PURGING PROCEDURE",,,,DATA/METHODS/2745  -EPS-2 and PDP Delivarables.xlsx,Installation Procedures ,51,INCLUDE,,REV-677fa2120689a0bf8427fa6a,SDOC-2dcef5f58bddc9be9d38e25b
2745,METHODS,OFFSHORE INSTALLATION,PROCEDURE,INSTALLATION PROCEDURE,2745-PP-OF-046,COMPOSITE CABLE TRANSPOOLING PROCEDURE,,,,DATA/METHODS/2745  -EPS-2 and PDP Delivarables.xlsx,Installation Procedures ,52,INCLUDE,,REV-f652592de1e546d790af4867,SDOC-f419bc460a51449a38e5721d
2745,METHODS,OFFSHORE INSTALLATION,PROCEDURE,INSTALLATION PROCEDURE,2745-PP-OF-058,6.6KV COMPOSITE CABLE INSTALLATION & PULL IN THROUGH J-TUBE PROCEDURE,A1,2025-06-02,,DATA/METHODS/2745  -EPS-2 and PDP Delivarables.xlsx,Installation Procedures ,53,INCLUDE,,REV-43cecc6711cc5cf2b29b9962,SDOC-eecd5e29adfc27dfbba89dc0
2745,METHODS,OFFSHORE INSTALLATION,PROCEDURE,INSTALLATION PROCEDURE,2745-PP-OF-058,6.6KV COMPOSITE CABLE INSTALLATION & PULL IN THROUGH J-TUBE PROCEDURE,1,2025-07-07,,DATA/METHODS/2745  -EPS-2 and PDP Delivarables.xlsx,Installation Procedures ,54,INCLUDE,,REV-453203253e5f6bbbad33ab2b,SDOC-eecd5e29adfc27dfbba89dc0
2745,METHODS,OFFSHORE INSTALLATION,PROCEDURE,INSTALLATION PROCEDURE,2745-PP-OF-058,6.6KV COMPOSITE CABLE INSTALLATION & PULL IN THROUGH J-TUBE PROCEDURE,2,2026-01-08,,DATA/METHODS/2745  -EPS-2 and PDP Delivarables.xlsx,Installation Procedures ,55,INCLUDE,,REV-4e273cf9db12c6beb404badb,SDOC-eecd5e29adfc27dfbba89dc0
2745,METHODS,OFFSHORE INSTALLATION,PROCEDURE,INSTALLATION PROCEDURE,2745-PP-OF-058,6.6KV COMPOSITE CABLE INSTALLATION & PULL IN THROUGH J-TUBE PROCEDURE,3,2026-07-01,,DATA/METHODS/2745  -EPS-2 and PDP Delivarables.xlsx,Installation Procedures ,56,INCLUDE,,REV-506ba5924fa8925d0207e7b6,SDOC-eecd5e29adfc27dfbba89dc0
2745,METHODS,OFFSHORE INSTALLATION,PROCEDURE,INSTALLATION PROCEDURE,2745-PP-OF-064,CABLE CROSSING SUPPORT INSTALLATION PROCEDURE (FLEXIBLE MATTRESS),1,2025-10-14,2 - Approved with Comments,DATA/METHODS/2745  -EPS-2 and PDP Delivarables.xlsx,Installation Procedures ,57,INCLUDE,,REV-3918cb2bc05f3b36346336db,SDOC-8fe8882f41a2b71db9afd0f9
2745,METHODS,OFFSHORE INSTALLATION,PROCEDURE,INSTALLATION PROCEDURE,2745-PP-OF-104,FREE SPAN CORRECTION PROCEDURE,,,,DATA/METHODS/2745  -EPS-2 and PDP Delivarables.xlsx,Installation Procedures ,58,INCLUDE,,REV-08a49ef23d624f7aecd26134,SDOC-f971037225141af761b4e57b
2745,METHODS,OFFSHORE INSTALLATION,PROCEDURE,INSTALLATION PROCEDURE,2745-PP-OF-128,WHT-2 TOPSIDE INSTALLATION PROCEDURE,A1,,,DATA/METHODS/2745  -EPS-2 and PDP Delivarables.xlsx,Installation Procedures ,59,INCLUDE,,REV-8f318835c1bede0920777363,SDOC-47146bc62e4f73f22df87510
2745,METHODS,OFFSHORE INSTALLATION,PROCEDURE,INSTALLATION PROCEDURE,2745-PP-OF-128,WHT-2 TOPSIDE INSTALLATION PROCEDURE,1,2026-07-28,,DATA/METHODS/2745  -EPS-2 and PDP Delivarables.xlsx,Installation Procedures ,60,INCLUDE,,REV-2391468115b3fd18521f6795,SDOC-47146bc62e4f73f22df87510
2745,METHODS,OFFSHORE INSTALLATION,PROCEDURE,INSTALLATION PROCEDURE,2745-PP-OF-130,METHOD STATEMENT FOR DLS-4200 SETUP SEQUENCE DURING WHT-3 TOPSIDE INSTALLATION ACTIVTIES,A1,,,DATA/METHODS/2745  -EPS-2 and PDP Delivarables.xlsx,Installation Procedures ,61,INCLUDE,,REV-039754754a612bdf74c74cb8,SDOC-b77522c0b30aac037a6bb5e6
2745,METHODS,OFFSHORE INSTALLATION,PROCEDURE,INSTALLATION PROCEDURE,2745-PP-OF-134,ZWSC-PDP AND ZWSC PDP-BST JACKETS INSTALLATION PROCEDURE,A1,,,DATA/METHODS/2745  -EPS-2 and PDP Delivarables.xlsx,Installation Procedures ,62,INCLUDE,,REV-eb4927337b745f70b37ae8f9,SDOC-9be15a52722bdf3a5252bd67
2745,METHODS,OFFSHORE INSTALLATION,PROCEDURE,INSTALLATION PROCEDURE,2745-PP-OF-134,ZWSC-PDP AND ZWSC PDP-BST JACKETS INSTALLATION PROCEDURE,1,2026-08-26,,DATA/METHODS/2745  -EPS-2 and PDP Delivarables.xlsx,Installation Procedures ,63,INCLUDE,,REV-23bf41bfcec174f79a0c7bf1,SDOC-9be15a52722bdf3a5252bd67
2745,METHODS,OFFSHORE INSTALLATION,PROCEDURE,INSTALLATION PROCEDURE,2745-PP-OF-135,ZCSC-PDP AND ZCSC PDP-BST JACKETS INSTALLATION PROCEDURE,,,,DATA/METHODS/2745  -EPS-2 and PDP Delivarables.xlsx,Installation Procedures ,64,INCLUDE,,REV-73c9dd865f8548fa1ecc79b1,SDOC-22603e1bd7e3284e07eb7345
2745,METHODS,OFFSHORE INSTALLATION,PROCEDURE,INSTALLATION PROCEDURE,2745-PP-OF-136,GPF-II JACKET INSTALLATION MANUAL,A1,,,DATA/METHODS/2745  -EPS-2 and PDP Delivarables.xlsx,Installation Procedures ,65,INCLUDE,,REV-5b3ee59659772228029374dc,SDOC-81a87f031a5e54ab0ebb7aee
2745,METHODS,OFFSHORE INSTALLATION,PROCEDURE,INSTALLATION PROCEDURE,2745-PP-OF-142,WHT-3 TOPSIDE INSTALLATION PROCEDURE,A1,,,DATA/METHODS/2745  -EPS-2 and PDP Delivarables.xlsx,Installation Procedures ,66,INCLUDE,,REV-2ccc2a880a4c4b76888098c6,SDOC-a0b65399c673e5b46a968a60
2745,METHODS,OFFSHORE INSTALLATION,PROCEDURE,INSTALLATION PROCEDURE,2745-PP-OF-142,WHT-3 TOPSIDE INSTALLATION PROCEDURE,1,2026-09-03,,DATA/METHODS/2745  -EPS-2 and PDP Delivarables.xlsx,Installation Procedures ,67,INCLUDE,,REV-9ce4bea2c8066ee8abc6afc1,SDOC-a0b65399c673e5b46a968a60
2745,METHODS,OFFSHORE INSTALLATION,PROCEDURE,INSTALLATION PROCEDURE,2745-PP-OF-143,ZWSC-PDP TOPSIDES INSTALLATION PROCEDURE,,,,DATA/METHODS/2745  -EPS-2 and PDP Delivarables.xlsx,Installation Procedures ,68,INCLUDE,,REV-a83cb2d9ad49797e2deeb8d7,SDOC-a7e9f61d7dba64952cd14785
2745,METHODS,OFFSHORE INSTALLATION,PROCEDURE,INSTALLATION PROCEDURE,2745-PP-OF-144,BRIDGE 18 INSTALLATION PROCEDURE AT ZWSC-PDP,A1,,,DATA/METHODS/2745  -EPS-2 and PDP Delivarables.xlsx,Installation Procedures ,69,INCLUDE,,REV-ee84c925ca5010e3c1f14e81,SDOC-4e491b5602318b70947033f3
2745,METHODS,OFFSHORE INSTALLATION,PROCEDURE,INSTALLATION PROCEDURE,2745-PP-OF-147,BRIDGE 19 INSTALLATION PROCEDURE AT ZCSC-PDP,A1,,,DATA/METHODS/2745  -EPS-2 and PDP Delivarables.xlsx,Installation Procedures ,70,INCLUDE,,REV-9f8d2b7b5ecf42ca93dd35b6,SDOC-61debd1372944e9ecb87a67c
2745,METHODS,MARINE OPERATIONS,DRAWING,METHOD DRAWING,2745-AP-0007,"ANCHORE PATTERN FOR BARGE DLB-750 DURING PIPELAY OF 16"" WI (WPL-2) FROM WHT-2 TO WHT-3",1,2026-02-24,,DATA/METHODS/2745  -EPS-2 and PDP Delivarables.xlsx,Setup Plans & Anchor Patterns,9,INCLUDE,,REV-24841a32549d8203c93d9cbb,SDOC-320f3b4a4cc25f30e5e65c0c
2745,METHODS,MARINE OPERATIONS,DRAWING,METHOD DRAWING,2745-AP-0007,"ANCHORE PATTERN FOR BARGE DLB-750 DURING PIPELAY OF 16"" WI (WPL-2) FROM WHT-2 TO WHT-3",2,2026-04-28,,DATA/METHODS/2745  -EPS-2 and PDP Delivarables.xlsx,Setup Plans & Anchor Patterns,10,INCLUDE,,REV-f77fb9b302506bd77c760452,SDOC-320f3b4a4cc25f30e5e65c0c
2745,METHODS,MARINE OPERATIONS,DRAWING,METHOD DRAWING,2745-AP-0007,"ANCHORE PATTERN FOR BARGE DLB-750 DURING PIPELAY OF 16"" WI (WPL-2) FROM WHT-2 TO WHT-3",3,2026-05-18,,DATA/METHODS/2745  -EPS-2 and PDP Delivarables.xlsx,Setup Plans & Anchor Patterns,11,INCLUDE,,REV-340dc93411a95d7104fd327e,SDOC-320f3b4a4cc25f30e5e65c0c
2745,METHODS,MARINE OPERATIONS,DRAWING,METHOD DRAWING,2745-AP-0007,"ANCHORE PATTERN FOR BARGE DLB-750 DURING PIPELAY OF 16"" WI (WPL-2) FROM WHT-2 TO WHT-3",4,2026-08-12,1. Approved,DATA/METHODS/2745  -EPS-2 and PDP Delivarables.xlsx,Setup Plans & Anchor Patterns,12,INCLUDE,,REV-e66745b3aaafffffbbd76f98,SDOC-320f3b4a4cc25f30e5e65c0c
2745,METHODS,MARINE OPERATIONS,DRAWING,METHOD DRAWING,2745-AP-0008,"ANCHORE PATTERN FOR BARGE DLB-750 DURING PIPELAY OF 16"" WF (OPL-2) FROM WHT-3 TO WHT-2",1,2026-02-16,,DATA/METHODS/2745  -EPS-2 and PDP Delivarables.xlsx,Setup Plans & Anchor Patterns,13,INCLUDE,,REV-d0cb903011c87bf7cf7dacc3,SDOC-fc445da9382479b791718021
2745,METHODS,MARINE OPERATIONS,DRAWING,METHOD DRAWING,2745-AP-0008,"ANCHORE PATTERN FOR BARGE DLB-750 DURING PIPELAY OF 16"" WF (OPL-2) FROM WHT-3 TO WHT-2",2,2026-04-28,,DATA/METHODS/2745  -EPS-2 and PDP Delivarables.xlsx,Setup Plans & Anchor Patterns,14,INCLUDE,,REV-43cfd2f39cd9d3276db464d3,SDOC-fc445da9382479b791718021
2745,METHODS,MARINE OPERATIONS,DRAWING,METHOD DRAWING,2745-AP-0008,"ANCHORE PATTERN FOR BARGE DLB-750 DURING PIPELAY OF 16"" WF (OPL-2) FROM WHT-3 TO WHT-2",3,2026-07-01,1 - Approved,DATA/METHODS/2745  -EPS-2 and PDP Delivarables.xlsx,Setup Plans & Anchor Patterns,15,INCLUDE,,REV-9f2371e1eba8f88f2088b869,SDOC-fc445da9382479b791718021
2745,METHODS,MARINE OPERATIONS,DRAWING,METHOD DRAWING,2745-AP-0008,"ANCHORE PATTERN FOR BARGE DLB-750 DURING PIPELAY OF 16"" WF (OPL-2) FROM WHT-3 TO WHT-2",4,2026-07-10,,DATA/METHODS/2745  -EPS-2 and PDP Delivarables.xlsx,Setup Plans & Anchor Patterns,16,INCLUDE,,REV-554ac965684a60f32ccc7c91,SDOC-fc445da9382479b791718021
2745,METHODS,MARINE OPERATIONS,DRAWING,METHOD DRAWING,2745-AP-0009,"ANCHORE PATTERN FOR BARGE DLB-750 DURING PIPELAY OF 18"" WI FROM ZWSC (RP-1) TO WHT-2",1,2026-04-09,1. Approved,DATA/METHODS/2745  -EPS-2 and PDP Delivarables.xlsx,Setup Plans & Anchor Patterns,17,INCLUDE,,REV-664f3d1ee5f92e7ac7199d3e,SDOC-e00b16fb101f4fcd8d31f231
2745,METHODS,MARINE OPERATIONS,DRAWING,METHOD DRAWING,2745-AP-0009,"ANCHORE PATTERN FOR BARGE DLB-750 DURING PIPELAY OF 18"" WI FROM ZWSC (RP-1) TO WHT-2",2,2026-08-25,1. Approved,DATA/METHODS/2745  -EPS-2 and PDP Delivarables.xlsx,Setup Plans & Anchor Patterns,18,INCLUDE,,REV-1ec3e9b64e175af5c523b17c,SDOC-e00b16fb101f4fcd8d31f231
2745,METHODS,MARINE OPERATIONS,DRAWING,METHOD DRAWING,2745-AP-0010,"ANCHORE PATTERN FOR BARGE DLB-750 DURING PIPELAY OF 20"" WF FROM WHT-2 TO ZWSC (RP-1)",1,2026-02-25,,DATA/METHODS/2745  -EPS-2 and PDP Delivarables.xlsx,Setup Plans & Anchor Patterns,19,INCLUDE,,REV-28699569aee99335b24b44e9,SDOC-7567e656d7367dc64618fb52
2745,METHODS,MARINE OPERATIONS,DRAWING,METHOD DRAWING,2745-AP-0010,"ANCHORE PATTERN FOR BARGE DLB-750 DURING PIPELAY OF 20"" WF FROM WHT-2 TO ZWSC (RP-1)",2,2026-08-25,1. Approved,DATA/METHODS/2745  -EPS-2 and PDP Delivarables.xlsx,Setup Plans & Anchor Patterns,20,INCLUDE,,REV-407b3aeb60e83aa4d4f60006,SDOC-7567e656d7367dc64618fb52
2745,METHODS,MARINE OPERATIONS,DRAWING,ANCHOR PATTERN,2745-AP-0011,ANCHOR PATTERN FOR BARGE DLB-750 DURING PIPELAY OF 24'' WF(OPL-4) FROM ZCSC-CRP TO ZWSC-RP-1,1,2026-04-07,,DATA/METHODS/2745  -EPS-2 and PDP Delivarables.xlsx,Setup Plans & Anchor Patterns,21,INCLUDE,,REV-38719201f12bf138bea10d08,SDOC-39ed8392a0056b6bb01eb078
2745,METHODS,MARINE OPERATIONS,DRAWING,ANCHOR PATTERN,2745-AP-0012,ANCHOR PATTERN FOR BARGE DLB-1000 DURING RISER GUARD REMOVAL AND 18'' & 20'' RISER INSTALLATION AT WHT-2 PLATFORM (WEST FACE),1,2026-04-20,3 - Reviewed with Comments,DATA/METHODS/2745  -EPS-2 and PDP Delivarables.xlsx,Setup Plans & Anchor Patterns,22,INCLUDE,,REV-06c2d4f0d210e8f3bbe715d3,SDOC-b6c26cedbffdd42c353bf234
2745,METHODS,MARINE OPERATIONS,DRAWING,ANCHOR PATTERN,2745-AP-0013,ANCHOR PATTERN FOR BARGE DLB-1000 DURING RISER GUARD REMOVAL AND 16'' & 16'' RISER INSTALLATION AT WHT-3 PLATFORM,1,2026-03-27,,DATA/METHODS/2745  -EPS-2 and PDP Delivarables.xlsx,Setup Plans & Anchor Patterns,23,INCLUDE,,REV-5eb41b29100ad0a10f67d7fd,SDOC-b2f205ea95bbda08116f0d0d
2745,METHODS,MARINE OPERATIONS,DRAWING,ANCHOR PATTERN,2745-AP-0014,ANCHOR PATTERN FOR BARGE DLB-1000 DURING RISER GUARD REMOVAL AND 16'' & 16'' RISER INSTALLATION AT WHT-2 PLATFORM (EAST FACE),1,2026-03-30,,DATA/METHODS/2745  -EPS-2 and PDP Delivarables.xlsx,Setup Plans & Anchor Patterns,24,INCLUDE,,REV-fd08b938cfedd1d5c4a68022,SDOC-a7192378ad4fe27370d7991f
2745,METHODS,MARINE OPERATIONS,DRAWING,ANCHOR PATTERN,2745-AP-0015,"ANCHOR PATTERN FOR BARGE DLB-750 DURING 18'' , 20'' AND 24'' WI RISERS INSTALLATION AND RISER GUARD REMOVAL AND AT ZWSC (RP-1)",1,2026-07-24,,DATA/METHODS/2745  -EPS-2 and PDP Delivarables.xlsx,Setup Plans & Anchor Patterns,25,INCLUDE,,REV-c54f1491cefaee2ad75b0dbe,SDOC-2f66dca7f15b15b215b85b85
2745,METHODS,MARINE OPERATIONS,DRAWING,ANCHOR PATTERN,2745-AP-0016,"ANCHOR PATTERN FOR BARGE DLB-750 DURING 24"" WF RISER INSTALLATION AND GUARD REMOVAL @CRP AT ZCSC PDP (OPL-4)",,,,DATA/METHODS/2745  -EPS-2 and PDP Delivarables.xlsx,Setup Plans & Anchor Patterns,26,INCLUDE,,REV-91215de0d98ec849493a1097,SDOC-a4431141abe52e27204a5f25
2745,METHODS,MARINE OPERATIONS,DRAWING,ANCHOR PATTERN,2745-AP-0017,ANCHOR PATTERN FOR BARGE DLS-4200 DURING WHT-3 TOPSIDE INSTALLATION,1,2026-09-04,,DATA/METHODS/2745  -EPS-2 and PDP Delivarables.xlsx,Setup Plans & Anchor Patterns,27,INCLUDE,,REV-348a7bb2a4589ec81317b1bd,SDOC-ced7622dd6f19a7d30183ed0
2745,METHODS,MARINE OPERATIONS,DRAWING,METHOD DRAWING,2745-AP-0018,SET- UP DRAWING FOR WHT-2 TOPSIDE INSTALLATION,,,,DATA/METHODS/2745  -EPS-2 and PDP Delivarables.xlsx,Setup Plans & Anchor Patterns,28,INCLUDE,,REV-cca0e8683a5bbf39538ed2c2,SDOC-6fc151a44b2a136f7639043c
2745,METHODS,MARINE OPERATIONS,DRAWING,ANCHOR PATTERN,2745-AP-0019,DLS-4200 ANCHOR PATTERN DURING ZWSC PDP TOPSIDE INSTALLATION,,,,DATA/METHODS/2745  -EPS-2 and PDP Delivarables.xlsx,Setup Plans & Anchor Patterns,29,INCLUDE,,REV-90f2fdf66d94af5aac21ed7d,SDOC-15d6d2cabae5a6a721e49e1c
2745,METHODS,MARINE OPERATIONS,DRAWING,ANCHOR PATTERN,2745-AP-0020,DLB-1000 ANCHOR PATTERN During ZCSC-PDP Installation,,,,DATA/METHODS/2745  -EPS-2 and PDP Delivarables.xlsx,Setup Plans & Anchor Patterns,30,INCLUDE,,REV-21032d0406538d8143c22e6c,SDOC-7cd8f90ee79bbcae32f6463a
2745,METHODS,MARINE OPERATIONS,DRAWING,METHOD DRAWING,2745-AP-0021,SET- UP DRAWING FOR ZWSC PDP JACKET INSTALLATION,,,,DATA/METHODS/2745  -EPS-2 and PDP Delivarables.xlsx,Setup Plans & Anchor Patterns,31,INCLUDE,,REV-e83b9ce6f85d1515c51be4c3,SDOC-d26364242aaa14e96cd6e946
2745,METHODS,MARINE OPERATIONS,DRAWING,ANCHOR PATTERN,2745-AP-0022,DLS-4200 ANCHOR PATTERN During ZWSC-GPF-II Jacket Installation,,,,DATA/METHODS/2745  -EPS-2 and PDP Delivarables.xlsx,Setup Plans & Anchor Patterns,32,INCLUDE,,REV-69cab75e6812760d30b0a736,SDOC-ccdcaedbff1fc4e614008db3
2745,METHODS,MARINE OPERATIONS,DRAWING,ANCHOR PATTERN,2745-AP-0023,ANCHOR PATTERN FOR BARGE DLB-1000 DURING ZWSC BST-1 INSTALLATION,,,,DATA/METHODS/2745  -EPS-2 and PDP Delivarables.xlsx,Setup Plans & Anchor Patterns,33,INCLUDE,,REV-165807a03443f52ac1dafbf9,SDOC-8db1bb33d6facc68848b31c4
2745,METHODS,MARINE OPERATIONS,DRAWING,ANCHOR PATTERN,2745-AP-0024,DLB-1000 ANCHOR PATTERN During ZCSC PDP-BST Installation,,,,DATA/METHODS/2745  -EPS-2 and PDP Delivarables.xlsx,Setup Plans & Anchor Patterns,34,INCLUDE,,REV-31897e930ff08a9edf034d74,SDOC-5f74d8b2c02c7ca54122dba7
2745,METHODS,MARINE OPERATIONS,DRAWING,ANCHOR PATTERN,2745-AP-0025,ANCHOR PATTERN FOR BARGE DLB-1000 DURING GPF-II BST INSTALLATION,,,,DATA/METHODS/2745  -EPS-2 and PDP Delivarables.xlsx,Setup Plans & Anchor Patterns,35,INCLUDE,,REV-e95de4afc1447d60d98ecba9,SDOC-b7dcdb7490290f76400a4b18
2745,METHODS,MARINE OPERATIONS,DRAWING,ANCHOR PATTERN,2745-AP-0026,ANCHOR PATTERN FOR BARGE DLB-1000 DURING ZWSC PDP JACKET INSTALLATION,,,,DATA/METHODS/2745  -EPS-2 and PDP Delivarables.xlsx,Setup Plans & Anchor Patterns,36,INCLUDE,,REV-a0ca67a4d78221423b9259d3,SDOC-910d0fe463b5cd2791c16406
2745,METHODS,MARINE OPERATIONS,DRAWING,METHOD DRAWING,2745-AP-0027,SET- UP DRAWING FOR WHT-3 TOPSIDE INSTALLATION,,,,DATA/METHODS/2745  -EPS-2 and PDP Delivarables.xlsx,Setup Plans & Anchor Patterns,37,INCLUDE,,REV-9d02630f8322951ead4932f0,SDOC-3df72d4da871b62ea9b401d1
2745,METHODS,MARINE OPERATIONS,DRAWING,METHOD DRAWING,2745-AP-0028,SET- UP DRAWING FOR WHT-2 TOPSIDE INSTALLATION,,,,DATA/METHODS/2745  -EPS-2 and PDP Delivarables.xlsx,Setup Plans & Anchor Patterns,38,INCLUDE,,REV-c7a69a3a901bff617e0b08fe,SDOC-032bbf21539fff86fc418045
2745,METHODS,MARINE OPERATIONS,DRAWING,METHOD DRAWING,2745-AP-0029,SET- UP DRAWING FOR ZWSC PDP TOPSIDE INSTALLATION,,,,DATA/METHODS/2745  -EPS-2 and PDP Delivarables.xlsx,Setup Plans & Anchor Patterns,39,INCLUDE,,REV-144801e0fe0a6b1f9dfb4209,SDOC-d7b789bf2fd9585d3444b3a8
2745,METHODS,MARINE OPERATIONS,DRAWING,METHOD DRAWING,2745-AP-0030,SET- UP DRAWING FOR ZSCSC PDP TOPSIDE INSTALLATION,,,,DATA/METHODS/2745  -EPS-2 and PDP Delivarables.xlsx,Setup Plans & Anchor Patterns,40,INCLUDE,,REV-dea17a6268710e589695eab2,SDOC-d1f3f5b703a5f53fb601b09e
2745,METHODS,MARINE OPERATIONS,DRAWING,METHOD DRAWING,2745-AP-0031,SET- UP DRAWING FOR GPF-II JACKET INSTALLATION,,,,DATA/METHODS/2745  -EPS-2 and PDP Delivarables.xlsx,Setup Plans & Anchor Patterns,41,INCLUDE,,REV-3c7786b58a3fd62c37f7744c,SDOC-2db7369820de2a51e2377504
2745,METHODS,MARINE OPERATIONS,DRAWING,METHOD DRAWING,2745-AP-0032,SET- UP DRAWING FOR ZWSC PDP JACKET INSTALLATION,,,,DATA/METHODS/2745  -EPS-2 and PDP Delivarables.xlsx,Setup Plans & Anchor Patterns,42,INCLUDE,,REV-ab1fd91b402c2187117c073b,SDOC-b73212d5c9e55ae27bad23ac
2745,METHODS,MARINE OPERATIONS,DRAWING,METHOD DRAWING,2745-AP-0033,SET- UP DRAWING FOR ZWSC PDP BRIDGE INSTALLATION,,,,DATA/METHODS/2745  -EPS-2 and PDP Delivarables.xlsx,Setup Plans & Anchor Patterns,43,INCLUDE,,REV-293b7383143132b5f4cf565a,SDOC-d6bd94f9e51b6a82c87d0d50
2745,METHODS,MARINE OPERATIONS,DRAWING,ANCHOR PATTERN,2745-AP-0034,DLB-1000 ANCHOR PATTERN During Bridge-19 Installation at ZCSC PDP,,,,DATA/METHODS/2745  -EPS-2 and PDP Delivarables.xlsx,Setup Plans & Anchor Patterns,44,INCLUDE,,REV-fec9fa60fdd208cf7b510212,SDOC-42c4cbdf1895d848f1745b21
2745,METHODS,MARINE OPERATIONS,DRAWING,METHOD DRAWING,2745-AP-0035,SET- UP DRAWING FOR GPF-II BRIDGES INSTALLATION,,,,DATA/METHODS/2745  -EPS-2 and PDP Delivarables.xlsx,Setup Plans & Anchor Patterns,45,INCLUDE,,REV-90e95f6304c60b346806bddb,SDOC-6e96015fd8f476fcc43137e4
2745,METHODS,MARINE OPERATIONS,DRAWING,METHOD DRAWING,2745-AP-0036,SET- UP DRAWING FOR FLARE SUPPORT INSTALLATION,,,,DATA/METHODS/2745  -EPS-2 and PDP Delivarables.xlsx,Setup Plans & Anchor Patterns,46,INCLUDE,,REV-a6a9c00c0390e4ad195439a0,SDOC-f9465664c3f3c847b022f55c
2745,METHODS,MARINE OPERATIONS,DRAWING,ANCHOR PATTERN,2745-AP-0037,ANCHOR PATTERN OF B-42 DURING GPF-II FLOATOVER,,,,DATA/METHODS/2745  -EPS-2 and PDP Delivarables.xlsx,Setup Plans & Anchor Patterns,47,INCLUDE,,REV-41dc01091f0474324fbaf716,SDOC-4456d0b9e92ee553b84e1611
2745,METHODS,MARINE OPERATIONS,DRAWING,METHOD DRAWING,2745-AP-0038,"ANCHORE PATTERN FOR BARGE DLB-750 DURING SLEEPER INSTALLATION AT CROSSING LOCATION FOR 20"" WF FROM WHT-2 TO ZWSC (RP-1)",1,2026-02-16,,DATA/METHODS/2745  -EPS-2 and PDP Delivarables.xlsx,Setup Plans & Anchor Patterns,48,INCLUDE,,REV-9bd313144021fb8d373dbde2,SDOC-4f3207bad7e97a260e9e084f
2745,METHODS,MARINE OPERATIONS,DRAWING,METHOD DRAWING,2745-AP-0038,"ANCHORE PATTERN FOR BARGE DLB-750 DURING SLEEPER INSTALLATION AT CROSSING LOCATION FOR 20"" WF FROM WHT-2 TO ZWSC (RP-1)",2,2026-04-21,,DATA/METHODS/2745  -EPS-2 and PDP Delivarables.xlsx,Setup Plans & Anchor Patterns,49,INCLUDE,,REV-04cf7c3e6d0efb1e3e382793,SDOC-4f3207bad7e97a260e9e084f
2745,METHODS,MARINE OPERATIONS,DRAWING,METHOD DRAWING,2745-AP-0038,"ANCHORE PATTERN FOR BARGE DLB-750 DURING SLEEPER INSTALLATION AT CROSSING LOCATION FOR 20"" WF FROM WHT-2 TO ZWSC (RP-1)",3,2026-05-11,,DATA/METHODS/2745  -EPS-2 and PDP Delivarables.xlsx,Setup Plans & Anchor Patterns,50,INCLUDE,,REV-ef98fa7774165493c258676a,SDOC-4f3207bad7e97a260e9e084f
2745,METHODS,MARINE OPERATIONS,DRAWING,METHOD DRAWING,2745-AP-0038,"ANCHORE PATTERN FOR BARGE DLB-750 DURING SLEEPER INSTALLATION AT CROSSING LOCATION FOR 20"" WF FROM WHT-2 TO ZWSC (RP-1)",4,2026-04-17,,DATA/METHODS/2745  -EPS-2 and PDP Delivarables.xlsx,Setup Plans & Anchor Patterns,51,INCLUDE,,REV-b8e6e11ab91f4e250234cf45,SDOC-4f3207bad7e97a260e9e084f
2745,METHODS,MARINE OPERATIONS,DRAWING,METHOD DRAWING,2745-AP-0039,DLB-750 AP DURING RISER GUARD REMOVAL AND RISER INSTALLATION WHT-2 (EAST FACE),1,2026-05-15,,DATA/METHODS/2745  -EPS-2 and PDP Delivarables.xlsx,Setup Plans & Anchor Patterns,52,INCLUDE,,REV-49ee65839793a280bc4b1464,SDOC-8587376913fcfa5d5555fc2d
2745,METHODS,MARINE OPERATIONS,DRAWING,METHOD DRAWING,2745-AP-0039,DLB-750 AP DURING RISER GUARD REMOVAL AND RISER INSTALLATION WHT-2 (EAST FACE),2,2026-07-31,1 - Approved,DATA/METHODS/2745  -EPS-2 and PDP Delivarables.xlsx,Setup Plans & Anchor Patterns,53,INCLUDE,,REV-ef2532e4b39e5ede964511be,SDOC-8587376913fcfa5d5555fc2d
2745,METHODS,MARINE OPERATIONS,DRAWING,METHOD DRAWING,2745-AP-0040,DLB-750 AP DURING RISER GUARD REMOVAL AND RISER INSTALLATION WHT-2 (WEST FACE),1,2026-05-15,,DATA/METHODS/2745  -EPS-2 and PDP Delivarables.xlsx,Setup Plans & Anchor Patterns,54,INCLUDE,,REV-d84bd38a1b7304540d18e2b4,SDOC-cd4a58b1a79e7a153f12e823
2745,METHODS,MARINE OPERATIONS,DRAWING,METHOD DRAWING,2745-AP-0040,DLB-750 AP DURING RISER GUARD REMOVAL AND RISER INSTALLATION WHT-2 (WEST FACE),2,2026-07-21,,DATA/METHODS/2745  -EPS-2 and PDP Delivarables.xlsx,Setup Plans & Anchor Patterns,55,INCLUDE,,REV-40bfeadea6834527af3c84e3,SDOC-cd4a58b1a79e7a153f12e823
2745,METHODS,MARINE OPERATIONS,DRAWING,METHOD DRAWING,2745-AP-0041,DLB-750 AP DURING RISER GUARD REMOVAL AND RISER INSTALLATION WHT-3,1,2026-07-01,3 - Reviewed with Comments,DATA/METHODS/2745  -EPS-2 and PDP Delivarables.xlsx,Setup Plans & Anchor Patterns,56,INCLUDE,,REV-264f43e9b2cecfbf1859053e,SDOC-b22b1989bf0692de5210dd37
2745,METHODS,MARINE OPERATIONS,DRAWING,METHOD DRAWING,2745-AP-0041,DLB-750 AP DURING RISER GUARD REMOVAL AND RISER INSTALLATION WHT-3,2,2026-07-31,2 - Approved with Comments,DATA/METHODS/2745  -EPS-2 and PDP Delivarables.xlsx,Setup Plans & Anchor Patterns,57,INCLUDE,,REV-aaa2fa1f37f069ff084572f4,SDOC-b22b1989bf0692de5210dd37
2745,METHODS,MARINE OPERATIONS,DRAWING,ANCHOR PATTERN,2745-AP-0042,ANCHOR PATTERN FOR BARGE DLB-750 DURING SLEEPER INSTALLATION AT CROSSING LOCATIONS OPL2-CR04 & OPL2-CR05 FOR 16'' WF(OPL-2) FROM WHT-3 TO WHT-2,1,2026-06-25,,DATA/METHODS/2745  -EPS-2 and PDP Delivarables.xlsx,Setup Plans & Anchor Patterns,58,INCLUDE,,REV-8e244a843f389339aad004ee,SDOC-8abf7e9e0f983b5f5b193e33
2745,METHODS,MARINE OPERATIONS,DRAWING,ANCHOR PATTERN,2745-AP-0042,ANCHOR PATTERN FOR BARGE DLB-750 DURING SLEEPER INSTALLATION AT CROSSING LOCATIONS OPL2-CR04 & OPL2-CR05 FOR 16'' WF(OPL-2) FROM WHT-3 TO WHT-2,2,2026-08-03,,DATA/METHODS/2745  -EPS-2 and PDP Delivarables.xlsx,Setup Plans & Anchor Patterns,59,INCLUDE,,REV-32dbda15a1dd65682f8ab35a,SDOC-8abf7e9e0f983b5f5b193e33
2745,METHODS,MARINE OPERATIONS,DRAWING,ANCHOR PATTERN,2745-AP-0043,DLB-750 STANDBY ANCHOR PATTERN DURING RISERS INSTALLATION AT ZWSC-RP1,1,2026-07-28,,DATA/METHODS/2745  -EPS-2 and PDP Delivarables.xlsx,Setup Plans & Anchor Patterns,60,INCLUDE,,REV-7b0a1270a4d52753478a9c90,SDOC-38f9db429c1469df57b4f519
2745,METHODS,MARINE OPERATIONS,DRAWING,ANCHOR PATTERN,2745-AP-0044,DLS-4200 ANCHOR PATTERN DURING WHT-2 TOPSIDE INSTALLATION,1,2026-08-06,,DATA/METHODS/2745  -EPS-2 and PDP Delivarables.xlsx,Setup Plans & Anchor Patterns,61,INCLUDE,,REV-6dc9ad895b8fdac61cdae514,SDOC-ad98617a1227086371f0e658
2745,METHODS,MARINE OPERATIONS,DRAWING,ANCHOR PATTERN,2745-AP-0045,LB-II ANCHOR PATTERN DURING FLOATOVER INSTTALLATION OF ZCSC-PDP DECK,,,,DATA/METHODS/2745  -EPS-2 and PDP Delivarables.xlsx,Setup Plans & Anchor Patterns,62,INCLUDE,,REV-ecff72c81a0f8135b832c735,SDOC-c240edfdb6fd3cf6a8421a4d
2745,METHODS,MARINE OPERATIONS,DRAWING,ANCHOR PATTERN,2745-AP-0046,DLB-1000 ANCHOR PATTERN During ZCSC-PDP Boatlanding Installation,,,,DATA/METHODS/2745  -EPS-2 and PDP Delivarables.xlsx,Setup Plans & Anchor Patterns,63,INCLUDE,,REV-89c2014c9c10d800afe4c8a9,SDOC-83555dc8a1f3a796aa2ac4d7
2745,METHODS,MARINE OPERATIONS,DRAWING,ANCHOR PATTERN,2745-AP-0047,DLB-750 STANDBY ANCHOR PATTERN DURING RISER INSTALLATION AT WHT-3,1,2026-09-02,,DATA/METHODS/2745  -EPS-2 and PDP Delivarables.xlsx,Setup Plans & Anchor Patterns,64,INCLUDE,,REV-bc5dcd521f5cf065d2af195f,SDOC-766f35cdcb0ca8a848550df7
2745,METHODS,MARINE OPERATIONS,DRAWING,SETUP PLAN,2745-AP-0201,MUTAWA-17 SET-UP PLAN AT ZWSC-RP1 BOATLANDING-OPTION-1,1,2026-04-24,,DATA/METHODS/2745  -EPS-2 and PDP Delivarables.xlsx,Setup Plans & Anchor Patterns,67,INCLUDE,,REV-9857ff6713cbbdc88a4b11b9,SDOC-4a4b1ca0b12a664b9d87c212
2745,METHODS,MARINE OPERATIONS,DRAWING,SETUP PLAN,2745-AP-0202,MUTAWA-17 SET-UP PLAN AT ZWSC-RP1 BOATLANDING-OPTION-2,1,2026-04-24,,DATA/METHODS/2745  -EPS-2 and PDP Delivarables.xlsx,Setup Plans & Anchor Patterns,68,INCLUDE,,REV-57631dd12fcc66a3a974d4b8,SDOC-c80820379325efaca3faef37
2745,METHODS,MARINE OPERATIONS,DRAWING,SETUP PLAN,2745-DP-0001,HUAXIA HONGHU01 SETUP PLAN DURING HOOK-UP WORKS AT ZWSC RP1,1,2026-02-20,,DATA/METHODS/2745  -EPS-2 and PDP Delivarables.xlsx,Setup Plans & Anchor Patterns,72,INCLUDE,,REV-f8200e8ba699c59ad7435abd,SDOC-44b8dbc660f7925af4d130e7
2745,METHODS,MARINE OPERATIONS,DRAWING,SETUP PLAN,2745-DP-0002,BLUE TITANIUM SETUP PLAN DURING HOOK-UP WORKS AT ZWSC RP1,1,2026-01-07,,DATA/METHODS/2745  -EPS-2 and PDP Delivarables.xlsx,Setup Plans & Anchor Patterns,73,INCLUDE,,REV-324ee1df7d9dac98204239a9,SDOC-ece010ea6918863901db5edc
2745,METHODS,MARINE OPERATIONS,DRAWING,SETUP PLAN,2745-DP-0003,HUAXIA HONGHU01 SETUP PLAN DURING HOOK-UP WORKS AT ZWSC RP,1,2026-01-14,,DATA/METHODS/2745  -EPS-2 and PDP Delivarables.xlsx,Setup Plans & Anchor Patterns,74,INCLUDE,,REV-1cf4b0ec77835d12b27b18bb,SDOC-fadbae16c6311408e1f034a1
2745,METHODS,MARINE OPERATIONS,DRAWING,SETUP PLAN,2745-DP-0004,HEA VANTAGE SET-UP PLAN AT ZWSC-RP1,1,2026-04-03,5. rejected,DATA/METHODS/2745  -EPS-2 and PDP Delivarables.xlsx,Setup Plans & Anchor Patterns,75,INCLUDE,,REV-b2993b39447c3dae01ff5511,SDOC-a72e443e770775e0ba1b451a
2745,METHODS,MARINE OPERATIONS,DRAWING,SETUP PLAN,2745-DP-0004,HEA VANTAGE SET-UP PLAN AT ZWSC-RP1,2,2026-04-25,,DATA/METHODS/2745  -EPS-2 and PDP Delivarables.xlsx,Setup Plans & Anchor Patterns,76,INCLUDE,,REV-86c33df7ebc38c101d1dcfdc,SDOC-a72e443e770775e0ba1b451a
2745,METHODS,MARINE OPERATIONS,DRAWING,SETUP PLAN,2745-DP-0004,HEA VANTAGE SET-UP PLAN AT ZWSC-RP1,3,2026-07-30,5 - Rejected,DATA/METHODS/2745  -EPS-2 and PDP Delivarables.xlsx,Setup Plans & Anchor Patterns,77,INCLUDE,,REV-b1c088d87848f07c67d80e8b,SDOC-a72e443e770775e0ba1b451a
2745,METHODS,MARINE OPERATIONS,DRAWING,SETUP PLAN,2745-DP-0004,HEA VANTAGE SET-UP PLAN AT ZWSC-RP1,4,2026-08-26,,DATA/METHODS/2745  -EPS-2 and PDP Delivarables.xlsx,Setup Plans & Anchor Patterns,78,INCLUDE,,REV-ec5270273fb8ddce59078180,SDOC-a72e443e770775e0ba1b451a
2745,METHODS,MARINE OPERATIONS,DRAWING,SETUP PLAN,2745-DP-0005,HEA VANTAGE SETUP PLAN AT ZCSC CRP,1,2026-04-09,3 - Reviewed with Comments,DATA/METHODS/2745  -EPS-2 and PDP Delivarables.xlsx,Setup Plans & Anchor Patterns,79,INCLUDE,,REV-dffeeb1653db8b375c44c6bb,SDOC-f086e541cf5a44cf83de18e3
2745,METHODS,MARINE OPERATIONS,DRAWING,SETUP PLAN,2745-DP-0005,HEA VANTAGE SETUP PLAN AT ZCSC CRP,2,2026-06-08,,DATA/METHODS/2745  -EPS-2 and PDP Delivarables.xlsx,Setup Plans & Anchor Patterns,80,INCLUDE,,REV-68878c968fb78f16b1bc3858,SDOC-f086e541cf5a44cf83de18e3
2745,METHODS,MARINE OPERATIONS,DRAWING,SETUP PLAN,2745-DP-0005,HEA VANTAGE SETUP PLAN AT ZCSC CRP,3,2026-07-21,3 - Reviewed with Comments,DATA/METHODS/2745  -EPS-2 and PDP Delivarables.xlsx,Setup Plans & Anchor Patterns,81,INCLUDE,,REV-b86b714b11d098a7a03a8e7c,SDOC-f086e541cf5a44cf83de18e3
2745,METHODS,MARINE OPERATIONS,DRAWING,SETUP PLAN,2745-DP-0005,HEA VANTAGE SETUP PLAN AT ZCSC CRP,4,2026-09-04,,DATA/METHODS/2745  -EPS-2 and PDP Delivarables.xlsx,Setup Plans & Anchor Patterns,82,INCLUDE,,REV-f9c91a3349e585083cae6527,SDOC-f086e541cf5a44cf83de18e3
2745,METHODS,MARINE OPERATIONS,DRAWING,SETUP PLAN,2745-DP-0006,HEA VANTAGE SET-UP PLAN AT ZWSC-RP,1,2026-04-03,5. rejected,DATA/METHODS/2745  -EPS-2 and PDP Delivarables.xlsx,Setup Plans & Anchor Patterns,83,INCLUDE,,REV-5006b2ff678eabf10ff15b02,SDOC-426705ef5cc24bf7409aac0a
2745,METHODS,MARINE OPERATIONS,DRAWING,SETUP PLAN,2745-DP-0006,HEA VANTAGE SET-UP PLAN AT ZWSC-RP,2,2026-05-08,,DATA/METHODS/2745  -EPS-2 and PDP Delivarables.xlsx,Setup Plans & Anchor Patterns,84,INCLUDE,,REV-531b68c7241cae2e146eb0ec,SDOC-426705ef5cc24bf7409aac0a
2745,METHODS,MARINE OPERATIONS,DRAWING,SETUP PLAN,2745-DP-0006,HEA VANTAGE SET-UP PLAN AT ZWSC-RP,3,2026-05-22,2 - Approved with Comments,DATA/METHODS/2745  -EPS-2 and PDP Delivarables.xlsx,Setup Plans & Anchor Patterns,85,INCLUDE,,REV-245de2b8d8c1436023beb200,SDOC-426705ef5cc24bf7409aac0a
2745,METHODS,MARINE OPERATIONS,DRAWING,SETUP PLAN,2745-DP-0006,HEA VANTAGE SET-UP PLAN AT ZWSC-RP,4,2026-06-10,,DATA/METHODS/2745  -EPS-2 and PDP Delivarables.xlsx,Setup Plans & Anchor Patterns,86,INCLUDE,,REV-77c5522fa54ed870b5856694,SDOC-426705ef5cc24bf7409aac0a
2745,METHODS,MARINE OPERATIONS,DRAWING,SETUP PLAN,2745-DP-0007,HEA VANTAGE SET-UP PLAN AT ZWSC-S9,1,2026-04-17,5. rejected,DATA/METHODS/2745  -EPS-2 and PDP Delivarables.xlsx,Setup Plans & Anchor Patterns,87,INCLUDE,,REV-8d50d490a820795eb311dacd,SDOC-31ccd8a5162fb29e40ff7a46
2745,METHODS,MARINE OPERATIONS,DRAWING,SETUP PLAN,2745-DP-0008,HEA VANTAGE SET-UP PLAN AT ZWSC-RP1 WITH SUPPLY VESSEL MOORING ARRANGEMENT,1,2026-05-01,,DATA/METHODS/2745  -EPS-2 and PDP Delivarables.xlsx,Setup Plans & Anchor Patterns,88,INCLUDE,,REV-e932ffba3af4f3f4a69e70e5,SDOC-a6c22fa4ed9f21601d31eca4
2745,METHODS,MARINE OPERATIONS,DRAWING,METHOD DRAWING,2745-DP-0009,SEAFOX TRIDENT-1 SET-UP AT ZK-288,1,2026-06-10,,DATA/METHODS/2745  -EPS-2 and PDP Delivarables.xlsx,Setup Plans & Anchor Patterns,89,INCLUDE,,REV-00dc93eaff6814feb93e256d,SDOC-b8e28a602b758f54324b042d
2745,METHODS,MARINE OPERATIONS,DRAWING,METHOD DRAWING,2745-DP-0009,SEAFOX TRIDENT-1 SET-UP AT ZK-288,2,2026-06-29,,DATA/METHODS/2745  -EPS-2 and PDP Delivarables.xlsx,Setup Plans & Anchor Patterns,90,INCLUDE,,REV-8778cfaa05da1301f662d110,SDOC-b8e28a602b758f54324b042d
2745,METHODS,MARINE OPERATIONS,DRAWING,METHOD DRAWING,2745-DP-0010,SEAFOX TRIDENT-1 SET-UP AT ZK-235,1,2026-07-06,,DATA/METHODS/2745  -EPS-2 and PDP Delivarables.xlsx,Setup Plans & Anchor Patterns,91,INCLUDE,,REV-b6d85065ae1547653b5167e8,SDOC-79173ba2e158af0e399b39a1
2745,METHODS,MARINE OPERATIONS,DRAWING,METHOD DRAWING,2745-DP-0011,SEAFOX TRIDENT-1 SET-UP AT ZK-35,1,2026-07-07,,DATA/METHODS/2745  -EPS-2 and PDP Delivarables.xlsx,Setup Plans & Anchor Patterns,92,INCLUDE,,REV-63bbdbf31c0909c0a499cac1,SDOC-9f909eb2a089f9327dfc79e3
2745,METHODS,MARINE OPERATIONS,DRAWING,METHOD DRAWING,2745-DP-0012,SEAFOX TRIDENT-1 SET-UP AT ZK-11,1,2026-07-17,2 - Approved with Comments,DATA/METHODS/2745  -EPS-2 and PDP Delivarables.xlsx,Setup Plans & Anchor Patterns,93,INCLUDE,,REV-752ae0ffd696bb279c09d65a,SDOC-be5910a4a31becfb053f872f
2745,METHODS,MARINE OPERATIONS,DRAWING,SETUP PLAN,2745-DP-0013,LOWER ZAKUM - HEA KRAKEN SET-UP PLAN AT ZWSC RP1,1,2026-07-24,3 - Reviewed with Comments,DATA/METHODS/2745  -EPS-2 and PDP Delivarables.xlsx,Setup Plans & Anchor Patterns,94,INCLUDE,,REV-b41b341abeb942c881b5708c,SDOC-d99ae38a897cf779656de080
2745,METHODS,MARINE OPERATIONS,DRAWING,SETUP PLAN,2745-DP-0014,LOWER ZAKUM - HEA KRAKEN SET-UP PLAN AT ZWSC RP,1,2026-07-24,3 - Reviewed with Comments,DATA/METHODS/2745  -EPS-2 and PDP Delivarables.xlsx,Setup Plans & Anchor Patterns,95,INCLUDE,,REV-5e30918c9b469e1f3ca77933,SDOC-357a5c52164898ea43621ff4
2745,METHODS,MARINE OPERATIONS,DRAWING,SETUP PLAN,2745-DP-0014,LOWER ZAKUM - HEA KRAKEN SET-UP PLAN AT ZWSC RP,2,2026-08-03,,DATA/METHODS/2745  -EPS-2 and PDP Delivarables.xlsx,Setup Plans & Anchor Patterns,96,INCLUDE,,REV-e785b28fcf44bad3e47d2883,SDOC-357a5c52164898ea43621ff4
2745,METHODS,MARINE OPERATIONS,DRAWING,SETUP PLAN,2745-DP-0014,LOWER ZAKUM - HEA KRAKEN SET-UP PLAN AT ZWSC RP,3,2026-08-14,,DATA/METHODS/2745  -EPS-2 and PDP Delivarables.xlsx,Setup Plans & Anchor Patterns,97,INCLUDE,,REV-0d9c9e301c35aa79586e98a2,SDOC-357a5c52164898ea43621ff4
2745,METHODS,MARINE OPERATIONS,DRAWING,SETUP PLAN,2745-DP-0015,SAFEEN-3000 SETUP PLAN DURING ZWSC-PDP JACKET INSTALLATION,1,2026-07-30,,DATA/METHODS/2745  -EPS-2 and PDP Delivarables.xlsx,Setup Plans & Anchor Patterns,98,INCLUDE,,REV-4b573f8fc10c07488f0ee45e,SDOC-9cf82841ef223acdbaa917b6
2745,METHODS,MARINE OPERATIONS,DRAWING,SETUP PLAN,2745-DP-0016,SAFEEN-3000 SETUP PLAN DURING ZWSC PDP-BST JACKET INSTALLATION,1,2026-07-30,,DATA/METHODS/2745  -EPS-2 and PDP Delivarables.xlsx,Setup Plans & Anchor Patterns,99,INCLUDE,,REV-7e91236d8b3f71952c429870,SDOC-472885950c5764905bb52231
2745,METHODS,OFFSHORE INSTALLATION,SKETCH,ENGINEERING SKETCH,2745-A3-002,SEP-550 Setup Plans at ZWSC-GPF-II-RP-2_option,0,2025-02-24,,DATA/METHODS/2745  -EPS-2 and PDP Delivarables.xlsx,Sketches,9,INCLUDE,,REV-6135652ff4311494189f572c,SDOC-f9d2ad8bcf6d50efea899163
2745,METHODS,OFFSHORE INSTALLATION,SKETCH,ENGINEERING SKETCH,2745-A1-001,(UMM SHAIF AP during Cable (CL-3011) startup at AGI),A,2025-04-02,,DATA/METHODS/2745  -EPS-2 and PDP Delivarables.xlsx,Sketches,10,INCLUDE,,REV-352c10152e3cb7e2300dd577,SDOC-bc16760a52e97ca637e3d8b7
2745,METHODS,OFFSHORE INSTALLATION,SKETCH,ENGINEERING SKETCH,2745-A1-002,(UMM SHAIF AP during Cable (CL-3141) startup at AGI),A,2025-04-02,,DATA/METHODS/2745  -EPS-2 and PDP Delivarables.xlsx,Sketches,11,INCLUDE,,REV-191de903d4a26e34444406b7,SDOC-f4187ab110fe538459e61f26
2745,METHODS,OFFSHORE INSTALLATION,SKETCH,ENGINEERING SKETCH,2745-A3-007,(PESTO Setup Plans at ZCSC-PDP),0,2025-06-11,,DATA/METHODS/2745  -EPS-2 and PDP Delivarables.xlsx,Sketches,12,INCLUDE,,REV-40f4ca0c5c7dfe07859b2155,SDOC-d6583d61e94305868ce52995
2745,METHODS,OFFSHORE INSTALLATION,SKETCH,ENGINEERING SKETCH,2745-A3-008,(PILIPILI Setup Plans at ZCSC-PDP),0,2025-06-11,,DATA/METHODS/2745  -EPS-2 and PDP Delivarables.xlsx,Sketches,13,INCLUDE,,REV-b7b7fd9a8ecf8e1ce0948322,SDOC-cdf623ab9687a9c6bce94ad9
2745,METHODS,OFFSHORE INSTALLATION,SKETCH,ENGINEERING SKETCH,2745-A3-009,2745-A3-009 to 010_Rev-A (AL MARYAH Setup during mattress installation at Cable (CL2&CL3 & CL4) Crossing Location),A,2025-06-17,,DATA/METHODS/2745  -EPS-2 and PDP Delivarables.xlsx,Sketches,14,INCLUDE,,REV-79c79f4975978cde3ca4c880,SDOC-3da813c902181bdb42c5100d
2745,METHODS,OFFSHORE INSTALLATION,SKETCH,ENGINEERING SKETCH,2745-A3-015,2745-A3-015 to 016_Rev-A (SAFEEN PEARL Setup during mattress installation at Cable (CL2&CL3&CL4) Crossing Location),A,2025-06-24,,DATA/METHODS/2745  -EPS-2 and PDP Delivarables.xlsx,Sketches,15,INCLUDE,,REV-2c71c6dcec4007af757054ee,SDOC-9cf674bc69b586a1238d527f
2745,METHODS,OFFSHORE INSTALLATION,SKETCH,ENGINEERING SKETCH,2745-AP-0037,2745-AP-0037_Rev-A(B-42 AP during GPF-II Float over),A,2025-07-09,,DATA/METHODS/2745  -EPS-2 and PDP Delivarables.xlsx,Sketches,16,INCLUDE,,REV-366390b736888cfc22ef41b9,SDOC-2aef2402e5fac4e6a218d06a
2745,METHODS,OFFSHORE INSTALLATION,SKETCH,ENGINEERING SKETCH,2745-A1-005,2745-A1-005_REV-A(DLB-1000 AP during OPL-4 Riser installation at ZWSC-RP1),A,2025-08-14,,DATA/METHODS/2745  -EPS-2 and PDP Delivarables.xlsx,Sketches,17,INCLUDE,,REV-440e9105ff580881caeadada,SDOC-8972ecd895c7de97a54f6179
2745,METHODS,OFFSHORE INSTALLATION,SKETCH,ENGINEERING SKETCH,2745-A1-004,2745-A1-004 _REV-A(DLB-1000 AP during OPL-4 Riser installation at ZCSC CRP),A,2025-08-14,,DATA/METHODS/2745  -EPS-2 and PDP Delivarables.xlsx,Sketches,18,INCLUDE,,REV-1f19908b4f009af142c58908,SDOC-6a51869d16c29a045b2e8084
2745,METHODS,OFFSHORE INSTALLATION,SKETCH,ENGINEERING SKETCH,2745-A1-006,2745-A1-006_REV-A(DLB-750 AP during OPL-4 Start-up at ZCSC CRP),A,2025-08-14,,DATA/METHODS/2745  -EPS-2 and PDP Delivarables.xlsx,Sketches,20,INCLUDE,,REV-dda9667b235075bfe780a397,SDOC-464ae0ea4fc7cb6274b1ef95
2745,METHODS,OFFSHORE INSTALLATION,SKETCH,ENGINEERING SKETCH,2745-A1-007,2745-A1-007_REV-A(DLB-750 AP during OPL-4 Start-up at ZWSC-RP1),A,2025-08-14,,DATA/METHODS/2745  -EPS-2 and PDP Delivarables.xlsx,Sketches,21,INCLUDE,,REV-ba11474baeb160a787948408,SDOC-830915a61b362e16847160f1
2745,METHODS,OFFSHORE INSTALLATION,SKETCH,ENGINEERING SKETCH,2745-A1-009,2745-A1-009_REV-A(DLB-750 AP during OPL-3 Start-up at ZWSC-RP1),A,2025-09-02,,DATA/METHODS/2745  -EPS-2 and PDP Delivarables.xlsx,Sketches,22,INCLUDE,,REV-1ec0d677dfccc1f80ae1580f,SDOC-1d78fe120906003b0f86eae4
2745,METHODS,OFFSHORE INSTALLATION,SKETCH,ENGINEERING SKETCH,2745-A1-010,2745-A1-010_REV-A(DLB-750 AP during OPL-3 Laydown at WHT-2),A,2025-09-02,,DATA/METHODS/2745  -EPS-2 and PDP Delivarables.xlsx,Sketches,23,INCLUDE,,REV-2fd4cc067edaf6a17ac04ed2,SDOC-14984da88e7c73d80f795ca6
2745,METHODS,OFFSHORE INSTALLATION,SKETCH,ENGINEERING SKETCH,2745-A1-011,2745-A1-011_REV-A(DLB-750 AP during WPL-3 Start-up at ZWSC-RP1),A,2025-09-02,,DATA/METHODS/2745  -EPS-2 and PDP Delivarables.xlsx,Sketches,24,INCLUDE,,REV-964d9d9dd66ed5194999cb74,SDOC-4b50d29d92f2a9ef7dad94b2
2745,METHODS,OFFSHORE INSTALLATION,SKETCH,ENGINEERING SKETCH,2745-A1-012,2745-A1-012_REV-A(DLB-750 AP during WPL-3 Laydown at WHT-2),A,2025-09-02,,DATA/METHODS/2745  -EPS-2 and PDP Delivarables.xlsx,Sketches,25,INCLUDE,,REV-6f6c10672740301acb092711,SDOC-bed362b66734633758339c18
2745,METHODS,OFFSHORE INSTALLATION,SKETCH,ENGINEERING SKETCH,2745-A1-013,2745-A1-013-1 TO 4_REV-A(SHEERLEG AP during ZCSC PDP DECK INSTALLATION),A,2025-09-03,,DATA/METHODS/2745  -EPS-2 and PDP Delivarables.xlsx,Sketches,26,INCLUDE,,REV-bf199013e61c2a8dd51bf229,SDOC-a36967bfb4c70fd89a29b47f
2745,METHODS,OFFSHORE INSTALLATION,SKETCH,ENGINEERING SKETCH,2745-A1-014,2745-A1-014_REV-A(DLS-4200 AP during ZWSC-GPF-2 Jacket Installation),A,2025-09-04,,DATA/METHODS/2745  -EPS-2 and PDP Delivarables.xlsx,Sketches,27,INCLUDE,,REV-8f3010e6cb6e669da81c1803,SDOC-9fc0da4f933a0332cfba1ff0
2745,METHODS,OFFSHORE INSTALLATION,SKETCH,ENGINEERING SKETCH,2745-A1-015,2745-A1-015_REV-A(DLB-750 AP during OPL-4 Start-up at ZWSC-RP1),A,2025-09-15,,DATA/METHODS/2745  -EPS-2 and PDP Delivarables.xlsx,Sketches,30,INCLUDE,,REV-a591b176b9c60a42e48775e9,SDOC-0e9f2fdad041bc58f5486a2a
2745,METHODS,OFFSHORE INSTALLATION,SKETCH,ENGINEERING SKETCH,2745-A1-020,2745-A1-020_REV-A(DLS-4200 AP during ZCSC PDP DECK INSTALLATION)-STUDY-1,A,2025-10-14,,DATA/METHODS/2745  -EPS-2 and PDP Delivarables.xlsx,Sketches,33,INCLUDE,,REV-47644fee7433a87d35cad89a,SDOC-0c0b9d6cc9a468790a05df44
2745,METHODS,OFFSHORE INSTALLATION,SKETCH,ENGINEERING SKETCH,2745-A1-021,(SHEERLEG AP during ZCSC PDP DECK INSTALLATION),A,2025-11-03,,DATA/METHODS/2745  -EPS-2 and PDP Delivarables.xlsx,Sketches,36,INCLUDE,,REV-80be1ed01a35061b1867d594,SDOC-c3c9b1b33e14313697e62632
2745,METHODS,OFFSHORE INSTALLATION,SKETCH,ENGINEERING SKETCH,2745-A1-022,2745-A1-022-1 TO 4_REV-A(SHEERLEG AP during ZCSC PDP DECK INSTALLATION)-option,A,2025-11-04,,DATA/METHODS/2745  -EPS-2 and PDP Delivarables.xlsx,Sketches,37,INCLUDE,,REV-30b157e047cff5d253406289,SDOC-896f3ec1521c601f80ee2bc4
2745,METHODS,OFFSHORE INSTALLATION,SKETCH,ENGINEERING SKETCH,2745-A1-015,2745-A1-015_REV-B(DLB-750 AP during OPL-4 Start-up at ZWSC-RP1),B,2025-11-02,,DATA/METHODS/2745  -EPS-2 and PDP Delivarables.xlsx,Sketches,38,INCLUDE,,REV-22532ec9e8dc28aaad706e49,SDOC-0e9f2fdad041bc58f5486a2a
2745,METHODS,OFFSHORE INSTALLATION,SKETCH,ENGINEERING SKETCH,2745-A1-009,2745-A1-009_REV-B(DLB-750 AP during OPL-3 Start-up at ZWSC-RP1),B,2025-11-02,,DATA/METHODS/2745  -EPS-2 and PDP Delivarables.xlsx,Sketches,39,INCLUDE,,REV-33b2d2dea9bbf224275a3541,SDOC-1d78fe120906003b0f86eae4
2745,METHODS,OFFSHORE INSTALLATION,SKETCH,ENGINEERING SKETCH,2745-A1-011,2745-A1-011_REV-B(DLB-750 AP during WPL-3 Start-up at ZWSC-RP1),B,2025-11-02,,DATA/METHODS/2745  -EPS-2 and PDP Delivarables.xlsx,Sketches,40,INCLUDE,,REV-25ad630e2e76e25257a93e8f,SDOC-4b50d29d92f2a9ef7dad94b2
2745,METHODS,OFFSHORE INSTALLATION,SKETCH,ENGINEERING SKETCH,2745-A3-020,2745-A3-020_R1 (PILIPILI Setup Plan at ZCSC-CSP),1,2025-11-26,,DATA/METHODS/2745  -EPS-2 and PDP Delivarables.xlsx,Sketches,41,INCLUDE,,REV-911d191a0d5ab4fe0120f6fe,SDOC-8d150d59e8d4526709979b8b
2745,METHODS,OFFSHORE INSTALLATION,SKETCH,ENGINEERING SKETCH,2745-A3-047,2745-A3-047_R0 (PILIPILI Setup Plan at ZCSC-PDP),0,2025-11-26,,DATA/METHODS/2745  -EPS-2 and PDP Delivarables.xlsx,Sketches,42,INCLUDE,,REV-0c3f45fa87b539ac8d3bfcf6,SDOC-538f1539d1482c28e71c2859
2745,METHODS,OFFSHORE INSTALLATION,SKETCH,ENGINEERING SKETCH,2745-A1-023,2745-A1-023_REV-B(PL-OPL-3 & WPL-3 Laydown at WHT-2),B,2025-12-12,,DATA/METHODS/2745  -EPS-2 and PDP Delivarables.xlsx,Sketches,43,INCLUDE,,REV-1a1937549ef797953cc01f96,SDOC-65bb386f07033db3a9f76d28
2745,METHODS,OFFSHORE INSTALLATION,SKETCH,ENGINEERING SKETCH,2745-A3-029,2745-A3-029_RevB(HUAXIA HONGHU01 Setup at ZWSC RP1),B,2025-12-16,,DATA/METHODS/2745  -EPS-2 and PDP Delivarables.xlsx,Sketches,44,INCLUDE,,REV-f447ab9b276c4ae544c452ab,SDOC-fcf37bace64de3a340615155
2745,METHODS,OFFSHORE INSTALLATION,SKETCH,ENGINEERING SKETCH,2745-A3-045,2745-A3-045_RevA(BLUE TITANIUM Setup at ZWSC RP1)OPTION-2,A,2025-12-16,,DATA/METHODS/2745  -EPS-2 and PDP Delivarables.xlsx,Sketches,45,INCLUDE,,REV-fa6454f822f3bcdcd65befcd,SDOC-f9394df7971845b69539c469
2745,METHODS,OFFSHORE INSTALLATION,SKETCH,ENGINEERING SKETCH,2745-A1-024,2745-A1-024_REV-A(PLB-648 AP during Riser guard removal at ZCSC CRP),A,2025-12-18,,DATA/METHODS/2745  -EPS-2 and PDP Delivarables.xlsx,Sketches,46,INCLUDE,,REV-283b10865964ebaae86097f5,SDOC-dcebc379029a7e65fa5f6b0a
2745,METHODS,OFFSHORE INSTALLATION,SKETCH,ENGINEERING SKETCH,2745-A1-025,2745-A1-025_REV-A(PLB-648 AP during Riser guard removal at ZWSC-RP1),A,2025-12-18,,DATA/METHODS/2745  -EPS-2 and PDP Delivarables.xlsx,Sketches,47,INCLUDE,,REV-1182ed0cc8ca13d5bb3abed2,SDOC-0a83c6604ba95bb350392b57
2745,METHODS,OFFSHORE INSTALLATION,SKETCH,ENGINEERING SKETCH,2745-AP-0010,2745-AP-0010-1 TO 3_R1(DLB-750 AP during OPL-3 pipelay),1,2025-12-21,,DATA/METHODS/2745  -EPS-2 and PDP Delivarables.xlsx,Sketches,50,INCLUDE,,REV-0541c294d28d0fcb0705f1be,SDOC-25a03e56fe179ace00fc204e
2745,METHODS,OFFSHORE INSTALLATION,SKETCH,ENGINEERING SKETCH,2745-DP-0001,2745-DP-0001_R1(HUAXIA HONGHU01 Setup at ZWSC RP-1),1,2025-12-27,,DATA/METHODS/2745  -EPS-2 and PDP Delivarables.xlsx,Sketches,51,INCLUDE,,REV-b368f1b4e3bbc825e341b6b7,SDOC-7bfbc9904f68604c0b1162cb
2745,METHODS,OFFSHORE INSTALLATION,SKETCH,ENGINEERING SKETCH,2745-DP-0002,2745-DP-0002_R1(BLUE TITANIUM Setup at ZWSC RP-1),1,2025-12-27,,DATA/METHODS/2745  -EPS-2 and PDP Delivarables.xlsx,Sketches,52,INCLUDE,,REV-cda6aa7b4db354f1ff5fd7cf,SDOC-c0d932e83716407f47a96f4b
2745,METHODS,OFFSHORE INSTALLATION,SKETCH,ENGINEERING SKETCH,2745-A1-026,2745-A1-026_Rev-A(HUAXIA HONGHU01 Setup at ZWSC GIP),A,2026-01-13,,DATA/METHODS/2745  -EPS-2 and PDP Delivarables.xlsx,Sketches,53,INCLUDE,,REV-d31a9177be5fbf241a1e0c00,SDOC-0692a99906bbc2ef76dc4375
2745,METHODS,OFFSHORE INSTALLATION,SKETCH,ENGINEERING SKETCH,2745-AP-0007,2745-AP-0007-1 & 2_R1(DLB-750 AP during WPL-2 pipelay),1,2026-01-18,,DATA/METHODS/2745  -EPS-2 and PDP Delivarables.xlsx,Sketches,54,INCLUDE,,REV-ed7f52b22427a0f9942078e2,SDOC-e9df10b208ba1cc8bf35c3ed
2745,METHODS,OFFSHORE INSTALLATION,SKETCH,ENGINEERING SKETCH,2745-AP-0008,2745-AP-0008-1 & 2_R1(DLB-750 AP during OPL-2 pipelay),1,2026-01-21,,DATA/METHODS/2745  -EPS-2 and PDP Delivarables.xlsx,Sketches,55,INCLUDE,,REV-7bc130c005902f9247e3daa9,SDOC-69cdd2758a9baa796a7a491e
2745,METHODS,OFFSHORE INSTALLATION,SKETCH,ENGINEERING SKETCH,2745-DP-0004,2745-DP-0004_R1(HEA VANTAGE SET-UP @ ZWSC RP-1),1,2026-01-23,,DATA/METHODS/2745  -EPS-2 and PDP Delivarables.xlsx,Sketches,56,INCLUDE,,REV-47cc885cdcaa7cf76b26d78c,SDOC-e10273b162c80cd61a10a255
2745,METHODS,OFFSHORE INSTALLATION,SKETCH,ENGINEERING SKETCH,2745-DP-0005,2745-DP-0005_R1(HEA VANTAGE SET-UP @ ZCSC-CRP),1,2026-01-23,,DATA/METHODS/2745  -EPS-2 and PDP Delivarables.xlsx,Sketches,57,INCLUDE,,REV-af062a4029332428965c01c4,SDOC-de57146f4b4c1247155d4aef
2745,METHODS,OFFSHORE INSTALLATION,SKETCH,ENGINEERING SKETCH,2745-AP-0009,2745-AP-0009-1 TO 3_R2(DLB-750 AP during WPL-3 pipelay),2,2026-01-26,,DATA/METHODS/2745  -EPS-2 and PDP Delivarables.xlsx,Sketches,58,INCLUDE,,REV-2480520d69a015df3a5229f3,SDOC-7047a1789c4e01b2af69293b
2745,METHODS,OFFSHORE INSTALLATION,SKETCH,ENGINEERING SKETCH,2745-AP-0010,2745-AP-0010-1 TO 3_R2(DLB-750 AP during OPL-3 pipelay),2,2026-01-26,,DATA/METHODS/2745  -EPS-2 and PDP Delivarables.xlsx,Sketches,59,INCLUDE,,REV-c662e08adb828029e67e7081,SDOC-25a03e56fe179ace00fc204e
2745,METHODS,OFFSHORE INSTALLATION,SKETCH,ENGINEERING SKETCH,2745-A1-030,2745-A1-030_Rev-A(SAFEEN-3000 AP during PDP JKT installation),A,2026-01-27,,DATA/METHODS/2745  -EPS-2 and PDP Delivarables.xlsx,Sketches,60,INCLUDE,,REV-3717964ead13e9ba2832d003,SDOC-30c3a6dbfe631c06fac76df3
2745,METHODS,OFFSHORE INSTALLATION,SKETCH,ENGINEERING SKETCH,2745-A1-029,2745-A1-029-1 TO 4_Rev-A(LB-11 Setup during PDP Deck installation_Floatover),A,2026-01-27,,DATA/METHODS/2745  -EPS-2 and PDP Delivarables.xlsx,Sketches,61,INCLUDE,,REV-92e185ce60f8f7c49bb534dd,SDOC-60c5e045590b06b2214ab1f2
2745,METHODS,OFFSHORE INSTALLATION,SKETCH,ENGINEERING SKETCH,2745-AP-XXXX,2745-AP-XXXX-1 TO 5_R1(DLB-750 AP during Sleeper installation at crossing for OPL-3 PL),1,2026-02-04,,DATA/METHODS/2745  -EPS-2 and PDP Delivarables.xlsx,Sketches,62,INCLUDE,,REV-fa23ce731c943eda6341e358,SDOC-7a539a2bb3b27a6b6d73ce9e
2745,METHODS,OFFSHORE INSTALLATION,SKETCH,ENGINEERING SKETCH,2745-AP-0000,2745-AP-0000-1 OF 4_R1(DLB-750 AP during Riser Guard Removal and Riser installation at RP-1),1,2026-02-06,,DATA/METHODS/2745  -EPS-2 and PDP Delivarables.xlsx,Sketches,63,INCLUDE,,REV-4cf3909195b17e9d08330c0a,SDOC-fb232c0f7de2356b653ec7eb
2745,METHODS,OFFSHORE INSTALLATION,SKETCH,ENGINEERING SKETCH,2745-AP-0019,2745-AP-0019_R1(DLS-4200 AP during ZWSC PDP Topside Instllation),1,2026-02-24,,DATA/METHODS/2745  -EPS-2 and PDP Delivarables.xlsx,Sketches,66,INCLUDE,,REV-c0c23a5c18b9cda583a4e2bd,SDOC-e94b1d4b3da4eda33ab53304
2745,METHODS,OFFSHORE INSTALLATION,SKETCH,ENGINEERING SKETCH,2745-A1-031,2745-A1-031_Rev-A(Details for DLB-750 Mooring line connection to jkt leg during WPL-3 Pipelay),1,2026-02-24,,DATA/METHODS/2745  -EPS-2 and PDP Delivarables.xlsx,Sketches,67,INCLUDE,,REV-36d32d49fa20f1d2d9ee07c0,SDOC-d6f829cb10ffbae0a3830a9e
2745,METHODS,OFFSHORE INSTALLATION,SKETCH,ENGINEERING SKETCH,2745-AP-0038,2745-AP-0038-1 TO 5_R2(DLB-750 AP during Sleeper installation at crossing for OPL-3 PL),2,2026-04-03,,DATA/METHODS/2745  -EPS-2 and PDP Delivarables.xlsx,Sketches,68,INCLUDE,,REV-c4763bff428ac4c733d5877b,SDOC-465b6d823e01f45eba74b7e5
2745,METHODS,OFFSHORE INSTALLATION,SKETCH,ENGINEERING SKETCH,2745-A1-034,2745-A1-034_Rev-A(DLB-1000 AP during ZCSC PDP JKT Installation),A,2026-04-13,,DATA/METHODS/2745  -EPS-2 and PDP Delivarables.xlsx,Sketches,69,INCLUDE,,REV-7748d67a2f5dcd15c688c816,SDOC-7484daa89456af4616041a21
2745,METHODS,OFFSHORE INSTALLATION,SKETCH,ENGINEERING SKETCH,2745-A1-035,2745-A1-035_Rev-A (Sequence for WHT-2 Topside Installation),A,2026-04-22,,DATA/METHODS/2745  -EPS-2 and PDP Delivarables.xlsx,Sketches,76,INCLUDE,,REV-977b5b8646740e07c5209530,SDOC-602bfd5f9ee43039db94b1a8
2745,METHODS,OFFSHORE INSTALLATION,SKETCH,ENGINEERING SKETCH,2745-A3-053,2745-A3-053_Rev-A(CB&SPACER BARGE Mooring arrangemetn with SHEERLEG during Topside Installation),A,2026-04-22,,DATA/METHODS/2745  -EPS-2 and PDP Delivarables.xlsx,Sketches,77,INCLUDE,,REV-e454497e6767dc483fcca7b0,SDOC-afb42c4e759031929d097a62
2745,METHODS,OFFSHORE INSTALLATION,SKETCH,ENGINEERING SKETCH,2745-AP-0028,2745-AP-0028_R1(SHEERLEG AP during WHT-2 Topside Installation),A,2026-04-22,,DATA/METHODS/2745  -EPS-2 and PDP Delivarables.xlsx,Sketches,78,INCLUDE,,REV-2ad8b001d25e31235e24bf8b,SDOC-695a1b393d8e94629d8e02d5
2745,METHODS,OFFSHORE INSTALLATION,SKETCH,ENGINEERING SKETCH,2745-A3-017,2745-A3-017_Rev-B(SAFEEN PEARL SETUP DURING (CL-4) 6.6kV CABLE LAYDOWN AT WHT-3),B,2026-04-23,,DATA/METHODS/2745  -EPS-2 and PDP Delivarables.xlsx,Sketches,79,INCLUDE,,REV-307bc96e124baa2b7d372060,SDOC-d33574dff5e3df9395e38272
2745,METHODS,OFFSHORE INSTALLATION,SKETCH,ENGINEERING SKETCH,2745-A3-018,2745-A3-018_Rev-B(SAFEEN PEARL SETUP DURING (CL-3) 6.6kV CABLE LAYDOWN AT WHT-3),B,2026-04-23,,DATA/METHODS/2745  -EPS-2 and PDP Delivarables.xlsx,Sketches,80,INCLUDE,,REV-62d13428e3ccc3c77a23f0aa,SDOC-b13bff0a677be76b9e1f525b
2745,METHODS,OFFSHORE INSTALLATION,SKETCH,ENGINEERING SKETCH,2745-A3-055,2745-A3-055_Rev-A(SAFEEN PEARL SETUP DURING (CL-2) 6.6kV CABLE LAYDOWN AT WHT-2),A,2026-04-23,,DATA/METHODS/2745  -EPS-2 and PDP Delivarables.xlsx,Sketches,81,INCLUDE,,REV-6a1a235f9824e501f80d3b3e,SDOC-d99f461f64b875118328dc7d
2745,METHODS,OFFSHORE INSTALLATION,SKETCH,ENGINEERING SKETCH,2745-AP-0007,2745-AP-0007-1 & 2_R2(DLB-750 AP during WPL-2 pipelay),2,2026-04-27,,DATA/METHODS/2745  -EPS-2 and PDP Delivarables.xlsx,Sketches,82,INCLUDE,,REV-b7d75a74a22b734fc124cb0d,SDOC-e9df10b208ba1cc8bf35c3ed
2745,METHODS,OFFSHORE INSTALLATION,SKETCH,ENGINEERING SKETCH,2745-AP-0008,2745-AP-0008-1 & 2_R2(DLB-750 AP during OPL-2 pipelay),2,2026-04-27,,DATA/METHODS/2745  -EPS-2 and PDP Delivarables.xlsx,Sketches,83,INCLUDE,,REV-9a63970349edad1343d30a56,SDOC-69cdd2758a9baa796a7a491e
2745,METHODS,OFFSHORE INSTALLATION,SKETCH,ENGINEERING SKETCH,2745-A1-036,2745-A1-036_Rev-A (DLS-4200 PASSAGE PLAN TO WHT-2 & 3 Location),A,2026-04-28,,DATA/METHODS/2745  -EPS-2 and PDP Delivarables.xlsx,Sketches,84,INCLUDE,,REV-707b38df8e6767b5617f16ba,SDOC-53b30acbea254d4d542e3a3d
2745,METHODS,OFFSHORE INSTALLATION,SKETCH,ENGINEERING SKETCH,2745-A1-0037,2745-A1-0037_Rev-A(DLS-4200 AP during WHT-3 Topside Installation),A,2026-05-01,,DATA/METHODS/2745  -EPS-2 and PDP Delivarables.xlsx,Sketches,85,INCLUDE,,REV-f2b70df3af175a332e04c309,SDOC-97ab433f24254c6096affa2c
2745,METHODS,OFFSHORE INSTALLATION,SKETCH,ENGINEERING SKETCH,2745-A3-056,2745-A3-056 _Rev-A(UMM SHAIF SETUP DURING (CL-5 & 6) 132kV CABLE LAYDOWN AT GPF-2),A,2026-05-04,,DATA/METHODS/2745  -EPS-2 and PDP Delivarables.xlsx,Sketches,86,INCLUDE,,REV-78f9fbb822706975884cf95f,SDOC-a66cb2329478a5f4e8030930
2745,METHODS,OFFSHORE INSTALLATION,SKETCH,ENGINEERING SKETCH,2745-A3- 057,2745-A3- 057_Rev-A(UMM SHAIF SETUP DURING (CL-5 & 6) 132kV CABLE LAYDOWN AT GPF-2),A,2026-05-04,,DATA/METHODS/2745  -EPS-2 and PDP Delivarables.xlsx,Sketches,87,INCLUDE,,REV-41464855f8e884ea101d0e40,SDOC-fc45d9cca071f2e9f4c1829c
2745,METHODS,OFFSHORE INSTALLATION,SKETCH,ENGINEERING SKETCH,2745-AP-0038,2745-AP-0038-1 TO 5_R3(DLB-750 AP during Sleeper installation at crossing for OPL-3 PL),3,2026-05-05,,DATA/METHODS/2745  -EPS-2 and PDP Delivarables.xlsx,Sketches,88,INCLUDE,,REV-03cb996bf17a35f09943723e,SDOC-465b6d823e01f45eba74b7e5
2745,METHODS,OFFSHORE INSTALLATION,SKETCH,ENGINEERING SKETCH,2745-AP-0007,2745-AP-0007-1 & 2_R3(DLB-750 AP during WPL-2 pipelay),3,2026-05-11,,DATA/METHODS/2745  -EPS-2 and PDP Delivarables.xlsx,Sketches,89,INCLUDE,,REV-635b82afbf9497cd9f187c6f,SDOC-e9df10b208ba1cc8bf35c3ed
2745,METHODS,OFFSHORE INSTALLATION,SKETCH,ENGINEERING SKETCH,2745-AP-0008,2745-AP-0008-1 & 2_R3(DLB-750 AP during OPL-2 pipelay),3,2026-05-11,,DATA/METHODS/2745  -EPS-2 and PDP Delivarables.xlsx,Sketches,90,INCLUDE,,REV-6c2da9de4f05fe913fc8c7dd,SDOC-69cdd2758a9baa796a7a491e
2745,METHODS,OFFSHORE INSTALLATION,SKETCH,ENGINEERING SKETCH,2745-A3-059,2745-A3-059_Rev-A(SAFEEN PEARL SETUP DURING (CL-3) 6.6kV CABLE START-UP AT ZK-11),A,2026-05-14,,DATA/METHODS/2745  -EPS-2 and PDP Delivarables.xlsx,Sketches,92,INCLUDE,,REV-670256ba9540aa8acd6a4555,SDOC-d6ea3c3b320dfbddd18cbb61
2745,METHODS,OFFSHORE INSTALLATION,SKETCH,ENGINEERING SKETCH,2745-AP-0039,2745-AP-0039-1 TO 3_R1(DLB-750 AP during Riser Guard Removal and Riser installation AT WHT-2 (EAST FACE),1,2026-05-21,,DATA/METHODS/2745  -EPS-2 and PDP Delivarables.xlsx,Sketches,94,INCLUDE,,REV-44b395eee7c7998b24ee8175,SDOC-e6cd6bc3184faa746438beb9
2745,METHODS,OFFSHORE INSTALLATION,SKETCH,ENGINEERING SKETCH,2745-AP-0040,2745-AP-0040-1 TO 3_R1(DLB-750 AP during Riser Guard Removal and Riser installation AT WHT-2 (WEST FACE),1,2026-05-21,,DATA/METHODS/2745  -EPS-2 and PDP Delivarables.xlsx,Sketches,95,INCLUDE,,REV-7221240a9497402d3033cadc,SDOC-1d1d47053185bf62e1a873a2
2745,METHODS,OFFSHORE INSTALLATION,SKETCH,ENGINEERING SKETCH,2745-AP-0041,2745-AP-0041-1 TO 3_R1(DLB-750 AP during Riser Guard Removal and Riser installation AT WHT-3),1,2026-05-21,,DATA/METHODS/2745  -EPS-2 and PDP Delivarables.xlsx,Sketches,96,INCLUDE,,REV-d0927b7995bba4eba4183e53,SDOC-13d06bc384d2046d43c7ff81
2745,METHODS,OFFSHORE INSTALLATION,SKETCH,ENGINEERING SKETCH,2745-A1-039,2745-A1-039_Rev-A(DLS-4200 AP during WHT-2 Topside Installation),A,2026-05-22,,DATA/METHODS/2745  -EPS-2 and PDP Delivarables.xlsx,Sketches,97,INCLUDE,,REV-e19da228ebcfce652d824277,SDOC-bbb48fca178aedb0cb1424c0
2745,METHODS,OFFSHORE INSTALLATION,SKETCH,ENGINEERING SKETCH,2745-AP-0011,2745-AP-0011_R1(DLB-750 AP during OPL-4 pipelay)_SEGMENT-1,1,2026-06-05,,DATA/METHODS/2745  -EPS-2 and PDP Delivarables.xlsx,Sketches,98,INCLUDE,,REV-269da949473a7b3026fd86a9,SDOC-809c52f3bfae44fa3c126dc1
2745,METHODS,OFFSHORE INSTALLATION,SKETCH,ENGINEERING SKETCH,2745-DP-0005,2745-DP-0005_R2(HEA VANTAGE SET-UP @ ZCSC-CRP),2,2026-06-08,,DATA/METHODS/2745  -EPS-2 and PDP Delivarables.xlsx,Sketches,99,INCLUDE,,REV-f4d1607e253df2044cb7a879,SDOC-de57146f4b4c1247155d4aef
2745,METHODS,OFFSHORE INSTALLATION,SKETCH,ENGINEERING SKETCH,2745-A3-066,2745-A3-066-1 TO 3_Rev-A (SEAFOX TRIDENT-1 AVIATION CLEARANCE AT ZK-288) Model,A,2026-06-10,,DATA/METHODS/2745  -EPS-2 and PDP Delivarables.xlsx,Sketches,100,INCLUDE,,REV-df34faf0ec0a5e2fb3136c73,SDOC-0b484913f8f417923efcb0aa
2745,METHODS,OFFSHORE INSTALLATION,SKETCH,ENGINEERING SKETCH,2745-DP-0010,2745-DP-0010_R1(SEAFOX TRIDENT-1 SET-UP @ ZK-235),1,2026-06-11,,DATA/METHODS/2745  -EPS-2 and PDP Delivarables.xlsx,Sketches,102,INCLUDE,,REV-4e2cbdfe81c68238c095a835,SDOC-e964ac59437a9746ff3aa530
2745,METHODS,OFFSHORE INSTALLATION,SKETCH,ENGINEERING SKETCH,2745-DP-0011,2745-DP-0011_R1(SEAFOX TRIDENT-1 SET-UP @ ZK-35),1,2026-06-11,,DATA/METHODS/2745  -EPS-2 and PDP Delivarables.xlsx,Sketches,103,INCLUDE,,REV-dc15723255c2c1c06636407a,SDOC-1c76f270ff9dee9a5231c595
2745,METHODS,OFFSHORE INSTALLATION,SKETCH,ENGINEERING SKETCH,2745-DP-0012,2745-DP-0012_R1(SEAFOX TRIDENT-1 SET-UP @ ZK-11),1,2026-06-11,,DATA/METHODS/2745  -EPS-2 and PDP Delivarables.xlsx,Sketches,104,INCLUDE,,REV-eadf4410d623d3ad20f5d3f8,SDOC-350315e0ccd76df07230d099
2745,METHODS,OFFSHORE INSTALLATION,SKETCH,ENGINEERING SKETCH,2745-AP-0026,2745-AP-0026_R1(DLB-1000 AP during ZWSC PDP Jacket Installation),1,2026-06-17,,DATA/METHODS/2745  -EPS-2 and PDP Delivarables.xlsx,Sketches,105,INCLUDE,,REV-9b8c15a577afd3fd5e907164,SDOC-b27db781e39599bac954266d
2745,METHODS,OFFSHORE INSTALLATION,SKETCH,ENGINEERING SKETCH,2745-AP-0023,2745-AP-0023_R1(DLB-1000 AP during ZWSC BST-1 Jacket Instllation),1,2026-06-17,,DATA/METHODS/2745  -EPS-2 and PDP Delivarables.xlsx,Sketches,107,INCLUDE,,REV-7c7623db8e3318f9be9ee579,SDOC-509fe6057c9cb05c7ee385bf
2745,METHODS,OFFSHORE INSTALLATION,SKETCH,ENGINEERING SKETCH,2745-AP-0038,2745-AP-0038_R4(DLB-750 AP during Sleeper installation at crossing for OPL-2 PL),4,2026-06-22,,DATA/METHODS/2745  -EPS-2 and PDP Delivarables.xlsx,Sketches,108,INCLUDE,,REV-b59a46990fd9f4cb7a690edc,SDOC-465b6d823e01f45eba74b7e5
2745,METHODS,OFFSHORE INSTALLATION,SKETCH,ENGINEERING SKETCH,2745-AP-0042,2745-AP-0042_R1(DLB-750 AP during SLEEPER INSTALLATION for OPL-2 PL.),1,2026-06-22,,DATA/METHODS/2745  -EPS-2 and PDP Delivarables.xlsx,Sketches,109,INCLUDE,,REV-a0cbdb1b27bdc6c6ca7d2456,SDOC-f61970b5b7fe4249c16f40fa
2745,METHODS,OFFSHORE INSTALLATION,SKETCH,ENGINEERING SKETCH,2745-DP-0014,2745-DP-0014_R1(SAFEEN-3000 Setup during ZWSC BST-1 Jacket Instllation),1,2026-07-03,,DATA/METHODS/2745  -EPS-2 and PDP Delivarables.xlsx,Sketches,111,INCLUDE,,REV-188a9e5337642cbc9e458a87,SDOC-de5cb1e5eb983caa95f9fa3d
2745,METHODS,OFFSHORE INSTALLATION,SKETCH,ENGINEERING SKETCH,2745-DP-0015,2745-DP-0015_R1(SAFEEN-3000 Setup during ZWSC PDP Jacket Instllation),1,2026-07-03,,DATA/METHODS/2745  -EPS-2 and PDP Delivarables.xlsx,Sketches,112,INCLUDE,,REV-44696112fd0b8b651acb112a,SDOC-2cb75c0fa047e38c71051224
2745,METHODS,OFFSHORE INSTALLATION,SKETCH,ENGINEERING SKETCH,2745-AP-0043,2745-AP-0043_R1(DLB-750 Standby AP during Risers installation at ZWSC RP-1),1,2026-07-08,,DATA/METHODS/2745  -EPS-2 and PDP Delivarables.xlsx,Sketches,113,INCLUDE,,REV-d3421558f0ac21bf3faa41b0,SDOC-eeee069ec4d4dfea04731cd0
2745,METHODS,OFFSHORE INSTALLATION,SKETCH,ENGINEERING SKETCH,2745-AP-0033,2745-AP-0033_R1(DLS-4200 AP during ZWSC PDP Bridge Instllation),1,2026-07-08,,DATA/METHODS/2745  -EPS-2 and PDP Delivarables.xlsx,Sketches,114,INCLUDE,,REV-4f7037cf16f3214343b3af33,SDOC-3c2178b31e0f23df4097f6a7
2745,METHODS,OFFSHORE INSTALLATION,SKETCH,ENGINEERING SKETCH,2745-A1-034,2745-A1-034-1 to 4_Rev-C(DLB-1000 AP during ZCSC PDP JKT Installation)-option,C,2026-07-13,,DATA/METHODS/2745  -EPS-2 and PDP Delivarables.xlsx,Sketches,115,INCLUDE,,REV-a993a26ef5e31b3c7e94a7b5,SDOC-7484daa89456af4616041a21
2745,METHODS,OFFSHORE INSTALLATION,SKETCH,ENGINEERING SKETCH,2745-AP-0039,2745-AP-0039-1 TO 3_R2(DLB-750 AP during Riser Guard Removal and Riser installation AT WHT-2 (EAST FACE),2,2026-07-21,,DATA/METHODS/2745  -EPS-2 and PDP Delivarables.xlsx,Sketches,116,INCLUDE,,REV-1150aa899ab37ae2438bf645,SDOC-e6cd6bc3184faa746438beb9
2745,METHODS,OFFSHORE INSTALLATION,SKETCH,ENGINEERING SKETCH,2745-AP-0040,2745-AP-0040-1 TO 3_R2(DLB-750 AP during Riser Guard Removal and Riser installation AT WHT-2 (WEST FACE),2,2026-07-21,,DATA/METHODS/2745  -EPS-2 and PDP Delivarables.xlsx,Sketches,117,INCLUDE,,REV-519f77fb8d62199852ab7bce,SDOC-1d1d47053185bf62e1a873a2
2745,METHODS,OFFSHORE INSTALLATION,SKETCH,ENGINEERING SKETCH,2745-AP-0041,2745-AP-0041-1 TO 3_R2(DLB-750 AP during Riser Guard Removal and Riser installation AT WHT-3),2,2026-07-21,,DATA/METHODS/2745  -EPS-2 and PDP Delivarables.xlsx,Sketches,118,INCLUDE,,REV-3fc841731e442f8a5c655559,SDOC-13d06bc384d2046d43c7ff81
2745,METHODS,OFFSHORE INSTALLATION,SKETCH,ENGINEERING SKETCH,2745-AP-0044,2745-AP-0044_R1(DLS-4200 AP during WHT-2 Topside Installation),1,2026-07-24,,DATA/METHODS/2745  -EPS-2 and PDP Delivarables.xlsx,Sketches,119,INCLUDE,,REV-d475ed88fb6c39534b56b9c7,SDOC-17dcb60f4d3984786ced5043
2745,METHODS,OFFSHORE INSTALLATION,SKETCH,ENGINEERING SKETCH,2745-A3-076,2745-A3-076_Rev-A(UMM SHAIF SETUP DURING (CL-3011) 132kV CABLE LAYDOWN AT ZWSC PDP),A,2026-08-21,,DATA/METHODS/2745  -EPS-2 and PDP Delivarables.xlsx,Sketches,122,INCLUDE,,REV-9d4549c84b5b07a2d1233f07,SDOC-7086219511c30d43670f1bdf
2745,METHODS,OFFSHORE INSTALLATION,SKETCH,ENGINEERING SKETCH,2745-A3-077,2745-A3-077_Rev-A(UMM SHAIF SETUP DURING (CL-3012) 132kV CABLE LAYDOWN AT ZWSC PDP),A,2026-08-21,,DATA/METHODS/2745  -EPS-2 and PDP Delivarables.xlsx,Sketches,123,INCLUDE,,REV-eb3dab619d3ef29cc46e8e22,SDOC-e305cf85cbca6ca2b16f582a
2745,METHODS,OFFSHORE INSTALLATION,SKETCH,ENGINEERING SKETCH,2745-A3-078,2745-A3-078_Rev-A(CABLE ROUTE CL-5 & 6 & 3011 & 3012 at ZWSC PDP & GPF-2),A,2026-08-21,,DATA/METHODS/2745  -EPS-2 and PDP Delivarables.xlsx,Sketches,124,INCLUDE,,REV-e0139a78e03c1869740b47f3,SDOC-36886576cad18847e1c85da8
2745,METHODS,OFFSHORE INSTALLATION,SKETCH,ENGINEERING SKETCH,2745-A1-047,2745-A1-047_Rev-A (Under Keel Clearance during cable laying),A,2026-08-24,,DATA/METHODS/2745  -EPS-2 and PDP Delivarables.xlsx,Sketches,125,INCLUDE,,REV-dfa8753760826c4b9b3328ef,SDOC-2d4aa30ded106844346af191
2745,TECH,GENERAL / MULTIDISCIPLINE,DRAWING,CUT LIST,OFO-P2745-SK-T-010,DETAILS OF STANCHION SUPPORTS AND STOPPER BEAM ON PRESTIGE-282 CB,2,,,DATA/TECH/2745-DOCUMENT REGISTER-REV-4-.xlsx,Cut-lists ,5,INCLUDE,,REV-32ce5ded8a0fb4251507ec8d,SDOC-315cb5ff8adf6d5f18629758
2745,TECH,NAVAL & MARINE,DOCUMENT,ANALYSIS,2745-ZZ-CL-001,LOWER ZAKUM – LTDP-1 STABILITY ANALYSIS DURING TRANSPORTATION OF CONCRETE COATED PIPE ON CARGO BARGE - TRIP-1 FOR WHT-2 & WHT-3,1,,,DATA/TECH/2745-DOCUMENT REGISTER-REV-4-.xlsx,Documents - Naval Marine,9,INCLUDE,,REV-5fd338fae16ca6c6cc2cbea0,SDOC-3c3394a0c680a5fb522bcba9
2745,TECH,NAVAL & MARINE,DOCUMENT,ANALYSIS,2745-ZZ-CL-002,LOWER ZAKUM – LTDP-1 STABILITY ANALYSIS DURING TRANSPORTATION OF CONCRETE COATED PIPE ON CARGO BARGE - TRIP-2,,,,DATA/TECH/2745-DOCUMENT REGISTER-REV-4-.xlsx,Documents - Naval Marine,10,INCLUDE,,REV-3b6e21404ba931d521dfdb1b,SDOC-cc6614a381660dd3a3035370
2745,TECH,NAVAL & MARINE,DOCUMENT,ANALYSIS,2745-ZZ-CL-003,LOWER ZAKUM – LTDP-1 STABILITY ANALYSIS DURING TRANSPORTATION OF CONCRETE COATED PIPE ON CARGO BARGE - TRIP-3,,,,DATA/TECH/2745-DOCUMENT REGISTER-REV-4-.xlsx,Documents - Naval Marine,11,INCLUDE,,REV-f90ddb2c6a8781c2e319aca9,SDOC-90243fe8a9bdc312ae117ab4
2745,TECH,NAVAL & MARINE,DOCUMENT,ANALYSIS,2745-ZZ-CL-004,LOWER ZAKUM – LTDP-1 STABILITY ANALYSIS DURING TRANSPORTATION OF CONCRETE COATED PIPE ON CARGO BARGE - TRIP-4,,,,DATA/TECH/2745-DOCUMENT REGISTER-REV-4-.xlsx,Documents - Naval Marine,12,INCLUDE,,REV-8c6dc4c1350d792f9990a9ef,SDOC-8ada5578e986e3ea43e0602c
2745,TECH,NAVAL & MARINE,DOCUMENT,ANALYSIS,2745-ZZ-CL-005,LOWER ZAKUM – LTDP-1 STABILITY ANALYSIS DURING TRANSPORTATION OF CONCRETE COATED PIPE ON CARGO BARGE - TRIP-5,,,,DATA/TECH/2745-DOCUMENT REGISTER-REV-4-.xlsx,Documents - Naval Marine,13,INCLUDE,,REV-01ea113733fc6b494fdbd036,SDOC-fce7f45261fda4dad3d798b0
2745,TECH,NAVAL & MARINE,DOCUMENT,ANALYSIS,2745-ZZ-CL-006,LOWER ZAKUM – LTDP-1 STABILITY ANALYSIS DURING TRANSPORTATION OF CONCRETE COATED PIPE ON CARGO BARGE - TRIP-6,,,,DATA/TECH/2745-DOCUMENT REGISTER-REV-4-.xlsx,Documents - Naval Marine,14,INCLUDE,,REV-89d1727f987e214edf8a62fb,SDOC-f054d9d5d06598bd496925d7
2745,TECH,NAVAL & MARINE,DOCUMENT,ANALYSIS,2745-ZZ-CL-007,LOWER ZAKUM – LTDP-1 STABILITY ANALYSIS DURING TRANSPORTATION OF CONCRETE COATED PIPE ON CARGO BARGE - TRIP-7,,,,DATA/TECH/2745-DOCUMENT REGISTER-REV-4-.xlsx,Documents - Naval Marine,15,INCLUDE,,REV-3a35d68511fa28d3e6b33fd8,SDOC-9dcd98911cc6cfea9bff8356
2745,TECH,NAVAL & MARINE,DOCUMENT,ANALYSIS,2745-ZZ-CL-008,LOWER ZAKUM – LTDP-1 STABILITY ANALYSIS DURING TRANSPORTATION OF CONCRETE COATED PIPE ON CARGO BARGE - TRIP-8,,,,DATA/TECH/2745-DOCUMENT REGISTER-REV-4-.xlsx,Documents - Naval Marine,16,INCLUDE,,REV-0dbc7373dfe1a0f1a247c8dc,SDOC-3b006663b166aa33cb3eff02
2745,TECH,NAVAL & MARINE,DOCUMENT,ANALYSIS,2745-ZZ-CL-026,"LOWER ZAKUM – LTDP-1 MOORING ANALYSIS DURING LATERAL SHIFTING & STALK-ON RISER INSTALLATION FOR 16"" WI - WHT2",,,,DATA/TECH/2745-DOCUMENT REGISTER-REV-4-.xlsx,Documents - Naval Marine,17,INCLUDE,,REV-9c73f9542bed20b38b003f50,SDOC-12050f5ac1e604223996aa18
2745,TECH,NAVAL & MARINE,DOCUMENT,ANALYSIS,2745-ZZ-CL-027,"LOWER ZAKUM – LTDP-1 MOORING ANALYSIS DURING LATERAL SHIFTING & STALK-ON RISER INSTALLATION FOR 16"" OIL - WHT2",,,,DATA/TECH/2745-DOCUMENT REGISTER-REV-4-.xlsx,Documents - Naval Marine,18,INCLUDE,,REV-56127f2b6abff5f784ddf522,SDOC-f53b4f79e1313fe01cb159a2
2745,TECH,NAVAL & MARINE,DOCUMENT,ANALYSIS,2745-ZZ-CL-028,"LOWER ZAKUM – LTDP-1 MOORING ANALYSIS DURING LATERAL SHIFTING & STALK-ON RISER INSTALLATION FOR 18"" - WHT2",,,,DATA/TECH/2745-DOCUMENT REGISTER-REV-4-.xlsx,Documents - Naval Marine,19,INCLUDE,,REV-9c738e4e5565c74719d4f951,SDOC-3891f549b7ee9d71437cae42
2745,TECH,NAVAL & MARINE,DOCUMENT,ANALYSIS,2745-ZZ-CL-029,"LOWER ZAKUM – LTDP-1 MOORING ANALYSIS DURING LATERAL SHIFTING & STALK-ON RISER INSTALLATION FOR 20"" - WHT2",,,,DATA/TECH/2745-DOCUMENT REGISTER-REV-4-.xlsx,Documents - Naval Marine,20,INCLUDE,,REV-cd9d5b9f4012f8ce8474d9b3,SDOC-66e9b1f952f52cd714521c66
2745,TECH,NAVAL & MARINE,DOCUMENT,ANALYSIS,2745-ZZ-CL-030,"LOWER ZAKUM – LTDP-1 MOORING ANALYSIS DURING LATERAL SHIFTING & STALK-ON RISER INSTALLATION FOR 24"" - ZCSC CSP",,,,DATA/TECH/2745-DOCUMENT REGISTER-REV-4-.xlsx,Documents - Naval Marine,21,INCLUDE,,REV-3119bff9a7d581e0569ea305,SDOC-38722f7f03bc5e0f4ce6a3ec
2745,TECH,NAVAL & MARINE,DOCUMENT,ANALYSIS,2745-ZZ-CL-014,"LOWER ZAKUM – LTDP-1 STABILITY ANALYSIS DURING TRANSPORTATION OF SUBSEA SPOOLS, J-TUBES AND RISERS - TRIP-1",,,,DATA/TECH/2745-DOCUMENT REGISTER-REV-4-.xlsx,Documents - Naval Marine,22,INCLUDE,,REV-67f835153345967b57e42f5f,SDOC-2a7e59d0f0aa1ee15bae6e2b
2745,TECH,NAVAL & MARINE,DOCUMENT,ANALYSIS,2745-ZZ-CL-015,"LOWER ZAKUM – LTDP-1 STABILITY ANALYSIS DURING TRANSPORTATION OF SUBSEA SPOOLS, J-TUBES AND RISERS - TRIP-2",,,,DATA/TECH/2745-DOCUMENT REGISTER-REV-4-.xlsx,Documents - Naval Marine,23,INCLUDE,,REV-611ee97387d3a4e9b241606c,SDOC-8f1963e9f1de5e664fd00608
2745,TECH,NAVAL & MARINE,DOCUMENT,ANALYSIS,2745-ZZ-CL-016,"LOWER ZAKUM – LTDP-1 STABILITY ANALYSIS DURING TRANSPORTATION OF SUBSEA SPOOLS, J-TUBES AND RISERS - TRIP-3",,,,DATA/TECH/2745-DOCUMENT REGISTER-REV-4-.xlsx,Documents - Naval Marine,24,INCLUDE,,REV-0ed69d2fa22a8e7b486dd782,SDOC-1c7042894cdcbfb2b6f64b28
2745,TECH,NAVAL & MARINE,DOCUMENT,ANALYSIS,2745-ZZ-CL-017,"LOWER ZAKUM – LTDP-1 STABILITY ANALYSIS DURING TRANSPORTATION OF SUBSEA SPOOLS, J-TUBES AND RISERS - TRIP-4",,,,DATA/TECH/2745-DOCUMENT REGISTER-REV-4-.xlsx,Documents - Naval Marine,25,INCLUDE,,REV-dd7b609cc35a1789669cddc0,SDOC-f7c7edec25f01081e09d2286
2745,TECH,NAVAL & MARINE,DOCUMENT,ANALYSIS,2745-ZZ-CL-021,"LOWER ZAKUM – LTDP-1 MOORING ANALYSIS DURING  LAYING OF 16"" WI - WHT2 WHT3",,,,DATA/TECH/2745-DOCUMENT REGISTER-REV-4-.xlsx,Documents - Naval Marine,26,INCLUDE,,REV-3dafed4c76ab9b1db3329276,SDOC-09975ef11ad872ec540051f6
2745,TECH,NAVAL & MARINE,DOCUMENT,ANALYSIS,2745-ZZ-CL-022,"LOWER ZAKUM – LTDP-1 MOORING ANALYSIS DURING  LAYING OF 16"" OIL - WHT2 WHT3",,,,DATA/TECH/2745-DOCUMENT REGISTER-REV-4-.xlsx,Documents - Naval Marine,27,INCLUDE,,REV-a9880a73310ec5b0e753b5b5,SDOC-57e425a6cdcfcf3af5f1ed88
2745,TECH,NAVAL & MARINE,DOCUMENT,ANALYSIS,2745-ZZ-CL-011,STABILITY ANALYSIS DURING TRANSPORTATION OF CONCRETE SLEEPERS & MATTRESSES  PRESTIGE-281 (TRIP-1),1,2025-10-22,4,DATA/TECH/2745-DOCUMENT REGISTER-REV-4-.xlsx,Documents - Naval Marine,28,INCLUDE,,REV-4374200ea1b2c2a9e0ccb6ee,SDOC-62058d5ae24aa41baf2a62d9
2745,TECH,NAVAL & MARINE,DOCUMENT,ANALYSIS,2745-ZZ-CL-012,LOWER ZAKUM – LTDP-1 STABILITY ANALYSIS DURING TRANSPORTATION OF CONCRETE SLEEPERS & MATTRESSES - TRIP-2,1,2025-11-09,,DATA/TECH/2745-DOCUMENT REGISTER-REV-4-.xlsx,Documents - Naval Marine,29,INCLUDE,,REV-744d3d6fcc4b654aafaa4bd1,SDOC-113257c069ffbfa88099dddd
2745,TECH,NAVAL & MARINE,DOCUMENT,ANALYSIS,2745-ZZ-CL-013,LOWER ZAKUM – LTDP-1 STABILITY ANALYSIS DURING TRANSPORTATION OF CONCRETE SLEEPERS @ PRESTIGE-281 - TRIP-3,1,2025-11-19,,DATA/TECH/2745-DOCUMENT REGISTER-REV-4-.xlsx,Documents - Naval Marine,30,INCLUDE,,REV-920dcf8dc7db5e422de26449,SDOC-7d2231442fa028b863e99be1
2745,TECH,NAVAL & MARINE,DOCUMENT,ANALYSIS,2745-ZZ-CL-023,"LOWER ZAKUM – LTDP-1 MOORING ANALYSIS DURING  LAYING OF 18""",,,,DATA/TECH/2745-DOCUMENT REGISTER-REV-4-.xlsx,Documents - Naval Marine,34,INCLUDE,,REV-504269ab0a45f2525526757c,SDOC-d6408f7a5f79b9e891e9f700
2745,TECH,NAVAL & MARINE,DOCUMENT,ANALYSIS,2745-ZZ-CL-024,"LOWER ZAKUM – LTDP-1 MOORING ANALYSIS DURING  LAYING OF 20""",,,,DATA/TECH/2745-DOCUMENT REGISTER-REV-4-.xlsx,Documents - Naval Marine,35,INCLUDE,,REV-dabd801c93a3c86411950bdf,SDOC-54dda0ab3df172a83740578f
2745,TECH,NAVAL & MARINE,DOCUMENT,ANALYSIS,2745-ZZ-CL-025,"LOWER ZAKUM – LTDP-1 MOORING ANALYSIS DURING  LAYING OF 24""",,,,DATA/TECH/2745-DOCUMENT REGISTER-REV-4-.xlsx,Documents - Naval Marine,36,INCLUDE,,REV-a9d7c8987b3661437d26ff43,SDOC-0503a91d09de710ad469b7b4
2745,TECH,NAVAL & MARINE,DOCUMENT,ANALYSIS,2745-ZZ-CL-035,LOWER ZAKUM – LTDP-1 MOORING ANALYSIS DURING ZCSC PDP JACKET INSTALLATION,,,,DATA/TECH/2745-DOCUMENT REGISTER-REV-4-.xlsx,Documents - Naval Marine,37,INCLUDE,,REV-99f950363a86f446d6059719,SDOC-30b8956fc7d4f5327ce4116a
2745,TECH,NAVAL & MARINE,DOCUMENT,ANALYSIS,2745-ZZ-CL-031,LOWER ZAKUM – LTDP-1 MOORING ANALYSIS DURING BST JACKET INSTALLATION -2,,,,DATA/TECH/2745-DOCUMENT REGISTER-REV-4-.xlsx,Documents - Naval Marine,39,INCLUDE,,REV-6709d1c5be0174faca4554a2,SDOC-1dc36ebaabf1c8e28493e818
2745,TECH,NAVAL & MARINE,DOCUMENT,ANALYSIS,2745-ZZ-CL-033,LOWER ZAKUM – LTDP-1 MOORING ANALYSIS DURING ZCSC BST INSTALLATION– ZWSC (PDP-GPF-II) ZCSC (PDP),,,,DATA/TECH/2745-DOCUMENT REGISTER-REV-4-.xlsx,Documents - Naval Marine,40,INCLUDE,,REV-7004a04f21bf72a16b30f67b,SDOC-9c8474221a6b48041549e58a
2745,TECH,NAVAL & MARINE,DOCUMENT,ANALYSIS,2745-ZZ-CL-034,LOWER ZAKUM – LTDP-1 MOORING ANALYSIS DURING ZWSC GPF-II BST INSTALLATION– ZWSC (PDP-GPF-II) ZCSC (PDP),,,,DATA/TECH/2745-DOCUMENT REGISTER-REV-4-.xlsx,Documents - Naval Marine,41,INCLUDE,,REV-796c9a3cf255fbff72b85083,SDOC-556c8afb0aeadea418958583
2745,TECH,NAVAL & MARINE,DOCUMENT,ANALYSIS,2745-ZZ-CL-036,LOWER ZAKUM – LTDP-1 MOORING ANALYSIS DURING FLARE BST-5 INSTALLATION FOR ZWSC (PDP-GPF-II),,,,DATA/TECH/2745-DOCUMENT REGISTER-REV-4-.xlsx,Documents - Naval Marine,44,INCLUDE,,REV-793fa3ca8d7953679a0ab978,SDOC-97c8afd816b9b49d867bfe42
2745,TECH,NAVAL & MARINE,DOCUMENT,ANALYSIS,2745-ZZ-CL-038,LOWER ZAKUM – LTDP-1 MOORING ANALYSIS DURING BST DECK INSTALLATION -1 FOR ZWSC (PDP-GPF-II),,,,DATA/TECH/2745-DOCUMENT REGISTER-REV-4-.xlsx,Documents - Naval Marine,46,INCLUDE,,REV-abd0208155e61e664c0eee4c,SDOC-22f48616c9de8d89089d27b3
2745,TECH,NAVAL & MARINE,DOCUMENT,ANALYSIS,2745-ZZ-CL-039,LOWER ZAKUM – LTDP-1 MOORING ANALYSIS DURING BST DECK INSTALLATION -2 FOR ZWSC (PDP-GPF-II),,,,DATA/TECH/2745-DOCUMENT REGISTER-REV-4-.xlsx,Documents - Naval Marine,47,INCLUDE,,REV-7f94687a5bb7040da495b957,SDOC-f38759eb5cebc7a2893f27dc
2745,TECH,NAVAL & MARINE,DOCUMENT,ANALYSIS,2745-ZZ-CL-040,LOWER ZAKUM – LTDP-1 MOORING ANALYSIS DURING BST DECK INSTALLATION -3 FOR ZWSC (PDP-GPF-II),,,,DATA/TECH/2745-DOCUMENT REGISTER-REV-4-.xlsx,Documents - Naval Marine,48,INCLUDE,,REV-9803a272215c4b17659e70af,SDOC-0cd625f144c53d19347e61ce
2745,TECH,NAVAL & MARINE,DOCUMENT,ANALYSIS,2745-ZZ-CL-041,LOWER ZAKUM – LTDP-1 MOORING ANALYSIS DURING BST DECK INSTALLATION -4 FOR ZWSC (PDP-GPF-II),,,,DATA/TECH/2745-DOCUMENT REGISTER-REV-4-.xlsx,Documents - Naval Marine,49,INCLUDE,,REV-b112406836a62165425f159e,SDOC-7ba1d13b21f3e08d3e36d2b7
2745,TECH,NAVAL & MARINE,DOCUMENT,ANALYSIS,2745-ZZ-CL-042,LOWER ZAKUM – LTDP-1 MOORING ANALYSIS DURING BST DECK INSTALLATION -5 FOR ZWSC (PDP-GPF-II),,,,DATA/TECH/2745-DOCUMENT REGISTER-REV-4-.xlsx,Documents - Naval Marine,50,INCLUDE,,REV-b0b2103cfa4abee677e3209b,SDOC-9037caf8d456512fbf4275e4
2745,TECH,NAVAL & MARINE,DOCUMENT,ANALYSIS,2745-ZZ-CL-043,LOWER ZAKUM – LTDP-1 MOORING ANALYSIS DURING BST BRIDGE INSTALLATION -1 FOR ZWSC (PDP-GPF-II),,,,DATA/TECH/2745-DOCUMENT REGISTER-REV-4-.xlsx,Documents - Naval Marine,51,INCLUDE,,REV-2782a410a523fd773b97bf57,SDOC-5f9a473ed2694d140816afd1
2745,TECH,NAVAL & MARINE,DOCUMENT,ANALYSIS,2745-ZZ-CL-044,LOWER ZAKUM – LTDP-1 MOORING ANALYSIS DURING BST BRIDGE INSTALLATION -2 FOR ZWSC (PDP-GPF-II),,,,DATA/TECH/2745-DOCUMENT REGISTER-REV-4-.xlsx,Documents - Naval Marine,52,INCLUDE,,REV-44a72015e16aa23312426c61,SDOC-a585bf22067797fd26fdd507
2745,TECH,NAVAL & MARINE,DOCUMENT,ANALYSIS,2745-ZZ-CL-045,LOWER ZAKUM – LTDP-1 MOORING ANALYSIS DURING BST BRIDGE INSTALLATION -3 FOR ZWSC (PDP-GPF-II),,,,DATA/TECH/2745-DOCUMENT REGISTER-REV-4-.xlsx,Documents - Naval Marine,53,INCLUDE,,REV-8f71e66e8e7d093c0c52f8b7,SDOC-20b902f38d863a51a8f4fe92
2745,TECH,NAVAL & MARINE,DOCUMENT,ANALYSIS,2745-ZZ-CL-046,LOWER ZAKUM – LTDP-1 MOORING ANALYSIS DURING BST BRIDGE INSTALLATION -4 FOR ZWSC (PDP-GPF-II),,,,DATA/TECH/2745-DOCUMENT REGISTER-REV-4-.xlsx,Documents - Naval Marine,54,INCLUDE,,REV-7c7a0110edad17fd41998498,SDOC-349d46f1558a8b6365b245fa
2745,TECH,NAVAL & MARINE,DOCUMENT,ANALYSIS,2745-ZZ-CL-047,LOWER ZAKUM – LTDP-1 MOORING ANALYSIS DURING BST BRIDGE INSTALLATION -5 FOR ZWSC (PDP-GPF-II),,,,DATA/TECH/2745-DOCUMENT REGISTER-REV-4-.xlsx,Documents - Naval Marine,55,INCLUDE,,REV-f18200e1e0f451a4ede4f233,SDOC-edfbd1f8249f1b4fefaf7043
2745,TECH,NAVAL & MARINE,DOCUMENT,ANALYSIS,2745-ZZ-CL-048,"LOWER ZAKUM – LTDP-1 MOORING ANALYSIS DURING LATERAL SHIFTING & STALK-ON RISER INSTALLATION FOR 16"" WI - WHT3",,,,DATA/TECH/2745-DOCUMENT REGISTER-REV-4-.xlsx,Documents - Naval Marine,56,INCLUDE,,REV-2ac96bc77e697436b73485b1,SDOC-0a9aecb1b31d957e4d748608
2745,TECH,NAVAL & MARINE,DOCUMENT,ANALYSIS,2745-ZZ-CL-049,"LOWER ZAKUM – LTDP-1 MOORING ANALYSIS DURING LATERAL SHIFTING & STALK-ON RISER INSTALLATION FOR 16"" OIL - WHT3",,,,DATA/TECH/2745-DOCUMENT REGISTER-REV-4-.xlsx,Documents - Naval Marine,57,INCLUDE,,REV-035abf720e53b2cf8285f155,SDOC-3901f5d0d97d990bbe2c6384
2745,TECH,NAVAL & MARINE,DOCUMENT,ANALYSIS,2745-ZZ-CL-050,"LOWER ZAKUM – LTDP-1 MOORING ANALYSIS DURING LATERAL SHIFTING & STALK-ON RISER INSTALLATION FOR 18"" - ZWSC RP1",,,,DATA/TECH/2745-DOCUMENT REGISTER-REV-4-.xlsx,Documents - Naval Marine,58,INCLUDE,,REV-1759295f11ccdd3457ed0940,SDOC-451f1853baf0d15cf85634e1
2745,TECH,NAVAL & MARINE,DOCUMENT,ANALYSIS,2745-ZZ-CL-051,"LOWER ZAKUM – LTDP-1 - MOORING ANALYSIS DURING LATERAL SHIFTING & STALK-ON RISER INSTALLATION FOR 20"" - ZWSC RP1",,,,DATA/TECH/2745-DOCUMENT REGISTER-REV-4-.xlsx,Documents - Naval Marine,59,INCLUDE,,REV-b69985935c194ea050498bdf,SDOC-143da1988cda1a8f0a83d892
2745,TECH,NAVAL & MARINE,DOCUMENT,ANALYSIS,2745-ZZ-CL-052,"LOWER ZAKUM – LTDP-1 MOORING ANALYSIS DURING LATERAL SHIFTING & STALK-ON RISER INSTALLATION FOR 24"" - ZWSC RP1",,,,DATA/TECH/2745-DOCUMENT REGISTER-REV-4-.xlsx,Documents - Naval Marine,60,INCLUDE,,REV-55966cbd49b68db18f165684,SDOC-a8d27dbc6c5477b0b25962a5
2745,TECH,PIPELINE & CABLE,DOCUMENT,ANALYSIS REPORT,2745-NN-RP-001,LOWER ZAKUM – LTDP-1 PIPE STACKING ANALYSIS REPORT FOR ZWSC (PDP-GPF-II) ZCSC (PDP),1,2025-10-21,,DATA/TECH/2745-DOCUMENT REGISTER-REV-4-.xlsx,Documents - Pipeline & Cable,9,INCLUDE,,REV-b8380e8e1e842b952f982e1d,SDOC-4e7ddc5070a0c6ab7c58ecea
2745,TECH,PIPELINE & CABLE,DOCUMENT,ANALYSIS REPORT,2745-NN-RP-006,LOWER ZAKUM – LTDP-1 PIPELAY ANALYSIS REPORT FOR OPL-2 16in WF FROM WHT-3 TO WHT-2,,,,DATA/TECH/2745-DOCUMENT REGISTER-REV-4-.xlsx,Documents - Pipeline & Cable,10,INCLUDE,,REV-8b0c7739c7e6f58d68608394,SDOC-fcef69a8e559625f764961a8
2745,TECH,PIPELINE & CABLE,DOCUMENT,ANALYSIS REPORT,2745-NN-RP-004,LOWER ZAKUM – LTDP-1 PIPELAY ANALYSIS REPORT FOR OPL-3 20in WF FROM WHT-2 TO ZWSC (RP-1),,,,DATA/TECH/2745-DOCUMENT REGISTER-REV-4-.xlsx,Documents - Pipeline & Cable,11,INCLUDE,,REV-50e9a21d6bb62ecb54d9b03b,SDOC-9db5fcb342852170cdf3495b
2745,TECH,PIPELINE & CABLE,DOCUMENT,ANALYSIS REPORT,2745-NN-RP-005,LOWER ZAKUM – LTDP-1 PIPELAY ANALYSIS REPORT FOR OPL-4 24in WF FROM ZCSC (CRP) TO ZWSC (RP-1),,,,DATA/TECH/2745-DOCUMENT REGISTER-REV-4-.xlsx,Documents - Pipeline & Cable,12,INCLUDE,,REV-6b339a2f06b11274c01fd044,SDOC-852830636b4ccc22c4826ee8
2745,TECH,PIPELINE & CABLE,DOCUMENT,ANALYSIS REPORT,2745-NN-RP-002,LOWER ZAKUM – LTDP-1 PIPELAY ANALYSIS REPORT FOR WPL-2 16in WI FROM WHT-2 TO WHT-3,,,,DATA/TECH/2745-DOCUMENT REGISTER-REV-4-.xlsx,Documents - Pipeline & Cable,13,INCLUDE,,REV-2ec50b334e85e84a604c7cc4,SDOC-2b32ed453f0687e56d99b406
2745,TECH,PIPELINE & CABLE,DOCUMENT,ANALYSIS REPORT,2745-NN-RP-003,LOWER ZAKUM – LTDP-1 PIPELAY ANALYSIS REPORT FOR WPL-3 18in WI FROM ZWSC (RP-1)TO WHT-2,,,,DATA/TECH/2745-DOCUMENT REGISTER-REV-4-.xlsx,Documents - Pipeline & Cable,14,INCLUDE,,REV-16d8b996def90c1ccbbf982c,SDOC-6f6c7bf82fd7424d4b00cdef
2745,TECH,PIPELINE & CABLE,DOCUMENT,ANALYSIS REPORT,2745-NN-RP-007,"LOWER ZAKUM – LTDP-1 INSTALLATION ANALYSIS REPORT FOR 132KV CABLES AT AGI, ZWSC(PDP), ZWSC (GPF-ll) & ZCSC(PDP)",,,,DATA/TECH/2745-DOCUMENT REGISTER-REV-4-.xlsx,Documents - Pipeline & Cable,15,INCLUDE,,REV-f7ff80bdafa69aa4b1ff5b2f,SDOC-0c0c0d488fcc4ed7fb71067c
2745,TECH,PIPELINE & CABLE,DOCUMENT,ANALYSIS REPORT,2745-NN-RP-008,LOWER ZAKUM – LTDP-1 INSTALLATION ANALYSIS REPORT FOR 6.6KV CABLES,1,,,DATA/TECH/2745-DOCUMENT REGISTER-REV-4-.xlsx,Documents - Pipeline & Cable,16,INCLUDE,DATE_TEXT_PRESERVED,REV-70da964826d1c99c846eb058,SDOC-ed20415118123d814df75162
2745,TECH,PIPELINE & CABLE,DOCUMENT,ANALYSIS REPORT,2745-NN-RP-031,"LOWER ZAKUM – LTDP-1 SEAFASTENING ANALYSIS REPORT FOR TRANSPORTATION OF SUBSEA SPOOLS, JTUBES & RISERS (TRIP-1)",,,,DATA/TECH/2745-DOCUMENT REGISTER-REV-4-.xlsx,Documents - Pipeline & Cable,17,INCLUDE,,REV-636d9ff02a85a872d5def118,SDOC-a4d456b74a1204eff3ddf231
2745,TECH,PIPELINE & CABLE,DOCUMENT,ANALYSIS REPORT,2745-NN-RP-032,"LOWER ZAKUM – LTDP-1 SEAFASTENING ANALYSIS REPORT FOR TRANSPORTATION OF SUBSEA SPOOLS, JTUBES & RISERS (TRIP-2)",,,,DATA/TECH/2745-DOCUMENT REGISTER-REV-4-.xlsx,Documents - Pipeline & Cable,18,INCLUDE,,REV-c96479c8b03970d81203c726,SDOC-848a20ebfc9fe3ce78678253
2745,TECH,PIPELINE & CABLE,DOCUMENT,ANALYSIS REPORT,2745-NN-RP-011,"LOWER ZAKUM – LTDP-1 SEAFASTENING ANALYSIS REPORT FOR TRANSPORTATION OF SUBSEA SPOOLS, JTUBES & RISERS (TRIP-3)",,,,DATA/TECH/2745-DOCUMENT REGISTER-REV-4-.xlsx,Documents - Pipeline & Cable,19,INCLUDE,,REV-13002fb05f352da758a91d52,SDOC-cc4c3d6fd99d78160353d402
2745,TECH,PIPELINE & CABLE,DOCUMENT,ANALYSIS REPORT,2745-NN-RP-012,"LOWER ZAKUM – LTDP-1 SEAFASTENING ANALYSIS REPORT FOR TRANSPORTATION OF SUBSEA SPOOLS, JTUBES & RISERS (TRIP-4)",,,,DATA/TECH/2745-DOCUMENT REGISTER-REV-4-.xlsx,Documents - Pipeline & Cable,20,INCLUDE,,REV-afb4ce13aa37984aebdec8ed,SDOC-c026e36c8f51971d096fbad5
2745,TECH,PIPELINE & CABLE,DOCUMENT,REPORT,2745-NN-RP-016,LOWER ZAKUM – LTDP-1 SEAFASTENING DESIGN REPORT FOR TRANSPORTATION OF CONCRETE SLEEPERS AT PRESTIGE-281 (TRIP-1),1,2025-10-15,,DATA/TECH/2745-DOCUMENT REGISTER-REV-4-.xlsx,Documents - Pipeline & Cable,21,INCLUDE,,REV-38e819089cd74d3ee4df8c29,SDOC-50f3687239efad8983df31f0
2745,TECH,PIPELINE & CABLE,DOCUMENT,REPORT,2745-NN-RP-017,LOWER ZAKUM – LTDP-1 SEAFASTENING DESIGN REPORT FOR TRANSPORTATION OF CONCRETE SLEEPERS ON PRESTIGE-282 (TRIP 2),1,2025-11-09,,DATA/TECH/2745-DOCUMENT REGISTER-REV-4-.xlsx,Documents - Pipeline & Cable,22,INCLUDE,,REV-d20ac5c0318106dde92b10fe,SDOC-63e3d1991ce91224a020e22d
2745,TECH,PIPELINE & CABLE,DOCUMENT,REPORT,2745-NN-RP-018,SEAFASTENING DESIGN REPORT FOR TRANSPORTATION OF CONCRETE SLEEPERS ON PRESTIGE-281 (TRIP 3),1,2025-11-19,,DATA/TECH/2745-DOCUMENT REGISTER-REV-4-.xlsx,Documents - Pipeline & Cable,23,INCLUDE,,REV-366567d53ba64f4f15972109,SDOC-7afc03478a98e6f7c6e0102d
2745,TECH,PIPELINE & CABLE,DOCUMENT,REPORT,2745-NN-RP-019,LOWER ZAKUM – LTDP-1 SEAFASTENING DESIGN REPORT FOR TRANSPORTATION OF CONCRETE SLEEPERS AND MATTRESSES ON CB 4,,,,DATA/TECH/2745-DOCUMENT REGISTER-REV-4-.xlsx,Documents - Pipeline & Cable,24,INCLUDE,,REV-cfd45d6f2dcd4202806a8e29,SDOC-81efa0bf8887738d1e440fca
2745,TECH,PIPELINE & CABLE,DOCUMENT,REPORT,2745-NN-RP-020,LOWER ZAKUM – LTDP-1 SEAFASTENING DESIGN REPORT FOR TRANSPORTATION OF CONCRETE SLEEPERS AND MATTRESSES ON CB 5,,,,DATA/TECH/2745-DOCUMENT REGISTER-REV-4-.xlsx,Documents - Pipeline & Cable,25,INCLUDE,,REV-e89d59ab7c87a9b7eee96b55,SDOC-c9ad9666248ec612ff15b4cb
2745,TECH,PIPELINE & CABLE,DOCUMENT,REPORT,2745-NN-RP-021,LOWER ZAKUM – LTDP-1 SEAFASTENING DESIGN REPORT FOR TRANSPORTATION OF CONCRETE SLEEPERS AND MATTRESSES ON CB 6,,,,DATA/TECH/2745-DOCUMENT REGISTER-REV-4-.xlsx,Documents - Pipeline & Cable,26,INCLUDE,,REV-3014972a7883255d80297eb2,SDOC-c6cc9f43efd1dd6de45d3b99
2745,TECH,PIPELINE & CABLE,DOCUMENT,REPORT,2745-NN-RP-022,LOWER ZAKUM – LTDP-1 SEAFASTENING DESIGN REPORT FOR TRANSPORTATION OF CONCRETE SLEEPERS AND MATTRESSES ON CB 7,,,,DATA/TECH/2745-DOCUMENT REGISTER-REV-4-.xlsx,Documents - Pipeline & Cable,27,INCLUDE,,REV-4566027651f719faef728b49,SDOC-a8aa5b7a47b023662f2ff20a
2745,TECH,PIPELINE & CABLE,DOCUMENT,REPORT,2745-NN-RP-008,LOWER ZAKUM – LTDP-1 SEAFASTENING DESIGN REPORT FOR TRANSPORTATION OF CC PIPES ON CARGO BARGE 2,,,,DATA/TECH/2745-DOCUMENT REGISTER-REV-4-.xlsx,Documents - Pipeline & Cable,29,INCLUDE,,REV-af3d2c519f1caa203c6b4379,SDOC-ed20415118123d814df75162
2745,TECH,PIPELINE & CABLE,DOCUMENT,REPORT,2745-NN-RP-009,LOWER ZAKUM – LTDP-1 SEAFASTENING DESIGN REPORT FOR TRANSPORTATION OF CC PIPES ON CARGO BARGE 3,,,,DATA/TECH/2745-DOCUMENT REGISTER-REV-4-.xlsx,Documents - Pipeline & Cable,30,INCLUDE,,REV-d2971f7a2d89cb412c16dba5,SDOC-a38f30a2055c54d2bf3cb629
2745,TECH,PIPELINE & CABLE,DOCUMENT,REPORT,2745-NN-RP-010,LOWER ZAKUM – LTDP-1 SEAFASTENING DESIGN REPORT FOR TRANSPORTATION OF CC PIPES ON CARGO BARGE 4,,,,DATA/TECH/2745-DOCUMENT REGISTER-REV-4-.xlsx,Documents - Pipeline & Cable,31,INCLUDE,,REV-b1f12fe14293dd2752a1019c,SDOC-c3f1d1c860306eb7343aa1b0
2745,TECH,PIPELINE & CABLE,DOCUMENT,REPORT,2745-NN-RP-013,LOWER ZAKUM – LTDP-1 SEAFASTENING DESIGN REPORT FOR TRANSPORTATION OF CC PIPES ON CARGO BARGE 7,,,,DATA/TECH/2745-DOCUMENT REGISTER-REV-4-.xlsx,Documents - Pipeline & Cable,34,INCLUDE,,REV-0d63dab980a46ebd53ae30a7,SDOC-71272df408b202f2ef55189a
2745,TECH,PIPELINE & CABLE,DOCUMENT,ANALYSIS REPORT,2745-NN-RP-027,LOWER ZAKUM – LTDP-1 DAVIT LIFT ANALYSIS REPORT FOR OPL-2 16in WF FROM WHT-3 TO WHT-2,,,,DATA/TECH/2745-DOCUMENT REGISTER-REV-4-.xlsx,Documents - Pipeline & Cable,35,INCLUDE,,REV-1303a11c24dd237c8bf143b4,SDOC-a30ba10ffa919024fd197ce2
2745,TECH,PIPELINE & CABLE,DOCUMENT,ANALYSIS REPORT,2745-NN-RP-028,LOWER ZAKUM – LTDP-1 DAVIT LIFT ANALYSIS REPORT FOR OPL-3 20in WF FROM WHT-2 TO ZWSC (RP-1),,,,DATA/TECH/2745-DOCUMENT REGISTER-REV-4-.xlsx,Documents - Pipeline & Cable,36,INCLUDE,,REV-6651b62d0dd6e2dac7e90d91,SDOC-c59b5c4ab0045a376a22b9b8
2745,TECH,PIPELINE & CABLE,DOCUMENT,ANALYSIS REPORT,2745-NN-RP-029,LOWER ZAKUM – LTDP-1 DAVIT LIFT ANALYSIS REPORT FOR OPL-4 24in WF FROM ZCSC (CRP) TO ZWSC (RP-1),,,,DATA/TECH/2745-DOCUMENT REGISTER-REV-4-.xlsx,Documents - Pipeline & Cable,37,INCLUDE,,REV-a0479de5779ab04f4d725025,SDOC-171d1f3c6530b990ab0911d0
2745,TECH,PIPELINE & CABLE,DOCUMENT,ANALYSIS REPORT,2745-NN-RP-030,LOWER ZAKUM – LTDP-1 DAVIT LIFT ANALYSIS REPORT FOR WPL-2 16in WI FROM WHT-2 TO WHT-3,,,,DATA/TECH/2745-DOCUMENT REGISTER-REV-4-.xlsx,Documents - Pipeline & Cable,38,INCLUDE,,REV-fa8601a410a5d71d10e34ab0,SDOC-07ab48dfcc0146843345baa4
2745,TECH,GENERAL / MULTIDISCIPLINE,DRAWING,ENGINEERING DRAWING,2745-NN-0001,LOWER ZAKUM – LTDP-1 START UP HEAD DETAILS FOR 16'' PIPELINES FOR WHT-2 & WHT-3,,,,DATA/TECH/2745-DOCUMENT REGISTER-REV-4-.xlsx,Drawings,9,INCLUDE,,REV-7f1804e4a34379791ae2cf29,SDOC-5cf6ab3e139fd8a3a4c31e1f
2745,TECH,GENERAL / MULTIDISCIPLINE,DRAWING,ENGINEERING DRAWING,2745-NN-0002,"LOWER ZAKUM – LTDP-1 START UP HEAD DETAILS FOR 18"" PIPELINES FOR WHT-2 & ZWSC(RP1)",,,,DATA/TECH/2745-DOCUMENT REGISTER-REV-4-.xlsx,Drawings,10,INCLUDE,,REV-07f14185d90cc2f3b1c1bd30,SDOC-dff3de1ede2d031bad3dbd97
2745,TECH,GENERAL / MULTIDISCIPLINE,DRAWING,ENGINEERING DRAWING,2745-NN-0003,"LOWER ZAKUM – LTDP-1 START UP HEAD DETAILS FOR 20"" PIPELINES FOR WHT-2 & ZWSC(RP1)",,,,DATA/TECH/2745-DOCUMENT REGISTER-REV-4-.xlsx,Drawings,11,INCLUDE,,REV-f22e13b3349cc72704d3a42a,SDOC-a1d3d05412d2225a059eb7e5
2745,TECH,GENERAL / MULTIDISCIPLINE,DRAWING,ENGINEERING DRAWING,2745-NN-0004,"LOWER ZAKUM – LTDP-1 START UP HEAD DETAILS FOR 24"" PIPELINES FOR ZCSC CRP & RP1",,,,DATA/TECH/2745-DOCUMENT REGISTER-REV-4-.xlsx,Drawings,12,INCLUDE,,REV-cf5e525cc5e31d8e8fd3e14c,SDOC-9c6268abec4c67ffbffea24d
2745,TECH,GENERAL / MULTIDISCIPLINE,DRAWING,ENGINEERING DRAWING,2745-NN-0005,"LOWER ZAKUM – LTDP-1 LAYDOWN HEAD DETAILS FOR 16"" PIPELINES FOR WHT-2 & WHT-3",,,,DATA/TECH/2745-DOCUMENT REGISTER-REV-4-.xlsx,Drawings,13,INCLUDE,,REV-8c72bd5b797d544cdf870f6f,SDOC-40de4143992c130ca3464415
2745,TECH,GENERAL / MULTIDISCIPLINE,DRAWING,ENGINEERING DRAWING,2745-NN-0006,"LOWER ZAKUM – LTDP-1 LAYDOWN HEAD DETAILS FOR 18"" PIPELINES FOR ZWSC(RP1) & WHT-2",,,,DATA/TECH/2745-DOCUMENT REGISTER-REV-4-.xlsx,Drawings,14,INCLUDE,,REV-b19aa85bc021399618779e5a,SDOC-e7a4c2dcff7738c3fb0450fe
2745,TECH,GENERAL / MULTIDISCIPLINE,DRAWING,ENGINEERING DRAWING,2745-NN-0007,"LOWER ZAKUM – LTDP-1 LAYDOWN HEAD DETAILS FOR 20"" PIPELINES FOR WHT-2 & ZWSC(RP1)",,,,DATA/TECH/2745-DOCUMENT REGISTER-REV-4-.xlsx,Drawings,15,INCLUDE,,REV-33f99a6131fe69ad453d73ce,SDOC-1390d60440d1d6cae3018953
2745,TECH,GENERAL / MULTIDISCIPLINE,DRAWING,ENGINEERING DRAWING,2745-NN-0008,"LOWER ZAKUM – LTDP-1 LAYDOWN HEAD DETAILS FOR 24"" PIPELINES FOR ZCSC CRP & ZWSC(RP1)",,,,DATA/TECH/2745-DOCUMENT REGISTER-REV-4-.xlsx,Drawings,16,INCLUDE,,REV-1403627752c660017764bea0,SDOC-41fefd9f6e399d3d67162ee0
2745,TECH,GENERAL / MULTIDISCIPLINE,DRAWING,ENGINEERING DRAWING,2745-NN-0009,"LOWER ZAKUM – LTDP-1 EMERGENCY LAYDOWN HEAD DETAILS FOR 16"" PIPELINES FOR WHT-2 & WHT-3",,,,DATA/TECH/2745-DOCUMENT REGISTER-REV-4-.xlsx,Drawings,17,INCLUDE,,REV-5342b8ac9802758169213f75,SDOC-7f9f9229775da4293b25bc9a
2745,TECH,GENERAL / MULTIDISCIPLINE,DRAWING,ENGINEERING DRAWING,2745-NN-0010,"LOWER ZAKUM – LTDP-1 EMERGENCY LAYDOWN HEAD DETAILS FOR 18"" PIPELINES FOR ZWSC(RP1)  & WHT-2",,,,DATA/TECH/2745-DOCUMENT REGISTER-REV-4-.xlsx,Drawings,18,INCLUDE,,REV-d262083c612d592416b87447,SDOC-8e2c2644c4b8cf8b775615a2
2745,TECH,GENERAL / MULTIDISCIPLINE,DRAWING,ENGINEERING DRAWING,2745-NN-0011,"LOWER ZAKUM – LTDP-1 EMERGENCY LAYDOWN HEAD DETAILS FOR 20"" PIPELINES FOR WHT-2 & ZWSC(RP1)",,,,DATA/TECH/2745-DOCUMENT REGISTER-REV-4-.xlsx,Drawings,19,INCLUDE,,REV-5d5f00e0db9a54c1c69447cd,SDOC-5186110d12cfb09470e981ae
2745,TECH,GENERAL / MULTIDISCIPLINE,DRAWING,ENGINEERING DRAWING,2745-NN-0012,"LOWER ZAKUM – LTDP-1 EMERGENCY LAYDOWN HEAD DETAILS FOR 24"" PIPELINES FOR ZCSC CRP & ZWSC(RP1)",,,,DATA/TECH/2745-DOCUMENT REGISTER-REV-4-.xlsx,Drawings,20,INCLUDE,,REV-2bb2d2d1f1fdf6bc9b21e4e4,SDOC-efc4186761416c43dd3a9e01
2745,TECH,GENERAL / MULTIDISCIPLINE,DRAWING,ENGINEERING DRAWING,2745-NN-0044,"LOWER ZAKUM – LTDP-1 TEMPORARY PIG LAUNCHER/ RECEVIER FOR 16"" PIPELINES WHT-2 & WHT-3",,,,DATA/TECH/2745-DOCUMENT REGISTER-REV-4-.xlsx,Drawings,25,INCLUDE,,REV-5e7de6b0bc2b0d710cb47dfa,SDOC-949972e0df639de614611a6a
2745,TECH,GENERAL / MULTIDISCIPLINE,DRAWING,ENGINEERING DRAWING,2745-NN-0045,"LOWER ZAKUM – LTDP-1 TEMPORARY PIG LAUNCHER/ RECEVIER FOR 18"" PIPELINES FOR ZWSC(RP1) & WHT-2",,,,DATA/TECH/2745-DOCUMENT REGISTER-REV-4-.xlsx,Drawings,26,INCLUDE,,REV-471d621202528ab52f45e614,SDOC-611a5555aa929c9a7c2f1ff6
2745,TECH,GENERAL / MULTIDISCIPLINE,DRAWING,ENGINEERING DRAWING,2745-NN-0046,"LOWER ZAKUM – LTDP-1 TEMPORARY PIG LAUNCHER/ RECEVIER FOR 20"" PIPELINES FOR WHT-2 & ZWSC(RP1)",,,,DATA/TECH/2745-DOCUMENT REGISTER-REV-4-.xlsx,Drawings,27,INCLUDE,,REV-e54101c998a3d4695ac7e0e1,SDOC-10c013cad41e8b7d5f6e8c73
2745,TECH,GENERAL / MULTIDISCIPLINE,DRAWING,ENGINEERING DRAWING,2745-NN-0047,"LOWER ZAKUM – LTDP-1 TEMPORARY PIG LAUNCHER/ RECEVIER FOR 24"" PIPELINES FOR ZCSC CRP & ZWSC(RP1)",,,,DATA/TECH/2745-DOCUMENT REGISTER-REV-4-.xlsx,Drawings,28,INCLUDE,,REV-720eefaec4bfde0bf52e73c9,SDOC-7db7dc3ce4811a29780c4cd6
2745,TECH,GENERAL / MULTIDISCIPLINE,DRAWING,ENGINEERING DRAWING,2745-NN-0021,LOWER ZAKUM – LTDP-1  LIFTING & INSTALLATION OF J-TUBE BY SAFEEN PEARL AT WHT-ZK-11,1,2025-10-24,,DATA/TECH/2745-DOCUMENT REGISTER-REV-4-.xlsx,Drawings,29,INCLUDE,,REV-7a5d69fad22feae539c63e46,SDOC-594a1aaae24b469e2dc37d2a
2745,TECH,GENERAL / MULTIDISCIPLINE,DRAWING,ENGINEERING DRAWING,2745-NN-0022,LOWER ZAKUM – LTDP-1 LIFTING & INSTALLATION OF J-TUBE BY SAFEEN PEARL AT WHT-ZK-235,1,2025-10-25,,DATA/TECH/2745-DOCUMENT REGISTER-REV-4-.xlsx,Drawings,30,INCLUDE,,REV-0efa63ea73ed7ea950d1eb18,SDOC-c53053871b385a142b3afca2
2745,TECH,GENERAL / MULTIDISCIPLINE,DRAWING,ENGINEERING DRAWING,2745-NN-0023,LOWER ZAKUM – LTDP-1 LIFTING & INSTALLATION OF J-TUBE CLAMPS BY SAFEEN PEARL AT WHT-ZK-235,1,2025-10-24,,DATA/TECH/2745-DOCUMENT REGISTER-REV-4-.xlsx,Drawings,31,INCLUDE,,REV-e4ad7d5909d699a6ec5e467b,SDOC-0b1a985dc94d296cc5209803
2745,TECH,GENERAL / MULTIDISCIPLINE,DRAWING,ENGINEERING DRAWING,2745-NN-0024,LOWER ZAKUM – LTDP-1 LIFTING & INSTALLATION OF J-TUBE CLAMPS BY SAFEEN PEARL AT WHT-ZK-11,1,2025-10-25,,DATA/TECH/2745-DOCUMENT REGISTER-REV-4-.xlsx,Drawings,32,INCLUDE,,REV-80dc478cf26d44568590edd6,SDOC-6a1289df60c7c129e793c391
2745,TECH,GENERAL / MULTIDISCIPLINE,DRAWING,ENGINEERING DRAWING,2745-NN-0025,LOWER ZAKUM – LTDP-1 LIFTING & INSTALLATION OF J-TUBE AT ZK-288,,,,DATA/TECH/2745-DOCUMENT REGISTER-REV-4-.xlsx,Drawings,33,INCLUDE,,REV-ca49aa20a960158ffd3cbcce,SDOC-317cd5effd7a348fc31dfe9b
2745,TECH,GENERAL / MULTIDISCIPLINE,DRAWING,ENGINEERING DRAWING,2745-NN-0026,LOWER ZAKUM – LTDP-1 LIFTING & INSTALLATION OF J-TUBE CLAMPS AT ZK-288,,,,DATA/TECH/2745-DOCUMENT REGISTER-REV-4-.xlsx,Drawings,34,INCLUDE,,REV-94933e7cb3ead7371d3ea6bd,SDOC-a29bbfc71b7bf9574d096218
2745,TECH,GENERAL / MULTIDISCIPLINE,DRAWING,ENGINEERING DRAWING,2745-NN-0048,LOWER ZAKUM – LTDP-1 LIFTING & INSTALLATION OF RISER CLAMPS AT WHT-2,,,,DATA/TECH/2745-DOCUMENT REGISTER-REV-4-.xlsx,Drawings,35,INCLUDE,,REV-abb050ea7739cae806d58243,SDOC-9482f92a14f39b1eb5da831e
2745,TECH,GENERAL / MULTIDISCIPLINE,DRAWING,ENGINEERING DRAWING,2745-NN-0028,LOWER ZAKUM – LIFTING & INSTALLATION OF RISER CLAMPS AT WHT-3,,,,DATA/TECH/2745-DOCUMENT REGISTER-REV-4-.xlsx,Drawings,36,INCLUDE,,REV-607c3ee3ff9da7dc85aed1ad,SDOC-142758282d036d2841f1d1f9
2745,TECH,GENERAL / MULTIDISCIPLINE,DRAWING,ENGINEERING DRAWING,2745-NN-0013,LOWER ZAKUM – LTDP-1 TYPICAL LIFTING AND INSTALLATION OF CONCRETE SLEEPER FOR ZWSC (PDP-GPF-II) ZCSC (PDP),,,,DATA/TECH/2745-DOCUMENT REGISTER-REV-4-.xlsx,Drawings,37,INCLUDE,,REV-3f436313afbc36cf218e9640,SDOC-274fb756a77a077ad54315c4
2745,TECH,GENERAL / MULTIDISCIPLINE,DRAWING,ENGINEERING DRAWING,2745-NN-0014,LOWER ZAKUM – LTDP-1 TYPICAL LIFTING OF CONCRETE MATTRESS FOR ZWSC (PDP-GPF-II) ZCSC (PDP),,,,DATA/TECH/2745-DOCUMENT REGISTER-REV-4-.xlsx,Drawings,38,INCLUDE,,REV-de38a29714d9dbccdb02b122,SDOC-25053e156c4fb5416a50ffd5
2745,TECH,GENERAL / MULTIDISCIPLINE,DRAWING,ENGINEERING DRAWING,2745-NN-0031,"LOWER ZAKUM – LTDP-1 STALK ON RISER INSTALLATION FOR 16"" WI PL - WHT2",,,,DATA/TECH/2745-DOCUMENT REGISTER-REV-4-.xlsx,Drawings,39,INCLUDE,,REV-e540900887bda6fa946a8004,SDOC-dffd8db8a208cbd181c5ec81
2745,TECH,GENERAL / MULTIDISCIPLINE,DRAWING,ENGINEERING DRAWING,2745-NN-0032,"LOWER ZAKUM – LTDP-1 STALK ON RISER INSTALLATION FOR 16"" WI PL - WHT3",,,,DATA/TECH/2745-DOCUMENT REGISTER-REV-4-.xlsx,Drawings,40,INCLUDE,,REV-9be5ea3771d3d87d53efacfa,SDOC-abd87125fba40c6e41f29190
2745,TECH,GENERAL / MULTIDISCIPLINE,DRAWING,ENGINEERING DRAWING,2745-NN-0033,"LOWER ZAKUM – LTDP-1 STALK ON RISER INSTALLATION FOR 16"" OIL PL - WHT2",,,,DATA/TECH/2745-DOCUMENT REGISTER-REV-4-.xlsx,Drawings,41,INCLUDE,,REV-22be72901fbfd5584da921f1,SDOC-cd2a642970062f6f9014aa18
2745,TECH,GENERAL / MULTIDISCIPLINE,DRAWING,ENGINEERING DRAWING,2745-NN-0034,"LOWER ZAKUM – LTDP-1 STALK ON RISER INSTALLATION FOR 16"" OIL PL - WHT 3",,,,DATA/TECH/2745-DOCUMENT REGISTER-REV-4-.xlsx,Drawings,42,INCLUDE,,REV-836ec2bbb75090d7b854c3c3,SDOC-abf990564c83e7aa9b1619ab
2745,TECH,GENERAL / MULTIDISCIPLINE,DRAWING,ENGINEERING DRAWING,2745-NN-0019,"LOWER ZAKUM – LTDP-1 TEMPORARY KNEE BRACE DETAILS FOR RISER/SPOOL LIFTING OF 16""",,,,DATA/TECH/2745-DOCUMENT REGISTER-REV-4-.xlsx,Drawings,43,INCLUDE,,REV-e454af67a27cf04cd1948e68,SDOC-1a22b8798eae73857c482f3e
2745,TECH,GENERAL / MULTIDISCIPLINE,DRAWING,ENGINEERING DRAWING,2745-NN-0020,"LOWER ZAKUM – LTDP-1 TEMPORARY KNEE BRACE DETAILS FOR RISER/SPOOL LIFTING OF 18""",,,,DATA/TECH/2745-DOCUMENT REGISTER-REV-4-.xlsx,Drawings,44,INCLUDE,,REV-f434098eaef2d35b4075dce8,SDOC-48e3b1988458a55bc559e5aa
2745,TECH,GENERAL / MULTIDISCIPLINE,DRAWING,ENGINEERING DRAWING,2745-NN-0021,"LOWER ZAKUM – LTDP-1 TEMPORARY KNEE BRACE DETAILS FOR RISER/SPOOL LIFTING OF 20""",,,,DATA/TECH/2745-DOCUMENT REGISTER-REV-4-.xlsx,Drawings,45,INCLUDE,,REV-08fdd06bae309a781c450ba7,SDOC-594a1aaae24b469e2dc37d2a
2745,TECH,GENERAL / MULTIDISCIPLINE,DRAWING,ENGINEERING DRAWING,2745-NN-0022,"LOWER ZAKUM – LTDP-1 TEMPORARY KNEE BRACE DETAILS FOR RISER/SPOOL LIFTING OF 24""",,,,DATA/TECH/2745-DOCUMENT REGISTER-REV-4-.xlsx,Drawings,46,INCLUDE,,REV-3e6403da3b35e5b5ee364fa2,SDOC-c53053871b385a142b3afca2
2745,TECH,GENERAL / MULTIDISCIPLINE,DRAWING,ENGINEERING DRAWING,2745-NN-0023,LOWER ZAKUM – LTDP-1 LOADING ARRANGEMENT & SEAFASTENING DETAILS OF CC PIPES  (TRIP-1) FOR WHT-2 & WHT-3,,,,DATA/TECH/2745-DOCUMENT REGISTER-REV-4-.xlsx,Drawings,47,INCLUDE,,REV-8738b80797acd18f84e65f02,SDOC-0b1a985dc94d296cc5209803
2745,TECH,GENERAL / MULTIDISCIPLINE,DRAWING,ENGINEERING DRAWING,2745-NN-0024,LOWER ZAKUM – LTDP-1 LOADING ARRANGEMENT & SEAFASTENING DETAILS OF CC PIPES  (TRIP-2),,,,DATA/TECH/2745-DOCUMENT REGISTER-REV-4-.xlsx,Drawings,48,INCLUDE,,REV-617ee3b3ed1872da4fc775b6,SDOC-6a1289df60c7c129e793c391
2745,TECH,GENERAL / MULTIDISCIPLINE,DRAWING,ENGINEERING DRAWING,2745-NN-0027,LOWER ZAKUM – LTDP-1 LOADING ARRANGEMENT & SEAFASTENING DETAILS OF CC PIPES  (TRIP-5),,,,DATA/TECH/2745-DOCUMENT REGISTER-REV-4-.xlsx,Drawings,51,INCLUDE,,REV-da95491305daf5e8db8d0835,SDOC-1b74a0eff600004737c8aa57
2745,TECH,GENERAL / MULTIDISCIPLINE,DRAWING,ENGINEERING DRAWING,2745-NN-0029,LOWER ZAKUM – LTDP-1 LOADING ARRANGEMENT & SEAFASTENING DETAILS OF CC PIPES  (TRIP-7),,,,DATA/TECH/2745-DOCUMENT REGISTER-REV-4-.xlsx,Drawings,53,INCLUDE,,REV-ccd52893bf7a4a6e5e024e70,SDOC-412ec85282f20a2977d4ea1f
2745,TECH,GENERAL / MULTIDISCIPLINE,DRAWING,ENGINEERING DRAWING,2745-NN-0034,LOWER ZAKUM – LTDP-1 LOADING ARRANGEMENT AND SEAFASTENING DETAILS OF CONCRETE SLEEPERS ON PRESTIGE-282 CB (TRIP-2),1,2025-11-09,,DATA/TECH/2745-DOCUMENT REGISTER-REV-4-.xlsx,Drawings,55,INCLUDE,,REV-b47159ba709fe4190300a5eb,SDOC-abf990564c83e7aa9b1619ab
2745,TECH,GENERAL / MULTIDISCIPLINE,DRAWING,ENGINEERING DRAWING,2745-NN-0035,LOWER ZAKUM – LTDP-1 LOADING ARRANGMENT & SEAFASTENING DETAILS OF CONCRETE SLEEPERS  ON PRESTIGE-281 CB (TRIP-3),1,2025-11-19,,DATA/TECH/2745-DOCUMENT REGISTER-REV-4-.xlsx,Drawings,56,INCLUDE,,REV-dbdfc77b1c618c54d7bf0d8b,SDOC-6fa2e01873d4e8e1fcacf0dd
2745,TECH,GENERAL / MULTIDISCIPLINE,DRAWING,ENGINEERING DRAWING,2745-NN-0036,LOADING ARRANGEMENT AND SEAFASTENING DETAILS OF CONCRETE SLEEPERS ON PRESTIGE-282 CB (TRIP-4),,,,DATA/TECH/2745-DOCUMENT REGISTER-REV-4-.xlsx,Drawings,57,INCLUDE,,REV-1d68c939e89b94efb483653d,SDOC-019d5d5a7b41175281b7618c
2745,TECH,GENERAL / MULTIDISCIPLINE,DRAWING,ENGINEERING DRAWING,2745-NN-0037,LOWER ZAKUM – LTDP-1 LOADING ARRANGMENT & SEAFASTENING DETAILS OF CONCRETE SLEEPERS & MATTRESSES (TRIP-5),,,,DATA/TECH/2745-DOCUMENT REGISTER-REV-4-.xlsx,Drawings,58,INCLUDE,,REV-f54805c7bac1078013cff778,SDOC-15808f5e2d3a895943432c08
2745,TECH,GENERAL / MULTIDISCIPLINE,DRAWING,ENGINEERING DRAWING,2745-NN-0038,LOWER ZAKUM – LTDP-1 LOADING ARRANGMENT & SEAFASTENING DETAILS OF CONCRETE SLEEPERS & MATTRESSES (TRIP-6),,,,DATA/TECH/2745-DOCUMENT REGISTER-REV-4-.xlsx,Drawings,59,INCLUDE,,REV-37f51983dab65ed6189b6c85,SDOC-6ea78b90be10f13a346b5d5c
2745,TECH,GENERAL / MULTIDISCIPLINE,DRAWING,ENGINEERING DRAWING,2745-NN-0052,"LOWER ZAKUM – LTDP-1 LOADING ARRANGMENT & SEAFASTENING DETAILS OF SUBSEA SPOOLS, JTUBES & RISERS (TRIP-1)",,,,DATA/TECH/2745-DOCUMENT REGISTER-REV-4-.xlsx,Drawings,60,INCLUDE,,REV-4f34095d581f51d339e93d32,SDOC-4798b2c67b055adafe2ee331
2745,TECH,GENERAL / MULTIDISCIPLINE,DRAWING,ENGINEERING DRAWING,2745-NN-0053,"LOWER ZAKUM – LTDP-1 LOADING ARRANGMENT & SEAFASTENING DETAILS OF SUBSEA SPOOLS, JTUBES & RISERS (TRIP-2)",,,,DATA/TECH/2745-DOCUMENT REGISTER-REV-4-.xlsx,Drawings,61,INCLUDE,,REV-c6490caf911160ba30d01c36,SDOC-7eaedfca2ffe1293d6774460
2745,TECH,GENERAL / MULTIDISCIPLINE,DRAWING,ENGINEERING DRAWING,2745-NN-0054,"LOWER ZAKUM – LTDP-1 LOADING ARRANGMENT & SEAFASTENING DETAILS OF SUBSEA SPOOLS, JTUBES & RISERS (TRIP-3)",,,,DATA/TECH/2745-DOCUMENT REGISTER-REV-4-.xlsx,Drawings,62,INCLUDE,,REV-b4ddde92c40e16e79cf4c4ee,SDOC-7074f37a1794e5381f30b568
2745,TECH,GENERAL / MULTIDISCIPLINE,DRAWING,ENGINEERING DRAWING,2745-NN-0055,LOWER ZAKUM – LTDP-1 ANODE DEMOLITION AND OFFLODING ARRANGEMENT AT ZK-235,1,2025-07-29,,DATA/TECH/2745-DOCUMENT REGISTER-REV-4-.xlsx,Drawings,63,INCLUDE,,REV-68485caa943c2a1e5013701f,SDOC-25c3e2867bb3e4a6f0864199
2745,TECH,GENERAL / MULTIDISCIPLINE,DRAWING,ENGINEERING DRAWING,2745-NN-0055,LOWER ZAKUM – LTDP-1 ANODE DEMOLITION AND OFFLODING ARRANGEMENT AT ZK-235,2,2025-10-13,,DATA/TECH/2745-DOCUMENT REGISTER-REV-4-.xlsx,Drawings,64,INCLUDE,,REV-7c890dd5ef88cb5d41ed1759,SDOC-25c3e2867bb3e4a6f0864199
2745,TECH,GENERAL / MULTIDISCIPLINE,DRAWING,ENGINEERING DRAWING,2745-NN-0056,LOWER ZAKUM – LTDP-1 TYPICAL LIFTING AND INSTALLATION ARRANGEMENT FOR CONCRETE SLEEPERS (USING MP-02) FOR ZWSC (PDP-GPF-II) ZCSC (PDP),1,2025-08-04,,DATA/TECH/2745-DOCUMENT REGISTER-REV-4-.xlsx,Drawings,65,INCLUDE,,REV-d9680852131eea3b1505cbfe,SDOC-ef7ecfec6afe81a56397a7da
2745,TECH,GENERAL / MULTIDISCIPLINE,DRAWING,ENGINEERING DRAWING,2745-NN-0057,LOWER ZAKUM – LTDP-1 TYPICAL LIFTING AND INSTALLATION ARRANGEMENT FOR MATTRESSES USING MP-02  FOR ZWSC (PDP-GPF-II) ZCSC (PDP),1,2025-07-31,,DATA/TECH/2745-DOCUMENT REGISTER-REV-4-.xlsx,Drawings,66,INCLUDE,,REV-629701c0614589d6a4cd66ef,SDOC-e1cf2f8c085985aa92f30673
2745,TECH,GENERAL / MULTIDISCIPLINE,DRAWING,ENGINEERING DRAWING,2745-NN-0058,"LOWER ZAKUM – LTDP-1 LOADING ARRANGEMENT AND SEAFASTENING DETAILS OF CONCRETE SLEEPERS ON PRESTIGE-281 CB FOR WHT-2, WHT-3",1,2025-10-04,,DATA/TECH/2745-DOCUMENT REGISTER-REV-4-.xlsx,Drawings,67,INCLUDE,,REV-8310245e4e3c9a7436b5b9ea,SDOC-89825788d038e46884511d47
2745,TECH,GENERAL / MULTIDISCIPLINE,DRAWING,ENGINEERING DRAWING,2745-NN-0059,LOWER ZAKUM – LTDP-1 TYPICAL LIFTING AND INSTALLATION OF CONCRETE MATTRESS (USING MP-01) FOR ZWSC (PDP-GPF-II) ZCSC (PDP),1,2025-10-30,,DATA/TECH/2745-DOCUMENT REGISTER-REV-4-.xlsx,Drawings,68,INCLUDE,,REV-86e4c5175884688d4a0e3ad0,SDOC-74453e0eb65b7e52e78629fd
2745,TECH,GENERAL / MULTIDISCIPLINE,DRAWING,ENGINEERING DRAWING,2745-NN-0060,LOWER ZAKUM – LTDP-1 TYPICAL LIFTING AND INSTALLATION OF CONCRETE SLEEPERS (USING MP-01) FOR ZWSC (PDP-GPF-II) ZCSC (PDP),1,2025-10-09,3,DATA/TECH/2745-DOCUMENT REGISTER-REV-4-.xlsx,Drawings,69,INCLUDE,,REV-9adc4d97ea6a4e82fe8c93f9,SDOC-6e02daffd9c77e6710c134af
2745,TECH,GENERAL / MULTIDISCIPLINE,DRAWING,ENGINEERING DRAWING,2745-NN-0060,LOWER ZAKUM – LTDP-1 TYPICAL LIFTING AND INSTALLATION OF CONCRETE SLEEPERS (USING MP-01) FOR ZWSC (PDP-GPF-II) ZCSC (PDP),2,2025-11-05,,DATA/TECH/2745-DOCUMENT REGISTER-REV-4-.xlsx,Drawings,70,INCLUDE,,REV-8a7afd9670cc02834535983e,SDOC-6e02daffd9c77e6710c134af
2745,TECH,GENERAL / MULTIDISCIPLINE,DRAWING,ENGINEERING DRAWING,2745-NN-0061,"OWER ZAKUM – LTDP-1 STALK ON RISER INSTALLATION FOR 18"" WI PL - WHT2",,,,DATA/TECH/2745-DOCUMENT REGISTER-REV-4-.xlsx,Drawings,71,INCLUDE,,REV-cb69e582adfecfb416a1fcc2,SDOC-1692e4805e69068b1740b18c
2745,TECH,GENERAL / MULTIDISCIPLINE,DRAWING,ENGINEERING DRAWING,2745-NN-0062,LOWER ZAKUM - WHT-ZK-288 LIFTING & INSTALLATION OF J-TUBE BY MP-01 (SHT. 1 TO 5),1,2025-10-28,,DATA/TECH/2745-DOCUMENT REGISTER-REV-4-.xlsx,Drawings,72,INCLUDE,,REV-db672466068745538338ae5e,SDOC-3c888b6f5915226369aa3709
2745,TECH,GENERAL / MULTIDISCIPLINE,DRAWING,ENGINEERING DRAWING,2745-NN-0063,LOWER ZAKUM - WHT-ZK-288 LIFTING & INSTALLATION OF J-TUBE CLAMPS BY MP-01 (SHT. 1 TO 3),1,2025-10-28,,DATA/TECH/2745-DOCUMENT REGISTER-REV-4-.xlsx,Drawings,73,INCLUDE,,REV-e7c0c6a89dec7dae7fa8f1a8,SDOC-373ff6563fae1374a28408ca
2745,TECH,GENERAL / MULTIDISCIPLINE,DRAWING,ENGINEERING DRAWING,2745-NN-0064,"LOWER ZAKUM – LTDP-1 STALK ON RISER INSTALLATION FOR 18"" WI PL - ZWSC RP1",1,2025-11-03,,DATA/TECH/2745-DOCUMENT REGISTER-REV-4-.xlsx,Drawings,74,INCLUDE,,REV-875b5c1059f96efbd44a1b27,SDOC-0810aa87a0b456e15b59c63a
2745,TECH,GENERAL / MULTIDISCIPLINE,DRAWING,ENGINEERING DRAWING,2745-NN-0064,TYPICAL LIFTING AND INSTALLATION OF SANDBAGS USING MP-01,REMARKS,,,DATA/TECH/2745-DOCUMENT REGISTER-REV-4-.xlsx,Drawings,75,INCLUDE,,REV-ded673d17c42365df418e8b6,SDOC-0810aa87a0b456e15b59c63a
2745,TECH,GENERAL / MULTIDISCIPLINE,DRAWING,ENGINEERING DRAWING,2745-NN-0065,"LOWER ZAKUM – LTDP-1 STALK ON RISER INSTALLATION FOR 20"" OIL PL - WHT2",,,,DATA/TECH/2745-DOCUMENT REGISTER-REV-4-.xlsx,Drawings,76,INCLUDE,,REV-146dfc728619bcba1a3596d1,SDOC-3b7a4e7df1f4c07291fe3bdb
2745,TECH,GENERAL / MULTIDISCIPLINE,DRAWING,ENGINEERING DRAWING,2745-NN-0066,"LOWER ZAKUM – LTDP-1 STALK ON RISER INSTALLATION FOR 20"" OIL PL - ZWSC RP1",,,,DATA/TECH/2745-DOCUMENT REGISTER-REV-4-.xlsx,Drawings,77,INCLUDE,,REV-5c2c97d988ab4c64b5ed751c,SDOC-45720e55c5eaa7bd43b3641f
2745,TECH,GENERAL / MULTIDISCIPLINE,DRAWING,ENGINEERING DRAWING,2745-NN-0067,"LOWER ZAKUM – LTDP-1 STALK ON RISER INSTALLATION FOR 24"" OIL PL - ZCSC CSP",,,,DATA/TECH/2745-DOCUMENT REGISTER-REV-4-.xlsx,Drawings,78,INCLUDE,,REV-4ace78893042a38587d41eab,SDOC-19207ea35feb6e3d0837db41
2745,TECH,GENERAL / MULTIDISCIPLINE,DRAWING,ENGINEERING DRAWING,2745-NN-0068,"LOWER ZAKUM – LTDP-1 STALK ON RISER INSTALLATION FOR 24"" OIL PL - ZWSC RP1",,,,DATA/TECH/2745-DOCUMENT REGISTER-REV-4-.xlsx,Drawings,79,INCLUDE,,REV-59e8407c72fd818005772ce2,SDOC-e00b1d5acee90faf87bb7788
2745,TECH,GENERAL / MULTIDISCIPLINE,SKETCH,ENGINEERING SKETCH,OFO-P2745-SK-T-001,TEMPORARY HANG OFF CLAMP FOR 89.9DIA CABLE,,,,DATA/TECH/2745-DOCUMENT REGISTER-REV-4-.xlsx,Sketch ,5,INCLUDE,,REV-7633882848d26c086bd7ad7a,SDOC-375f85dc7328a053703cca70
2745,TECH,GENERAL / MULTIDISCIPLINE,SKETCH,ENGINEERING SKETCH,OFO-P2745-SK-T-002,TYPICAL CABLE PULLING ARRANGEMENT AT WHT ZK-235,,2025-05-21,,DATA/TECH/2745-DOCUMENT REGISTER-REV-4-.xlsx,Sketch ,6,INCLUDE,,REV-316320336e4a147b399e74df,SDOC-b250d5a5046fd4bd3b1fe866
2745,TECH,GENERAL / MULTIDISCIPLINE,SKETCH,ENGINEERING SKETCH,OFO-P2745-SK-T-003,TYPICAL CABLE PULLING ARRANGEMENT AT WHT ZK-288,,,,DATA/TECH/2745-DOCUMENT REGISTER-REV-4-.xlsx,Sketch ,7,INCLUDE,,REV-64e83ed7788faf36e0cd765e,SDOC-178b7c57f8924a4adb8d3c44
2745,TECH,GENERAL / MULTIDISCIPLINE,SKETCH,ENGINEERING SKETCH,OFO-P2745-SK-T-004,TYPICAL CABLE PULLING ARRANGEMENT AT WHT-2,,2025-05-21,,DATA/TECH/2745-DOCUMENT REGISTER-REV-4-.xlsx,Sketch ,8,INCLUDE,,REV-6ad835769cb70fcd42ffddfb,SDOC-54de0d643151be663aa45fc0
2745,TECH,GENERAL / MULTIDISCIPLINE,SKETCH,ENGINEERING SKETCH,OFO-P2745-SK-T-005,TYPICAL CABLE PULLING ARRANGEMENT AT WHT-3,,,,DATA/TECH/2745-DOCUMENT REGISTER-REV-4-.xlsx,Sketch ,9,INCLUDE,,REV-cc27455a63d0b7f57ee7a729,SDOC-5e4cafa075affb10bbe3143f
2745,TECH,GENERAL / MULTIDISCIPLINE,SKETCH,ENGINEERING SKETCH,OFO-P2745-SK-T-006,TYPICAL CABLE PULLING ARRANGEMENT AT WHT ZK-11,,,,DATA/TECH/2745-DOCUMENT REGISTER-REV-4-.xlsx,Sketch ,10,INCLUDE,,REV-9e2d65612d368f35c8e0565a,SDOC-71f55341a114c77350ca5cbc
2745,TECH,GENERAL / MULTIDISCIPLINE,SKETCH,ENGINEERING SKETCH,OFO-P2745-SK-T-007,TYPICAL LIFTING AND INSTALLATION OF FLEXIBLE MATTRESSES BY AL MARYAH FOR CABLE CROSSING LOCATIONS,C,,,DATA/TECH/2745-DOCUMENT REGISTER-REV-4-.xlsx,Sketch ,11,INCLUDE,,REV-e17406a6c22e25ca471e96bc,SDOC-0f99d83fb533a104f4fdc3a4
2745,TECH,GENERAL / MULTIDISCIPLINE,SKETCH,ENGINEERING SKETCH,OFO-P2745-SK-T-008,SAFEEN PEARL CABLE LAYOUT ARRANGEMENT,A,,,DATA/TECH/2745-DOCUMENT REGISTER-REV-4-.xlsx,Sketch ,12,INCLUDE,,REV-73d4c73840362a0120551d94,SDOC-b249332115a3c65bc0e48427
2745,TECH,GENERAL / MULTIDISCIPLINE,SKETCH,ENGINEERING SKETCH,OFO-P2745-SK-T-009,STORAGE QUADRANT 1.5M RADIUS FOR 14’’ J-TUBE,A,,,DATA/TECH/2745-DOCUMENT REGISTER-REV-4-.xlsx,Sketch ,13,INCLUDE,,REV-14a7e53087b42d429149290a,SDOC-72d56fcfde6bbb6a6a5a2395
2745,TECH,GENERAL / MULTIDISCIPLINE,SKETCH,ENGINEERING SKETCH,OFO-P2745-SK-T-010,DETAILS OF STANCHION SUPPORT AND STOPPER BEAM ON  PRESTIGE-282 CB,"B, 3",,,DATA/TECH/2745-DOCUMENT REGISTER-REV-4-.xlsx,Sketch ,14,INCLUDE,,REV-1e31d0937e8191124f2d18a6,SDOC-9ed8f6291f784b35c90eec6c
2745,TECH,GENERAL / MULTIDISCIPLINE,SKETCH,ENGINEERING SKETCH,OFO-P2745-SK-T-011,A-FRAME ARRANGEMENT FOR CABLE PULLING IN WHT-2,A,,,DATA/TECH/2745-DOCUMENT REGISTER-REV-4-.xlsx,Sketch ,15,INCLUDE,,REV-bef91745c4663927b89aa1d6,SDOC-134116f8ee33d4c216f8428e
2745,TECH,GENERAL / MULTIDISCIPLINE,SKETCH,ENGINEERING SKETCH,OFO-P2745-SK-T-012,A-FRAME ARRANGEMENT FOR CABLE PULLING IN WHT-3,A,,,DATA/TECH/2745-DOCUMENT REGISTER-REV-4-.xlsx,Sketch ,16,INCLUDE,,REV-3fedf740aae10c6b5b76560f,SDOC-437934922ded2dfaf60dc75b
2745,TECH,GENERAL / MULTIDISCIPLINE,SKETCH,ENGINEERING SKETCH,OFO-P2745-SK-T-013,TYPICAL CABLE STORAGE ARRANGEMENT ON WALKWAY,A,,,DATA/TECH/2745-DOCUMENT REGISTER-REV-4-.xlsx,Sketch ,17,INCLUDE,,REV-83917c3b2cf044d442db39ba,SDOC-d8c47c6ba7fb39293d815b87
2745,TECH,GENERAL / MULTIDISCIPLINE,SKETCH,ENGINEERING SKETCH,OFO-P2745-SK-T-014,"DECK LAYOUT OF MP-01 WITH CONCRETE MATTRESS, J-TUBE & CLAMPS",,,,DATA/TECH/2745-DOCUMENT REGISTER-REV-4-.xlsx,Sketch ,18,INCLUDE,,REV-46adb4fe17f87b0fb90ae5ad,SDOC-97d9a900697e37d9004385fb
2745,TECH,COMMISSIONING,PROCEDURE,OPERATIONAL TEST PROCEDURE,8405-BH0091-100-0001,"OTP for BH-03 to Arzanah 16"" Gas Producer Sebsea Pipeline",A01,,,DATA/TECH/2745-PP-GE-001-MDR Rev_2.xlsx,COMMISSION  - List of OTP ,16,INCLUDE,,REV-3e91afd1451c9d77c67acb74,SDOC-fabe10d7fb13f2d1837b2781
2745,TECH,COMMISSIONING,PROCEDURE,OPERATIONAL TEST PROCEDURE,8405-HB0101-110-0001,OTP for Wellhead Control Panel (WHCP) & Wellheads,A01,,,DATA/TECH/2745-PP-GE-001-MDR Rev_2.xlsx,COMMISSION  - List of OTP ,17,INCLUDE,,REV-41eda3f3f02400800c0ac7d1,SDOC-01c23f72389397bd633cdea6
2745,TECH,COMMISSIONING,PROCEDURE,OPERATIONAL TEST PROCEDURE,8405-BH0101-401-0001,OTP for Production Manifold & MPFM,A01,,,DATA/TECH/2745-PP-GE-001-MDR Rev_2.xlsx,COMMISSION  - List of OTP ,19,INCLUDE,,REV-365f369b4dba20799b9fba7a,SDOC-760b4b23e13136cc6ca080d7
2745,TECH,COMMISSIONING,PROCEDURE,OPERATIONAL TEST PROCEDURE,8405-BH0101-501-0001,OTP for Nitrogen Distribution,A01,,,DATA/TECH/2745-PP-GE-001-MDR Rev_2.xlsx,COMMISSION  - List of OTP ,20,INCLUDE,,REV-13538fb745e333a565f72e5e,SDOC-f7e7511f3f81eb8590f9c922
2745,TECH,COMMISSIONING,PROCEDURE,OPERATIONAL TEST PROCEDURE,8405-BH0101-502-0001,OTP for Chemical Injection,A01,,,DATA/TECH/2745-PP-GE-001-MDR Rev_2.xlsx,COMMISSION  - List of OTP ,21,INCLUDE,,REV-1478af4f27e1f9cea363439d,SDOC-11ff14b9cbb85da8ec9401ea
2745,TECH,COMMISSIONING,PROCEDURE,OPERATIONAL TEST PROCEDURE,8405-BH0101-511-0001,OTP for Hazardous Open Drains,A01,,,DATA/TECH/2745-PP-GE-001-MDR Rev_2.xlsx,COMMISSION  - List of OTP ,22,INCLUDE,,REV-0d9a1fab789f7a44f28593ac,SDOC-74d4ecafd6c08c12aec0fac0
2745,TECH,COMMISSIONING,PROCEDURE,OPERATIONAL TEST PROCEDURE,8405-BH0101-512-0001,OTP for Closed Drains,A01,,,DATA/TECH/2745-PP-GE-001-MDR Rev_2.xlsx,COMMISSION  - List of OTP ,23,INCLUDE,,REV-16c9d403cbc103ee9cdb3340,SDOC-7b3b492e8768df700c8dee1a
2745,TECH,COMMISSIONING,PROCEDURE,OPERATIONAL TEST PROCEDURE,8405-BH0101-601-0001,OTP for DCS System,A01,,,DATA/TECH/2745-PP-GE-001-MDR Rev_2.xlsx,COMMISSION  - List of OTP ,24,INCLUDE,,REV-5d5e1dd88a818f5f0e923ad9,SDOC-15a4ab6644fed2a4c50e5283
2745,TECH,COMMISSIONING,PROCEDURE,OPERATIONAL TEST PROCEDURE,8405-BH0101-602-0001,OTP for ESD System and Cause & Effect,A01,,,DATA/TECH/2745-PP-GE-001-MDR Rev_2.xlsx,COMMISSION  - List of OTP ,25,INCLUDE,,REV-5e184034272d543fbfb06bc0,SDOC-2204318cc3c1c7c17fc5e079
2745,TECH,COMMISSIONING,PROCEDURE,OPERATIONAL TEST PROCEDURE,8405-BH0101-603-0001,OTP for F&G System and Cause & Effect,A01,,,DATA/TECH/2745-PP-GE-001-MDR Rev_2.xlsx,COMMISSION  - List of OTP ,26,INCLUDE,,REV-dbd581430482d93cbd1ecb6d,SDOC-148963a2ca2df4400ec617b0
2745,TECH,COMMISSIONING,PROCEDURE,OPERATIONAL TEST PROCEDURE,8405-BH0101-620-0001,OTP for HIPPS System,A01,,,DATA/TECH/2745-PP-GE-001-MDR Rev_2.xlsx,COMMISSION  - List of OTP ,27,INCLUDE,,REV-9cbac2242bced289f5fde75b,SDOC-4539bc767af6b44f7f72f6f4
2745,TECH,COMMISSIONING,PROCEDURE,OPERATIONAL TEST PROCEDURE,8405-BH0101-652-0001,OTP for Telephone & Tetra System,A01,,,DATA/TECH/2745-PP-GE-001-MDR Rev_2.xlsx,COMMISSION  - List of OTP ,28,INCLUDE,,REV-ae409793a93c412af2ee8e30,SDOC-2b1e1ee2db39b48ede593853
2745,TECH,COMMISSIONING,PROCEDURE,OPERATIONAL TEST PROCEDURE,8405-BH0101-653-0001,OTP for CCTV System,A01,,,DATA/TECH/2745-PP-GE-001-MDR Rev_2.xlsx,COMMISSION  - List of OTP ,29,INCLUDE,,REV-6329e1e50d8c0f378f4fdf1f,SDOC-12bdc69ae3522fe8dd52678e
2745,TECH,COMMISSIONING,PROCEDURE,OPERATIONAL TEST PROCEDURE,8405-BH0101-701-0001,OTP for Firefighting System,A01,,,DATA/TECH/2745-PP-GE-001-MDR Rev_2.xlsx,COMMISSION  - List of OTP ,30,INCLUDE,,REV-6a8e77a6c39ec8c9aa6c9f43,SDOC-ca96a111691408754c290485
2745,TECH,COMMISSIONING,PROCEDURE,OPERATIONAL TEST PROCEDURE,8405-BH0091-800-0001,OTP for BH-03 to Arzanah Subsea Umbilical,A01,,,DATA/TECH/2745-PP-GE-001-MDR Rev_2.xlsx,COMMISSION  - List of OTP ,31,INCLUDE,,REV-04c1176158b296bb9961e307,SDOC-4c8ce7e5b81aed0ab005b57e
2745,TECH,COMMISSIONING,PROCEDURE,OPERATIONAL TEST PROCEDURE,8405-BH0101-820-0001,OTP for 6.6 KV Ring Main Unit,A01,,,DATA/TECH/2745-PP-GE-001-MDR Rev_2.xlsx,COMMISSION  - List of OTP ,34,INCLUDE,,REV-bdd0761661755a948be55ec6,SDOC-ed12e1da8acc7ce4b73038db
2745,TECH,COMMISSIONING,PROCEDURE,OPERATIONAL TEST PROCEDURE,8405-BH0101-821-0001,OTP for 6.6 KV / 433 V Transformer,A01,,,DATA/TECH/2745-PP-GE-001-MDR Rev_2.xlsx,COMMISSION  - List of OTP ,35,INCLUDE,,REV-2dd98243aec8a2c598313cc2,SDOC-028b46860c5d62dce89883a6
2745,TECH,COMMISSIONING,PROCEDURE,OPERATIONAL TEST PROCEDURE,8405-BH0101-830-0001,OTP for 415 V Switchboard & Small Power,A01,,,DATA/TECH/2745-PP-GE-001-MDR Rev_2.xlsx,COMMISSION  - List of OTP ,36,INCLUDE,,REV-53e963e5df6c8199dbe720d1,SDOC-cc581a585f5e07bb5132f508
2745,TECH,COMMISSIONING,PROCEDURE,OPERATIONAL TEST PROCEDURE,8405-BH0101-840-0001,OTP for 24 V DC UPS,A01,,,DATA/TECH/2745-PP-GE-001-MDR Rev_2.xlsx,COMMISSION  - List of OTP ,37,INCLUDE,,REV-2ef000530bb1df551580fd8f,SDOC-1a4c57cc52691b8f12e38c34
2745,TECH,COMMISSIONING,PROCEDURE,OPERATIONAL TEST PROCEDURE,8405-BH0101-850-0001,OTP for Electrical Control & Monitoring System (ECMS),A01,,,DATA/TECH/2745-PP-GE-001-MDR Rev_2.xlsx,COMMISSION  - List of OTP ,38,INCLUDE,,REV-c0d71286d543b800e313b6ab,SDOC-f89a38778d56de602dbf1f36
2745,TECH,COMMISSIONING,PROCEDURE,OPERATIONAL TEST PROCEDURE,8405-BH0101-860-0001,OTP for Navaids System,A01,,,DATA/TECH/2745-PP-GE-001-MDR Rev_2.xlsx,COMMISSION  - List of OTP ,39,INCLUDE,,REV-99290cb912191af1663a2949,SDOC-619bccae5f306e503a051533
2745,TECH,COMMISSIONING,PROCEDURE,OPERATIONAL TEST PROCEDURE,8405-BH0101-861-0001,OTP for Bird Deterrent System,A01,,,DATA/TECH/2745-PP-GE-001-MDR Rev_2.xlsx,COMMISSION  - List of OTP ,40,INCLUDE,,REV-b036f5e00cd8474c714fd444,SDOC-35a48a121e06871f1491a875
2745,TECH,COMMISSIONING,PROCEDURE,OPERATIONAL TEST PROCEDURE,OTPs - PLATFORM : HD-03,OTPs - PLATFORM : HD-03,OTPs - PLATFORM : HD-03,,,DATA/TECH/2745-PP-GE-001-MDR Rev_2.xlsx,COMMISSION  - List of OTP ,41,INCLUDE,,REV-0fa5185d1a208db88128f523,SDOC-1c7e96fbad9849d5b29ddca0
2745,TECH,COMMISSIONING,PROCEDURE,OPERATIONAL TEST PROCEDURE,8405-HD0091-100-0001,"OTP for HD-03 to HD-T4 12"" Gas Producer Sebsea Pipeline",A01,,,DATA/TECH/2745-PP-GE-001-MDR Rev_2.xlsx,COMMISSION  - List of OTP ,43,INCLUDE,,REV-e3e40356f2eab095bd73ec22,SDOC-f4664adf679998d8cc22dda5
2745,TECH,COMMISSIONING,PROCEDURE,OPERATIONAL TEST PROCEDURE,8405-HD0101-110-0001,OTP for Wellhead Control Panel (WHCP) & Wellheads,A01,,,DATA/TECH/2745-PP-GE-001-MDR Rev_2.xlsx,COMMISSION  - List of OTP ,44,INCLUDE,,REV-ba95f8069038ba69518a7790,SDOC-606a1c0616d02d141e8bdc25
2745,TECH,COMMISSIONING,PROCEDURE,OPERATIONAL TEST PROCEDURE,8405-HD0101-401-0001,OTP for Production Manifold & MPFM,A01,,,DATA/TECH/2745-PP-GE-001-MDR Rev_2.xlsx,COMMISSION  - List of OTP ,46,INCLUDE,,REV-f58711e8256bc55b4751ebe6,SDOC-f18eccdd2250a5cfa4ae1be4
2745,TECH,COMMISSIONING,PROCEDURE,OPERATIONAL TEST PROCEDURE,8405-HD0101-501-0001,OTP for Nitrogen Distribution,A01,,,DATA/TECH/2745-PP-GE-001-MDR Rev_2.xlsx,COMMISSION  - List of OTP ,47,INCLUDE,,REV-76aa2dfdf58301630a40f982,SDOC-62ef59ac6b10af8b0dece0ec
2745,TECH,COMMISSIONING,PROCEDURE,OPERATIONAL TEST PROCEDURE,8405-HD0101-502-0001,OTP for Chemical Injection,A01,,,DATA/TECH/2745-PP-GE-001-MDR Rev_2.xlsx,COMMISSION  - List of OTP ,48,INCLUDE,,REV-b5c839ee09f254db5fb36cd6,SDOC-a53a4e0d05f414299eb3dccf
2745,TECH,COMMISSIONING,PROCEDURE,OPERATIONAL TEST PROCEDURE,8405-HD0101-511-0001,OTP for Hazardous Open Drains,A01,,,DATA/TECH/2745-PP-GE-001-MDR Rev_2.xlsx,COMMISSION  - List of OTP ,49,INCLUDE,,REV-6226dbb872a66aa9a5548f42,SDOC-5f38f4a47cb2ca2b52896ea6
2745,TECH,COMMISSIONING,PROCEDURE,OPERATIONAL TEST PROCEDURE,8405-HD0101-512-0001,OTP for Closed Drains,A01,,,DATA/TECH/2745-PP-GE-001-MDR Rev_2.xlsx,COMMISSION  - List of OTP ,50,INCLUDE,,REV-80338281408b0fc80c73b230,SDOC-65253d8f2317578e19083b28
2745,TECH,COMMISSIONING,PROCEDURE,OPERATIONAL TEST PROCEDURE,8405-HD0101-601-0001,OTP for DCS System,A01,,,DATA/TECH/2745-PP-GE-001-MDR Rev_2.xlsx,COMMISSION  - List of OTP ,51,INCLUDE,,REV-4954d0529eedef56076bfff3,SDOC-407089070e63999fbd68671e
2745,TECH,COMMISSIONING,PROCEDURE,OPERATIONAL TEST PROCEDURE,8405-HD0101-602-0001,OTP for ESD System and Cause & Effect,A01,,,DATA/TECH/2745-PP-GE-001-MDR Rev_2.xlsx,COMMISSION  - List of OTP ,52,INCLUDE,,REV-09af754a866b50b39e5cf007,SDOC-20252a4837313f9c5b364874
2745,TECH,COMMISSIONING,PROCEDURE,OPERATIONAL TEST PROCEDURE,8405-HD0101-603-0001,OTP for F&G System and Cause & Effect,A01,,,DATA/TECH/2745-PP-GE-001-MDR Rev_2.xlsx,COMMISSION  - List of OTP ,53,INCLUDE,,REV-2fc49ee76bfaade1019578d5,SDOC-0065ac4cc1f5ec186fad4017
2745,TECH,COMMISSIONING,PROCEDURE,OPERATIONAL TEST PROCEDURE,8405-HD0101-620-0001,OTP for HIPPS System,A01,,,DATA/TECH/2745-PP-GE-001-MDR Rev_2.xlsx,COMMISSION  - List of OTP ,54,INCLUDE,,REV-1c30a7f89642c5f7b5ca50ef,SDOC-1f27526f19c2927eef8b2f2f
2745,TECH,COMMISSIONING,PROCEDURE,OPERATIONAL TEST PROCEDURE,8405-HD0101-652-0001,OTP for Telephone & Tetra System,A01,,,DATA/TECH/2745-PP-GE-001-MDR Rev_2.xlsx,COMMISSION  - List of OTP ,55,INCLUDE,,REV-ba7f6263a85df7f156c55b7c,SDOC-8254ddab0b95b7b9c462bcce
2745,TECH,COMMISSIONING,PROCEDURE,OPERATIONAL TEST PROCEDURE,8405-HD0101-653-0001,OTP for CCTV System,A01,,,DATA/TECH/2745-PP-GE-001-MDR Rev_2.xlsx,COMMISSION  - List of OTP ,56,INCLUDE,,REV-c8c1ff74db7a94e607250e0d,SDOC-4408246db92c9ff3c5a13e80
2745,TECH,COMMISSIONING,PROCEDURE,OPERATIONAL TEST PROCEDURE,8405-HD0101-701-0001,OTP for Firefighting System,A01,,,DATA/TECH/2745-PP-GE-001-MDR Rev_2.xlsx,COMMISSION  - List of OTP ,57,INCLUDE,,REV-57e2d9de1074b3f08bd21278,SDOC-15c5005026fbace15ac4f78a
2745,TECH,COMMISSIONING,PROCEDURE,OPERATIONAL TEST PROCEDURE,8405-HD0091-800-0001,OTP for HD-03 to HD-T4 Subsea Umbilical,A01,,,DATA/TECH/2745-PP-GE-001-MDR Rev_2.xlsx,COMMISSION  - List of OTP ,58,INCLUDE,,REV-b1baf14ab9e1f032d13b8674,SDOC-80f82cd649ec99af1118360c
2745,TECH,COMMISSIONING,PROCEDURE,OPERATIONAL TEST PROCEDURE,8405-HD0101-820-0001,OTP for 6.6 KV Ring Main Unit,A01,,,DATA/TECH/2745-PP-GE-001-MDR Rev_2.xlsx,COMMISSION  - List of OTP ,61,INCLUDE,,REV-acfb89b9b69138d1281e7ff4,SDOC-a22bb1e6bc0e3c231bce9a24
2745,TECH,COMMISSIONING,PROCEDURE,OPERATIONAL TEST PROCEDURE,8405-HD0101-821-0001,OTP for 6.6 KV / 433 V Transformer,A01,,,DATA/TECH/2745-PP-GE-001-MDR Rev_2.xlsx,COMMISSION  - List of OTP ,62,INCLUDE,,REV-574b01d3e326f68687a8ca71,SDOC-609deb1d39a43f84e322fefe
2745,TECH,COMMISSIONING,PROCEDURE,OPERATIONAL TEST PROCEDURE,8405-HD0101-830-0001,OTP for 415 V Switchboard & Small Power,A01,,,DATA/TECH/2745-PP-GE-001-MDR Rev_2.xlsx,COMMISSION  - List of OTP ,63,INCLUDE,,REV-5f19cdd274b065a9e0fc4c06,SDOC-01287bcd69586365f6012bef
2745,TECH,COMMISSIONING,PROCEDURE,OPERATIONAL TEST PROCEDURE,8405-HD0101-840-0001,OTP for 24 V DC UPS,A01,,,DATA/TECH/2745-PP-GE-001-MDR Rev_2.xlsx,COMMISSION  - List of OTP ,64,INCLUDE,,REV-b0a905c4c3ba76c8b84aed1d,SDOC-ad33eb4d42752de644e422c3
2745,TECH,COMMISSIONING,PROCEDURE,OPERATIONAL TEST PROCEDURE,8405-HD0101-850-0001,OTP for Electrical Control & Monitoring System (ECMS),A01,,,DATA/TECH/2745-PP-GE-001-MDR Rev_2.xlsx,COMMISSION  - List of OTP ,65,INCLUDE,,REV-a944b2dd50b120c2f48a8933,SDOC-8a488a2599bac5feebfc7827
2745,TECH,COMMISSIONING,PROCEDURE,OPERATIONAL TEST PROCEDURE,8405-HD0101-860-0001,OTP for Navaids System,A01,,,DATA/TECH/2745-PP-GE-001-MDR Rev_2.xlsx,COMMISSION  - List of OTP ,66,INCLUDE,,REV-55fa902e0c542f724486a170,SDOC-6ca944b59e56e336f08a7dba
2745,TECH,COMMISSIONING,PROCEDURE,OPERATIONAL TEST PROCEDURE,8405-HD0101-861-0001,OTP for Bird Deterrent System,A01,,,DATA/TECH/2745-PP-GE-001-MDR Rev_2.xlsx,COMMISSION  - List of OTP ,67,INCLUDE,,REV-206be7a2da2aab6dc0e4b22d,SDOC-ef6623505556233b2e838c23
2745,TECH,COMMISSIONING,PROCEDURE,OPERATIONAL TEST PROCEDURE,OTPs - PLATFORM : HD-T4,OTPs - PLATFORM : HD-T4,OTPs - PLATFORM : HD-T4,,,DATA/TECH/2745-PP-GE-001-MDR Rev_2.xlsx,COMMISSION  - List of OTP ,68,INCLUDE,,REV-7e981727e40ad503464eaf3e,SDOC-10258e7ee4db5c206542f7a6
2745,TECH,COMMISSIONING,PROCEDURE,OPERATIONAL TEST PROCEDURE,8405-HD0091-101-0001,"OTP for HD-T4 to Arzanah 16"" Gas Producer Sebsea Pipeline",A01,,,DATA/TECH/2745-PP-GE-001-MDR Rev_2.xlsx,COMMISSION  - List of OTP ,70,INCLUDE,,REV-13024efccb3e4ebecfbc9882,SDOC-f60bd880a8e0a4c4d181c5e0
2745,TECH,COMMISSIONING,PROCEDURE,OPERATIONAL TEST PROCEDURE,8405-HD0201-110-0001,OTP for Wellhead Control Panel (WHCP) & Wellheads,A01,,,DATA/TECH/2745-PP-GE-001-MDR Rev_2.xlsx,COMMISSION  - List of OTP ,71,INCLUDE,,REV-ba5dbffd816c73f259a43f2c,SDOC-89f3e44ebcd31ebc4bb1fcab
2745,TECH,COMMISSIONING,PROCEDURE,OPERATIONAL TEST PROCEDURE,8405-HD0201-401-0001,OTP for Production Manifold & MPFM,A01,,,DATA/TECH/2745-PP-GE-001-MDR Rev_2.xlsx,COMMISSION  - List of OTP ,73,INCLUDE,,REV-93229639ae890d595d77fd89,SDOC-eb230b9e739a1d0a3b9b8ecf
2745,TECH,COMMISSIONING,PROCEDURE,OPERATIONAL TEST PROCEDURE,8405-HD0201-501-0001,OTP for Nitrogen Distribution,A01,,,DATA/TECH/2745-PP-GE-001-MDR Rev_2.xlsx,COMMISSION  - List of OTP ,74,INCLUDE,,REV-dac1e0fe38a15ec7f1fc17f0,SDOC-1efdc04aad43f44d3f1f0bdf
2745,TECH,COMMISSIONING,PROCEDURE,OPERATIONAL TEST PROCEDURE,8405-HD0201-502-0001,OTP for Chemical Injection,A01,,,DATA/TECH/2745-PP-GE-001-MDR Rev_2.xlsx,COMMISSION  - List of OTP ,75,INCLUDE,,REV-2528316307abf6280f88cde7,SDOC-ed4f30fe4f6e2b95037608f6
2745,TECH,COMMISSIONING,PROCEDURE,OPERATIONAL TEST PROCEDURE,8405-HD0201-511-0001,OTP for Hazardous Open Drains,A01,,,DATA/TECH/2745-PP-GE-001-MDR Rev_2.xlsx,COMMISSION  - List of OTP ,76,INCLUDE,,REV-7ae2488926fef6818b63eee8,SDOC-3f9768ed0711e12f1582cdf5
2745,TECH,COMMISSIONING,PROCEDURE,OPERATIONAL TEST PROCEDURE,8405-HD0201-512-0001,OTP for Closed Drains,A01,,,DATA/TECH/2745-PP-GE-001-MDR Rev_2.xlsx,COMMISSION  - List of OTP ,77,INCLUDE,,REV-ce13d47674e7ff726f0c08ac,SDOC-4a06f57dca325069fa6b9ce0
2745,TECH,COMMISSIONING,PROCEDURE,OPERATIONAL TEST PROCEDURE,8405-HD0201-601-0001,OTP for DCS System,A01,,,DATA/TECH/2745-PP-GE-001-MDR Rev_2.xlsx,COMMISSION  - List of OTP ,78,INCLUDE,,REV-b479bc525adda67fedbd9213,SDOC-bd52a8c6b4c191153cfa9b9f
2745,TECH,COMMISSIONING,PROCEDURE,OPERATIONAL TEST PROCEDURE,8405-HD0201-602-0001,OTP for ESD System and Cause & Effect,A01,,,DATA/TECH/2745-PP-GE-001-MDR Rev_2.xlsx,COMMISSION  - List of OTP ,79,INCLUDE,,REV-a3ffdcdde614a8f3b80d7377,SDOC-6d3c90a96f1517471adb467f
2745,TECH,COMMISSIONING,PROCEDURE,OPERATIONAL TEST PROCEDURE,8405-HD0201-603-0001,OTP for F&G System and Cause & Effect,A01,,,DATA/TECH/2745-PP-GE-001-MDR Rev_2.xlsx,COMMISSION  - List of OTP ,80,INCLUDE,,REV-4e6724aa54a0e829c63e2c83,SDOC-cd4f2f4ceb42c221f2010ecf
2745,TECH,COMMISSIONING,PROCEDURE,OPERATIONAL TEST PROCEDURE,8405-HD0201-620-0001,OTP for HIPPS System,A01,,,DATA/TECH/2745-PP-GE-001-MDR Rev_2.xlsx,COMMISSION  - List of OTP ,81,INCLUDE,,REV-96786e671e74f5b8989770ad,SDOC-7bc1c38b33ed789ff9d58a75
2745,TECH,COMMISSIONING,PROCEDURE,OPERATIONAL TEST PROCEDURE,8405-HD0201-652-0001,OTP for Telephone & Tetra System,A01,,,DATA/TECH/2745-PP-GE-001-MDR Rev_2.xlsx,COMMISSION  - List of OTP ,82,INCLUDE,,REV-41999ee9827ffb9075759e93,SDOC-edb62e3e77af78271f20dd6f
2745,TECH,COMMISSIONING,PROCEDURE,OPERATIONAL TEST PROCEDURE,8405-HD0201-653-0001,OTP for CCTV System,A01,,,DATA/TECH/2745-PP-GE-001-MDR Rev_2.xlsx,COMMISSION  - List of OTP ,83,INCLUDE,,REV-5ee4d3edf9a62563865e146f,SDOC-2c7abaf6776673eab27a73cf
2745,TECH,COMMISSIONING,PROCEDURE,OPERATIONAL TEST PROCEDURE,8405-HD0201-701-0001,OTP for Firefighting System,A01,,,DATA/TECH/2745-PP-GE-001-MDR Rev_2.xlsx,COMMISSION  - List of OTP ,84,INCLUDE,,REV-a5a4547f3feef74e48e3f2e6,SDOC-b0b548222f72ee2f51fb18db
2745,TECH,COMMISSIONING,PROCEDURE,OPERATIONAL TEST PROCEDURE,8405-HD0091-801-0001,OTP for HD-T4 to Arzanah Subsea Umbilical,A01,,,DATA/TECH/2745-PP-GE-001-MDR Rev_2.xlsx,COMMISSION  - List of OTP ,85,INCLUDE,,REV-ddbf05bcd0b0fa3b5f15caf4,SDOC-e0d6668121e20b5525f8eba4
2745,TECH,COMMISSIONING,PROCEDURE,OPERATIONAL TEST PROCEDURE,8405-HD0201-820-0001,OTP for 6.6 KV Ring Main Unit,A01,,,DATA/TECH/2745-PP-GE-001-MDR Rev_2.xlsx,COMMISSION  - List of OTP ,88,INCLUDE,,REV-5bf80949da7563c93ff56896,SDOC-e1d1eacd4f8e785ab3cb0ee7
2745,TECH,COMMISSIONING,PROCEDURE,OPERATIONAL TEST PROCEDURE,8405-HD0201-821-0001,OTP for 6.6 KV / 433 V Transformer,A01,,,DATA/TECH/2745-PP-GE-001-MDR Rev_2.xlsx,COMMISSION  - List of OTP ,89,INCLUDE,,REV-229b9791ab9c8fcb10eedd51,SDOC-4c12e8a61fefc6f2103b0e79
2745,TECH,COMMISSIONING,PROCEDURE,OPERATIONAL TEST PROCEDURE,8405-HD0201-830-0001,OTP for 415 V Switchboard & Small Power,A01,,,DATA/TECH/2745-PP-GE-001-MDR Rev_2.xlsx,COMMISSION  - List of OTP ,90,INCLUDE,,REV-dafa01e5bf1296eab38f82c2,SDOC-ed4bf6d85072a86c389d4084
2745,TECH,COMMISSIONING,PROCEDURE,OPERATIONAL TEST PROCEDURE,8405-HD0201-840-0001,OTP for 24 V DC UPS,A01,,,DATA/TECH/2745-PP-GE-001-MDR Rev_2.xlsx,COMMISSION  - List of OTP ,91,INCLUDE,,REV-0dc6d1339ac8db3af8945dc6,SDOC-8e57772e37caefcbaae453b1
2745,TECH,COMMISSIONING,PROCEDURE,OPERATIONAL TEST PROCEDURE,8405-HD0201-850-0001,OTP for Electrical Control & Monitoring System (ECMS),A01,,,DATA/TECH/2745-PP-GE-001-MDR Rev_2.xlsx,COMMISSION  - List of OTP ,92,INCLUDE,,REV-2570bb3bd6e0bc5cedb78f69,SDOC-8c4dc3e9fff73c765b1e16d2
2745,TECH,COMMISSIONING,PROCEDURE,OPERATIONAL TEST PROCEDURE,8405-HD0201-860-0001,OTP for Navaids System,A01,,,DATA/TECH/2745-PP-GE-001-MDR Rev_2.xlsx,COMMISSION  - List of OTP ,93,INCLUDE,,REV-23b746fbcbc67e2bdbe0a065,SDOC-fa9d71c6f1339471b475bb73
2745,TECH,COMMISSIONING,PROCEDURE,OPERATIONAL TEST PROCEDURE,8405-HD0201-861-0001,OTP for Bird Deterrent System,A01,,,DATA/TECH/2745-PP-GE-001-MDR Rev_2.xlsx,COMMISSION  - List of OTP ,94,INCLUDE,,REV-f2bbfce0b0ddb693e6b113a4,SDOC-05c9575ea03328947fba6a4a
2745,TECH,COMMISSIONING,PROCEDURE,OPERATIONAL TEST PROCEDURE,OTPs - PLATFORM : SATAH WHP-10,OTPs - PLATFORM : SATAH WHP-10,OTPs - PLATFORM : SATAH WHP-10,,,DATA/TECH/2745-PP-GE-001-MDR Rev_2.xlsx,COMMISSION  - List of OTP ,95,INCLUDE,,REV-e0daf9ab905a00f031f0ab86,SDOC-7c99ea0592ed5a2443f6ba02
2745,TECH,COMMISSIONING,PROCEDURE,OPERATIONAL TEST PROCEDURE,8405-ST0091-100-0001,"OTP for WHP10 to Arzanah 16"" Gas Producer Sebsea Pipeline",A01,,,DATA/TECH/2745-PP-GE-001-MDR Rev_2.xlsx,COMMISSION  - List of OTP ,97,INCLUDE,,REV-4c78ffd66b52c2611127a9ac,SDOC-de6fa8bf5f40b79e0043d020
2745,TECH,COMMISSIONING,PROCEDURE,OPERATIONAL TEST PROCEDURE,8405-ST0101-110-0001,OTP for Wellhead Control Panel (WHCP) & Wellheads,A01,,,DATA/TECH/2745-PP-GE-001-MDR Rev_2.xlsx,COMMISSION  - List of OTP ,98,INCLUDE,,REV-4d00e9dd8224f3767cb66eb1,SDOC-544ebdfc738a924be1079cce
2745,TECH,COMMISSIONING,PROCEDURE,OPERATIONAL TEST PROCEDURE,8405-ST0101-401-0001,OTP for Production Manifold & MPFM,A01,,,DATA/TECH/2745-PP-GE-001-MDR Rev_2.xlsx,COMMISSION  - List of OTP ,100,INCLUDE,,REV-4d2decd7c98992a0a5d862e5,SDOC-d10fea6e55677cb89626ea19
2745,TECH,COMMISSIONING,PROCEDURE,OPERATIONAL TEST PROCEDURE,8405-ST0101-501-0001,OTP for Nitrogen Distribution,A01,,,DATA/TECH/2745-PP-GE-001-MDR Rev_2.xlsx,COMMISSION  - List of OTP ,101,INCLUDE,,REV-8553cac5459855ed740059e4,SDOC-8ef9a10c55b5bb591e29a700
2745,TECH,COMMISSIONING,PROCEDURE,OPERATIONAL TEST PROCEDURE,8405-ST0101-502-0001,OTP for Chemical Injection,A01,,,DATA/TECH/2745-PP-GE-001-MDR Rev_2.xlsx,COMMISSION  - List of OTP ,102,INCLUDE,,REV-f54ccad7cf53db73841a3b63,SDOC-f7792a0fa3ce3eeb31a05cc8
2745,TECH,COMMISSIONING,PROCEDURE,OPERATIONAL TEST PROCEDURE,8405-ST0101-511-0001,OTP for Hazardous Open Drains,A01,,,DATA/TECH/2745-PP-GE-001-MDR Rev_2.xlsx,COMMISSION  - List of OTP ,103,INCLUDE,,REV-736aa5aa6ecd2728d03ffe86,SDOC-4c1d84332b05123e3c24416d
2745,TECH,COMMISSIONING,PROCEDURE,OPERATIONAL TEST PROCEDURE,8405-ST0101-512-0001,OTP for Closed Drains,A01,,,DATA/TECH/2745-PP-GE-001-MDR Rev_2.xlsx,COMMISSION  - List of OTP ,104,INCLUDE,,REV-f22c023c254c1a21250ba11a,SDOC-3bba5b796a322046508cab87
2745,TECH,COMMISSIONING,PROCEDURE,OPERATIONAL TEST PROCEDURE,8405-ST0101-601-0001,OTP for DCS System,A01,,,DATA/TECH/2745-PP-GE-001-MDR Rev_2.xlsx,COMMISSION  - List of OTP ,105,INCLUDE,,REV-c62c3f1bbf90abf6a7ad51d6,SDOC-4b9c2a25105c869833138e36
2745,TECH,COMMISSIONING,PROCEDURE,OPERATIONAL TEST PROCEDURE,8405-ST0101-602-0001,OTP for ESD System and Cause & Effect,A01,,,DATA/TECH/2745-PP-GE-001-MDR Rev_2.xlsx,COMMISSION  - List of OTP ,106,INCLUDE,,REV-b6dcbc5e1ab3e448c9cbd3f0,SDOC-6f167f6fb509c91bc31ef252
2745,TECH,COMMISSIONING,PROCEDURE,OPERATIONAL TEST PROCEDURE,8405-ST0101-603-0001,OTP for F&G System and Cause & Effect,A01,,,DATA/TECH/2745-PP-GE-001-MDR Rev_2.xlsx,COMMISSION  - List of OTP ,107,INCLUDE,,REV-31fc15eee6c036e34ec266ff,SDOC-e572c5e805611a477371a8a9
2745,TECH,COMMISSIONING,PROCEDURE,OPERATIONAL TEST PROCEDURE,8405-ST0101-620-0001,OTP for HIPPS System,A01,,,DATA/TECH/2745-PP-GE-001-MDR Rev_2.xlsx,COMMISSION  - List of OTP ,108,INCLUDE,,REV-abb0448d827d25aedabec6fd,SDOC-eb6bf204cf0a4ca83ddf14f2
2745,TECH,COMMISSIONING,PROCEDURE,OPERATIONAL TEST PROCEDURE,8405-ST0101-652-0001,OTP for Telephone & Tetra System,A01,,,DATA/TECH/2745-PP-GE-001-MDR Rev_2.xlsx,COMMISSION  - List of OTP ,109,INCLUDE,,REV-716e7d18a8587f2c4ca00ef3,SDOC-b5db335796e84246639c02dd
2745,TECH,COMMISSIONING,PROCEDURE,OPERATIONAL TEST PROCEDURE,8405-ST0101-653-0001,OTP for CCTV System,A01,,,DATA/TECH/2745-PP-GE-001-MDR Rev_2.xlsx,COMMISSION  - List of OTP ,110,INCLUDE,,REV-b0d1dbf8a45f0cb092f28c93,SDOC-05cd08db7774fd848e8b4c35
2745,TECH,COMMISSIONING,PROCEDURE,OPERATIONAL TEST PROCEDURE,8405-ST0101-701-0001,OTP for Firefighting System,A01,,,DATA/TECH/2745-PP-GE-001-MDR Rev_2.xlsx,COMMISSION  - List of OTP ,111,INCLUDE,,REV-26f25854e90a8afd3185508d,SDOC-9037d57c0bcd2091782ac7ec
2745,TECH,COMMISSIONING,PROCEDURE,OPERATIONAL TEST PROCEDURE,8405-ST0091-800-0001,OTP for BH-03 to Arzanah Subsea Umbilical,A01,,,DATA/TECH/2745-PP-GE-001-MDR Rev_2.xlsx,COMMISSION  - List of OTP ,112,INCLUDE,,REV-9b8e100ba345650620edf08c,SDOC-c124b21a02a02597f9bcfe9b
2745,TECH,COMMISSIONING,PROCEDURE,OPERATIONAL TEST PROCEDURE,8405-ST0101-820-0001,OTP for 6.6 KV Ring Main Unit,A01,,,DATA/TECH/2745-PP-GE-001-MDR Rev_2.xlsx,COMMISSION  - List of OTP ,115,INCLUDE,,REV-a032ccc93131128f2010cf12,SDOC-1125cedc546a3dc0f154fa3a
2745,TECH,COMMISSIONING,PROCEDURE,OPERATIONAL TEST PROCEDURE,8405-ST0101-821-0001,OTP for 6.6 KV / 433 V Transformer,A01,,,DATA/TECH/2745-PP-GE-001-MDR Rev_2.xlsx,COMMISSION  - List of OTP ,116,INCLUDE,,REV-4443deb6496fc2443ab731c3,SDOC-b82e05fa53dce5324495c378
2745,TECH,COMMISSIONING,PROCEDURE,OPERATIONAL TEST PROCEDURE,8405-ST0101-830-0001,OTP for 415 V Switchboard & Small Power,A01,,,DATA/TECH/2745-PP-GE-001-MDR Rev_2.xlsx,COMMISSION  - List of OTP ,117,INCLUDE,,REV-28068935739cdec63c6e3a6d,SDOC-751d699853f3b939acca319a
2745,TECH,COMMISSIONING,PROCEDURE,OPERATIONAL TEST PROCEDURE,8405-ST0101-840-0001,OTP for 24 V DC UPS,A01,,,DATA/TECH/2745-PP-GE-001-MDR Rev_2.xlsx,COMMISSION  - List of OTP ,118,INCLUDE,,REV-ac34e6ff237b34de23752aee,SDOC-39728ce5d88ab01cb2cb2a52
2745,TECH,COMMISSIONING,PROCEDURE,OPERATIONAL TEST PROCEDURE,8405-ST0101-850-0001,OTP for Electrical Control & Monitoring System (ECMS),A01,,,DATA/TECH/2745-PP-GE-001-MDR Rev_2.xlsx,COMMISSION  - List of OTP ,119,INCLUDE,,REV-0470137ced293e967165483f,SDOC-8e86e3d5ca34765ec77c2324
2745,TECH,COMMISSIONING,PROCEDURE,OPERATIONAL TEST PROCEDURE,8405-ST0101-860-0001,OTP for Navaids System,A01,,,DATA/TECH/2745-PP-GE-001-MDR Rev_2.xlsx,COMMISSION  - List of OTP ,120,INCLUDE,,REV-45a85013277033b2e469f39f,SDOC-c95e1822c6888b89e21c5f85
2745,TECH,COMMISSIONING,PROCEDURE,OPERATIONAL TEST PROCEDURE,8405-ST0101-861-0001,OTP for Bird Deterrent System,A01,,,DATA/TECH/2745-PP-GE-001-MDR Rev_2.xlsx,COMMISSION  - List of OTP ,121,INCLUDE,,REV-84d0b858d0087ca2a57a5ecc,SDOC-9a07be48eaec20bbb010fee1
2745,TECH,COMMISSIONING,PROCEDURE,OPERATIONAL TEST PROCEDURE,8405-KP3891-101-0001,"OTP for Arzanah to IGD-E 24"" Gas Export Sebsea Pipeline",A01,,,DATA/TECH/2745-PP-GE-001-MDR Rev_2.xlsx,COMMISSION  - List of OTP ,124,INCLUDE,,REV-51cf4482a2bec4d890b75f9a,SDOC-4fb580477b75a765038e3593
2745,TECH,COMMISSIONING,PROCEDURE,OPERATIONAL TEST PROCEDURE,8405-KP3801-402-0001,OTP for Export Gas Header & Receiver,A01,,,DATA/TECH/2745-PP-GE-001-MDR Rev_2.xlsx,COMMISSION  - List of OTP ,125,INCLUDE,,REV-11b805940a30f7ebaedd84eb,SDOC-f8897d487420128df5f81811
2745,TECH,COMMISSIONING,PROCEDURE,OPERATIONAL TEST PROCEDURE,8405-KP3801-511-0001,OTP for Hazardous Open Drains,A01,,,DATA/TECH/2745-PP-GE-001-MDR Rev_2.xlsx,COMMISSION  - List of OTP ,126,INCLUDE,,REV-83fbe0010c4f966adb062ad3,SDOC-2e58165100cca14d095bdc13
2745,TECH,COMMISSIONING,PROCEDURE,OPERATIONAL TEST PROCEDURE,8405-KP3801-512-0001,OTP for Closed Drains,A01,,,DATA/TECH/2745-PP-GE-001-MDR Rev_2.xlsx,COMMISSION  - List of OTP ,127,INCLUDE,,REV-09e7f7a7c8d25db1581aab9d,SDOC-4fc07e1a0c42ec1b56301c20
2745,TECH,COMMISSIONING,PROCEDURE,OPERATIONAL TEST PROCEDURE,8405-KP3801-601-0001,OTP for DCS System,A01,,,DATA/TECH/2745-PP-GE-001-MDR Rev_2.xlsx,COMMISSION  - List of OTP ,128,INCLUDE,,REV-c8f127a612e725244cc5cdb9,SDOC-05b5152369f9e79a537b3816
2745,TECH,COMMISSIONING,PROCEDURE,OPERATIONAL TEST PROCEDURE,8405-KP3801-602-0001,OTP for ESD System and Cause & Effect,A01,,,DATA/TECH/2745-PP-GE-001-MDR Rev_2.xlsx,COMMISSION  - List of OTP ,129,INCLUDE,,REV-ea8c3bd89cfdf0b118d17dbb,SDOC-8a625e9e952de62a57c99a5d
2745,TECH,COMMISSIONING,PROCEDURE,OPERATIONAL TEST PROCEDURE,8405-KP3801-603-0001,OTP for F&G System and Cause & Effect,A01,,,DATA/TECH/2745-PP-GE-001-MDR Rev_2.xlsx,COMMISSION  - List of OTP ,130,INCLUDE,,REV-dd425e63b913a7304267d9d5,SDOC-6273a6aeda98c5902a0dac2a
2745,TECH,COMMISSIONING,PROCEDURE,OPERATIONAL TEST PROCEDURE,8405-KP3801-611-0001,OTP for Hydraulic Pump Unit,A01,,,DATA/TECH/2745-PP-GE-001-MDR Rev_2.xlsx,COMMISSION  - List of OTP ,131,INCLUDE,,REV-4e118ad412a244b012d28ad3,SDOC-841b110bc74bc3ddc6f08bca
2745,TECH,COMMISSIONING,PROCEDURE,OPERATIONAL TEST PROCEDURE,8405-KP3801-652-0001,OTP for Telephone & Tetra System,A01,,,DATA/TECH/2745-PP-GE-001-MDR Rev_2.xlsx,COMMISSION  - List of OTP ,132,INCLUDE,,REV-a4ef4ab125593e9a91b90bd7,SDOC-2c53659f35a8eb222659dbf5
2745,TECH,COMMISSIONING,PROCEDURE,OPERATIONAL TEST PROCEDURE,8405-KP3801-653-0001,OTP for CCTV System,A01,,,DATA/TECH/2745-PP-GE-001-MDR Rev_2.xlsx,COMMISSION  - List of OTP ,133,INCLUDE,,REV-6a9f98792f946ef639c57117,SDOC-d2ba3b42589ad7159056834e
2745,TECH,COMMISSIONING,PROCEDURE,OPERATIONAL TEST PROCEDURE,8405-KP3801-701-0001,OTP for Firefighting System,A01,,,DATA/TECH/2745-PP-GE-001-MDR Rev_2.xlsx,COMMISSION  - List of OTP ,134,INCLUDE,,REV-4f8bb9d4c5cc83553c5760ae,SDOC-635e95097a10f05db3ea84b8
2745,TECH,COMMISSIONING,PROCEDURE,OPERATIONAL TEST PROCEDURE,8405-KP3891-800-0001,OTP for Arzanah to IGD-E Subsea Composite Cable,A01,,,DATA/TECH/2745-PP-GE-001-MDR Rev_2.xlsx,COMMISSION  - List of OTP ,135,INCLUDE,,REV-ce00bdf42338ed27b1806ad8,SDOC-037c4b401b3bf5b90f781bd7
2745,TECH,COMMISSIONING,PROCEDURE,OPERATIONAL TEST PROCEDURE,8405-KP3801-820-0001,OTP for 6.6 KV Ring Main Unit,A01,,,DATA/TECH/2745-PP-GE-001-MDR Rev_2.xlsx,COMMISSION  - List of OTP ,138,INCLUDE,,REV-a95e777cb7742cd7d1bf684a,SDOC-f267649d9aed6dc0a0a27e1a
2745,TECH,COMMISSIONING,PROCEDURE,OPERATIONAL TEST PROCEDURE,8405-KP3801-821-0001,OTP for 6.6 KV / 433 V Transformer,A01,,,DATA/TECH/2745-PP-GE-001-MDR Rev_2.xlsx,COMMISSION  - List of OTP ,139,INCLUDE,,REV-2529dd1e9b5ef065370e80ab,SDOC-9517afa0d0493a5ed5cbff46
2745,TECH,COMMISSIONING,PROCEDURE,OPERATIONAL TEST PROCEDURE,8405-KP3801-830-0001,OTP for 415 V Switchboard & Small Power,A01,,,DATA/TECH/2745-PP-GE-001-MDR Rev_2.xlsx,COMMISSION  - List of OTP ,140,INCLUDE,,REV-2d4a4a4005be475b21c2a7fc,SDOC-279014d5d8ccb134b2908b0c
2745,TECH,COMMISSIONING,PROCEDURE,OPERATIONAL TEST PROCEDURE,8405-KP3801-840-0001,OTP for 24 V DC UPS,A01,,,DATA/TECH/2745-PP-GE-001-MDR Rev_2.xlsx,COMMISSION  - List of OTP ,141,INCLUDE,,REV-64bd3b8d537c79cf152b3610,SDOC-9c8ea45839f2d978a113a93c
2745,TECH,COMMISSIONING,PROCEDURE,OPERATIONAL TEST PROCEDURE,8405-KP3801-850-0001,OTP for Electrical Control & Monitoring System (ECMS),A01,,,DATA/TECH/2745-PP-GE-001-MDR Rev_2.xlsx,COMMISSION  - List of OTP ,142,INCLUDE,,REV-782f0f32d5ba4d0a1f4fc7ec,SDOC-9166b3d22a000f7a2c35da51
2745,TECH,COMMISSIONING,PROCEDURE,OPERATIONAL TEST PROCEDURE,8405-KP3801-860-0001,OTP for Navaids System,A01,,,DATA/TECH/2745-PP-GE-001-MDR Rev_2.xlsx,COMMISSION  - List of OTP ,143,INCLUDE,,REV-53bc79a3e0012233ba93d7f5,SDOC-0dca8bcab4c5d57a0811686b
2745,TECH,COMMISSIONING,PROCEDURE,OPERATIONAL TEST PROCEDURE,8405-KP3801-861-0001,OTP for Bird Deterrent System,A01,,,DATA/TECH/2745-PP-GE-001-MDR Rev_2.xlsx,COMMISSION  - List of OTP ,144,INCLUDE,,REV-0bf56810cbaf120f4e548c24,SDOC-5f398eb9ac21c5a5221f13a9
2745,TECH,COMMISSIONING,PROCEDURE,OPERATIONAL TEST PROCEDURE,8405-CF0091-102-0001,"OTP for Arzanah to IGD-E 6"" Condensate Export Sebsea Pipeline",A01,,,DATA/TECH/2745-PP-GE-001-MDR Rev_2.xlsx,COMMISSION  - List of OTP ,147,INCLUDE,,REV-ecb766ff9365625bb4c0553c,SDOC-b76d1dd3b7eae69331d56e26
2745,TECH,GENERAL / MULTIDISCIPLINE,DRAWING,ENGINEERING DRAWING,8405-NN-0001,"SHOREPULL HEAD FOR PL-1( 16"" GAS-CONDENSTAE FROM SATAH WHP-10 TO ARZANAH ISLAND )",A01,,,DATA/TECH/2745-PP-GE-001-MDR Rev_2.xlsx,DRAWINGS,9,INCLUDE,,REV-307d1f1dc144064664db180b,SDOC-2cb3fb1ec5d9238fc36e3645
2745,TECH,GENERAL / MULTIDISCIPLINE,DRAWING,ENGINEERING DRAWING,8405-NN-0002,"SHOREPULL HEAD FOR PL-4  ( 18"" GAS-CONDENSTAE) FROM WHP BH-3 SATAH WHP-10 TO ARZANAH ISLAND",A01,,,DATA/TECH/2745-PP-GE-001-MDR Rev_2.xlsx,DRAWINGS,10,INCLUDE,,REV-6e8aa4de98ba54a417fca324,SDOC-850cda2918544ce80b8a24ed
2745,TECH,GENERAL / MULTIDISCIPLINE,DRAWING,ENGINEERING DRAWING,8405-NN-0003,"SHOREPULL HEAD FOR PL-6 (  ( 6"" EXPORT-CONDENSTAE & FOC PIGGY BACKED)",A01,,,DATA/TECH/2745-PP-GE-001-MDR Rev_2.xlsx,DRAWINGS,11,INCLUDE,,REV-fe514e9432bd9bfecb2bda13,SDOC-7639062a2ae814191fead087
2745,TECH,GENERAL / MULTIDISCIPLINE,DRAWING,ENGINEERING DRAWING,8405-NN-0004,"SHOREPULL HEAD FOR PL-5 ( 24"" EXPORT GAS ) FROM ARZANAH ISLAND TO IGD-E(AT KP-38)",A01,,,DATA/TECH/2745-PP-GE-001-MDR Rev_2.xlsx,DRAWINGS,12,INCLUDE,,REV-7f8b68d7efa2b232e8e33d23,SDOC-0500e1f77f012910686f1762
2745,TECH,GENERAL / MULTIDISCIPLINE,DRAWING,ENGINEERING DRAWING,8405-NN-0005,"SHOREPULL HEAD FOR PL-3 ( 18"" GAS-CONDENSTAE) FROM HD WHP-T4 TO ARZANAH ISLAND",A01,,,DATA/TECH/2745-PP-GE-001-MDR Rev_2.xlsx,DRAWINGS,13,INCLUDE,,REV-a652acc524808ea9016a5111,SDOC-6fc4841e98e59c9484fe190b
2745,TECH,GENERAL / MULTIDISCIPLINE,DRAWING,ENGINEERING DRAWING,8405-NN-0006,"SHORE PULL HEAD FOR 24"" CONDUIT",A01,,,DATA/TECH/2745-PP-GE-001-MDR Rev_2.xlsx,DRAWINGS,14,INCLUDE,,REV-1dc92d1544590ad1beb28ccd,SDOC-b110d3db3e4878b996863f05
2745,TECH,GENERAL / MULTIDISCIPLINE,DRAWING,ENGINEERING DRAWING,8405-NN-0007,"SHORE PULL HEAD FOR 16"" CONDUIT",A01,,,DATA/TECH/2745-PP-GE-001-MDR Rev_2.xlsx,DRAWINGS,15,INCLUDE,,REV-bf6ffcc68bd532b5f95b6fdf,SDOC-8bb2babc847d1644e12dac86
2745,TECH,GENERAL / MULTIDISCIPLINE,DRAWING,ENGINEERING DRAWING,8405-NN-0008,"LAYDOWN HEAD FOR PL-1 ( 16"" GAS-CONDENSTAE)",A01,,,DATA/TECH/2745-PP-GE-001-MDR Rev_2.xlsx,DRAWINGS,16,INCLUDE,,REV-72bea5c15445a66428ecc6c2,SDOC-8ac5c7b3c0f0b285aabd938b
2745,TECH,GENERAL / MULTIDISCIPLINE,DRAWING,ENGINEERING DRAWING,8405-NN-0009,"LAYDOWN HEAD FOR  PL-2 ( 14"" GAS-CONDENSTAE) FROM HD-3 TO HD WHP-T4",A01,,,DATA/TECH/2745-PP-GE-001-MDR Rev_2.xlsx,DRAWINGS,17,INCLUDE,,REV-f49b17669e7699ed846c2350,SDOC-fc5d5e4a732eed13496d9c84
2745,TECH,GENERAL / MULTIDISCIPLINE,DRAWING,ENGINEERING DRAWING,8405-NN-0010,"LAYDOWN HEAD FOR  PL-3 ( 18"" GAS-CONDENSTAE) FROM HD WHP-T4 TO ARZANAH ISLAND",A01,,,DATA/TECH/2745-PP-GE-001-MDR Rev_2.xlsx,DRAWINGS,18,INCLUDE,,REV-2de680fa4e030988a02cb0ec,SDOC-28bbfe1ff59c2a5ede202188
2745,TECH,GENERAL / MULTIDISCIPLINE,DRAWING,ENGINEERING DRAWING,8405-NN-0011,"LAYDOWN HEAD FOR   PL-4 ( 18"" GAS-CONDENSTAE) FROM WHP BH-3 SATAH WHP-10 TO ARZANAH ISLAND",A01,,,DATA/TECH/2745-PP-GE-001-MDR Rev_2.xlsx,DRAWINGS,19,INCLUDE,,REV-2066c33a4486a228ad2e131e,SDOC-b9005883106db1cfd6fc3004
2745,TECH,GENERAL / MULTIDISCIPLINE,DRAWING,ENGINEERING DRAWING,8405-NN-0012,"LAYDOWN HEAD FOR  PL-5 ( 24"" EXPORT GAS ) FROM ARZANAH ISLAND TO IGD-E(AT KP-38)",A01,,,DATA/TECH/2745-PP-GE-001-MDR Rev_2.xlsx,DRAWINGS,20,INCLUDE,,REV-fb5bd59b38b7684e49dc7eb3,SDOC-896c23434781bc0ce9431916
2745,TECH,GENERAL / MULTIDISCIPLINE,DRAWING,ENGINEERING DRAWING,8405-NN-0013,"LAYDOWN HEAD FOR  FOR PL-6 ( 6"" EXPORT-CONDENSTAE & FOC PIGGY BACKED) FROM ARZANAH ISLAND TO ZIRKU ISLAND",A01,,,DATA/TECH/2745-PP-GE-001-MDR Rev_2.xlsx,DRAWINGS,21,INCLUDE,,REV-9f40941b1cace2ce0f0b5656,SDOC-b1f980366947f285c932275d
2745,TECH,GENERAL / MULTIDISCIPLINE,DRAWING,ENGINEERING DRAWING,8405-NN-0014,"LAYDOWN HEAD FOR 24"" CONDUIT",A01,,,DATA/TECH/2745-PP-GE-001-MDR Rev_2.xlsx,DRAWINGS,22,INCLUDE,,REV-4003fac4511c19ac87573152,SDOC-80f1b5539895f7bb835414bc
2745,TECH,GENERAL / MULTIDISCIPLINE,DRAWING,ENGINEERING DRAWING,8405-NN-0015,"LAYDOWN HEAD FOR 16"" CONDUIT",A01,,,DATA/TECH/2745-PP-GE-001-MDR Rev_2.xlsx,DRAWINGS,23,INCLUDE,,REV-427b85477ea2570b50d5e3fd,SDOC-79f84b9dfada55bfd40ce102
2745,TECH,GENERAL / MULTIDISCIPLINE,DRAWING,ENGINEERING DRAWING,8405-NN-0016,"TYPICAL BUCKLE DETECTOR DETAIL FOR PL-1( 16"" GAS-CONDENSTAE FROM SATAH WHP-10 TO ARZANAH ISLAND )",A01,,,DATA/TECH/2745-PP-GE-001-MDR Rev_2.xlsx,DRAWINGS,24,INCLUDE,,REV-ef50477dbc94c057adf18b41,SDOC-c96fd3c9baf8e1b2498bdf3c
2745,TECH,GENERAL / MULTIDISCIPLINE,DRAWING,ENGINEERING DRAWING,8405-NN-0017,"TYPICAL BUCKLE DETECTOR DETAIL FORPL-2 ( 14"" GAS-CONDENSTAE) FROM HD-3 TO HD WHP-T4",A01,,,DATA/TECH/2745-PP-GE-001-MDR Rev_2.xlsx,DRAWINGS,25,INCLUDE,,REV-558711f0144cfd483efe60db,SDOC-56e5e2b1eda297df3ab2323a
2745,TECH,GENERAL / MULTIDISCIPLINE,DRAWING,ENGINEERING DRAWING,8405-NN-0018,"TYPICAL BUCKLE DETECTOR DETAILPL-3 ( 18"" GAS-CONDENSTAE) FROM HD WHP-T4 TO ARZANAH ISLAND",A01,,,DATA/TECH/2745-PP-GE-001-MDR Rev_2.xlsx,DRAWINGS,26,INCLUDE,,REV-f8d631f9005aae0065a14f00,SDOC-107616982a9fb2d4d92a0298
2745,TECH,GENERAL / MULTIDISCIPLINE,DRAWING,ENGINEERING DRAWING,8405-NN-0019,"TYPICAL BUCKLE DETECTOR DETAIL FOR PL-4 ( 18"" GAS-CONDENSTAE) FROM WHP BH-3 SATAH WHP-10 TO ARZANAH ISLAND",A01,,,DATA/TECH/2745-PP-GE-001-MDR Rev_2.xlsx,DRAWINGS,27,INCLUDE,,REV-c42f76c4919ecbddf951abe0,SDOC-34bfd11072f6983f0d73e1e3
2745,TECH,GENERAL / MULTIDISCIPLINE,DRAWING,ENGINEERING DRAWING,8405-NN-0020,"TYPICAL BUCKLE DETECTOR DETAIL FOR PL-5 ( 24"" EXPORT GAS ) FROM ARZANAH ISLAND TO IGD-E(AT KP-38)",A01,,,DATA/TECH/2745-PP-GE-001-MDR Rev_2.xlsx,DRAWINGS,28,INCLUDE,,REV-15ac4beb5584adca51eb83ae,SDOC-6c9ecbbb4a5044d9bfcb9f7d
2745,TECH,GENERAL / MULTIDISCIPLINE,DRAWING,ENGINEERING DRAWING,8405-NN-0021,"TYPICAL BUCKLE DETECTOR DETAILPL-6 ( 6"" EXPORT-CONDENSTAE & FOC PIGGY BACKED) FROM ARZANAH ISLAND TO ZIRKU ISLAND",A01,,,DATA/TECH/2745-PP-GE-001-MDR Rev_2.xlsx,DRAWINGS,29,INCLUDE,,REV-824ec11e4e3c3bb107eb098a,SDOC-edfecdc2ef3cb96313497f1c
2745,TECH,GENERAL / MULTIDISCIPLINE,DRAWING,ENGINEERING DRAWING,8405-NN-0022,TYPICAL LIFTING OF CONCRETE SLEEPERS,A01,,,DATA/TECH/2745-PP-GE-001-MDR Rev_2.xlsx,DRAWINGS,30,INCLUDE,,REV-a22f08049401770e2f5b2d6c,SDOC-96d4000b5049dc3af89b52ae
2745,TECH,GENERAL / MULTIDISCIPLINE,DRAWING,ENGINEERING DRAWING,8405-NN-0023,TYPICAL LIFTING OF CONCRETE SLEEPERS,A01,,,DATA/TECH/2745-PP-GE-001-MDR Rev_2.xlsx,DRAWINGS,31,INCLUDE,,REV-2f0e7a72aea6f3a3a94697c0,SDOC-a0a9e1042d81654ca802a4a7
2745,TECH,GENERAL / MULTIDISCIPLINE,DRAWING,ENGINEERING DRAWING,8405-NN-0024,RISER/SPOOL LIFTING AT SATAH WHP-10,A01,,,DATA/TECH/2745-PP-GE-001-MDR Rev_2.xlsx,DRAWINGS,32,INCLUDE,,REV-7049dc32366fe7c01daed96c,SDOC-2dff3da3c7b3ac10333bae3a
2745,TECH,GENERAL / MULTIDISCIPLINE,DRAWING,ENGINEERING DRAWING,8405-NN-0025,RISER/SPOOL LIFTING AT BU HASSER WHP BH3,A01,,,DATA/TECH/2745-PP-GE-001-MDR Rev_2.xlsx,DRAWINGS,33,INCLUDE,,REV-0f87f0545a7884450fa9c03f,SDOC-03b3401cd0ea2993a322bdb8
2745,TECH,GENERAL / MULTIDISCIPLINE,DRAWING,ENGINEERING DRAWING,8405-NN-0026,RISER/SPOOL LIFTING AT IGD-E,A01,,,DATA/TECH/2745-PP-GE-001-MDR Rev_2.xlsx,DRAWINGS,34,INCLUDE,,REV-6057d8e5313d9fc4f26cacd3,SDOC-be28b4abde428e8b17e26e7a
2745,TECH,GENERAL / MULTIDISCIPLINE,DRAWING,ENGINEERING DRAWING,8405-NN-0027,RISER/SPOOL LIFTING AT HD-3,A01,,,DATA/TECH/2745-PP-GE-001-MDR Rev_2.xlsx,DRAWINGS,35,INCLUDE,,REV-9128ea6a1b612c5da3f17e5a,SDOC-aee0d5ac506bf00b94b927c6
2745,TECH,GENERAL / MULTIDISCIPLINE,DRAWING,ENGINEERING DRAWING,8405-NN-0028,RISER/SPOOL LIFITNG AT HD-WHP T4,A01,,,DATA/TECH/2745-PP-GE-001-MDR Rev_2.xlsx,DRAWINGS,36,INCLUDE,,REV-cff699134d93cdb2a3192f34,SDOC-d945fb1d7503940561f8173e
2745,TECH,GENERAL / MULTIDISCIPLINE,DRAWING,ENGINEERING DRAWING,8405-NN-0029,TEMPORARY KNEE BRACE DETAILS FOR RISER/SPOOL LIFTING AT SATAH WHP-10,A01,,,DATA/TECH/2745-PP-GE-001-MDR Rev_2.xlsx,DRAWINGS,37,INCLUDE,,REV-e315df98c2dc212702b28015,SDOC-a46b77e26f831cf301bfb4f1
2745,TECH,GENERAL / MULTIDISCIPLINE,DRAWING,ENGINEERING DRAWING,8405-NN-0030,TEMPORARY KNEE BRACE DETAILS FOR RISER/SPOOL LIFTING AT BU HASSER WHP BH3,A01,,,DATA/TECH/2745-PP-GE-001-MDR Rev_2.xlsx,DRAWINGS,38,INCLUDE,,REV-7e20177e5d20f8f5313ee9d7,SDOC-47849121d15e272e299a93ce
2745,TECH,GENERAL / MULTIDISCIPLINE,DRAWING,ENGINEERING DRAWING,8405-NN-0031,TEMPORARY KNEE BRACE DETAILS FORRISER/SPOOL LIFTING AT IGD-E,A01,,,DATA/TECH/2745-PP-GE-001-MDR Rev_2.xlsx,DRAWINGS,39,INCLUDE,,REV-fa4226657ba051067b948bfb,SDOC-fdb059f60eb911aa1d3417cf
2745,TECH,GENERAL / MULTIDISCIPLINE,DRAWING,ENGINEERING DRAWING,8405-NN-0032,TEMPORARY KNEE BRACE DETAILS FOR RISER/SPOOL LIFTING AT HD-3,A01,,,DATA/TECH/2745-PP-GE-001-MDR Rev_2.xlsx,DRAWINGS,40,INCLUDE,,REV-6adb9a88a94f8ff8b3b1ea54,SDOC-6873b97cea49dd138ab1c5bb
2745,TECH,GENERAL / MULTIDISCIPLINE,DRAWING,ENGINEERING DRAWING,8405-NN-0033,TEMPORARY KNEE BRACE DETAILS FOR RISER/SPOOL LIFITNG AT HD-WHP T4,A01,,,DATA/TECH/2745-PP-GE-001-MDR Rev_2.xlsx,DRAWINGS,41,INCLUDE,,REV-cc29a90415f79fe0510f29d3,SDOC-b1064b03fd61e292de58ca52
2745,TECH,GENERAL / MULTIDISCIPLINE,DRAWING,ENGINEERING DRAWING,8405-NN-0034,LOADING ARRANGEMENT & SEAFASTENING DETAILS OF CC PIPES  (TRIP-1),A01,,,DATA/TECH/2745-PP-GE-001-MDR Rev_2.xlsx,DRAWINGS,42,INCLUDE,,REV-6bb3229a3645b326bdf55457,SDOC-20b33b99dbe37970a1398391
2745,TECH,GENERAL / MULTIDISCIPLINE,DRAWING,ENGINEERING DRAWING,8405-NN-0035,LOADING ARRANGEMENT & SEAFASTENING DETAILS OF CC PIPES  (TRIP-2),A01,,,DATA/TECH/2745-PP-GE-001-MDR Rev_2.xlsx,DRAWINGS,43,INCLUDE,,REV-8dc11bd5f4797353084c4403,SDOC-4c7ee89c04125a836335e55f
2745,TECH,GENERAL / MULTIDISCIPLINE,DRAWING,ENGINEERING DRAWING,8405-NN-0036,LOADING ARRANGEMENT & SEAFASTENING DETAILS OF CC PIPES  (TRIP-3),A01,,,DATA/TECH/2745-PP-GE-001-MDR Rev_2.xlsx,DRAWINGS,44,INCLUDE,,REV-727cd867674a270b0686b668,SDOC-942b97f1b8a7b37bc8525a43
2745,TECH,GENERAL / MULTIDISCIPLINE,DRAWING,ENGINEERING DRAWING,8405-NN-0037,LOADING ARRANGEMENT & SEAFASTENING DETAILS OF CC PIPES  (TRIP-4),A01,,,DATA/TECH/2745-PP-GE-001-MDR Rev_2.xlsx,DRAWINGS,45,INCLUDE,,REV-2dce14c742a3740602c8a9f5,SDOC-55e3aa6e783488f597d8c50f
2745,TECH,GENERAL / MULTIDISCIPLINE,DRAWING,ENGINEERING DRAWING,8405-NN-0038,LOADING ARRANGEMENT & SEAFASTENING DETAILS OF CC PIPES  (TRIP-5),A01,,,DATA/TECH/2745-PP-GE-001-MDR Rev_2.xlsx,DRAWINGS,46,INCLUDE,,REV-916309d3e64367ebed4ab8a5,SDOC-ecdc16225e48f71709e47884
2745,TECH,GENERAL / MULTIDISCIPLINE,DRAWING,ENGINEERING DRAWING,8405-NN-0039,LOADING ARRANGEMENT & SEAFASTENING DETAILS OF CC PIPES  (TRIP-6),A01,,,DATA/TECH/2745-PP-GE-001-MDR Rev_2.xlsx,DRAWINGS,47,INCLUDE,,REV-cfc08172deaac5f57d51325e,SDOC-c176b9d944e13c58bb70448e
2745,TECH,GENERAL / MULTIDISCIPLINE,DRAWING,ENGINEERING DRAWING,8405-NN-0040,LOADING ARRANGEMENT & SEAFASTENING DETAILS OF CC PIPES  (TRIP-7),A01,,,DATA/TECH/2745-PP-GE-001-MDR Rev_2.xlsx,DRAWINGS,48,INCLUDE,,REV-98ab02c1830e983721ad74dc,SDOC-0f0bbb53d6f9a4d5519f428f
2745,TECH,GENERAL / MULTIDISCIPLINE,DRAWING,ENGINEERING DRAWING,8405-NN-0041,LOADING ARRANGEMENT & SEAFASTENING DETAILS OF CC PIPES  (TRIP-8),A01,,,DATA/TECH/2745-PP-GE-001-MDR Rev_2.xlsx,DRAWINGS,49,INCLUDE,,REV-3cef579b59ee5bded6cec9d5,SDOC-39a01ca34691d2e880dc6c44
2745,TECH,GENERAL / MULTIDISCIPLINE,DRAWING,ENGINEERING DRAWING,8405-NN-0042,LOADING ARRANGEMENT & SEAFASTENING DETAILS OF CC PIPES  (TRIP-9),A01,,,DATA/TECH/2745-PP-GE-001-MDR Rev_2.xlsx,DRAWINGS,50,INCLUDE,,REV-e282e828656cf52a21e35ade,SDOC-ee90ef506ee70d120e4e6fa5
2745,TECH,GENERAL / MULTIDISCIPLINE,DRAWING,ENGINEERING DRAWING,8405-NN-0043,LOADING ARRANGEMENT & SEAFASTENING DETAILS OF CC PIPES  (TRIP-10),A01,,,DATA/TECH/2745-PP-GE-001-MDR Rev_2.xlsx,DRAWINGS,51,INCLUDE,,REV-aaf9fca824691b4f87bc1154,SDOC-4d6cd602fcc700ab835837a1
2745,TECH,GENERAL / MULTIDISCIPLINE,DRAWING,ENGINEERING DRAWING,8405-NN-0044,LOADING ARRANGEMENT & SEAFASTENING DETAILS OF CC PIPES  (TRIP-11),A01,,,DATA/TECH/2745-PP-GE-001-MDR Rev_2.xlsx,DRAWINGS,52,INCLUDE,,REV-4ff1ffe280aa6ffb06e6a506,SDOC-2ea20198c67b40aaf2c53fe3
2745,TECH,GENERAL / MULTIDISCIPLINE,DRAWING,ENGINEERING DRAWING,8405-NN-0045,LOADING ARRANGEMENT & SEAFASTENING DETAILS OF CC PIPES  (TRIP-12),A01,,,DATA/TECH/2745-PP-GE-001-MDR Rev_2.xlsx,DRAWINGS,53,INCLUDE,,REV-fd654fbbc022bbedb9e495b3,SDOC-0cdb9638a426f50c3b1bf6a9
2745,TECH,GENERAL / MULTIDISCIPLINE,DRAWING,ENGINEERING DRAWING,8405-NN-0046,LOADING ARRANGEMENT & SEAFASTENING DETAILS OF CC PIPES  (TRIP-13),A01,,,DATA/TECH/2745-PP-GE-001-MDR Rev_2.xlsx,DRAWINGS,54,INCLUDE,,REV-5628f0c26797e357f2623308,SDOC-4290c557640cf535894705f6
2745,TECH,GENERAL / MULTIDISCIPLINE,DRAWING,ENGINEERING DRAWING,8405-NN-0047,LOADING ARRANGEMENT & SEAFASTENING DETAILS OF CC PIPES  (TRIP-14),A01,,,DATA/TECH/2745-PP-GE-001-MDR Rev_2.xlsx,DRAWINGS,55,INCLUDE,,REV-ab602af2962802cb4df99481,SDOC-fd87e665c097270cec92e2fa
2745,TECH,GENERAL / MULTIDISCIPLINE,DRAWING,ENGINEERING DRAWING,8405-NN-0048,LOADING ARRANGEMENT & SEAFASTENING DETAILS OF CC PIPES  (TRIP-15),A01,,,DATA/TECH/2745-PP-GE-001-MDR Rev_2.xlsx,DRAWINGS,56,INCLUDE,,REV-b5d3cc35e17a9cde783e8bc3,SDOC-fd2359a71fc1a57866962f48
2745,TECH,GENERAL / MULTIDISCIPLINE,DRAWING,ENGINEERING DRAWING,8405-NN-0049,LOADING ARRANGEMENT & SEAFASTENING DETAILS OF CC PIPES  (TRIP-16),A01,,,DATA/TECH/2745-PP-GE-001-MDR Rev_2.xlsx,DRAWINGS,57,INCLUDE,,REV-0550e3e2943d9a47fed8c90e,SDOC-a8c5f579db7e93fc995b7a82
2745,TECH,GENERAL / MULTIDISCIPLINE,DRAWING,ENGINEERING DRAWING,8405-NN-0050,LOADING ARRANGEMENT & SEAFASTENING DETAILS OF CC PIPES  (TRIP-17),A01,,,DATA/TECH/2745-PP-GE-001-MDR Rev_2.xlsx,DRAWINGS,58,INCLUDE,,REV-ce331daf8c4853e2dc2e5359,SDOC-b4f1a444db685ba467f0b1d8
2745,TECH,GENERAL / MULTIDISCIPLINE,DRAWING,ENGINEERING DRAWING,8405-NN-0051,LOADING ARRANGEMENT & SEAFASTENING DETAILS OF CC PIPES  (TRIP-18),A01,,,DATA/TECH/2745-PP-GE-001-MDR Rev_2.xlsx,DRAWINGS,59,INCLUDE,,REV-3e7fb1720757d475d36a334a,SDOC-d35da41fb8e840a090bea24e
2745,TECH,GENERAL / MULTIDISCIPLINE,DRAWING,ENGINEERING DRAWING,8405-NN-0052,LOADING ARRANGEMENT & SEAFASTENING DETAILS OF CC PIPES  (TRIP-19),A01,,,DATA/TECH/2745-PP-GE-001-MDR Rev_2.xlsx,DRAWINGS,60,INCLUDE,,REV-ace051e4b293c4ea1e86cfac,SDOC-8ec4737d0b6344c5a08bd14d
2745,TECH,GENERAL / MULTIDISCIPLINE,DRAWING,ENGINEERING DRAWING,8405-NN-0053,LOADING ARRANGEMENT & SEAFASTENING DETAILS OF CC PIPES  (TRIP-20),A01,,,DATA/TECH/2745-PP-GE-001-MDR Rev_2.xlsx,DRAWINGS,61,INCLUDE,,REV-badb9f299d6898be96cadb11,SDOC-e4075f539b93c73f93776be2
2745,TECH,GENERAL / MULTIDISCIPLINE,DRAWING,ENGINEERING DRAWING,8405-NN-0054,LOADING ARRANGEMENT & SEAFASTENING DETAILS OF CC PIPES  (TRIP-21),A01,,,DATA/TECH/2745-PP-GE-001-MDR Rev_2.xlsx,DRAWINGS,62,INCLUDE,,REV-77a42a8a3a9c1efcc5722209,SDOC-39e06420afe7cd8f585019ee
2745,TECH,GENERAL / MULTIDISCIPLINE,DRAWING,ENGINEERING DRAWING,8405-NN-0055,LOADING ARRANGEMENT & SEAFASTENING DETAILS OF CC PIPES  (TRIP-22),A01,,,DATA/TECH/2745-PP-GE-001-MDR Rev_2.xlsx,DRAWINGS,63,INCLUDE,,REV-d3454c7028cb89291ffc3d3c,SDOC-7c2ee5cc9637ce9ccd3fdb6d
2745,TECH,GENERAL / MULTIDISCIPLINE,DRAWING,ENGINEERING DRAWING,8405-NN-0056,LOADING ARRANGEMENT & SEAFASTENING DETAILS OF CC PIPES  (TRIP-23),A01,,,DATA/TECH/2745-PP-GE-001-MDR Rev_2.xlsx,DRAWINGS,64,INCLUDE,,REV-56792d6ca8ec6e10649e1e6c,SDOC-dcd7e906a1cc875f7b2ca88e
2745,TECH,GENERAL / MULTIDISCIPLINE,DRAWING,ENGINEERING DRAWING,8405-NN-0057,LOADING ARRANGEMENT & SEAFASTENING DETAILS OF CC PIPES  (TRIP-24),A01,,,DATA/TECH/2745-PP-GE-001-MDR Rev_2.xlsx,DRAWINGS,65,INCLUDE,,REV-bf70fdf2286ac041f965a3d6,SDOC-1851fca07ca7d8f4e5ff74b8
2745,TECH,GENERAL / MULTIDISCIPLINE,DRAWING,ENGINEERING DRAWING,8405-NN-0058,LOADING ARRANGEMENT & SEAFASTENING DETAILS OF CC PIPES  (TRIP-25),A01,,,DATA/TECH/2745-PP-GE-001-MDR Rev_2.xlsx,DRAWINGS,66,INCLUDE,,REV-6895ce45bd22f24f1767f909,SDOC-6730d8e64485aa70ad5861d3
2745,TECH,GENERAL / MULTIDISCIPLINE,DRAWING,ENGINEERING DRAWING,8405-NN-0059,LOADING ARRANGEMENT & SEAFASTENING DETAILS OF CC PIPES  (TRIP-26),A01,,,DATA/TECH/2745-PP-GE-001-MDR Rev_2.xlsx,DRAWINGS,67,INCLUDE,,REV-7f92625eebb74761aaf87884,SDOC-c4382dfabf982a386ec4e898
2745,TECH,GENERAL / MULTIDISCIPLINE,DRAWING,ENGINEERING DRAWING,8405-NN-0060,LOADING ARRANGEMENT & SEAFASTENING DETAILS OF CC PIPES  (TRIP-27),A01,,,DATA/TECH/2745-PP-GE-001-MDR Rev_2.xlsx,DRAWINGS,68,INCLUDE,,REV-6514a1522e4b15f615871bc0,SDOC-35c883da2686e57a7c544ea6
2745,TECH,GENERAL / MULTIDISCIPLINE,DRAWING,ENGINEERING DRAWING,8405-NN-0061,LOADING ARRANGEMENT & SEAFASTENING DETAILS OF CC PIPES  (TRIP-28),A01,,,DATA/TECH/2745-PP-GE-001-MDR Rev_2.xlsx,DRAWINGS,69,INCLUDE,,REV-590045b151a37b4200fb3406,SDOC-81fcdcf133050f3b3caa1885
2745,TECH,GENERAL / MULTIDISCIPLINE,DRAWING,ENGINEERING DRAWING,8405-NN-0062,LOADING ARRANGEMENT & SEAFASTENING DETAILS OF CC PIPES  (TRIP-29),A01,,,DATA/TECH/2745-PP-GE-001-MDR Rev_2.xlsx,DRAWINGS,70,INCLUDE,,REV-7da5622b2b32bfa04758e208,SDOC-4053f5eacc91c1acef8e3599
2745,TECH,GENERAL / MULTIDISCIPLINE,DRAWING,ENGINEERING DRAWING,8405-NN-0063,LOADING ARRANGEMENT & SEAFASTENING DETAILS OF CC PIPES  (TRIP-30),A01,,,DATA/TECH/2745-PP-GE-001-MDR Rev_2.xlsx,DRAWINGS,71,INCLUDE,,REV-168244e76ee675e5604934c3,SDOC-034e8bf9cd8643b879aa54c6
2745,TECH,GENERAL / MULTIDISCIPLINE,DRAWING,ENGINEERING DRAWING,8405-NN-0064,LOADING ARRANGMENT & SEAFASTENING DETAILS OF CONSRETE SLEEPERS(TRIP-1),A01,,,DATA/TECH/2745-PP-GE-001-MDR Rev_2.xlsx,DRAWINGS,72,INCLUDE,,REV-fab708baf03498326ffad4a1,SDOC-ee13bd754276847476a35bb1
2745,TECH,GENERAL / MULTIDISCIPLINE,DRAWING,ENGINEERING DRAWING,8405-NN-0065,LOADING ARRANGMENT & SEAFASTENING DETAILS OF CONSRETE SLEEPERS(TRIP-2),A01,,,DATA/TECH/2745-PP-GE-001-MDR Rev_2.xlsx,DRAWINGS,73,INCLUDE,,REV-997026334039cb5252d394cd,SDOC-1439196f2a4e8a407359f3fc
2745,TECH,GENERAL / MULTIDISCIPLINE,DRAWING,ENGINEERING DRAWING,8405-NN-0066,LOADING ARRANGMENT & SEAFASTENING DETAILS OF CONSRETE SLEEPERS(TRIP-3),A01,,,DATA/TECH/2745-PP-GE-001-MDR Rev_2.xlsx,DRAWINGS,74,INCLUDE,,REV-60ea1c2940e80d3241a310eb,SDOC-c14c5452aeb1c523e1345c89
2745,TECH,GENERAL / MULTIDISCIPLINE,DRAWING,ENGINEERING DRAWING,8405-NN-0067,LOADING ARRANGMENT & SEAFASTENING DETAILS OF CONSRETE SLEEPERS(TRIP-4),A01,,,DATA/TECH/2745-PP-GE-001-MDR Rev_2.xlsx,DRAWINGS,75,INCLUDE,,REV-433fe3f3b86d07f393c7b4bd,SDOC-a2c10eeb1bba22d5f08e9b29
2745,TECH,GENERAL / MULTIDISCIPLINE,DRAWING,ENGINEERING DRAWING,8405-NN-0068,LOADING ARRANGMENT & SEAFASTENING DETAILS OF CONSRETE SLEEPERS(TRIP-5),A01,,,DATA/TECH/2745-PP-GE-001-MDR Rev_2.xlsx,DRAWINGS,76,INCLUDE,,REV-fa58ce2987b42b4f8b5b1110,SDOC-5911535a869e81173323ae46
2745,TECH,GENERAL / MULTIDISCIPLINE,DRAWING,ENGINEERING DRAWING,8405-NN-0069,LOADING ARRANGMENT & SEAFASTENING DETAILS OF CONSRETE SLEEPERS(TRIP-6),A01,,,DATA/TECH/2745-PP-GE-001-MDR Rev_2.xlsx,DRAWINGS,77,INCLUDE,,REV-56468208d922e497a5815b22,SDOC-c3e200355f9a4af5f82db23c
2745,TECH,GENERAL / MULTIDISCIPLINE,DRAWING,ENGINEERING DRAWING,8405-NN-0070,LOADING ARRANGMENT & SEAFASTENING DETAILS OF CONSRETE SLEEPERS(TRIP-7),A01,,,DATA/TECH/2745-PP-GE-001-MDR Rev_2.xlsx,DRAWINGS,78,INCLUDE,,REV-86d51cd5d3062ac91258ba59,SDOC-eeec3522f4fed893a2eebfc3
2745,TECH,GENERAL / MULTIDISCIPLINE,DRAWING,ENGINEERING DRAWING,8405-NN-0071,LOADING ARRANGMENT & SEAFASTENING DETAILS OF CONSRETE SLEEPERS(TRIP-8),A01,,,DATA/TECH/2745-PP-GE-001-MDR Rev_2.xlsx,DRAWINGS,79,INCLUDE,,REV-f619476f5b98bb6b9db412d6,SDOC-19d8353c253b7bcbbdb0912a
2745,TECH,GENERAL / MULTIDISCIPLINE,DRAWING,ENGINEERING DRAWING,8405-NN-0072,LOADING ARRANGMENT & SEAFASTENING DETAILS OF CONSRETE SLEEPERS(TRIP-9),A01,,,DATA/TECH/2745-PP-GE-001-MDR Rev_2.xlsx,DRAWINGS,80,INCLUDE,,REV-9fe782b9554b8dfa184d2f4b,SDOC-0dba11866da9a40db41a24fc
2745,TECH,GENERAL / MULTIDISCIPLINE,DRAWING,ENGINEERING DRAWING,8405-NN-0073,"FLANGE PROTECTOR DETAILS FOR 16"" CONDUIT",A01,,,DATA/TECH/2745-PP-GE-001-MDR Rev_2.xlsx,DRAWINGS,81,INCLUDE,,REV-c6c36d84c9effd28e6189f5e,SDOC-7154f5f99c5747a81be4c5dd
2745,TECH,GENERAL / MULTIDISCIPLINE,DRAWING,ENGINEERING DRAWING,8405-NN-0074,"FLANGE PROTECTOR DETAILS FOR 24"" CONDUIT (TYPE-1)",A01,,,DATA/TECH/2745-PP-GE-001-MDR Rev_2.xlsx,DRAWINGS,82,INCLUDE,,REV-274b85856f7cd2877e1ecd72,SDOC-90affd556148c94bd50e782d
2745,TECH,GENERAL / MULTIDISCIPLINE,DRAWING,ENGINEERING DRAWING,8405-NN-0075,"FLANGE PROTECTOR DETAILS FOR 24"" CONDUIT (TYPE-2)",A01,,,DATA/TECH/2745-PP-GE-001-MDR Rev_2.xlsx,DRAWINGS,83,INCLUDE,,REV-8815b75665d58a986cce39a3,SDOC-681f55396bfcce568cc883da
2745,TECH,GENERAL / MULTIDISCIPLINE,DRAWING,ENGINEERING DRAWING,8405-NN-0076,"START UP HEAD DETAILS  PL-2 (12"" GAS-CONDENSATE) FROM HD-3 TO HD WHP-T4",A01,,,DATA/TECH/2745-PP-GE-001-MDR Rev_2.xlsx,DRAWINGS,84,INCLUDE,,REV-946e99a0c2cac40029346395,SDOC-19285b049fc873ac5325cafb
2745,TECH,NAVAL & MARINE,DOCUMENT,ANALYSIS,8405-ZZ-CL-001,STABILITY ANALYSIS DURING TRANSPORTATION OF CONCRETE COATED PIPEPIPE AT CARGO BAGE,A01,,,DATA/TECH/2745-PP-GE-001-MDR Rev_2.xlsx,Naval & Marine doc,9,INCLUDE,,REV-ff9ce53bdf382330d3c71448,SDOC-af13b306f1528627bb3d4e94
2745,TECH,NAVAL & MARINE,DOCUMENT,ANALYSIS,8405-ZZ-CL-002,STABILITY ANALYSIS DURING TRANSPORTATION OF CONCRETE COATED PIPEPIPE AT CARGO BAGE,A01,,,DATA/TECH/2745-PP-GE-001-MDR Rev_2.xlsx,Naval & Marine doc,10,INCLUDE,,REV-46b2824802581c79ad792be7,SDOC-2748c2362786a23839a3e330
2745,TECH,NAVAL & MARINE,DOCUMENT,ANALYSIS,8405-ZZ-CL-003,STABILITY ANALYSIS DURING TRANSPORTATION OF CONCRETE COATED PIPEPIPE AT CARGO BAGE,A01,,,DATA/TECH/2745-PP-GE-001-MDR Rev_2.xlsx,Naval & Marine doc,11,INCLUDE,,REV-69c5f0a2e05c3294e91889c8,SDOC-dfce21f2cb6d02e5bb4c24d7
2745,TECH,NAVAL & MARINE,DOCUMENT,ANALYSIS,8405-ZZ-CL-004,STABILITY ANALYSIS DURING TRANSPORTATION OF CONCRETE COATED PIPEPIPE AT CARGO BAGE,A01,,,DATA/TECH/2745-PP-GE-001-MDR Rev_2.xlsx,Naval & Marine doc,12,INCLUDE,,REV-c7c9fc78bd3768ca1c303233,SDOC-dccc670140d4ab27fe9761e2
2745,TECH,NAVAL & MARINE,DOCUMENT,ANALYSIS,8405-ZZ-CL-005,STABILITY ANALYSIS DURING TRANSPORTATION OF CONCRETE SLEEPERS AT CARGO BAGE,A01,,,DATA/TECH/2745-PP-GE-001-MDR Rev_2.xlsx,Naval & Marine doc,13,INCLUDE,,REV-71f520284eb78d964e6fcc54,SDOC-c5c0747e867ce10ae725156b
2745,TECH,NAVAL & MARINE,DOCUMENT,ANALYSIS,8405-ZZ-CL-006,STABILITY ANALYSIS DURING TRANSPORTATION OF CONCRETE MATTRESS AT CARGO BAGE,A01,,,DATA/TECH/2745-PP-GE-001-MDR Rev_2.xlsx,Naval & Marine doc,14,INCLUDE,,REV-6da35fe95f187380b6fa3ae0,SDOC-d18ab841112b9d140a1df016
2745,TECH,NAVAL & MARINE,DOCUMENT,ANALYSIS,8405-ZZ-CL-007,STABILITY ANALYSIS DURING TRANSPORTATION OF CONCRETE SLEEPERS AT CARGO BAGE,A01,,,DATA/TECH/2745-PP-GE-001-MDR Rev_2.xlsx,Naval & Marine doc,15,INCLUDE,,REV-d77d884b96b6c1d8f1bc4fcd,SDOC-0e9ac7be6c1aeae138c31856
2745,TECH,NAVAL & MARINE,DOCUMENT,ANALYSIS,8405-ZZ-CL-008,"MOORING ANALYSIS DURING  LAYING PL-1 ( 16"" GAS-CONDENSTAE) FROM SATAH WHP-10 TO ARZANAH ISLAND",A01,,,DATA/TECH/2745-PP-GE-001-MDR Rev_2.xlsx,Naval & Marine doc,16,INCLUDE,,REV-785ecfcf86203405f85e9d74,SDOC-be0bbb79a20427a6fc8fdde4
2745,TECH,NAVAL & MARINE,DOCUMENT,ANALYSIS,8405-ZZ-CL-009,"MOORING ANALYSIS DURING  LAYING PL-2 ( 14"" GAS-CONDENSTAE) FROM HD-3 TO HD WHP-T4",A01,,,DATA/TECH/2745-PP-GE-001-MDR Rev_2.xlsx,Naval & Marine doc,17,INCLUDE,,REV-b83ed0e0b4d050297f860188,SDOC-545b76004ef585aec4b324ae
2745,TECH,NAVAL & MARINE,DOCUMENT,ANALYSIS,8405-ZZ-CL-010,"MOORING ANALYSIS DURING  LAYING PL-3 ( 18"" GAS-CONDENSTAE) FROM HD WHP-T4 TO ARZANAH ISLAND",A01,,,DATA/TECH/2745-PP-GE-001-MDR Rev_2.xlsx,Naval & Marine doc,18,INCLUDE,,REV-f85ef1ad5f7bdd6a78badaf8,SDOC-735f07ef118c4891aa83c307
2745,TECH,NAVAL & MARINE,DOCUMENT,ANALYSIS,8405-ZZ-CL-011,"MOORING ANALYSIS DURING  LAYING PL-4 ( 18"" GAS-CONDENSTAE) FROM WHP BH-3 SATAH WHP-10 TO ARZANAH ISLAND",A01,,,DATA/TECH/2745-PP-GE-001-MDR Rev_2.xlsx,Naval & Marine doc,19,INCLUDE,,REV-7627c11fadaba8f7eda220a2,SDOC-54a097b1a3edbacb71a63a88
2745,TECH,NAVAL & MARINE,DOCUMENT,ANALYSIS,8405-ZZ-CL-012,"MOORING ANALYSIS DURING  LAYING PL-5 ( 24"" EXPORT GAS ) FROM ARZANAH ISLAND TO IGD-E(AT KP-38)",A01,,,DATA/TECH/2745-PP-GE-001-MDR Rev_2.xlsx,Naval & Marine doc,20,INCLUDE,,REV-6fab6add42108427bbc82d06,SDOC-8b4d807ab738a963511f8bc0
2745,TECH,NAVAL & MARINE,DOCUMENT,ANALYSIS,8405-ZZ-CL-013,MOORING ANALYSIS DURING SHORE PULL AT ARZANAH EAST,A01,,,DATA/TECH/2745-PP-GE-001-MDR Rev_2.xlsx,Naval & Marine doc,21,INCLUDE,,REV-1d88507f6dace05f286ec741,SDOC-e0908f035d9924fa0ae15cd3
2745,TECH,NAVAL & MARINE,DOCUMENT,ANALYSIS,8405-ZZ-CL-014,MOORING ANALYSIS DURING SHORE PULL AT ARZANAH SOUTH.,A01,,,DATA/TECH/2745-PP-GE-001-MDR Rev_2.xlsx,Naval & Marine doc,22,INCLUDE,,REV-fb9ec08012d3a72271fca7c3,SDOC-1a35122167b90518f78817fa
2745,TECH,NAVAL & MARINE,DOCUMENT,ANALYSIS,8405-ZZ-CL-015,MOORING ANALYSIS DURING SHORE PULL AT ZIRKU ISLAND,A01,,,DATA/TECH/2745-PP-GE-001-MDR Rev_2.xlsx,Naval & Marine doc,23,INCLUDE,,REV-e81cda13f17c4a680c729627,SDOC-2c3a1aa1094014eafb5ee43c
2745,TECH,NAVAL & MARINE,DOCUMENT,ANALYSIS,8405-ZZ-CL-016,MOORING ANALYSIS DURING MIDLINE TIE-IN,A01,,,DATA/TECH/2745-PP-GE-001-MDR Rev_2.xlsx,Naval & Marine doc,24,INCLUDE,,REV-fe1bf7561d87ab1b4f57c431,SDOC-588763a2cfddba6cb4bfc659
2745,TECH,NAVAL & MARINE,DOCUMENT,ANALYSIS,8405-ZZ-CL-017,MOORING ANALYSIS DURING MIDLINE TIE-IN,A01,,,DATA/TECH/2745-PP-GE-001-MDR Rev_2.xlsx,Naval & Marine doc,25,INCLUDE,,REV-bbcc789d0445329951d4a674,SDOC-e6bb823da0677d03aa313ba8
2745,TECH,NAVAL & MARINE,DOCUMENT,ANALYSIS,8405-ZZ-CL-018,MOORING ANALYSIS DURING LATERAL SHIFTING & STALK-ON RISER INSTALLATION FOR PL1,A01,,,DATA/TECH/2745-PP-GE-001-MDR Rev_2.xlsx,Naval & Marine doc,26,INCLUDE,,REV-4bb75409bb79dd2def5192fd,SDOC-56c6bdd26af8552335816326
2745,TECH,NAVAL & MARINE,DOCUMENT,ANALYSIS,8405-ZZ-CL-019,MOORING ANALYSIS DURING LATERAL SHIFTING & STALK-ON RISER INSTALLATION FOR PL2,A01,,,DATA/TECH/2745-PP-GE-001-MDR Rev_2.xlsx,Naval & Marine doc,27,INCLUDE,,REV-11cce38a55a7456d8283617b,SDOC-58a38425fa52685b25954263
2745,TECH,NAVAL & MARINE,DOCUMENT,ANALYSIS,8405-ZZ-CL-020,MOORING ANALYSIS DURING LATERAL SHIFTING & STALK-ON RISER INSTALLATION FOR PL3,A01,,,DATA/TECH/2745-PP-GE-001-MDR Rev_2.xlsx,Naval & Marine doc,28,INCLUDE,,REV-34e1f967b4c5aa1a174430bb,SDOC-2720e115c672c5dd8e255138
2745,TECH,NAVAL & MARINE,DOCUMENT,ANALYSIS,8405-ZZ-CL-021,MOORING ANALYSIS DURING LATERAL SHIFTING & STALK-ON RISER INSTALLATION FOR PL4,A01,,,DATA/TECH/2745-PP-GE-001-MDR Rev_2.xlsx,Naval & Marine doc,29,INCLUDE,,REV-526ff4ffcecd041480e7e83c,SDOC-63493a9c551ef7281bc427ce
2745,TECH,NAVAL & MARINE,DOCUMENT,ANALYSIS,8405-ZZ-CL-022,MOORING ANALYSIS DURING LATERAL SHIFTING & STALK-ON RISER INSTALLATION FOR PL5,A01,,,DATA/TECH/2745-PP-GE-001-MDR Rev_2.xlsx,Naval & Marine doc,30,INCLUDE,,REV-f4cd7ceb9ad6ba5acb47d90b,SDOC-4ca3e38cfce325ac15473e68
2745,TECH,PIPELINE & CABLE,DOCUMENT,ANALYSIS REPORT,8405-NN-RP-001,PIPE STACKING ANALYSIS REPORT,A01,,,DATA/TECH/2745-PP-GE-001-MDR Rev_2.xlsx,PIPELINE & CABLE doc,10,INCLUDE,,REV-7656f85980c2de0b9d5a71a3,SDOC-c63c680cbbcb28d1a6feb42f
2745,TECH,PIPELINE & CABLE,DOCUMENT,ANALYSIS REPORT,8405-NN-RP-002,"PIPELAY ANALYSIS REPORT FOR PL-1 ( 16"" GAS-CONDENSTAE) FROM SATAH WHP-10 TO ARZANAH ISLAND",A01,,,DATA/TECH/2745-PP-GE-001-MDR Rev_2.xlsx,PIPELINE & CABLE doc,11,INCLUDE,,REV-f6eef05cf8141420f4d84f05,SDOC-b30ca008e73eed6d8ddb15ab
2745,TECH,PIPELINE & CABLE,DOCUMENT,ANALYSIS REPORT,8405-NN-RP-003,"PIPELAY ANALYSIS REPORT FOR PL-2 ( 14"" GAS-CONDENSTAE) FROM HD-3 TO HD WHP-T4",A01,,,DATA/TECH/2745-PP-GE-001-MDR Rev_2.xlsx,PIPELINE & CABLE doc,12,INCLUDE,,REV-047fb4ee8645487f75ac786d,SDOC-3cb0d333e618f77491f47b57
2745,TECH,PIPELINE & CABLE,DOCUMENT,ANALYSIS REPORT,8405-NN-RP-004,"PIPELAY ANALYSIS REPORT FOR PL-3 ( 18"" GAS-CONDENSTAE) FROM HD WHP-T4 TO ARZANAH ISLAND",A01,,,DATA/TECH/2745-PP-GE-001-MDR Rev_2.xlsx,PIPELINE & CABLE doc,13,INCLUDE,,REV-ae5f87e397d2817519a8ae95,SDOC-b3661dbfa9a3b67d031c5b07
2745,TECH,PIPELINE & CABLE,DOCUMENT,ANALYSIS REPORT,8405-NN-RP-005,"PIPELAY ANALYSIS REPORT FOR PL-4 ( 18"" GAS-CONDENSTAE) FROM WHP BH-3 SATAH WHP-10 TO ARZANAH ISLAND",A01,,,DATA/TECH/2745-PP-GE-001-MDR Rev_2.xlsx,PIPELINE & CABLE doc,14,INCLUDE,,REV-a74072fb77cb04f071d93f8a,SDOC-959c4f7e43b1fb6e68218be3
2745,TECH,PIPELINE & CABLE,DOCUMENT,ANALYSIS REPORT,8405-NN-RP-006,"PIPELAY ANALYSIS REPORT FOR PL-5 ( 24"" EXPORT GAS ) FROM ARZANAH ISLAND TO IGD-E(AT KP-38)",A01,,,DATA/TECH/2745-PP-GE-001-MDR Rev_2.xlsx,PIPELINE & CABLE doc,15,INCLUDE,,REV-7a83f5799ccc5bb68b9fde0c,SDOC-39324d104e895e911a860050
2745,TECH,PIPELINE & CABLE,DOCUMENT,ANALYSIS REPORT,8405-NN-RP-007,"PIPELAY ANALYSIS REPORT FOR PL-6 ( 6"" EXPORT-CONDENSTAE & FOC PIGGY BACKED) FROM ARZANAH ISLAND TO ZIRKU ISLAND",A01,,,DATA/TECH/2745-PP-GE-001-MDR Rev_2.xlsx,PIPELINE & CABLE doc,16,INCLUDE,,REV-3b6b723c1cb4c705aeb3aeb9,SDOC-b1933ef79037a50946403167
2745,TECH,PIPELINE & CABLE,DOCUMENT,REPORT,8405-NN-RP-008,SHORE PULL ANALYSES REPORT AT ARZANAH EAST,A01,,,DATA/TECH/2745-PP-GE-001-MDR Rev_2.xlsx,PIPELINE & CABLE doc,17,INCLUDE,,REV-0f24e955c34f926813fcd114,SDOC-b4f14f21ca90dcc961906eb6
2745,TECH,PIPELINE & CABLE,DOCUMENT,REPORT,8405-NN-RP-009,SHORE PULL ANALYSES REPORT AT ARZANAH SOUTH,A01,,,DATA/TECH/2745-PP-GE-001-MDR Rev_2.xlsx,PIPELINE & CABLE doc,18,INCLUDE,,REV-478bfd68eb32b1c4c3a68d43,SDOC-c74efc3e6f98e7d584459fe2
2745,TECH,PIPELINE & CABLE,DOCUMENT,ANALYSIS REPORT,8405-NN-RP-010,SHORE PULL ANALYSIS REPORT AT ZIRKU ISLAND,A01,,,DATA/TECH/2745-PP-GE-001-MDR Rev_2.xlsx,PIPELINE & CABLE doc,19,INCLUDE,,REV-2e0dd46f701312cc36f9b5b8,SDOC-f6dcf188a172f8aaf462ec52
2745,TECH,PIPELINE & CABLE,DOCUMENT,ANALYSIS REPORT,8405-NN-RP-011,MIDLINE TIE-IN ANALYSIS REPORT,A01,,,DATA/TECH/2745-PP-GE-001-MDR Rev_2.xlsx,PIPELINE & CABLE doc,20,INCLUDE,,REV-0849811c31a29635b24edfb0,SDOC-86b23cfd8a896a941a3f5ee2
2745,TECH,PIPELINE & CABLE,DOCUMENT,REPORT,8405-NN-RP-012,SEAFASTENING DESIGN REPORT FOR TRANSPORTATION OF CC PIPES ON CARGO BARGE,A01,,,DATA/TECH/2745-PP-GE-001-MDR Rev_2.xlsx,PIPELINE & CABLE doc,21,INCLUDE,,REV-db3d7283a21d70c480b7a996,SDOC-ac8c990a0ad3e40e377ddbf4
2745,TECH,PIPELINE & CABLE,DOCUMENT,REPORT,8405-NN-RP-013,SEAFASTENING DESIGN REPORT FOR TRANSPORTATION OF CC PIPES ON CARGO BARGE,A01,,,DATA/TECH/2745-PP-GE-001-MDR Rev_2.xlsx,PIPELINE & CABLE doc,22,INCLUDE,,REV-5002fd0849a1a55692386961,SDOC-96c5985ac4d0168d133efd35
2745,TECH,PIPELINE & CABLE,DOCUMENT,REPORT,8405-NN-RP-014,SEAFASTENING DESIGN REPORT FOR TRANSPORTATION OF CC PIPES ON CARGO BARGE,A01,,,DATA/TECH/2745-PP-GE-001-MDR Rev_2.xlsx,PIPELINE & CABLE doc,23,INCLUDE,,REV-f801ad72806858ad3cef6e14,SDOC-b89a941351fe52c5197c7c17
2745,TECH,PIPELINE & CABLE,DOCUMENT,REPORT,8405-NN-RP-015,SEAFASTENING DESIGN REPORT FOR TRANSPORTATION OF CC PIPES ON CARGO BARGE,A01,,,DATA/TECH/2745-PP-GE-001-MDR Rev_2.xlsx,PIPELINE & CABLE doc,24,INCLUDE,,REV-797d9251ebc1219f9642c623,SDOC-d01bfc6a0eb89dd6a92de59c
2745,TECH,PIPELINE & CABLE,DOCUMENT,REPORT,8405-NN-RP-016,SEAFASTENING DESGIN REPORT FOR TRANSPORTATION OF CONCRETE SLEEPERS,A01,,,DATA/TECH/2745-PP-GE-001-MDR Rev_2.xlsx,PIPELINE & CABLE doc,25,INCLUDE,,REV-1c96b5a6e68d3855c6091dbb,SDOC-a0409a4b391d9641edbf9b03
2745,TECH,PIPELINE & CABLE,DOCUMENT,REPORT,8405-NN-RP-017,SEAFASTENING DESGIN REPORT FOR TRANSPORTATION OF CONCRETE SLEEPERS,A01,,,DATA/TECH/2745-PP-GE-001-MDR Rev_2.xlsx,PIPELINE & CABLE doc,26,INCLUDE,,REV-95c2028b9e58b489457945a7,SDOC-23b7dc6f1ee6e3df68a61f25
2745,TECH,PIPELINE & CABLE,DOCUMENT,REPORT,8405-NN-RP-018,SEAFASTENING DESGIN REPORT FOR TRANSPORTATION OF CONCRETE SLEEPERS,A01,,,DATA/TECH/2745-PP-GE-001-MDR Rev_2.xlsx,PIPELINE & CABLE doc,27,INCLUDE,,REV-72bd5fd8c498e22045d554ca,SDOC-19662e7acfc5d690da716b09
2745,TECH,PIPELINE & CABLE,DOCUMENT,REPORT,8405-NN-RP-019,SEAFASTENING DESGIN REPORT FOR TRANSPORTATION OF CONCRETE SLEEPERS,A01,,,DATA/TECH/2745-PP-GE-001-MDR Rev_2.xlsx,PIPELINE & CABLE doc,28,INCLUDE,,REV-670fcff62b8e21f4e292a896,SDOC-6e59a52c2f4f584ce844e358
2745,TECH,PIPELINE & CABLE,DOCUMENT,REPORT,8405-NN-RP-020,SEAFASTENING DESGIN REPORT FOR TRANSPORTATION OF CONCRETE MATTRESSES,A01,,,DATA/TECH/2745-PP-GE-001-MDR Rev_2.xlsx,PIPELINE & CABLE doc,29,INCLUDE,,REV-d25d2b98c5237ff54a35c8f6,SDOC-f54e4c24fa30138d25d420dd
2745,TECH,PIPELINE & CABLE,DOCUMENT,REPORT,8405-NN-RP-021,SEAFASTENING DESGIN REPORT FOR TRANSPORTATION OF CONCRETE MATTRESSES,A01,,,DATA/TECH/2745-PP-GE-001-MDR Rev_2.xlsx,PIPELINE & CABLE doc,30,INCLUDE,,REV-d07cebadb989e9121aedef66,SDOC-da54b4619ea443860acc905d
2745,TECH,PIPELINE & CABLE,DOCUMENT,ANALYSIS REPORT,8405-NN-RP-022,RISER/SPOOL LIFTING ANALYSIS REPORT AT WHP BH3,A01,,,DATA/TECH/2745-PP-GE-001-MDR Rev_2.xlsx,PIPELINE & CABLE doc,31,INCLUDE,,REV-d233a467a8f415af2f0d656c,SDOC-bbb9431413a563dcaa5cf46e
2745,TECH,PIPELINE & CABLE,DOCUMENT,ANALYSIS REPORT,8405-NN-RP-023,RISER/SPOOL LIFTING ANALYSIS REPORT AT SATAH WHP-10,A01,,,DATA/TECH/2745-PP-GE-001-MDR Rev_2.xlsx,PIPELINE & CABLE doc,32,INCLUDE,,REV-5dd3db73427e56bb4323f142,SDOC-897be55c6b911d2c24022ca9
2745,TECH,PIPELINE & CABLE,DOCUMENT,ANALYSIS REPORT,8405-NN-RP-024,RISER/SPOOL LIFTING ANALYSIS REPORT AT IGD-E,A01,,,DATA/TECH/2745-PP-GE-001-MDR Rev_2.xlsx,PIPELINE & CABLE doc,33,INCLUDE,,REV-f7e99a7424426571f8583a66,SDOC-ca0980ee754a6d74ac0fca49
2745,TECH,PIPELINE & CABLE,DOCUMENT,ANALYSIS REPORT,8405-NN-RP-025,RISER/SPOOL LIFTING ANALYSIS REPORT AT WHP HD3,A01,,,DATA/TECH/2745-PP-GE-001-MDR Rev_2.xlsx,PIPELINE & CABLE doc,34,INCLUDE,,REV-367ee44d69c273fad53d6899,SDOC-e889712e7ad6eedc28540ff9
2745,TECH,PIPELINE & CABLE,DOCUMENT,ANALYSIS REPORT,8405-NN-RP-026,RISER/SPOOL LIFTING ANALYSIS REPORT AT HD WHP-T4,A01,,,DATA/TECH/2745-PP-GE-001-MDR Rev_2.xlsx,PIPELINE & CABLE doc,35,INCLUDE,,REV-048d7e09eab21997f1803451,SDOC-4c293e09f4a01ff65d2f2fbd
2745,TECH,PIPELINE & CABLE,DOCUMENT,ANALYSIS REPORT,8405-NN-RP-027,SEAFASTENING ANALYSIS REPORT FOR TRANSPORTATION OF SUBSEA SPOOLS (TRIP-1),A01,,,DATA/TECH/2745-PP-GE-001-MDR Rev_2.xlsx,PIPELINE & CABLE doc,36,INCLUDE,,REV-39e1a466bcc07a19387bd39b,SDOC-a156b26aa4e32788b1335c5c
2745,TECH,PIPELINE & CABLE,DOCUMENT,ANALYSIS REPORT,8405-NN-RP-028,SEAFASTENING ANALYSIS REPORT FOR TRANSPORTATION OF SUBSEA SPOOLS (TRIP-2),A01,,,DATA/TECH/2745-PP-GE-001-MDR Rev_2.xlsx,PIPELINE & CABLE doc,37,INCLUDE,,REV-cfa4c1809c24012de6c03787,SDOC-201bf96d12ad5181583a875d
2745,TECH,PIPELINE & CABLE,DOCUMENT,ANALYSIS REPORT,8405-NN-RP-029,INSTALLATION ANALYSIS REPORT FOR CC-1( COMPOSITE CABLES FROM ARZANAH ISLAND TO IGD-E),A01,,,DATA/TECH/2745-PP-GE-001-MDR Rev_2.xlsx,PIPELINE & CABLE doc,38,INCLUDE,,REV-a0a6dff1373c2cf24ac2d6a0,SDOC-45be26ff57d3a75cdf20e5c0
2745,TECH,PIPELINE & CABLE,DOCUMENT,ANALYSIS REPORT,8405-NN-RP-30,Composite Cable Installation analysis report,A01,,,DATA/TECH/2745-PP-GE-001-MDR Rev_2.xlsx,PIPELINE & CABLE doc,39,INCLUDE,,REV-2e88f089ede3e5529ad780d5,SDOC-c6df7dd921ce27da2e0a5b01
2745,TECH,PIPELINE & CABLE,DOCUMENT,ANALYSIS REPORT,8405-NN-RP-31,Umbilical Installation analysis report,A01,,,DATA/TECH/2745-PP-GE-001-MDR Rev_2.xlsx,PIPELINE & CABLE doc,40,INCLUDE,,REV-b9e0aeac8b651057ed05ed8a,SDOC-6016db147cd275829bdcf9b1
